Date,Ticker,Close,Target_1D,Fold,Actual_Class,Predicted_Class,Actual_Label,Predicted_Label,Probability_DOWN,Probability_STAY,Probability_UP,Correct
2024-09-11 18:30:00+00:00,ICICIBANK.NS,1232.1744384765625,STAY,1,1,1,STAY,STAY,0.23743556,0.43508783,0.32747662,True
2024-09-11 18:30:00+00:00,LT.NS,3553.82080078125,STAY,1,1,2,STAY,UP,0.35831174,0.24912533,0.39256293,False
2024-09-11 18:30:00+00:00,BHARTIARTL.NS,1612.7999267578125,DOWN,1,0,1,DOWN,STAY,0.29280874,0.35592666,0.35126457,False
2024-09-11 18:30:00+00:00,HDFCBANK.NS,808.8092651367188,STAY,1,1,1,STAY,STAY,0.18873493,0.5306471,0.28061798,True
2024-09-11 18:30:00+00:00,TMPV.NS,969.6995849609376,UP,1,2,2,UP,UP,0.24054462,0.18179521,0.5776602,True
2024-09-11 18:30:00+00:00,ITC.NS,461.0647888183594,DOWN,1,0,2,DOWN,UP,0.299614,0.3369006,0.36348537,False
2024-09-11 18:30:00+00:00,TCS.NS,4197.21728515625,STAY,1,1,2,STAY,UP,0.34721357,0.26946348,0.38332295,False
2024-09-11 18:30:00+00:00,SBIN.NS,758.5704345703125,STAY,1,1,1,STAY,STAY,0.32125694,0.36884743,0.3098956,True
2024-09-11 18:30:00+00:00,RELIANCE.NS,1467.1298828125,STAY,1,1,2,STAY,UP,0.2698253,0.34903502,0.38113967,False
2024-09-11 18:30:00+00:00,INFY.NS,1833.3865966796875,STAY,1,1,2,STAY,UP,0.23400411,0.36353314,0.40246272,False
2024-09-12 18:30:00+00:00,LT.NS,3544.990234375,UP,1,2,1,UP,STAY,0.2595707,0.3785693,0.36186004,False
2024-09-12 18:30:00+00:00,RELIANCE.NS,1460.016357421875,STAY,1,1,1,STAY,STAY,0.27755135,0.4746174,0.24783128,True
2024-09-12 18:30:00+00:00,HDFCBANK.NS,808.4937744140625,STAY,1,1,1,STAY,STAY,0.19031265,0.5450112,0.26467615,True
2024-09-12 18:30:00+00:00,INFY.NS,1827.417724609375,STAY,1,1,1,STAY,STAY,0.27611098,0.4453766,0.27851236,True
2024-09-12 18:30:00+00:00,ITC.NS,456.0503234863281,DOWN,1,0,2,DOWN,UP,0.34224373,0.304639,0.35311726,False
2024-09-12 18:30:00+00:00,SBIN.NS,761.5555419921875,DOWN,1,0,1,DOWN,STAY,0.30685025,0.40149263,0.29165712,False
2024-09-12 18:30:00+00:00,BHARTIARTL.NS,1600.7535400390625,STAY,1,1,1,STAY,STAY,0.34813794,0.3881878,0.2636742,True
2024-09-12 18:30:00+00:00,ICICIBANK.NS,1230.403076171875,UP,1,2,1,UP,STAY,0.2303883,0.44742087,0.32219088,False
2024-09-12 18:30:00+00:00,TMPV.NS,975.55029296875,STAY,1,1,2,STAY,UP,0.24670586,0.10514123,0.6481529,False
2024-09-12 18:30:00+00:00,TCS.NS,4201.76953125,STAY,1,1,2,STAY,UP,0.28974274,0.29882646,0.41143078,False
2024-09-15 18:30:00+00:00,TCS.NS,4193.08251953125,STAY,1,1,2,STAY,UP,0.28449097,0.32076842,0.39474064,False
2024-09-15 18:30:00+00:00,SBIN.NS,756.451904296875,STAY,1,1,1,STAY,STAY,0.31415972,0.37458685,0.31125346,True
2024-09-15 18:30:00+00:00,INFY.NS,1833.1986083984373,STAY,1,1,1,STAY,STAY,0.24856122,0.42662933,0.32480937,True
2024-09-15 18:30:00+00:00,BHARTIARTL.NS,1601.73291015625,UP,1,2,1,UP,STAY,0.29947323,0.38333476,0.31719196,False
2024-09-15 18:30:00+00:00,ICICIBANK.NS,1242.7037353515625,STAY,1,1,1,STAY,STAY,0.34001175,0.41938654,0.24060169,True
2024-09-15 18:30:00+00:00,LT.NS,3593.31298828125,UP,1,2,2,UP,UP,0.26466054,0.36601365,0.36932576,True
2024-09-15 18:30:00+00:00,HDFCBANK.NS,810.9203491210938,STAY,1,1,2,STAY,UP,0.12366385,0.3931971,0.48313904,False
2024-09-15 18:30:00+00:00,ITC.NS,453.6096801757813,DOWN,1,0,2,DOWN,UP,0.31494886,0.31936938,0.36568183,False
2024-09-15 18:30:00+00:00,RELIANCE.NS,1458.7523193359375,STAY,1,1,1,STAY,STAY,0.27854735,0.38641587,0.33503672,True
2024-09-15 18:30:00+00:00,TMPV.NS,971.912109375,DOWN,1,0,2,DOWN,UP,0.2087618,0.16428767,0.6269505,False
2024-09-16 18:30:00+00:00,TCS.NS,4186.021484375,DOWN,1,0,2,DOWN,UP,0.25819206,0.33663973,0.4051682,False
2024-09-16 18:30:00+00:00,ITC.NS,450.636474609375,STAY,1,1,0,STAY,DOWN,0.3509805,0.34681043,0.30220905,False
2024-09-16 18:30:00+00:00,SBIN.NS,753.9000854492188,UP,1,2,1,UP,STAY,0.30411097,0.35134453,0.3445445,False
2024-09-16 18:30:00+00:00,BHARTIARTL.NS,1627.49072265625,STAY,1,1,0,STAY,DOWN,0.5174783,0.27936247,0.20315927,False
2024-09-16 18:30:00+00:00,ICICIBANK.NS,1247.8699951171875,UP,1,2,1,UP,STAY,0.28808218,0.416784,0.29513383,False
2024-09-16 18:30:00+00:00,INFY.NS,1835.360595703125,DOWN,1,0,1,DOWN,STAY,0.2547759,0.39584535,0.3493787,False
2024-09-16 18:30:00+00:00,TMPV.NS,958.6864624023438,DOWN,1,0,2,DOWN,UP,0.27308542,0.19063638,0.5362782,False
2024-09-16 18:30:00+00:00,LT.NS,3625.642822265625,UP,1,2,1,UP,STAY,0.3290671,0.39708868,0.27384415,False
2024-09-16 18:30:00+00:00,RELIANCE.NS,1459.6942138671875,DOWN,1,0,1,DOWN,STAY,0.31393093,0.3915699,0.2944992,False
2024-09-16 18:30:00+00:00,HDFCBANK.NS,809.876953125,UP,1,2,1,UP,STAY,0.20418721,0.43386424,0.36194852,False
2024-09-17 18:30:00+00:00,HDFCBANK.NS,822.494873046875,UP,1,2,1,UP,STAY,0.21438973,0.58408487,0.20152536,False
2024-09-17 18:30:00+00:00,TMPV.NS,946.0015869140624,UP,1,2,2,UP,UP,0.20858076,0.16648991,0.6249293,True
2024-09-17 18:30:00+00:00,TCS.NS,4037.836181640625,DOWN,1,0,2,DOWN,UP,0.28719237,0.18859376,0.5242139,False
2024-09-17 18:30:00+00:00,RELIANCE.NS,1450.9197998046875,STAY,1,1,1,STAY,STAY,0.28465974,0.40733635,0.30800396,True
2024-09-17 18:30:00+00:00,ITC.NS,450.2814636230469,STAY,1,1,2,STAY,UP,0.26011196,0.33882862,0.4010594,False
2024-09-17 18:30:00+00:00,LT.NS,3660.229248046875,DOWN,1,0,0,DOWN,DOWN,0.37597546,0.31565285,0.30837172,True
2024-09-17 18:30:00+00:00,SBIN.NS,763.3851928710938,STAY,1,1,1,STAY,STAY,0.26019567,0.41792387,0.3218805,True
2024-09-17 18:30:00+00:00,BHARTIARTL.NS,1620.781982421875,UP,1,2,1,UP,STAY,0.33824387,0.388753,0.27300313,False
2024-09-17 18:30:00+00:00,INFY.NS,1778.5855712890625,STAY,1,1,2,STAY,UP,0.33835617,0.282276,0.3793678,False
2024-09-17 18:30:00+00:00,ICICIBANK.NS,1267.796875,STAY,1,1,1,STAY,STAY,0.29117557,0.44909117,0.25973326,True
2024-09-18 18:30:00+00:00,HDFCBANK.NS,829.1435546875,UP,1,2,1,UP,STAY,0.20167929,0.540275,0.2580457,False
2024-09-18 18:30:00+00:00,TMPV.NS,950.8690185546876,STAY,1,1,2,STAY,UP,0.22158605,0.25195578,0.52645814,False
2024-09-18 18:30:00+00:00,ICICIBANK.NS,1271.388671875,UP,1,2,1,UP,STAY,0.292688,0.4678335,0.2394785,False
2024-09-18 18:30:00+00:00,SBIN.NS,760.6889038085938,DOWN,1,0,0,DOWN,DOWN,0.34986183,0.33650935,0.31362882,True
2024-09-18 18:30:00+00:00,LT.NS,3614.359130859375,UP,1,2,0,UP,DOWN,0.39826798,0.3101861,0.29154593,False
2024-09-18 18:30:00+00:00,TCS.NS,3991.384033203125,STAY,1,1,2,STAY,UP,0.32701835,0.16440946,0.5085722,False
2024-09-18 18:30:00+00:00,INFY.NS,1780.5126953125,UP,1,2,2,UP,UP,0.32946533,0.25769264,0.412842,True
2024-09-18 18:30:00+00:00,ITC.NS,451.0802307128906,UP,1,2,2,UP,UP,0.28112227,0.35488623,0.36399153,True
2024-09-18 18:30:00+00:00,RELIANCE.NS,1457.0916748046875,UP,1,2,1,UP,STAY,0.24060425,0.429597,0.32979882,False
2024-09-18 18:30:00+00:00,BHARTIARTL.NS,1630.5267333984375,UP,1,2,0,UP,DOWN,0.486308,0.20598087,0.30771112,False
2024-09-19 18:30:00+00:00,HDFCBANK.NS,845.0130004882812,UP,1,2,1,UP,STAY,0.33783543,0.4100391,0.2521255,False
2024-09-19 18:30:00+00:00,ICICIBANK.NS,1317.09765625,DOWN,1,0,1,DOWN,STAY,0.29205602,0.47225767,0.23568633,False
2024-09-19 18:30:00+00:00,LT.NS,3722.48486328125,STAY,1,1,2,STAY,UP,0.2766166,0.3315522,0.3918312,False
2024-09-19 18:30:00+00:00,SBIN.NS,752.7445068359375,UP,1,2,1,UP,STAY,0.2814087,0.3774118,0.34117946,False
2024-09-19 18:30:00+00:00,TMPV.NS,954.65478515625,STAY,1,1,0,STAY,DOWN,0.38190433,0.23713727,0.38095835,False
2024-09-19 18:30:00+00:00,INFY.NS,1791.3695068359375,STAY,1,1,2,STAY,UP,0.33751652,0.26505515,0.3974283,False
2024-09-19 18:30:00+00:00,BHARTIARTL.NS,1676.4599609375,UP,1,2,1,UP,STAY,0.28625312,0.3864784,0.3272685,False
2024-09-19 18:30:00+00:00,RELIANCE.NS,1473.2025146484375,UP,1,2,1,UP,STAY,0.24489023,0.45525515,0.29985458,False
2024-09-19 18:30:00+00:00,TCS.NS,3980.931884765625,STAY,1,1,2,STAY,UP,0.366423,0.17823309,0.45534393,False
2024-09-19 18:30:00+00:00,ITC.NS,456.5384826660156,STAY,1,1,1,STAY,STAY,0.26503694,0.40827787,0.3266852,True
2024-09-22 18:30:00+00:00,INFY.NS,1782.6275634765625,STAY,1,1,1,STAY,STAY,0.3199889,0.4185623,0.26144877,True
2024-09-22 18:30:00+00:00,ICICIBANK.NS,1300.811767578125,STAY,1,1,1,STAY,STAY,0.26655394,0.5272137,0.20623234,True
2024-09-22 18:30:00+00:00,HDFCBANK.NS,854.0396728515625,STAY,1,1,1,STAY,STAY,0.3050504,0.466745,0.22820455,True
2024-09-22 18:30:00+00:00,BHARTIARTL.NS,1714.362060546875,STAY,1,1,1,STAY,STAY,0.30714053,0.46651897,0.22634053,True
2024-09-22 18:30:00+00:00,TCS.NS,3965.695068359375,STAY,1,1,2,STAY,UP,0.33705777,0.31987962,0.34306258,False
2024-09-22 18:30:00+00:00,TMPV.NS,955.5889282226562,UP,1,2,2,UP,UP,0.36676365,0.18441303,0.44882333,True
2024-09-22 18:30:00+00:00,SBIN.NS,772.1480712890625,STAY,1,1,1,STAY,STAY,0.22571516,0.39776433,0.37652054,True
2024-09-22 18:30:00+00:00,RELIANCE.NS,1480.5887451171875,STAY,1,1,1,STAY,STAY,0.23129256,0.54088575,0.22782166,True
2024-09-22 18:30:00+00:00,LT.NS,3716.401611328125,STAY,1,1,1,STAY,STAY,0.23457363,0.5233555,0.2420709,True
2024-09-22 18:30:00+00:00,ITC.NS,458.8016052246094,STAY,1,1,1,STAY,STAY,0.2974614,0.43753663,0.26500198,True
2024-09-23 18:30:00+00:00,ICICIBANK.NS,1297.5643310546875,STAY,1,1,1,STAY,STAY,0.3073214,0.4211702,0.27150837,True
2024-09-23 18:30:00+00:00,LT.NS,3720.228271484375,STAY,1,1,1,STAY,STAY,0.34570342,0.35590118,0.29839545,True
2024-09-23 18:30:00+00:00,TCS.NS,3968.296875,STAY,1,1,2,STAY,UP,0.37925595,0.1952435,0.4255006,False
2024-09-23 18:30:00+00:00,SBIN.NS,768.6814575195312,DOWN,1,0,1,DOWN,STAY,0.2794408,0.41868803,0.30187115,False
2024-09-23 18:30:00+00:00,TMPV.NS,960.9971923828124,DOWN,1,0,0,DOWN,DOWN,0.37597135,0.28692293,0.3371057,True
2024-09-23 18:30:00+00:00,HDFCBANK.NS,858.0435180664062,UP,1,2,1,UP,STAY,0.38974383,0.42687094,0.18338524,False
2024-09-23 18:30:00+00:00,ITC.NS,457.2928466796875,STAY,1,1,1,STAY,STAY,0.31018165,0.3520068,0.3378116,True
2024-09-23 18:30:00+00:00,INFY.NS,1784.6485595703125,STAY,1,1,0,STAY,DOWN,0.35319763,0.30104414,0.3457582,False
2024-09-23 18:30:00+00:00,RELIANCE.NS,1476.6229248046875,STAY,1,1,1,STAY,STAY,0.23467284,0.45478696,0.31054023,True
2024-09-23 18:30:00+00:00,BHARTIARTL.NS,1720.4342041015625,STAY,1,1,1,STAY,STAY,0.34130588,0.42201313,0.23668101,True
2024-09-24 18:30:00+00:00,TMPV.NS,947.5256958007812,UP,1,2,0,UP,DOWN,0.4920273,0.19423008,0.31374267,False
2024-09-24 18:30:00+00:00,INFY.NS,1781.546630859375,STAY,1,1,2,STAY,UP,0.33723024,0.28242195,0.38034785,False
2024-09-24 18:30:00+00:00,RELIANCE.NS,1481.15869140625,STAY,1,1,1,STAY,STAY,0.23840424,0.478744,0.28285176,True
2024-09-24 18:30:00+00:00,ITC.NS,459.3341369628906,UP,1,2,2,UP,UP,0.3151445,0.29724157,0.3876139,True
2024-09-24 18:30:00+00:00,SBIN.NS,763.7222290039062,UP,1,2,2,UP,UP,0.2817888,0.35664403,0.36156717,True
2024-09-24 18:30:00+00:00,ICICIBANK.NS,1302.7305908203125,STAY,1,1,1,STAY,STAY,0.31433037,0.44367647,0.24199317,True
2024-09-24 18:30:00+00:00,TCS.NS,3971.501953125,STAY,1,1,2,STAY,UP,0.28699693,0.26197276,0.45103034,False
2024-09-24 18:30:00+00:00,BHARTIARTL.NS,1724.1070556640625,UP,1,2,1,UP,STAY,0.34184533,0.43680337,0.22135133,False
2024-09-24 18:30:00+00:00,HDFCBANK.NS,863.4060668945312,STAY,1,1,1,STAY,STAY,0.40568465,0.43309873,0.16121654,True
2024-09-24 18:30:00+00:00,LT.NS,3722.43603515625,DOWN,1,0,2,DOWN,UP,0.31032866,0.31628114,0.37339017,False
2024-09-25 18:30:00+00:00,HDFCBANK.NS,865.5171508789062,DOWN,1,0,0,DOWN,DOWN,0.4394616,0.36931476,0.19122362,True
2024-09-25 18:30:00+00:00,INFY.NS,1786.19970703125,STAY,1,1,2,STAY,UP,0.3358486,0.29384756,0.37030384,False
2024-09-25 18:30:00+00:00,ITC.NS,463.94921875,STAY,1,1,1,STAY,STAY,0.21427765,0.4170142,0.36870813,True
2024-09-25 18:30:00+00:00,TCS.NS,3987.992431640625,STAY,1,1,2,STAY,UP,0.3498845,0.21636432,0.43375114,False
2024-09-25 18:30:00+00:00,BHARTIARTL.NS,1734.5863037109375,DOWN,1,0,1,DOWN,STAY,0.37551484,0.4299976,0.19448757,False
2024-09-25 18:30:00+00:00,RELIANCE.NS,1485.12451171875,UP,1,2,1,UP,STAY,0.27294132,0.4013319,0.32572678,False
2024-09-25 18:30:00+00:00,LT.NS,3691.33251953125,DOWN,1,0,0,DOWN,DOWN,0.4052087,0.2924048,0.30238646,True
2024-09-25 18:30:00+00:00,ICICIBANK.NS,1307.8477783203125,DOWN,1,0,1,DOWN,STAY,0.36681303,0.40996316,0.22322379,False
2024-09-25 18:30:00+00:00,SBIN.NS,772.1480712890625,STAY,1,1,1,STAY,STAY,0.2567343,0.494896,0.24836975,True
2024-09-25 18:30:00+00:00,TMPV.NS,976.5828247070312,STAY,1,1,2,STAY,UP,0.32840365,0.29389688,0.37769952,False
2024-09-26 18:30:00+00:00,RELIANCE.NS,1513.10791015625,DOWN,1,0,1,DOWN,STAY,0.2653118,0.4095118,0.32517636,False
2024-09-26 18:30:00+00:00,ITC.NS,463.9048461914063,DOWN,1,0,2,DOWN,UP,0.29011554,0.3239131,0.3859714,False
2024-09-26 18:30:00+00:00,SBIN.NS,772.91845703125,DOWN,1,0,1,DOWN,STAY,0.22640738,0.4405251,0.3330675,False
2024-09-26 18:30:00+00:00,ICICIBANK.NS,1285.7557373046875,DOWN,1,0,2,DOWN,UP,0.29679826,0.34603947,0.35716224,False
2024-09-26 18:30:00+00:00,BHARTIARTL.NS,1698.8388671875,DOWN,1,0,0,DOWN,DOWN,0.4512161,0.24411006,0.30467385,True
2024-09-26 18:30:00+00:00,INFY.NS,1792.309326171875,DOWN,1,0,2,DOWN,UP,0.3149272,0.286426,0.39864686,False
2024-09-26 18:30:00+00:00,LT.NS,3635.89599609375,DOWN,1,0,0,DOWN,DOWN,0.44542587,0.25784,0.29673415,True
2024-09-26 18:30:00+00:00,TCS.NS,4003.04296875,DOWN,1,0,2,DOWN,UP,0.3455277,0.23721378,0.41725853,False
2024-09-26 18:30:00+00:00,TMPV.NS,976.4353637695312,DOWN,1,0,0,DOWN,DOWN,0.39909256,0.20730561,0.39360183,True
2024-09-26 18:30:00+00:00,HDFCBANK.NS,850.5697021484375,DOWN,1,0,1,DOWN,STAY,0.2346785,0.51198786,0.25333366,False
2024-09-29 18:30:00+00:00,TCS.NS,3965.695068359375,STAY,1,1,2,STAY,UP,0.27644324,0.28691375,0.43664294,False
2024-09-29 18:30:00+00:00,BHARTIARTL.NS,1674.3052978515625,DOWN,1,0,0,DOWN,DOWN,0.42382616,0.23996058,0.33621326,True
2024-09-29 18:30:00+00:00,SBIN.NS,758.71484375,UP,1,2,1,UP,STAY,0.31771526,0.38345015,0.2988346,False
2024-09-29 18:30:00+00:00,HDFCBANK.NS,840.572509765625,STAY,1,1,1,STAY,STAY,0.23270713,0.48801097,0.27928185,True
2024-09-29 18:30:00+00:00,INFY.NS,1763.029052734375,UP,1,2,0,UP,DOWN,0.40806815,0.21879885,0.37313297,False
2024-09-29 18:30:00+00:00,ICICIBANK.NS,1252.6917724609375,STAY,1,1,0,STAY,DOWN,0.41592762,0.25071815,0.33335423,False
2024-09-29 18:30:00+00:00,RELIANCE.NS,1463.9324951171875,DOWN,1,0,0,DOWN,DOWN,0.36975804,0.3371611,0.2930809,True
2024-09-29 18:30:00+00:00,ITC.NS,459.86663818359375,STAY,1,1,2,STAY,UP,0.28186697,0.32059258,0.39754048,False
2024-09-29 18:30:00+00:00,TMPV.NS,958.3914184570312,DOWN,1,0,0,DOWN,DOWN,0.45094657,0.21477461,0.33427885,True
2024-09-29 18:30:00+00:00,LT.NS,3606.36279296875,DOWN,1,0,0,DOWN,DOWN,0.4000767,0.36896574,0.23095751,True
2024-09-30 18:30:00+00:00,BHARTIARTL.NS,1663.678955078125,DOWN,1,0,2,DOWN,UP,0.3408493,0.28924474,0.36990592,False
2024-09-30 18:30:00+00:00,HDFCBANK.NS,837.7334594726562,DOWN,1,0,1,DOWN,STAY,0.24412237,0.5381284,0.21774921,False
2024-09-30 18:30:00+00:00,ICICIBANK.NS,1254.0694580078125,DOWN,1,0,0,DOWN,DOWN,0.36680266,0.33462495,0.29857245,True
2024-09-30 18:30:00+00:00,SBIN.NS,767.4296264648438,STAY,1,1,1,STAY,STAY,0.26640895,0.49365765,0.23993336,True
2024-09-30 18:30:00+00:00,ITC.NS,458.135986328125,DOWN,1,0,1,DOWN,STAY,0.22923191,0.408428,0.3623401,False
2024-09-30 18:30:00+00:00,LT.NS,3584.727783203125,DOWN,1,0,0,DOWN,DOWN,0.41453406,0.33683482,0.24863112,True
2024-09-30 18:30:00+00:00,TMPV.NS,949.0990600585938,DOWN,1,0,0,DOWN,DOWN,0.48089668,0.1974943,0.32160905,True
2024-09-30 18:30:00+00:00,TCS.NS,3983.71875,DOWN,1,0,2,DOWN,UP,0.2832956,0.32960314,0.3871013,False
2024-09-30 18:30:00+00:00,RELIANCE.NS,1452.2830810546875,DOWN,1,0,2,DOWN,UP,0.28009787,0.35086626,0.36903587,False
2024-09-30 18:30:00+00:00,INFY.NS,1790.0533447265625,DOWN,1,0,2,DOWN,UP,0.30019015,0.31963402,0.38017583,False
2024-10-02 18:30:00+00:00,HDFCBANK.NS,816.282958984375,DOWN,1,0,2,DOWN,UP,0.2725599,0.3302809,0.39715922,False
2024-10-02 18:30:00+00:00,ICICIBANK.NS,1236.307373046875,DOWN,1,0,2,DOWN,UP,0.29627943,0.3273623,0.3763583,False
2024-10-02 18:30:00+00:00,SBIN.NS,764.6851806640625,STAY,1,1,1,STAY,STAY,0.31035644,0.40163547,0.28800806,True
2024-10-02 18:30:00+00:00,LT.NS,3431.8115234375,STAY,1,1,0,STAY,DOWN,0.46129835,0.15017922,0.38852248,False
2024-10-02 18:30:00+00:00,TCS.NS,3932.4814453125,STAY,1,1,2,STAY,UP,0.33448014,0.25254545,0.41297445,False
2024-10-02 18:30:00+00:00,RELIANCE.NS,1394.928466796875,DOWN,1,0,2,DOWN,UP,0.27069175,0.22370687,0.50560135,False
2024-10-02 18:30:00+00:00,TMPV.NS,910.2579956054688,UP,1,2,2,UP,UP,0.38448066,0.17959285,0.43592653,True
2024-10-02 18:30:00+00:00,BHARTIARTL.NS,1638.949462890625,DOWN,1,0,2,DOWN,UP,0.34430867,0.26379567,0.39189565,False
2024-10-02 18:30:00+00:00,INFY.NS,1779.7606201171875,UP,1,2,0,UP,DOWN,0.3542738,0.3235035,0.32222277,False
2024-10-02 18:30:00+00:00,ITC.NS,455.0740661621094,DOWN,1,0,2,DOWN,UP,0.23967542,0.36091372,0.39941087,False
2024-10-03 18:30:00+00:00,HDFCBANK.NS,804.4657592773438,DOWN,1,0,1,DOWN,STAY,0.26780546,0.4161446,0.3160499,False
2024-10-03 18:30:00+00:00,LT.NS,3428.180908203125,DOWN,1,0,2,DOWN,UP,0.36575145,0.1658173,0.46843126,False
2024-10-03 18:30:00+00:00,TMPV.NS,915.2236938476562,STAY,1,1,2,STAY,UP,0.34916562,0.16461703,0.48621735,False
2024-10-03 18:30:00+00:00,INFY.NS,1803.025146484375,UP,1,2,0,UP,DOWN,0.35329694,0.3200832,0.3266199,False
2024-10-03 18:30:00+00:00,BHARTIARTL.NS,1607.0706787109375,UP,1,2,0,UP,DOWN,0.3710173,0.27888793,0.35009483,False
2024-10-03 18:30:00+00:00,ICICIBANK.NS,1219.97216796875,STAY,1,1,1,STAY,STAY,0.324959,0.38189584,0.29314515,True
2024-10-03 18:30:00+00:00,RELIANCE.NS,1374.653564453125,DOWN,1,0,2,DOWN,UP,0.25429112,0.2078751,0.53783375,False
2024-10-03 18:30:00+00:00,SBIN.NS,767.1407470703125,DOWN,1,0,1,DOWN,STAY,0.33374587,0.39548528,0.27076888,False
2024-10-03 18:30:00+00:00,TCS.NS,3950.59814453125,STAY,1,1,2,STAY,UP,0.3022164,0.28282985,0.41495377,False
2024-10-03 18:30:00+00:00,ITC.NS,446.9089050292969,UP,1,2,0,UP,DOWN,0.35455126,0.3107024,0.33474633,False
2024-10-06 18:30:00+00:00,TCS.NS,3969.736572265625,STAY,1,1,0,STAY,DOWN,0.35226977,0.3050455,0.34268475,False
2024-10-06 18:30:00+00:00,SBIN.NS,742.1038208007812,UP,1,2,0,UP,DOWN,0.45660788,0.27097037,0.2724217,False
2024-10-06 18:30:00+00:00,INFY.NS,1818.2059326171875,UP,1,2,2,UP,UP,0.2738747,0.35352603,0.3725993,True
2024-10-06 18:30:00+00:00,LT.NS,3403.063232421875,UP,1,2,2,UP,UP,0.17834397,0.20682457,0.61483145,True
2024-10-06 18:30:00+00:00,BHARTIARTL.NS,1627.7845458984375,STAY,1,1,2,STAY,UP,0.3525352,0.24550621,0.40195855,False
2024-10-06 18:30:00+00:00,ITC.NS,452.8109130859375,STAY,1,1,2,STAY,UP,0.26929486,0.3624238,0.3682814,False
2024-10-06 18:30:00+00:00,TMPV.NS,912.3720703125,DOWN,1,0,2,DOWN,UP,0.28684518,0.18531694,0.52783793,False
2024-10-06 18:30:00+00:00,ICICIBANK.NS,1214.215576171875,STAY,1,1,1,STAY,STAY,0.1841316,0.41000536,0.40586305,True
2024-10-06 18:30:00+00:00,HDFCBANK.NS,785.1264038085938,UP,1,2,2,UP,UP,0.34309554,0.31025943,0.34664503,True
2024-10-06 18:30:00+00:00,RELIANCE.NS,1358.98876953125,UP,1,2,2,UP,UP,0.1597542,0.3460795,0.49416628,True
2024-10-07 18:30:00+00:00,LT.NS,3465.9072265625,DOWN,1,0,2,DOWN,UP,0.34139585,0.29242817,0.36617598,False
2024-10-07 18:30:00+00:00,TMPV.NS,904.4563598632812,UP,1,2,2,UP,UP,0.2912421,0.14394665,0.5648112,True
2024-10-07 18:30:00+00:00,TCS.NS,3951.527099609375,STAY,1,1,1,STAY,STAY,0.32390356,0.34747478,0.3286217,True
2024-10-07 18:30:00+00:00,RELIANCE.NS,1385.3857421875,DOWN,1,0,2,DOWN,UP,0.30292457,0.30972284,0.3873526,False
2024-10-07 18:30:00+00:00,INFY.NS,1831.6005859375,STAY,1,1,1,STAY,STAY,0.3111639,0.3770299,0.3118062,True
2024-10-07 18:30:00+00:00,ICICIBANK.NS,1216.8724365234375,UP,1,2,2,UP,UP,0.30931684,0.31120417,0.37947905,True
2024-10-07 18:30:00+00:00,HDFCBANK.NS,801.2628173828125,DOWN,1,0,1,DOWN,STAY,0.20640434,0.5380095,0.25558612,False
2024-10-07 18:30:00+00:00,SBIN.NS,752.5037841796875,UP,1,2,1,UP,STAY,0.22679687,0.5546887,0.21851446,False
2024-10-07 18:30:00+00:00,BHARTIARTL.NS,1623.2794189453125,UP,1,2,0,UP,DOWN,0.34282887,0.33190244,0.3252687,False
2024-10-07 18:30:00+00:00,ITC.NS,450.81396484375,DOWN,1,0,2,DOWN,UP,0.32828853,0.32343736,0.3482741,False
2024-10-08 18:30:00+00:00,BHARTIARTL.NS,1643.503662109375,STAY,1,1,2,STAY,UP,0.2575023,0.3489889,0.3935088,False
2024-10-08 18:30:00+00:00,RELIANCE.NS,1362.8306884765625,STAY,1,1,2,STAY,UP,0.27896294,0.32699898,0.3940381,False
2024-10-08 18:30:00+00:00,HDFCBANK.NS,792.5758056640625,UP,1,2,1,UP,STAY,0.20032513,0.5477207,0.25195423,False
2024-10-08 18:30:00+00:00,TCS.NS,3951.24853515625,DOWN,1,0,2,DOWN,UP,0.31333312,0.30872065,0.3779462,False
2024-10-08 18:30:00+00:00,SBIN.NS,767.8629760742188,STAY,1,1,1,STAY,STAY,0.26466414,0.4314708,0.30386508,True
2024-10-08 18:30:00+00:00,INFY.NS,1835.5484619140625,DOWN,1,0,1,DOWN,STAY,0.3055155,0.38347074,0.31101376,False
2024-10-08 18:30:00+00:00,TMPV.NS,923.483642578125,DOWN,1,0,2,DOWN,UP,0.31332478,0.20823655,0.47843874,False
2024-10-08 18:30:00+00:00,ITC.NS,436.3918151855469,STAY,1,1,2,STAY,UP,0.29115263,0.18662219,0.52222514,False
2024-10-08 18:30:00+00:00,LT.NS,3421.460205078125,DOWN,1,0,2,DOWN,UP,0.2503041,0.32918817,0.42050773,False
2024-10-08 18:30:00+00:00,ICICIBANK.NS,1224.3021240234375,STAY,1,1,1,STAY,STAY,0.3106654,0.4009224,0.28841227,True
2024-10-09 18:30:00+00:00,HDFCBANK.NS,806.7709350585938,DOWN,1,0,1,DOWN,STAY,0.25906026,0.40403387,0.3369058,False
2024-10-09 18:30:00+00:00,ITC.NS,436.7024841308594,DOWN,1,0,2,DOWN,UP,0.3216176,0.24610093,0.4322815,False
2024-10-09 18:30:00+00:00,SBIN.NS,767.5740356445312,STAY,1,1,1,STAY,STAY,0.29528925,0.35987386,0.3448369,True
2024-10-09 18:30:00+00:00,LT.NS,3395.2138671875,UP,1,2,2,UP,UP,0.18402816,0.22525147,0.59072036,True
2024-10-09 18:30:00+00:00,INFY.NS,1803.82421875,UP,1,2,0,UP,DOWN,0.37696376,0.29613307,0.32690313,False
2024-10-09 18:30:00+00:00,ICICIBANK.NS,1223.662353515625,DOWN,1,0,1,DOWN,STAY,0.29770148,0.39098752,0.311311,False
2024-10-09 18:30:00+00:00,RELIANCE.NS,1359.31103515625,STAY,1,1,2,STAY,UP,0.22026196,0.35711554,0.4226225,False
2024-10-09 18:30:00+00:00,TCS.NS,3927.5107421875,DOWN,1,0,2,DOWN,UP,0.30763716,0.28770417,0.4046587,False
2024-10-09 18:30:00+00:00,BHARTIARTL.NS,1643.503662109375,UP,1,2,2,UP,UP,0.31450877,0.3400033,0.34548786,True
2024-10-09 18:30:00+00:00,TMPV.NS,913.0112915039062,STAY,1,1,0,STAY,DOWN,0.3747775,0.2807214,0.34450108,False
2024-10-10 18:30:00+00:00,BHARTIARTL.NS,1652.612060546875,STAY,1,1,1,STAY,STAY,0.29274887,0.37052312,0.336728,True
2024-10-10 18:30:00+00:00,RELIANCE.NS,1360.35205078125,STAY,1,1,1,STAY,STAY,0.16636144,0.43557996,0.3980586,True
2024-10-10 18:30:00+00:00,TCS.NS,3854.8583984375,STAY,1,1,2,STAY,UP,0.30361617,0.33938035,0.3570035,False
2024-10-10 18:30:00+00:00,TMPV.NS,915.174560546875,STAY,1,1,2,STAY,UP,0.24680008,0.3351066,0.41809326,False
2024-10-10 18:30:00+00:00,HDFCBANK.NS,801.238525390625,UP,1,2,1,UP,STAY,0.25035372,0.53313494,0.21651132,False
2024-10-10 18:30:00+00:00,ICICIBANK.NS,1203.4893798828125,UP,1,2,1,UP,STAY,0.22599204,0.45933217,0.3146758,False
2024-10-10 18:30:00+00:00,INFY.NS,1818.9580078125,UP,1,2,1,UP,STAY,0.3192689,0.3716619,0.3090692,False
2024-10-10 18:30:00+00:00,ITC.NS,433.2855529785156,UP,1,2,2,UP,UP,0.2696672,0.31442615,0.41590658,True
2024-10-10 18:30:00+00:00,SBIN.NS,770.1259155273438,UP,1,2,1,UP,STAY,0.26145792,0.43573,0.30281207,False
2024-10-10 18:30:00+00:00,LT.NS,3416.995849609375,UP,1,2,2,UP,UP,0.19492696,0.36207297,0.44300008,True
2024-10-13 18:30:00+00:00,ITC.NS,441.0513000488281,STAY,1,1,1,STAY,STAY,0.2671154,0.42842355,0.304461,True
2024-10-13 18:30:00+00:00,HDFCBANK.NS,819.2433471679688,STAY,1,1,1,STAY,STAY,0.22226886,0.5097356,0.26799557,True
2024-10-13 18:30:00+00:00,RELIANCE.NS,1360.7734375,DOWN,1,0,2,DOWN,UP,0.21134013,0.38231698,0.40634286,False
2024-10-13 18:30:00+00:00,BHARTIARTL.NS,1660.6429443359375,UP,1,2,1,UP,STAY,0.29764915,0.386791,0.31555983,False
2024-10-13 18:30:00+00:00,INFY.NS,1841.3294677734373,STAY,1,1,1,STAY,STAY,0.24928233,0.4175402,0.33317745,True
2024-10-13 18:30:00+00:00,LT.NS,3488.131103515625,STAY,1,1,2,STAY,UP,0.25685343,0.3358684,0.40727815,False
2024-10-13 18:30:00+00:00,TCS.NS,3843.1982421875,STAY,1,1,1,STAY,STAY,0.22034498,0.45981434,0.3198407,True
2024-10-13 18:30:00+00:00,SBIN.NS,775.3258666992188,STAY,1,1,1,STAY,STAY,0.2776457,0.4007288,0.32162547,True
2024-10-13 18:30:00+00:00,TMPV.NS,912.7654418945312,DOWN,1,0,2,DOWN,UP,0.29619676,0.28883004,0.41497326,False
2024-10-13 18:30:00+00:00,ICICIBANK.NS,1212.099853515625,UP,1,2,1,UP,STAY,0.26944804,0.44712844,0.2834235,False
2024-10-14 18:30:00+00:00,ITC.NS,442.4713134765625,DOWN,1,0,0,DOWN,DOWN,0.42421195,0.37408674,0.20170137,True
2024-10-14 18:30:00+00:00,LT.NS,3485.0400390625,DOWN,1,0,1,DOWN,STAY,0.2413636,0.40304753,0.3555889,False
2024-10-14 18:30:00+00:00,BHARTIARTL.NS,1681.8465576171875,UP,1,2,2,UP,UP,0.26676643,0.3530855,0.38014802,True
2024-10-14 18:30:00+00:00,INFY.NS,1841.7054443359373,DOWN,1,0,1,DOWN,STAY,0.2975338,0.3654847,0.33698148,False
2024-10-14 18:30:00+00:00,SBIN.NS,774.8444213867188,STAY,1,1,1,STAY,STAY,0.26552075,0.3869335,0.34754574,True
2024-10-14 18:30:00+00:00,ICICIBANK.NS,1235.4710693359375,DOWN,1,0,1,DOWN,STAY,0.35568732,0.37957495,0.26473773,False
2024-10-14 18:30:00+00:00,HDFCBANK.NS,817.3021240234375,UP,1,2,1,UP,STAY,0.20600481,0.5906233,0.20337188,False
2024-10-14 18:30:00+00:00,TMPV.NS,901.998046875,DOWN,1,0,2,DOWN,UP,0.31412554,0.2435318,0.4423427,False
2024-10-14 18:30:00+00:00,RELIANCE.NS,1332.5174560546875,UP,1,2,1,UP,STAY,0.20883347,0.44391158,0.34725496,False
2024-10-14 18:30:00+00:00,TCS.NS,3824.75634765625,DOWN,1,0,1,DOWN,STAY,0.22760327,0.39504063,0.37735608,False
2024-10-15 18:30:00+00:00,INFY.NS,1804.8582763671875,UP,1,2,2,UP,UP,0.28758883,0.25782523,0.454586,True
2024-10-15 18:30:00+00:00,LT.NS,3466.103759765625,UP,1,2,2,UP,UP,0.24341299,0.31430122,0.44228578,True
2024-10-15 18:30:00+00:00,BHARTIARTL.NS,1698.2021484375,DOWN,1,0,2,DOWN,UP,0.26634958,0.35798964,0.37566078,False
2024-10-15 18:30:00+00:00,ICICIBANK.NS,1223.3179931640625,DOWN,1,0,1,DOWN,STAY,0.25153944,0.47222984,0.2762307,False
2024-10-15 18:30:00+00:00,ITC.NS,437.72308349609375,DOWN,1,0,0,DOWN,DOWN,0.3659892,0.3340417,0.29996908,True
2024-10-15 18:30:00+00:00,RELIANCE.NS,1342.4814453125,STAY,1,1,2,STAY,UP,0.16927485,0.30115092,0.5295742,False
2024-10-15 18:30:00+00:00,SBIN.NS,775.61474609375,UP,1,2,1,UP,STAY,0.24774498,0.4778039,0.27445117,False
2024-10-15 18:30:00+00:00,TCS.NS,3804.45654296875,STAY,1,1,1,STAY,STAY,0.2479802,0.40527374,0.3467461,True
2024-10-15 18:30:00+00:00,HDFCBANK.NS,824.92138671875,DOWN,1,0,1,DOWN,STAY,0.20498212,0.566399,0.2286189,False
2024-10-15 18:30:00+00:00,TMPV.NS,892.3124389648438,DOWN,1,0,2,DOWN,UP,0.28706264,0.2528267,0.46011066,False
2024-10-16 18:30:00+00:00,BHARTIARTL.NS,1666.0784912109375,STAY,1,1,1,STAY,STAY,0.34193164,0.34473473,0.31333366,True
2024-10-16 18:30:00+00:00,INFY.NS,1849.977294921875,DOWN,1,0,2,DOWN,UP,0.26961544,0.32950667,0.40087792,False
2024-10-16 18:30:00+00:00,ICICIBANK.NS,1211.6077880859375,UP,1,2,1,UP,STAY,0.31553692,0.3507172,0.33374587,False
2024-10-16 18:30:00+00:00,TCS.NS,3817.51025390625,UP,1,2,2,UP,UP,0.22098489,0.34632897,0.43268618,True
2024-10-16 18:30:00+00:00,HDFCBANK.NS,811.988037109375,UP,1,2,1,UP,STAY,0.27191514,0.44250506,0.2855798,False
2024-10-16 18:30:00+00:00,SBIN.NS,781.0072631835938,UP,1,2,1,UP,STAY,0.21918824,0.4594655,0.32134625,False
2024-10-16 18:30:00+00:00,LT.NS,3503.093994140625,STAY,1,1,2,STAY,UP,0.24185637,0.28313074,0.4750129,False
2024-10-16 18:30:00+00:00,RELIANCE.NS,1344.811279296875,STAY,1,1,0,STAY,DOWN,0.3464629,0.33003175,0.32350534,False
2024-10-16 18:30:00+00:00,TMPV.NS,876.7267456054688,UP,1,2,2,UP,UP,0.2942396,0.27659443,0.42916602,True
2024-10-16 18:30:00+00:00,ITC.NS,433.9067993164063,STAY,1,1,1,STAY,STAY,0.34581596,0.3761521,0.27803195,True
2024-10-17 18:30:00+00:00,TCS.NS,3839.908447265625,DOWN,1,0,2,DOWN,UP,0.31032825,0.32405847,0.3656133,False
2024-10-17 18:30:00+00:00,TMPV.NS,894.9674072265625,DOWN,1,0,2,DOWN,UP,0.31125697,0.23817877,0.4505643,False
2024-10-17 18:30:00+00:00,ICICIBANK.NS,1244.327392578125,STAY,1,1,1,STAY,STAY,0.31483167,0.38810843,0.29705995,True
2024-10-17 18:30:00+00:00,INFY.NS,1766.7889404296875,DOWN,1,0,0,DOWN,DOWN,0.43428165,0.17298238,0.39273593,True
2024-10-17 18:30:00+00:00,RELIANCE.NS,1347.66162109375,UP,1,2,2,UP,UP,0.34372163,0.30892113,0.34735727,True
2024-10-17 18:30:00+00:00,BHARTIARTL.NS,1672.640380859375,DOWN,1,0,2,DOWN,UP,0.3374715,0.31954607,0.34298247,False
2024-10-17 18:30:00+00:00,ITC.NS,431.9542236328125,DOWN,1,0,2,DOWN,UP,0.29805702,0.3313749,0.37056807,False
2024-10-17 18:30:00+00:00,LT.NS,3510.45263671875,STAY,1,1,1,STAY,STAY,0.3024276,0.36179814,0.3357743,True
2024-10-17 18:30:00+00:00,SBIN.NS,790.010986328125,DOWN,1,0,1,DOWN,STAY,0.21877189,0.445364,0.3358641,False
2024-10-17 18:30:00+00:00,HDFCBANK.NS,816.2101440429688,UP,1,2,1,UP,STAY,0.23579334,0.49171975,0.27248695,False
2024-10-20 18:30:00+00:00,RELIANCE.NS,1357.4769287109375,DOWN,1,0,0,DOWN,DOWN,0.3501119,0.30671236,0.34317574,True
2024-10-20 18:30:00+00:00,HDFCBANK.NS,838.9466552734375,DOWN,1,0,1,DOWN,STAY,0.2538974,0.41847244,0.32763016,False
2024-10-20 18:30:00+00:00,BHARTIARTL.NS,1657.6558837890625,STAY,1,1,1,STAY,STAY,0.3357104,0.33868182,0.32560778,True
2024-10-20 18:30:00+00:00,INFY.NS,1741.5504150390625,STAY,1,1,2,STAY,UP,0.38552034,0.17809933,0.4363803,False
2024-10-20 18:30:00+00:00,TMPV.NS,888.2316284179688,DOWN,1,0,2,DOWN,UP,0.27654353,0.23085356,0.4926029,False
2024-10-20 18:30:00+00:00,SBIN.NS,783.7999267578125,DOWN,1,0,1,DOWN,STAY,0.30899087,0.39399457,0.29701453,False
2024-10-20 18:30:00+00:00,ITC.NS,429.2473449707031,STAY,1,1,1,STAY,STAY,0.26773825,0.4300311,0.3022306,True
2024-10-20 18:30:00+00:00,LT.NS,3518.10595703125,DOWN,1,0,2,DOWN,UP,0.27875477,0.35661763,0.36462757,False
2024-10-20 18:30:00+00:00,TCS.NS,3799.675048828125,DOWN,1,0,1,DOWN,STAY,0.23711962,0.40383443,0.35904595,False
2024-10-20 18:30:00+00:00,ICICIBANK.NS,1238.9644775390625,UP,1,2,1,UP,STAY,0.2822729,0.3658408,0.3518863,False
2024-10-21 18:30:00+00:00,LT.NS,3445.793212890625,DOWN,1,0,0,DOWN,DOWN,0.368785,0.2905717,0.3406433,True
2024-10-21 18:30:00+00:00,INFY.NS,1740.46923828125,UP,1,2,0,UP,DOWN,0.46934652,0.20659709,0.3240564,False
2024-10-21 18:30:00+00:00,TMPV.NS,864.82861328125,STAY,1,1,2,STAY,UP,0.26538962,0.18525755,0.5493528,False
2024-10-21 18:30:00+00:00,ITC.NS,427.60540771484375,STAY,1,1,2,STAY,UP,0.27337176,0.33567542,0.39095286,False
2024-10-21 18:30:00+00:00,RELIANCE.NS,1331.84814453125,STAY,1,1,2,STAY,UP,0.29972145,0.2982003,0.40207827,False
2024-10-21 18:30:00+00:00,HDFCBANK.NS,832.07958984375,UP,1,2,1,UP,STAY,0.24569714,0.47170132,0.28260154,False
2024-10-21 18:30:00+00:00,TCS.NS,3739.744140625,UP,1,2,1,UP,STAY,0.1724506,0.4484926,0.3790568,False
2024-10-21 18:30:00+00:00,SBIN.NS,761.1222534179688,DOWN,1,0,0,DOWN,DOWN,0.37602806,0.28238443,0.3415875,True
2024-10-21 18:30:00+00:00,BHARTIARTL.NS,1657.3619384765625,STAY,1,1,2,STAY,UP,0.31427836,0.33224204,0.35347965,False
2024-10-21 18:30:00+00:00,ICICIBANK.NS,1247.279541015625,DOWN,1,0,1,DOWN,STAY,0.29203457,0.3578934,0.35007203,False
2024-10-22 18:30:00+00:00,ITC.NS,426.3185424804688,DOWN,1,0,0,DOWN,DOWN,0.4019625,0.28830642,0.30973113,True
2024-10-22 18:30:00+00:00,TMPV.NS,863.0095825195312,STAY,1,1,2,STAY,UP,0.28800055,0.17896526,0.53303415,False
2024-10-22 18:30:00+00:00,LT.NS,3390.356689453125,STAY,1,1,2,STAY,UP,0.31575617,0.2926938,0.39155006,False
2024-10-22 18:30:00+00:00,RELIANCE.NS,1327.064453125,STAY,1,1,1,STAY,STAY,0.3257438,0.34512773,0.32912844,True
2024-10-22 18:30:00+00:00,SBIN.NS,756.8851928710938,UP,1,2,0,UP,DOWN,0.35810426,0.32053196,0.32136378,False
2024-10-22 18:30:00+00:00,INFY.NS,1760.961181640625,DOWN,1,0,0,DOWN,DOWN,0.39876512,0.24753673,0.35369816,True
2024-10-22 18:30:00+00:00,TCS.NS,3787.009033203125,STAY,1,1,1,STAY,STAY,0.25114822,0.37892553,0.36992624,True
2024-10-22 18:30:00+00:00,ICICIBANK.NS,1231.6331787109375,STAY,1,1,2,STAY,UP,0.33104435,0.29831627,0.37063938,False
2024-10-22 18:30:00+00:00,BHARTIARTL.NS,1651.044921875,STAY,1,1,0,STAY,DOWN,0.34997615,0.31585443,0.33416942,False
2024-10-22 18:30:00+00:00,HDFCBANK.NS,842.3923950195312,UP,1,2,1,UP,STAY,0.24878475,0.45632312,0.2948922,False
2024-10-23 18:30:00+00:00,ICICIBANK.NS,1232.764892578125,STAY,1,1,0,STAY,DOWN,0.36430964,0.3181147,0.31757572,False
2024-10-23 18:30:00+00:00,ITC.NS,418.6415100097656,UP,1,2,2,UP,UP,0.26086342,0.34717855,0.391958,True
2024-10-23 18:30:00+00:00,TCS.NS,3769.919189453125,STAY,1,1,2,STAY,UP,0.18372177,0.37078142,0.44549683,False
2024-10-23 18:30:00+00:00,HDFCBANK.NS,849.1138916015625,STAY,1,1,1,STAY,STAY,0.23401785,0.45427287,0.31170925,True
2024-10-23 18:30:00+00:00,TMPV.NS,865.3203125,DOWN,1,0,2,DOWN,UP,0.2616474,0.17507195,0.56328064,False
2024-10-23 18:30:00+00:00,LT.NS,3377.8466796875,DOWN,1,0,0,DOWN,DOWN,0.39931652,0.2940339,0.30664957,True
2024-10-23 18:30:00+00:00,INFY.NS,1751.51416015625,STAY,1,1,2,STAY,UP,0.34711322,0.25903133,0.39385542,False
2024-10-23 18:30:00+00:00,SBIN.NS,765.1185302734375,DOWN,1,0,1,DOWN,STAY,0.26611343,0.4188799,0.31500667,False
2024-10-23 18:30:00+00:00,RELIANCE.NS,1328.3287353515625,DOWN,1,0,0,DOWN,DOWN,0.35919535,0.28511205,0.3556926,True
2024-10-23 18:30:00+00:00,BHARTIARTL.NS,1643.846435546875,DOWN,1,0,0,DOWN,DOWN,0.3873596,0.27676967,0.33587074,True
2024-10-24 18:30:00+00:00,LT.NS,3263.784912109375,STAY,1,1,2,STAY,UP,0.33037826,0.17210732,0.4975144,False
2024-10-24 18:30:00+00:00,TCS.NS,3778.906494140625,UP,1,2,2,UP,UP,0.212988,0.27624637,0.5107657,True
2024-10-24 18:30:00+00:00,SBIN.NS,752.0222778320312,UP,1,2,1,UP,STAY,0.3362624,0.34168243,0.32205516,False
2024-10-24 18:30:00+00:00,ICICIBANK.NS,1235.4217529296875,UP,1,2,0,UP,DOWN,0.40871793,0.29154047,0.29974157,False
2024-10-24 18:30:00+00:00,TMPV.NS,849.8822021484375,UP,1,2,2,UP,UP,0.13582258,0.2777185,0.5864589,True
2024-10-24 18:30:00+00:00,HDFCBANK.NS,846.0807495117188,DOWN,1,0,1,DOWN,STAY,0.29473475,0.4321494,0.27311578,False
2024-10-24 18:30:00+00:00,ITC.NS,428.0491638183594,STAY,1,1,2,STAY,UP,0.33704588,0.28454253,0.37841156,False
2024-10-24 18:30:00+00:00,BHARTIARTL.NS,1631.653076171875,STAY,1,1,0,STAY,DOWN,0.3587231,0.3297322,0.31154472,False
2024-10-24 18:30:00+00:00,RELIANCE.NS,1316.4808349609375,STAY,1,1,0,STAY,DOWN,0.35131118,0.31373557,0.33495325,False
2024-10-24 18:30:00+00:00,INFY.NS,1750.2923583984375,STAY,1,1,2,STAY,UP,0.34089604,0.26798028,0.39112362,False
2024-10-27 18:30:00+00:00,TCS.NS,3809.919677734375,STAY,1,1,1,STAY,STAY,0.34534964,0.3500594,0.30459097,True
2024-10-27 18:30:00+00:00,INFY.NS,1753.394287109375,STAY,1,1,2,STAY,UP,0.33046204,0.27973884,0.38979912,False
2024-10-27 18:30:00+00:00,BHARTIARTL.NS,1629.0577392578125,DOWN,1,0,0,DOWN,DOWN,0.3624164,0.34321126,0.29437232,True
2024-10-27 18:30:00+00:00,RELIANCE.NS,1322.9251708984375,STAY,1,1,1,STAY,STAY,0.3321854,0.33921558,0.32859904,True
2024-10-27 18:30:00+00:00,SBIN.NS,762.7111206054688,UP,1,2,1,UP,STAY,0.28430524,0.4121768,0.303518,False
2024-10-27 18:30:00+00:00,LT.NS,3277.9140625,UP,1,2,2,UP,UP,0.19772306,0.14452474,0.65775216,True
2024-10-27 18:30:00+00:00,TMPV.NS,863.7962036132812,DOWN,1,0,2,DOWN,UP,0.31320387,0.20209497,0.48470113,False
2024-10-27 18:30:00+00:00,ITC.NS,429.6910705566406,UP,1,2,0,UP,DOWN,0.3793357,0.37111056,0.24955374,False
2024-10-27 18:30:00+00:00,ICICIBANK.NS,1272.2252197265625,UP,1,2,2,UP,UP,0.25416446,0.32155633,0.42427924,True
2024-10-27 18:30:00+00:00,HDFCBANK.NS,841.6158447265625,UP,1,2,1,UP,STAY,0.29794538,0.42579618,0.2762584,False
2024-10-28 18:30:00+00:00,INFY.NS,1748.59326171875,DOWN,1,0,2,DOWN,UP,0.32663783,0.32497302,0.34838918,False
2024-10-28 18:30:00+00:00,ITC.NS,433.0636596679688,UP,1,2,1,UP,STAY,0.29142198,0.38177484,0.32680315,False
2024-10-28 18:30:00+00:00,BHARTIARTL.NS,1603.348876953125,STAY,1,1,2,STAY,UP,0.34923834,0.29525566,0.35550603,False
2024-10-28 18:30:00+00:00,SBIN.NS,801.8554077148438,DOWN,1,0,2,DOWN,UP,0.27957276,0.3235018,0.39692545,False
2024-10-28 18:30:00+00:00,TMPV.NS,828.6917114257812,STAY,1,1,2,STAY,UP,0.22712404,0.22375593,0.54912007,False
2024-10-28 18:30:00+00:00,LT.NS,3317.259033203125,UP,1,2,2,UP,UP,0.32069957,0.2141833,0.4651172,True
2024-10-28 18:30:00+00:00,TCS.NS,3795.390625,STAY,1,1,1,STAY,STAY,0.27976894,0.3819512,0.33827987,True
2024-10-28 18:30:00+00:00,HDFCBANK.NS,850.1815185546875,DOWN,1,0,1,DOWN,STAY,0.22137482,0.45906094,0.31956422,False
2024-10-28 18:30:00+00:00,ICICIBANK.NS,1310.60302734375,DOWN,1,0,2,DOWN,UP,0.30065197,0.2989407,0.4004073,False
2024-10-28 18:30:00+00:00,RELIANCE.NS,1328.52685546875,STAY,1,1,0,STAY,DOWN,0.40560237,0.27670398,0.31769365,False
2024-10-29 18:30:00+00:00,TMPV.NS,826.1842651367188,DOWN,1,0,2,DOWN,UP,0.1858219,0.15393136,0.66024673,False
2024-10-29 18:30:00+00:00,SBIN.NS,791.9850463867188,STAY,1,1,2,STAY,UP,0.20463054,0.32524037,0.47012907,False
2024-10-29 18:30:00+00:00,INFY.NS,1713.227783203125,DOWN,1,0,0,DOWN,DOWN,0.38445738,0.29248607,0.32305655,True
2024-10-29 18:30:00+00:00,HDFCBANK.NS,841.8099975585938,STAY,1,1,1,STAY,STAY,0.2340965,0.4758758,0.29002768,True
2024-10-29 18:30:00+00:00,TCS.NS,3804.145263671875,DOWN,1,0,2,DOWN,UP,0.26329768,0.36121514,0.37548718,False
2024-10-29 18:30:00+00:00,BHARTIARTL.NS,1599.67626953125,DOWN,1,0,2,DOWN,UP,0.35917044,0.27451497,0.36631462,False
2024-10-29 18:30:00+00:00,ICICIBANK.NS,1291.21728515625,DOWN,1,0,2,DOWN,UP,0.28084853,0.31816822,0.40098324,False
2024-10-29 18:30:00+00:00,LT.NS,3344.192626953125,UP,1,2,2,UP,UP,0.2848278,0.2934701,0.42170203,True
2024-10-29 18:30:00+00:00,ITC.NS,436.2586975097656,DOWN,1,0,1,DOWN,STAY,0.33302763,0.37573838,0.29123402,False
2024-10-29 18:30:00+00:00,RELIANCE.NS,1332.3935546875,DOWN,1,0,0,DOWN,DOWN,0.37103486,0.35184664,0.27711844,True
2024-10-30 18:30:00+00:00,INFY.NS,1670.5897216796875,STAY,1,1,2,STAY,UP,0.3168786,0.19041045,0.4927109,False
2024-10-30 18:30:00+00:00,HDFCBANK.NS,842.3438110351562,STAY,1,1,1,STAY,STAY,0.22627036,0.41103008,0.3626995,True
2024-10-30 18:30:00+00:00,TCS.NS,3695.925048828125,STAY,1,1,2,STAY,UP,0.32464707,0.2832283,0.3921246,False
2024-10-30 18:30:00+00:00,LT.NS,3554.115234375,STAY,1,1,2,STAY,UP,0.28383607,0.2933236,0.42284036,False
2024-10-30 18:30:00+00:00,TMPV.NS,820.1368408203125,UP,1,2,2,UP,UP,0.21657848,0.19544894,0.5879726,True
2024-10-30 18:30:00+00:00,ICICIBANK.NS,1271.634765625,STAY,1,1,2,STAY,UP,0.26043248,0.36127707,0.37829044,False
2024-10-30 18:30:00+00:00,RELIANCE.NS,1320.64501953125,STAY,1,1,1,STAY,STAY,0.23103467,0.40724766,0.3617177,True
2024-10-30 18:30:00+00:00,BHARTIARTL.NS,1579.35400390625,STAY,1,1,0,STAY,DOWN,0.39221218,0.26879814,0.3389897,False
2024-10-30 18:30:00+00:00,SBIN.NS,789.8184204101562,STAY,1,1,1,STAY,STAY,0.28673047,0.39283726,0.32043228,True
2024-10-30 18:30:00+00:00,ITC.NS,433.8180236816406,STAY,1,1,0,STAY,DOWN,0.36838323,0.3103096,0.3213072,False
2024-10-31 18:30:00+00:00,RELIANCE.NS,1327.1884765625,DOWN,1,0,1,DOWN,STAY,0.2053615,0.45454913,0.34008935,False
2024-10-31 18:30:00+00:00,BHARTIARTL.NS,1583.1246337890625,DOWN,1,0,1,DOWN,STAY,0.21219635,0.49943772,0.28836587,False
2024-10-31 18:30:00+00:00,TCS.NS,3710.593505859375,DOWN,1,0,1,DOWN,STAY,0.1770066,0.53080946,0.29218394,False
2024-10-31 18:30:00+00:00,LT.NS,3558.089111328125,DOWN,1,0,2,DOWN,UP,0.18889673,0.38296995,0.42813328,False
2024-10-31 18:30:00+00:00,SBIN.NS,790.7813720703125,UP,1,2,1,UP,STAY,0.19100024,0.55696225,0.25203755,False
2024-10-31 18:30:00+00:00,INFY.NS,1674.011962890625,STAY,1,1,1,STAY,STAY,0.20602228,0.4212648,0.37271294,True
2024-10-31 18:30:00+00:00,HDFCBANK.NS,843.120361328125,DOWN,1,0,1,DOWN,STAY,0.18940726,0.56995773,0.24063505,False
2024-10-31 18:30:00+00:00,ITC.NS,435.1492919921875,DOWN,1,0,1,DOWN,STAY,0.25473863,0.4810482,0.26421314,False
2024-10-31 18:30:00+00:00,TMPV.NS,829.3800659179688,DOWN,1,0,2,DOWN,UP,0.16305608,0.2247557,0.6121882,False
2024-10-31 18:30:00+00:00,ICICIBANK.NS,1271.1920166015625,DOWN,1,0,1,DOWN,STAY,0.16059965,0.61148256,0.22791779,False
2024-11-03 18:30:00+00:00,ICICIBANK.NS,1256.8248291015625,UP,1,2,2,UP,UP,0.34165883,0.30092752,0.3574136,True
2024-11-03 18:30:00+00:00,INFY.NS,1676.6739501953125,DOWN,1,0,2,DOWN,UP,0.31354958,0.25681728,0.4296331,False
2024-11-03 18:30:00+00:00,SBIN.NS,799.1109619140625,UP,1,2,2,UP,UP,0.24376664,0.3642148,0.3920186,True
2024-11-03 18:30:00+00:00,BHARTIARTL.NS,1558.4442138671875,DOWN,1,0,2,DOWN,UP,0.27758053,0.25074136,0.47167814,False
2024-11-03 18:30:00+00:00,TMPV.NS,810.352783203125,UP,1,2,2,UP,UP,0.15914924,0.22047581,0.6203749,True
2024-11-03 18:30:00+00:00,RELIANCE.NS,1291.0009765625,STAY,1,1,1,STAY,STAY,0.33001924,0.3351821,0.3347987,True
2024-11-03 18:30:00+00:00,LT.NS,3507.165771484375,STAY,1,1,2,STAY,UP,0.25732052,0.35613257,0.38654694,False
2024-11-03 18:30:00+00:00,TCS.NS,3691.92041015625,STAY,1,1,1,STAY,STAY,0.21603224,0.41799295,0.3659748,True
2024-11-03 18:30:00+00:00,HDFCBANK.NS,831.8612060546875,UP,1,2,1,UP,STAY,0.22149765,0.51288575,0.2656166,False
2024-11-03 18:30:00+00:00,ITC.NS,430.0904846191406,DOWN,1,0,0,DOWN,DOWN,0.35463384,0.33221143,0.31315476,True
2024-11-04 18:30:00+00:00,ICICIBANK.NS,1276.013671875,STAY,1,1,2,STAY,UP,0.32704154,0.32703632,0.34592208,False
2024-11-04 18:30:00+00:00,RELIANCE.NS,1294.1240234375,UP,1,2,2,UP,UP,0.26845077,0.33855927,0.39298996,True
2024-11-04 18:30:00+00:00,SBIN.NS,817.7442016601562,UP,1,2,0,UP,DOWN,0.38626117,0.30445692,0.30928192,False
2024-11-04 18:30:00+00:00,ITC.NS,426.1854248046875,STAY,1,1,0,STAY,DOWN,0.38955152,0.31979826,0.29065025,False
2024-11-04 18:30:00+00:00,TCS.NS,3698.626220703125,UP,1,2,2,UP,UP,0.23913163,0.34385923,0.41700917,True
2024-11-04 18:30:00+00:00,INFY.NS,1667.68994140625,UP,1,2,2,UP,UP,0.30688944,0.3189921,0.3741185,True
2024-11-04 18:30:00+00:00,BHARTIARTL.NS,1545.8592529296875,UP,1,2,2,UP,UP,0.3359542,0.21831365,0.44573212,True
2024-11-04 18:30:00+00:00,HDFCBANK.NS,853.0933227539062,STAY,1,1,1,STAY,STAY,0.22423074,0.42691642,0.3488528,True
2024-11-04 18:30:00+00:00,TMPV.NS,821.7101440429688,STAY,1,1,2,STAY,UP,0.20676668,0.16076593,0.6324674,False
2024-11-04 18:30:00+00:00,LT.NS,3507.50927734375,UP,1,2,2,UP,UP,0.28277892,0.31078467,0.4064364,True
2024-11-05 18:30:00+00:00,SBIN.NS,823.13671875,UP,1,2,2,UP,UP,0.24620791,0.33541024,0.41838184,True
2024-11-05 18:30:00+00:00,LT.NS,3576.829345703125,STAY,1,1,2,STAY,UP,0.27518186,0.24926113,0.47555706,False
2024-11-05 18:30:00+00:00,HDFCBANK.NS,851.83154296875,STAY,1,1,1,STAY,STAY,0.23899245,0.4069716,0.35403594,True
2024-11-05 18:30:00+00:00,RELIANCE.NS,1314.0023193359375,DOWN,1,0,2,DOWN,UP,0.30299816,0.3255615,0.37144032,False
2024-11-05 18:30:00+00:00,INFY.NS,1733.7625732421875,DOWN,1,0,2,DOWN,UP,0.3143778,0.259048,0.42657414,False
2024-11-05 18:30:00+00:00,BHARTIARTL.NS,1565.838623046875,DOWN,1,0,2,DOWN,UP,0.3163026,0.28568497,0.39801243,False
2024-11-05 18:30:00+00:00,ITC.NS,426.9841613769531,DOWN,1,0,0,DOWN,DOWN,0.35959023,0.3215724,0.31883737,True
2024-11-05 18:30:00+00:00,TMPV.NS,825.6925659179688,DOWN,1,0,2,DOWN,UP,0.3244404,0.20657425,0.46898535,False
2024-11-05 18:30:00+00:00,ICICIBANK.NS,1281.5736083984375,DOWN,1,0,1,DOWN,STAY,0.30544466,0.34743482,0.3471205,False
2024-11-05 18:30:00+00:00,TCS.NS,3855.368408203125,STAY,1,1,1,STAY,STAY,0.24043442,0.41559768,0.34396794,True
2024-11-06 18:30:00+00:00,LT.NS,3577.90869140625,STAY,1,1,0,STAY,DOWN,0.57269764,0.24511415,0.18218817,False
2024-11-06 18:30:00+00:00,BHARTIARTL.NS,1543.312744140625,STAY,1,1,2,STAY,UP,0.3386047,0.18470682,0.4766885,False
2024-11-06 18:30:00+00:00,HDFCBANK.NS,847.609375,STAY,1,1,1,STAY,STAY,0.26547122,0.40821803,0.32631072,True
2024-11-06 18:30:00+00:00,TMPV.NS,806.0753784179688,DOWN,1,0,2,DOWN,UP,0.33383355,0.2117904,0.4543761,False
2024-11-06 18:30:00+00:00,INFY.NS,1714.1309814453125,UP,1,2,2,UP,UP,0.3082894,0.2631618,0.42854872,True
2024-11-06 18:30:00+00:00,TCS.NS,3865.845703125,STAY,1,1,1,STAY,STAY,0.23803605,0.41631153,0.34565243,True
2024-11-06 18:30:00+00:00,ITC.NS,424.1441040039063,STAY,1,1,0,STAY,DOWN,0.39136335,0.27824345,0.3303932,False
2024-11-06 18:30:00+00:00,ICICIBANK.NS,1258.3009033203125,DOWN,1,0,0,DOWN,DOWN,0.36639184,0.31773338,0.3158748,True
2024-11-06 18:30:00+00:00,RELIANCE.NS,1294.4710693359375,DOWN,1,0,2,DOWN,UP,0.3321302,0.3153218,0.352548,False
2024-11-06 18:30:00+00:00,SBIN.NS,827.7589111328125,DOWN,1,0,1,DOWN,STAY,0.32873532,0.39910194,0.2721627,False
2024-11-07 18:30:00+00:00,SBIN.NS,811.9182739257812,UP,1,2,2,UP,UP,0.2785614,0.33949506,0.38194355,True
2024-11-07 18:30:00+00:00,LT.NS,3591.399658203125,DOWN,1,0,2,DOWN,UP,0.34415132,0.2991445,0.35670412,False
2024-11-07 18:30:00+00:00,ITC.NS,424.2771911621094,STAY,1,1,1,STAY,STAY,0.3292215,0.34716812,0.32361037,True
2024-11-07 18:30:00+00:00,BHARTIARTL.NS,1537.534423828125,DOWN,1,0,2,DOWN,UP,0.2897809,0.23882198,0.47139713,False
2024-11-07 18:30:00+00:00,ICICIBANK.NS,1238.7674560546875,UP,1,2,2,UP,UP,0.33304623,0.32578883,0.34116492,True
2024-11-07 18:30:00+00:00,TMPV.NS,792.013916015625,STAY,1,1,2,STAY,UP,0.23156731,0.2033273,0.56510544,False
2024-11-07 18:30:00+00:00,TCS.NS,3862.21337890625,UP,1,2,1,UP,STAY,0.2679896,0.4178985,0.3141119,False
2024-11-07 18:30:00+00:00,RELIANCE.NS,1272.7584228515625,DOWN,1,0,2,DOWN,UP,0.31422657,0.2767046,0.40906885,False
2024-11-07 18:30:00+00:00,INFY.NS,1739.704345703125,UP,1,2,1,UP,STAY,0.3023579,0.3851508,0.31249127,False
2024-11-07 18:30:00+00:00,HDFCBANK.NS,851.4432983398438,UP,1,2,1,UP,STAY,0.26214808,0.46800652,0.26984534,False
2024-11-10 18:30:00+00:00,BHARTIARTL.NS,1528.377197265625,STAY,1,1,2,STAY,UP,0.26033595,0.29211557,0.44754854,False
2024-11-10 18:30:00+00:00,SBIN.NS,816.2516479492188,DOWN,1,0,1,DOWN,STAY,0.27361625,0.37600335,0.35038033,False
2024-11-10 18:30:00+00:00,TMPV.NS,791.2764282226562,DOWN,1,0,2,DOWN,UP,0.14399455,0.24748501,0.60852045,False
2024-11-10 18:30:00+00:00,ICICIBANK.NS,1249.0509033203125,STAY,1,1,0,STAY,DOWN,0.358543,0.34203985,0.2994171,False
2024-11-10 18:30:00+00:00,HDFCBANK.NS,857.1942138671875,DOWN,1,0,1,DOWN,STAY,0.23616649,0.486861,0.2769725,False
2024-11-10 18:30:00+00:00,TCS.NS,3910.36328125,STAY,1,1,1,STAY,STAY,0.3372946,0.37060475,0.2921006,True
2024-11-10 18:30:00+00:00,ITC.NS,423.3009948730469,DOWN,1,0,2,DOWN,UP,0.30293638,0.33807975,0.3589839,False
2024-11-10 18:30:00+00:00,RELIANCE.NS,1261.802978515625,STAY,1,1,2,STAY,UP,0.28814134,0.30500215,0.40685654,False
2024-11-10 18:30:00+00:00,INFY.NS,1768.367431640625,STAY,1,1,1,STAY,STAY,0.28433454,0.4096404,0.30602512,True
2024-11-10 18:30:00+00:00,LT.NS,3560.5419921875,DOWN,1,0,1,DOWN,STAY,0.20761599,0.41236615,0.38001788,False
2024-11-11 18:30:00+00:00,BHARTIARTL.NS,1523.5782470703125,STAY,1,1,2,STAY,UP,0.25199074,0.26454046,0.4834688,False
2024-11-11 18:30:00+00:00,ICICIBANK.NS,1250.3302001953125,DOWN,1,0,1,DOWN,STAY,0.2944449,0.38806647,0.3174886,False
2024-11-11 18:30:00+00:00,RELIANCE.NS,1263.33984375,DOWN,1,0,2,DOWN,UP,0.29872474,0.30936253,0.39191276,False
2024-11-11 18:30:00+00:00,ITC.NS,419.66217041015625,STAY,1,1,1,STAY,STAY,0.28640866,0.39110488,0.32248643,True
2024-11-11 18:30:00+00:00,SBIN.NS,796.0775756835938,DOWN,1,0,0,DOWN,DOWN,0.45148697,0.25661552,0.29189748,True
2024-11-11 18:30:00+00:00,TMPV.NS,771.757568359375,STAY,1,1,2,STAY,UP,0.15249155,0.17843099,0.66907746,False
2024-11-11 18:30:00+00:00,TCS.NS,3909.15234375,DOWN,1,0,1,DOWN,STAY,0.29931295,0.4063625,0.29432452,False
2024-11-11 18:30:00+00:00,HDFCBANK.NS,833.8509521484375,DOWN,1,0,0,DOWN,DOWN,0.39318386,0.31190103,0.29491514,True
2024-11-11 18:30:00+00:00,INFY.NS,1776.6383056640625,STAY,1,1,1,STAY,STAY,0.32882667,0.3636429,0.30753043,True
2024-11-11 18:30:00+00:00,LT.NS,3523.747802734375,DOWN,1,0,1,DOWN,STAY,0.3323051,0.3486763,0.31901857,False
2024-11-12 18:30:00+00:00,LT.NS,3481.16455078125,DOWN,1,0,1,DOWN,STAY,0.28770882,0.36875653,0.34353465,False
2024-11-12 18:30:00+00:00,SBIN.NS,778.6962890625,DOWN,1,0,2,DOWN,UP,0.4074242,0.17583048,0.4167453,False
2024-11-12 18:30:00+00:00,TMPV.NS,773.1342163085938,DOWN,1,0,2,DOWN,UP,0.20346476,0.21432036,0.5822149,False
2024-11-12 18:30:00+00:00,ITC.NS,419.0852661132813,DOWN,1,0,2,DOWN,UP,0.26329142,0.36641088,0.37029773,False
2024-11-12 18:30:00+00:00,INFY.NS,1776.2581787109375,STAY,1,1,0,STAY,DOWN,0.5137306,0.2458935,0.24037592,False
2024-11-12 18:30:00+00:00,ICICIBANK.NS,1233.69970703125,STAY,1,1,2,STAY,UP,0.33142677,0.29819816,0.37037507,False
2024-11-12 18:30:00+00:00,TCS.NS,3865.33349609375,STAY,1,1,0,STAY,DOWN,0.4714278,0.26697782,0.26159438,False
2024-11-12 18:30:00+00:00,RELIANCE.NS,1241.3299560546875,UP,1,2,2,UP,UP,0.19238877,0.33651978,0.47109142,True
2024-11-12 18:30:00+00:00,HDFCBANK.NS,815.967529296875,UP,1,2,0,UP,DOWN,0.34511483,0.34187362,0.31301153,False
2024-11-12 18:30:00+00:00,BHARTIARTL.NS,1518.4853515625,STAY,1,1,2,STAY,UP,0.3388591,0.27178043,0.38936046,False
2024-11-13 18:30:00+00:00,BHARTIARTL.NS,1518.5343017578125,DOWN,1,0,2,DOWN,UP,0.2628581,0.2906583,0.44648364,False
2024-11-13 18:30:00+00:00,TMPV.NS,761.383544921875,STAY,1,1,2,STAY,UP,0.15768243,0.22776961,0.61454797,False
2024-11-13 18:30:00+00:00,HDFCBANK.NS,821.5,UP,1,2,1,UP,STAY,0.30493924,0.3978786,0.2971822,False
2024-11-13 18:30:00+00:00,SBIN.NS,774.459228515625,UP,1,2,2,UP,UP,0.35609862,0.18127038,0.46263102,True
2024-11-13 18:30:00+00:00,LT.NS,3459.873291015625,STAY,1,1,2,STAY,UP,0.34435767,0.2951292,0.36051315,False
2024-11-13 18:30:00+00:00,RELIANCE.NS,1256.746826171875,DOWN,1,0,2,DOWN,UP,0.27802774,0.2960445,0.42592773,False
2024-11-13 18:30:00+00:00,ICICIBANK.NS,1236.8978271484375,STAY,1,1,2,STAY,UP,0.33228108,0.30708602,0.36063296,False
2024-11-13 18:30:00+00:00,INFY.NS,1772.5980224609375,DOWN,1,0,0,DOWN,DOWN,0.3777552,0.28386235,0.33838245,True
2024-11-13 18:30:00+00:00,ITC.NS,413.5382690429688,STAY,1,1,2,STAY,UP,0.31351396,0.33511716,0.3513689,False
2024-11-13 18:30:00+00:00,TCS.NS,3861.189208984375,DOWN,1,0,2,DOWN,UP,0.33102822,0.27936375,0.38960806,False
2024-11-17 18:30:00+00:00,BHARTIARTL.NS,1505.3126220703125,DOWN,1,0,2,DOWN,UP,0.22740105,0.26827896,0.50431997,False
2024-11-17 18:30:00+00:00,TMPV.NS,759.0236206054688,UP,1,2,2,UP,UP,0.106258124,0.24637517,0.6473667,True
2024-11-17 18:30:00+00:00,ICICIBANK.NS,1233.45361328125,STAY,1,1,2,STAY,UP,0.27514583,0.3608012,0.36405298,False
2024-11-17 18:30:00+00:00,SBIN.NS,784.136962890625,DOWN,1,0,0,DOWN,DOWN,0.36817122,0.27637854,0.35545024,True
2024-11-17 18:30:00+00:00,RELIANCE.NS,1249.9554443359375,DOWN,1,0,2,DOWN,UP,0.35289496,0.2676307,0.37947437,False
2024-11-17 18:30:00+00:00,TCS.NS,3743.469482421875,STAY,1,1,0,STAY,DOWN,0.4401098,0.25118724,0.30870298,False
2024-11-17 18:30:00+00:00,HDFCBANK.NS,827.4934692382812,UP,1,2,1,UP,STAY,0.34460223,0.39467302,0.2607247,False
2024-11-17 18:30:00+00:00,INFY.NS,1722.11669921875,UP,1,2,0,UP,DOWN,0.44372413,0.23176298,0.32451287,False
2024-11-17 18:30:00+00:00,ITC.NS,414.07080078125,STAY,1,1,2,STAY,UP,0.28999555,0.31705755,0.39294693,False
2024-11-17 18:30:00+00:00,LT.NS,3475.473876953125,DOWN,1,0,2,DOWN,UP,0.30879045,0.31679055,0.37441897,False
2024-11-18 18:30:00+00:00,ICICIBANK.NS,1229.173095703125,STAY,1,1,2,STAY,UP,0.3330091,0.31928453,0.3477064,False
2024-11-18 18:30:00+00:00,INFY.NS,1734.7607421875,UP,1,2,2,UP,UP,0.31694493,0.2954316,0.38762343,True
2024-11-18 18:30:00+00:00,HDFCBANK.NS,845.5225219726562,STAY,1,1,1,STAY,STAY,0.26161408,0.44849604,0.28988984,True
2024-11-18 18:30:00+00:00,RELIANCE.NS,1231.0189208984375,DOWN,1,0,2,DOWN,UP,0.299135,0.250273,0.4505921,False
2024-11-18 18:30:00+00:00,SBIN.NS,773.2555541992188,DOWN,1,0,2,DOWN,UP,0.3638877,0.23702376,0.39908853,False
2024-11-18 18:30:00+00:00,TCS.NS,3762.142822265625,UP,1,2,2,UP,UP,0.34494978,0.25502577,0.40002444,True
2024-11-18 18:30:00+00:00,LT.NS,3439.906005859375,DOWN,1,0,2,DOWN,UP,0.29690155,0.28521293,0.41788557,False
2024-11-18 18:30:00+00:00,ITC.NS,414.7807922363281,DOWN,1,0,2,DOWN,UP,0.32349116,0.32653388,0.34997496,False
2024-11-18 18:30:00+00:00,TMPV.NS,770.1351318359375,DOWN,1,0,2,DOWN,UP,0.27398694,0.2437816,0.48223144,False
2024-11-18 18:30:00+00:00,BHARTIARTL.NS,1494.0496826171875,STAY,1,1,2,STAY,UP,0.26273742,0.20625263,0.53101,False
2024-11-20 18:30:00+00:00,INFY.NS,1743.6021728515625,UP,1,2,0,UP,DOWN,0.38132522,0.26169953,0.35697523,False
2024-11-20 18:30:00+00:00,LT.NS,3417.927734375,UP,1,2,2,UP,UP,0.3206652,0.33315623,0.3461786,True
2024-11-20 18:30:00+00:00,ICICIBANK.NS,1230.60009765625,UP,1,2,0,UP,DOWN,0.3495485,0.31484336,0.33560812,False
2024-11-20 18:30:00+00:00,ITC.NS,405.7281494140625,UP,1,2,2,UP,UP,0.21633193,0.35736227,0.42630583,True
2024-11-20 18:30:00+00:00,RELIANCE.NS,1212.5286865234375,UP,1,2,2,UP,UP,0.2504515,0.24482876,0.50471973,True
2024-11-20 18:30:00+00:00,SBIN.NS,751.8296508789062,UP,1,2,2,UP,UP,0.32077178,0.17845333,0.5007749,True
2024-11-20 18:30:00+00:00,TCS.NS,3793.15576171875,UP,1,2,0,UP,DOWN,0.38822475,0.2975601,0.31421515,False
2024-11-20 18:30:00+00:00,HDFCBANK.NS,845.0130004882812,STAY,1,1,1,STAY,STAY,0.26922905,0.45963475,0.27113625,True
2024-11-20 18:30:00+00:00,TMPV.NS,760.9410400390625,UP,1,2,2,UP,UP,0.20512782,0.27031067,0.52456146,True
2024-11-20 18:30:00+00:00,BHARTIARTL.NS,1493.7069091796875,UP,1,2,2,UP,UP,0.27784383,0.20528868,0.5168675,True
2024-11-21 18:30:00+00:00,SBIN.NS,785.8220825195312,UP,1,2,2,UP,UP,0.31682703,0.20877507,0.4743979,True
2024-11-21 18:30:00+00:00,ITC.NS,421.2596740722656,STAY,1,1,2,STAY,UP,0.30442813,0.28800812,0.40756375,False
2024-11-21 18:30:00+00:00,TMPV.NS,777.8049926757812,UP,1,2,2,UP,UP,0.24108438,0.29696736,0.46194822,True
2024-11-21 18:30:00+00:00,RELIANCE.NS,1254.5655517578125,UP,1,2,2,UP,UP,0.32458252,0.22803408,0.44738337,True
2024-11-21 18:30:00+00:00,HDFCBANK.NS,847.1483764648438,UP,1,2,1,UP,STAY,0.27224907,0.39015388,0.33759707,False
2024-11-21 18:30:00+00:00,INFY.NS,1808.438720703125,DOWN,1,0,2,DOWN,UP,0.2552137,0.35386956,0.3909167,False
2024-11-21 18:30:00+00:00,ICICIBANK.NS,1257.6612548828125,UP,1,2,1,UP,STAY,0.3071417,0.38650826,0.30635005,False
2024-11-21 18:30:00+00:00,TCS.NS,3953.11083984375,UP,1,2,1,UP,STAY,0.20731236,0.5033665,0.28932115,False
2024-11-21 18:30:00+00:00,BHARTIARTL.NS,1536.94677734375,UP,1,2,2,UP,UP,0.36750337,0.21971628,0.41278037,True
2024-11-21 18:30:00+00:00,LT.NS,3535.6689453125,UP,1,2,2,UP,UP,0.22574237,0.30915374,0.4651039,True
2024-11-24 18:30:00+00:00,BHARTIARTL.NS,1546.201904296875,STAY,1,1,2,STAY,UP,0.30477694,0.26209906,0.433124,False
2024-11-24 18:30:00+00:00,TCS.NS,4018.76904296875,UP,1,2,1,UP,STAY,0.26903868,0.3671669,0.36379445,False
2024-11-24 18:30:00+00:00,ITC.NS,423.1678466796875,STAY,1,1,2,STAY,UP,0.30372056,0.2762956,0.4199838,False
2024-11-24 18:30:00+00:00,INFY.NS,1796.5076904296875,UP,1,2,2,UP,UP,0.26708448,0.32681966,0.40609586,True
2024-11-24 18:30:00+00:00,TMPV.NS,783.3115234375,DOWN,1,0,2,DOWN,UP,0.33700103,0.2687844,0.39421463,False
2024-11-24 18:30:00+00:00,LT.NS,3682.35498046875,DOWN,1,0,1,DOWN,STAY,0.2452868,0.41178095,0.34293225,False
2024-11-24 18:30:00+00:00,HDFCBANK.NS,866.5604858398438,STAY,1,1,0,STAY,DOWN,0.37322015,0.32436982,0.30241,False
2024-11-24 18:30:00+00:00,ICICIBANK.NS,1280.1959228515625,STAY,1,1,1,STAY,STAY,0.2568092,0.42464224,0.31854853,True
2024-11-24 18:30:00+00:00,RELIANCE.NS,1275.9805908203125,UP,1,2,2,UP,UP,0.25159374,0.31534746,0.43305877,True
2024-11-24 18:30:00+00:00,SBIN.NS,813.1701049804688,DOWN,1,0,1,DOWN,STAY,0.30187362,0.41691366,0.28121266,False
2024-11-25 18:30:00+00:00,ITC.NS,423.3453674316406,STAY,1,1,2,STAY,UP,0.2767461,0.344342,0.37891185,False
2024-11-25 18:30:00+00:00,TCS.NS,4053.787841796875,STAY,1,1,1,STAY,STAY,0.2818142,0.44405532,0.2741305,True
2024-11-25 18:30:00+00:00,SBIN.NS,808.3071899414062,DOWN,1,0,1,DOWN,STAY,0.24313295,0.38094762,0.3759195,False
2024-11-25 18:30:00+00:00,BHARTIARTL.NS,1544.73291015625,STAY,1,1,2,STAY,UP,0.28306937,0.22772454,0.48920605,False
2024-11-25 18:30:00+00:00,ICICIBANK.NS,1284.132080078125,STAY,1,1,1,STAY,STAY,0.22881493,0.5263781,0.24480695,True
2024-11-25 18:30:00+00:00,RELIANCE.NS,1284.606201171875,STAY,1,1,1,STAY,STAY,0.295372,0.39626575,0.30836225,True
2024-11-25 18:30:00+00:00,INFY.NS,1829.2586669921875,STAY,1,1,2,STAY,UP,0.25841737,0.22759266,0.5139899,False
2024-11-25 18:30:00+00:00,TMPV.NS,769.9384155273438,STAY,1,1,2,STAY,UP,0.32086766,0.18446161,0.49467075,False
2024-11-25 18:30:00+00:00,HDFCBANK.NS,866.5362548828125,UP,1,2,1,UP,STAY,0.16869612,0.6411636,0.1901403,False
2024-11-25 18:30:00+00:00,LT.NS,3632.90380859375,STAY,1,1,1,STAY,STAY,0.22660016,0.39297923,0.38042063,True
2024-11-26 18:30:00+00:00,INFY.NS,1829.591552734375,DOWN,1,0,2,DOWN,UP,0.26445112,0.339998,0.39555088,False
2024-11-26 18:30:00+00:00,HDFCBANK.NS,879.5182495117188,DOWN,1,0,1,DOWN,STAY,0.21818079,0.481576,0.30024317,False
2024-11-26 18:30:00+00:00,TCS.NS,4035.021240234375,DOWN,1,0,1,DOWN,STAY,0.28530374,0.42920262,0.28549364,False
2024-11-26 18:30:00+00:00,BHARTIARTL.NS,1545.1246337890625,DOWN,1,0,2,DOWN,UP,0.35865557,0.23383589,0.4075085,False
2024-11-26 18:30:00+00:00,SBIN.NS,803.2034912109375,UP,1,2,1,UP,STAY,0.24981189,0.4422591,0.307929,False
2024-11-26 18:30:00+00:00,RELIANCE.NS,1282.1275634765625,DOWN,1,0,2,DOWN,UP,0.31597978,0.2941952,0.38982505,False
2024-11-26 18:30:00+00:00,ITC.NS,423.3009948730469,STAY,1,1,2,STAY,UP,0.32386735,0.32942224,0.34671038,False
2024-11-26 18:30:00+00:00,ICICIBANK.NS,1279.9498291015625,DOWN,1,0,2,DOWN,UP,0.2716352,0.34075373,0.38761103,False
2024-11-26 18:30:00+00:00,LT.NS,3629.076904296875,DOWN,1,0,1,DOWN,STAY,0.25027075,0.3874091,0.3623201,False
2024-11-26 18:30:00+00:00,TMPV.NS,770.8726196289062,DOWN,1,0,2,DOWN,UP,0.29836074,0.2508073,0.45083198,False
2024-11-27 18:30:00+00:00,ICICIBANK.NS,1265.828857421875,UP,1,2,2,UP,UP,0.3043562,0.32451195,0.3711319,True
2024-11-27 18:30:00+00:00,BHARTIARTL.NS,1528.230224609375,UP,1,2,2,UP,UP,0.32593602,0.21766229,0.45640174,True
2024-11-27 18:30:00+00:00,LT.NS,3597.041748046875,UP,1,2,2,UP,UP,0.25507092,0.3213226,0.42360651,True
2024-11-27 18:30:00+00:00,RELIANCE.NS,1259.91943359375,UP,1,2,2,UP,UP,0.23150623,0.29232335,0.4761705,True
2024-11-27 18:30:00+00:00,HDFCBANK.NS,870.224609375,STAY,1,1,1,STAY,STAY,0.28604633,0.44517723,0.26877642,True
2024-11-27 18:30:00+00:00,INFY.NS,1765.0875244140625,STAY,1,1,0,STAY,DOWN,0.39578405,0.20969127,0.39452463,False
2024-11-27 18:30:00+00:00,TCS.NS,3953.390380859375,UP,1,2,1,UP,STAY,0.28371888,0.3756021,0.34067902,False
2024-11-27 18:30:00+00:00,SBIN.NS,807.7775268554688,STAY,1,1,2,STAY,UP,0.28072056,0.35414964,0.3651298,False
2024-11-27 18:30:00+00:00,TMPV.NS,766.4476318359375,UP,1,2,2,UP,UP,0.36299473,0.21146864,0.42553663,True
2024-11-27 18:30:00+00:00,ITC.NS,421.4815368652344,STAY,1,1,2,STAY,UP,0.3098421,0.31250474,0.37765318,False
2024-11-28 18:30:00+00:00,ICICIBANK.NS,1279.3594970703125,STAY,1,1,1,STAY,STAY,0.30655086,0.3643939,0.32905525,True
2024-11-28 18:30:00+00:00,ITC.NS,423.12347412109375,STAY,1,1,0,STAY,DOWN,0.43757448,0.23034596,0.33207956,False
2024-11-28 18:30:00+00:00,TMPV.NS,773.3308715820312,STAY,1,1,2,STAY,UP,0.3409871,0.25327948,0.4057335,False
2024-11-28 18:30:00+00:00,INFY.NS,1766.2283935546875,UP,1,2,2,UP,UP,0.3417214,0.1858202,0.47245842,True
2024-11-28 18:30:00+00:00,SBIN.NS,807.8739013671875,STAY,1,1,0,STAY,DOWN,0.4785963,0.23017794,0.2912258,False
2024-11-28 18:30:00+00:00,TCS.NS,3977.55810546875,STAY,1,1,0,STAY,DOWN,0.41771993,0.25954863,0.32273147,False
2024-11-28 18:30:00+00:00,LT.NS,3654.685791015625,DOWN,1,0,2,DOWN,UP,0.33265418,0.27226132,0.39508453,False
2024-11-28 18:30:00+00:00,BHARTIARTL.NS,1593.6041259765625,UP,1,2,2,UP,UP,0.31183684,0.29278073,0.39538237,True
2024-11-28 18:30:00+00:00,HDFCBANK.NS,871.632080078125,STAY,1,1,1,STAY,STAY,0.24596372,0.45544276,0.29859352,True
2024-11-28 18:30:00+00:00,RELIANCE.NS,1281.1361083984375,UP,1,2,2,UP,UP,0.31361812,0.29229182,0.39409006,True
2024-12-01 18:30:00+00:00,TCS.NS,3982.9599609375,UP,1,2,1,UP,STAY,0.32437885,0.37524197,0.30037922,False
2024-12-01 18:30:00+00:00,SBIN.NS,805.4183959960938,UP,1,2,2,UP,UP,0.26820514,0.32298547,0.40880942,True
2024-12-01 18:30:00+00:00,LT.NS,3634.326171875,UP,1,2,1,UP,STAY,0.31089225,0.36387506,0.32523268,False
2024-12-01 18:30:00+00:00,RELIANCE.NS,1297.941162109375,UP,1,2,1,UP,STAY,0.30283058,0.37199378,0.32517564,False
2024-12-01 18:30:00+00:00,BHARTIARTL.NS,1609.71484375,DOWN,1,0,2,DOWN,UP,0.25622267,0.23655263,0.5072247,False
2024-12-01 18:30:00+00:00,HDFCBANK.NS,875.8298950195312,UP,1,2,1,UP,STAY,0.25587428,0.38935655,0.35476917,False
2024-12-01 18:30:00+00:00,INFY.NS,1787.0960693359375,UP,1,2,2,UP,UP,0.22144938,0.24966916,0.5288815,True
2024-12-01 18:30:00+00:00,ICICIBANK.NS,1283.8370361328125,STAY,1,1,1,STAY,STAY,0.28813466,0.38545275,0.3264126,True
2024-12-01 18:30:00+00:00,TMPV.NS,776.870849609375,UP,1,2,0,UP,DOWN,0.40026578,0.24409081,0.3556434,False
2024-12-01 18:30:00+00:00,ITC.NS,423.5228271484375,DOWN,1,0,2,DOWN,UP,0.32393008,0.32328337,0.35278654,False
2024-12-02 18:30:00+00:00,ITC.NS,419.3958740234375,DOWN,1,0,2,DOWN,UP,0.2844109,0.3190352,0.3965539,False
2024-12-02 18:30:00+00:00,RELIANCE.NS,1311.9698486328125,DOWN,1,0,1,DOWN,STAY,0.27654755,0.40213624,0.32131618,False
2024-12-02 18:30:00+00:00,BHARTIARTL.NS,1587.1402587890625,DOWN,1,0,2,DOWN,UP,0.28393403,0.31604052,0.4000255,False
2024-12-02 18:30:00+00:00,HDFCBANK.NS,886.3125,UP,1,2,1,UP,STAY,0.29550815,0.4171949,0.28729695,False
2024-12-02 18:30:00+00:00,INFY.NS,1798.789306640625,STAY,1,1,2,STAY,UP,0.2845325,0.33676505,0.37870243,False
2024-12-02 18:30:00+00:00,LT.NS,3715.763916015625,STAY,1,1,2,STAY,UP,0.3576522,0.2787045,0.3636433,False
2024-12-02 18:30:00+00:00,TCS.NS,4007.268310546875,UP,1,2,2,UP,UP,0.2931831,0.29589462,0.41092226,True
2024-12-02 18:30:00+00:00,TMPV.NS,787.8839721679688,DOWN,1,0,2,DOWN,UP,0.24871153,0.32868657,0.42260194,False
2024-12-02 18:30:00+00:00,SBIN.NS,822.3182373046875,UP,1,2,2,UP,UP,0.24881808,0.34763104,0.40355092,True
2024-12-02 18:30:00+00:00,ICICIBANK.NS,1287.527099609375,UP,1,2,1,UP,STAY,0.3252907,0.35570222,0.3190071,False
2024-12-03 18:30:00+00:00,LT.NS,3718.560302734375,UP,1,2,2,UP,UP,0.28024352,0.32460013,0.3951564,True
2024-12-03 18:30:00+00:00,SBIN.NS,827.855224609375,UP,1,2,1,UP,STAY,0.3042476,0.3900108,0.30574164,False
2024-12-03 18:30:00+00:00,INFY.NS,1796.079833984375,UP,1,2,2,UP,UP,0.34061733,0.29594937,0.36343333,True
2024-12-03 18:30:00+00:00,BHARTIARTL.NS,1551.4415283203125,UP,1,2,2,UP,UP,0.38399863,0.21178918,0.40421218,True
2024-12-03 18:30:00+00:00,ICICIBANK.NS,1295.0550537109375,UP,1,2,1,UP,STAY,0.31663883,0.40490714,0.27845398,False
2024-12-03 18:30:00+00:00,RELIANCE.NS,1297.74267578125,UP,1,2,2,UP,UP,0.35226068,0.29153654,0.35620278,True
2024-12-03 18:30:00+00:00,ITC.NS,414.5589294433594,STAY,1,1,0,STAY,DOWN,0.37950242,0.27626887,0.34422866,False
2024-12-03 18:30:00+00:00,TMPV.NS,774.9533081054688,UP,1,2,2,UP,UP,0.30470946,0.20758119,0.4877093,True
2024-12-03 18:30:00+00:00,TCS.NS,4055.370361328125,UP,1,2,1,UP,STAY,0.33575252,0.35417616,0.31007135,False
2024-12-03 18:30:00+00:00,HDFCBANK.NS,902.7157592773438,STAY,1,1,1,STAY,STAY,0.28574854,0.42740694,0.28684455,True
2024-12-04 18:30:00+00:00,INFY.NS,1839.4310302734373,DOWN,1,0,2,DOWN,UP,0.24728361,0.31744343,0.435273,False
2024-12-04 18:30:00+00:00,TMPV.NS,779.3291015625,UP,1,2,2,UP,UP,0.26851776,0.23766646,0.49381575,True
2024-12-04 18:30:00+00:00,SBIN.NS,833.3922729492188,STAY,1,1,1,STAY,STAY,0.3049088,0.3696283,0.3254629,True
2024-12-04 18:30:00+00:00,RELIANCE.NS,1310.7305908203125,DOWN,1,0,1,DOWN,STAY,0.2938345,0.41086936,0.2952962,False
2024-12-04 18:30:00+00:00,HDFCBANK.NS,905.457763671875,DOWN,1,0,1,DOWN,STAY,0.2823129,0.47963768,0.23804936,False
2024-12-04 18:30:00+00:00,TCS.NS,4157.49072265625,STAY,1,1,1,STAY,STAY,0.2675186,0.50830454,0.22417685,True
2024-12-04 18:30:00+00:00,ITC.NS,414.9139099121094,UP,1,2,0,UP,DOWN,0.35202867,0.30612674,0.34184465,False
2024-12-04 18:30:00+00:00,BHARTIARTL.NS,1582.04736328125,DOWN,1,0,2,DOWN,UP,0.3069141,0.27315438,0.41993156,False
2024-12-04 18:30:00+00:00,ICICIBANK.NS,1315.1787109375,DOWN,1,0,1,DOWN,STAY,0.2510372,0.44201642,0.30694637,False
2024-12-04 18:30:00+00:00,LT.NS,3759.426513671875,UP,1,2,0,UP,DOWN,0.3484974,0.33505344,0.3164492,False
2024-12-05 18:30:00+00:00,BHARTIARTL.NS,1564.908203125,STAY,1,1,0,STAY,DOWN,0.45024353,0.21653259,0.33322385,False
2024-12-05 18:30:00+00:00,ITC.NS,418.15338134765625,DOWN,1,0,1,DOWN,STAY,0.3282654,0.42969152,0.2420431,False
2024-12-05 18:30:00+00:00,TCS.NS,4140.2138671875,STAY,1,1,1,STAY,STAY,0.217863,0.57103735,0.21109962,True
2024-12-05 18:30:00+00:00,ICICIBANK.NS,1307.552490234375,STAY,1,1,1,STAY,STAY,0.28501496,0.4374721,0.2775129,True
2024-12-05 18:30:00+00:00,LT.NS,3793.91455078125,UP,1,2,1,UP,STAY,0.3463191,0.41522685,0.23845401,False
2024-12-05 18:30:00+00:00,SBIN.NS,831.6589965820312,DOWN,1,0,1,DOWN,STAY,0.31658864,0.4273586,0.2560528,False
2024-12-05 18:30:00+00:00,HDFCBANK.NS,900.6531982421875,UP,1,2,1,UP,STAY,0.24824455,0.4292613,0.32249418,False
2024-12-05 18:30:00+00:00,RELIANCE.NS,1300.3204345703125,DOWN,1,0,1,DOWN,STAY,0.25447896,0.38423842,0.3612826,False
2024-12-05 18:30:00+00:00,TMPV.NS,803.174560546875,DOWN,1,0,2,DOWN,UP,0.2787366,0.30168417,0.41957927,False
2024-12-05 18:30:00+00:00,INFY.NS,1827.5950927734373,STAY,1,1,1,STAY,STAY,0.2288533,0.50441986,0.26672685,True
2024-12-08 18:30:00+00:00,RELIANCE.NS,1284.0609130859375,DOWN,1,0,2,DOWN,UP,0.30532444,0.26807874,0.42659688,False
2024-12-08 18:30:00+00:00,TCS.NS,4146.408203125,STAY,1,1,0,STAY,DOWN,0.3829469,0.34392226,0.2731308,False
2024-12-08 18:30:00+00:00,HDFCBANK.NS,907.520263671875,STAY,1,1,1,STAY,STAY,0.31290457,0.49261618,0.19447927,True
2024-12-08 18:30:00+00:00,SBIN.NS,826.266357421875,UP,1,2,1,UP,STAY,0.2693813,0.4264609,0.3041578,False
2024-12-08 18:30:00+00:00,INFY.NS,1828.783447265625,UP,1,2,2,UP,UP,0.3234669,0.33473974,0.3417934,True
2024-12-08 18:30:00+00:00,LT.NS,3872.99755859375,DOWN,1,0,1,DOWN,STAY,0.3908565,0.48081642,0.12832712,False
2024-12-08 18:30:00+00:00,TMPV.NS,785.4257202148438,STAY,1,1,2,STAY,UP,0.32652643,0.17854185,0.4949317,False
2024-12-08 18:30:00+00:00,BHARTIARTL.NS,1569.51123046875,DOWN,1,0,2,DOWN,UP,0.35264444,0.26865742,0.37869817,False
2024-12-08 18:30:00+00:00,ITC.NS,412.6507568359375,STAY,1,1,0,STAY,DOWN,0.4023226,0.30594277,0.29173458,False
2024-12-08 18:30:00+00:00,ICICIBANK.NS,1301.2054443359375,UP,1,2,1,UP,STAY,0.28408805,0.3881401,0.3277719,False
2024-12-09 18:30:00+00:00,ICICIBANK.NS,1309.225341796875,STAY,1,1,1,STAY,STAY,0.29648855,0.39561445,0.307897,True
2024-12-09 18:30:00+00:00,SBIN.NS,835.3663330078125,DOWN,1,0,1,DOWN,STAY,0.22671217,0.45358387,0.31970397,False
2024-12-09 18:30:00+00:00,ITC.NS,413.0945129394531,STAY,1,1,0,STAY,DOWN,0.39248386,0.31841868,0.28909746,False
2024-12-09 18:30:00+00:00,TCS.NS,4128.154296875,STAY,1,1,0,STAY,DOWN,0.36974066,0.35703275,0.27322662,False
2024-12-09 18:30:00+00:00,RELIANCE.NS,1273.8489990234375,DOWN,1,0,2,DOWN,UP,0.2679466,0.3069063,0.42514706,False
2024-12-09 18:30:00+00:00,BHARTIARTL.NS,1546.10400390625,STAY,1,1,2,STAY,UP,0.35013416,0.2124316,0.43743423,False
2024-12-09 18:30:00+00:00,TMPV.NS,786.5565185546875,STAY,1,1,2,STAY,UP,0.28150305,0.19737346,0.52112347,False
2024-12-09 18:30:00+00:00,HDFCBANK.NS,906.5982055664062,STAY,1,1,1,STAY,STAY,0.28097495,0.41230106,0.30672392,True
2024-12-09 18:30:00+00:00,LT.NS,3849.3017578125,STAY,1,1,0,STAY,DOWN,0.3991367,0.37973845,0.22112483,False
2024-12-09 18:30:00+00:00,INFY.NS,1852.4554443359373,UP,1,2,2,UP,UP,0.21459591,0.38949665,0.39590743,True
2024-12-10 18:30:00+00:00,HDFCBANK.NS,904.1716918945312,STAY,1,1,1,STAY,STAY,0.26140246,0.40683714,0.3317604,True
2024-12-10 18:30:00+00:00,BHARTIARTL.NS,1553.3023681640625,UP,1,2,2,UP,UP,0.2995843,0.30567116,0.39474458,True
2024-12-10 18:30:00+00:00,LT.NS,3843.0224609375,DOWN,1,0,1,DOWN,STAY,0.3250916,0.4338791,0.24102929,False
2024-12-10 18:30:00+00:00,SBIN.NS,829.684814453125,DOWN,1,0,1,DOWN,STAY,0.26520866,0.41798556,0.3168058,False
2024-12-10 18:30:00+00:00,TCS.NS,4123.40478515625,UP,1,2,1,UP,STAY,0.28401512,0.37614745,0.33983743,False
2024-12-10 18:30:00+00:00,ICICIBANK.NS,1306.3223876953125,STAY,1,1,1,STAY,STAY,0.3245249,0.39829016,0.27718493,True
2024-12-10 18:30:00+00:00,INFY.NS,1876.79296875,UP,1,2,1,UP,STAY,0.23736265,0.4072773,0.3553601,False
2024-12-10 18:30:00+00:00,ITC.NS,412.9170227050781,DOWN,1,0,1,DOWN,STAY,0.3445983,0.35229635,0.30310535,False
2024-12-10 18:30:00+00:00,TMPV.NS,785.7698364257812,DOWN,1,0,2,DOWN,UP,0.26967025,0.18921632,0.54111344,False
2024-12-10 18:30:00+00:00,RELIANCE.NS,1267.2559814453125,DOWN,1,0,2,DOWN,UP,0.29256958,0.29733765,0.4100928,False
2024-12-11 18:30:00+00:00,TCS.NS,4149.015625,STAY,1,1,0,STAY,DOWN,0.3898427,0.28298277,0.3271745,False
2024-12-11 18:30:00+00:00,SBIN.NS,822.0775146484375,UP,1,2,1,UP,STAY,0.31144488,0.38610837,0.30244675,False
2024-12-11 18:30:00+00:00,INFY.NS,1889.00927734375,UP,1,2,0,UP,DOWN,0.39118913,0.2918964,0.3169145,False
2024-12-11 18:30:00+00:00,TMPV.NS,773.2324829101562,UP,1,2,2,UP,UP,0.28778344,0.18036278,0.5318538,True
2024-12-11 18:30:00+00:00,HDFCBANK.NS,902.3032836914062,UP,1,2,1,UP,STAY,0.2359086,0.42857307,0.3355184,False
2024-12-11 18:30:00+00:00,BHARTIARTL.NS,1577.3463134765625,UP,1,2,2,UP,UP,0.25884047,0.28575394,0.45540553,True
2024-12-11 18:30:00+00:00,RELIANCE.NS,1252.0870361328125,UP,1,2,2,UP,UP,0.27272516,0.3258732,0.4014016,True
2024-12-11 18:30:00+00:00,ICICIBANK.NS,1308.04443359375,UP,1,2,1,UP,STAY,0.28749865,0.40472552,0.30777588,False
2024-12-11 18:30:00+00:00,LT.NS,3787.242431640625,UP,1,2,1,UP,STAY,0.33909363,0.4136498,0.24725656,False
2024-12-11 18:30:00+00:00,ITC.NS,408.7900695800781,UP,1,2,0,UP,DOWN,0.3723922,0.2668909,0.3607169,False
2024-12-12 18:30:00+00:00,ITC.NS,417.1327209472656,STAY,1,1,2,STAY,UP,0.30365977,0.3298915,0.36644876,False
2024-12-12 18:30:00+00:00,TCS.NS,4166.6650390625,DOWN,1,0,1,DOWN,STAY,0.36382654,0.42688075,0.20929267,False
2024-12-12 18:30:00+00:00,HDFCBANK.NS,908.36962890625,STAY,1,1,1,STAY,STAY,0.2535227,0.46310693,0.28337044,True
2024-12-12 18:30:00+00:00,SBIN.NS,829.63671875,STAY,1,1,1,STAY,STAY,0.2992741,0.40585387,0.29487208,True
2024-12-12 18:30:00+00:00,INFY.NS,1901.0828857421875,DOWN,1,0,0,DOWN,DOWN,0.35910198,0.33982527,0.30107278,True
2024-12-12 18:30:00+00:00,LT.NS,3813.83251953125,STAY,1,1,0,STAY,DOWN,0.38373077,0.36045215,0.2558171,False
2024-12-12 18:30:00+00:00,ICICIBANK.NS,1323.44482421875,STAY,1,1,1,STAY,STAY,0.23496881,0.39370498,0.37132624,True
2024-12-12 18:30:00+00:00,BHARTIARTL.NS,1647.078369140625,DOWN,1,0,1,DOWN,STAY,0.2625015,0.49021098,0.24728744,False
2024-12-12 18:30:00+00:00,TMPV.NS,777.1166381835938,DOWN,1,0,2,DOWN,UP,0.3291156,0.16555269,0.5053317,False
2024-12-12 18:30:00+00:00,RELIANCE.NS,1261.951904296875,STAY,1,1,2,STAY,UP,0.2557863,0.26678482,0.47742888,False
2024-12-15 18:30:00+00:00,ICICIBANK.NS,1324.6256103515625,DOWN,1,0,1,DOWN,STAY,0.28088543,0.40321913,0.3158955,False
2024-12-15 18:30:00+00:00,TCS.NS,4111.99609375,DOWN,1,0,1,DOWN,STAY,0.32096642,0.373845,0.30518857,False
2024-12-15 18:30:00+00:00,RELIANCE.NS,1257.44091796875,DOWN,1,0,1,DOWN,STAY,0.30002934,0.39070523,0.3092654,False
2024-12-15 18:30:00+00:00,INFY.NS,1882.402099609375,STAY,1,1,1,STAY,STAY,0.2570798,0.40349883,0.3394214,True
2024-12-15 18:30:00+00:00,SBIN.NS,829.0589599609375,DOWN,1,0,1,DOWN,STAY,0.2719987,0.37708145,0.3509198,False
2024-12-15 18:30:00+00:00,ITC.NS,417.221435546875,STAY,1,1,1,STAY,STAY,0.33016017,0.39837664,0.2714632,True
2024-12-15 18:30:00+00:00,LT.NS,3804.854736328125,DOWN,1,0,1,DOWN,STAY,0.3000841,0.47811234,0.22180358,False
2024-12-15 18:30:00+00:00,BHARTIARTL.NS,1628.2742919921875,DOWN,1,0,2,DOWN,UP,0.22999981,0.29866004,0.47134018,False
2024-12-15 18:30:00+00:00,TMPV.NS,771.7083740234375,DOWN,1,0,2,DOWN,UP,0.33289593,0.17241876,0.49468535,False
2024-12-15 18:30:00+00:00,HDFCBANK.NS,905.1907958984376,DOWN,1,0,1,DOWN,STAY,0.24439318,0.4671449,0.28846192,False
2024-12-16 18:30:00+00:00,TCS.NS,4031.248779296875,STAY,1,1,0,STAY,DOWN,0.42411822,0.27955428,0.2963275,False
2024-12-16 18:30:00+00:00,INFY.NS,1879.1221923828125,STAY,1,1,2,STAY,UP,0.32815143,0.3339485,0.3379001,False
2024-12-16 18:30:00+00:00,HDFCBANK.NS,889.6853637695312,DOWN,1,0,1,DOWN,STAY,0.315061,0.43394175,0.25099722,False
2024-12-16 18:30:00+00:00,LT.NS,3735.534423828125,DOWN,1,0,0,DOWN,DOWN,0.5357903,0.27030244,0.19390719,True
2024-12-16 18:30:00+00:00,ITC.NS,416.73333740234375,STAY,1,1,2,STAY,UP,0.32948118,0.2998385,0.3706803,False
2024-12-16 18:30:00+00:00,TMPV.NS,766.7426147460938,DOWN,1,0,2,DOWN,UP,0.32256877,0.1734029,0.5040283,False
2024-12-16 18:30:00+00:00,BHARTIARTL.NS,1581.9984130859375,DOWN,1,0,2,DOWN,UP,0.31710908,0.24693719,0.43595374,False
2024-12-16 18:30:00+00:00,ICICIBANK.NS,1312.4727783203125,DOWN,1,0,1,DOWN,STAY,0.30168322,0.423718,0.27459875,False
2024-12-16 18:30:00+00:00,SBIN.NS,819.044189453125,DOWN,1,0,1,DOWN,STAY,0.33816454,0.34415147,0.31768405,False
2024-12-16 18:30:00+00:00,RELIANCE.NS,1234.6376953125,UP,1,2,2,UP,UP,0.2884683,0.30262235,0.4089094,True
2024-12-17 18:30:00+00:00,HDFCBANK.NS,878.74169921875,DOWN,1,0,1,DOWN,STAY,0.26962554,0.45352063,0.27685377,False
2024-12-17 18:30:00+00:00,LT.NS,3687.407958984375,DOWN,1,0,0,DOWN,DOWN,0.44265756,0.27165824,0.2856842,True
2024-12-17 18:30:00+00:00,BHARTIARTL.NS,1568.874755859375,STAY,1,1,2,STAY,UP,0.25169656,0.28235435,0.46594912,False
2024-12-17 18:30:00+00:00,TCS.NS,4049.270751953125,DOWN,1,0,1,DOWN,STAY,0.34637266,0.3509887,0.30263868,False
2024-12-17 18:30:00+00:00,TMPV.NS,743.0938720703125,DOWN,1,0,2,DOWN,UP,0.24551839,0.17523119,0.57925045,False
2024-12-17 18:30:00+00:00,ICICIBANK.NS,1293.1854248046875,DOWN,1,0,1,DOWN,STAY,0.31496093,0.41545746,0.26958162,False
2024-12-17 18:30:00+00:00,SBIN.NS,807.103515625,DOWN,1,0,1,DOWN,STAY,0.3251926,0.36836234,0.3064451,False
2024-12-17 18:30:00+00:00,RELIANCE.NS,1242.5196533203125,DOWN,1,0,2,DOWN,UP,0.269455,0.3136468,0.41689825,False
2024-12-17 18:30:00+00:00,ITC.NS,417.5765075683594,DOWN,1,0,0,DOWN,DOWN,0.36335856,0.28624895,0.3503925,True
2024-12-17 18:30:00+00:00,INFY.NS,1881.54638671875,DOWN,1,0,2,DOWN,UP,0.30342996,0.33404094,0.36252907,False
2024-12-18 18:30:00+00:00,HDFCBANK.NS,870.3944091796875,DOWN,1,0,1,DOWN,STAY,0.24401256,0.50095755,0.2550299,False
2024-12-18 18:30:00+00:00,ICICIBANK.NS,1266.3701171875,STAY,1,1,1,STAY,STAY,0.32815927,0.37257195,0.29926878,True
2024-12-18 18:30:00+00:00,INFY.NS,1850.2213134765625,DOWN,1,0,0,DOWN,DOWN,0.37047672,0.308515,0.3210082,True
2024-12-18 18:30:00+00:00,TMPV.NS,731.6381225585938,DOWN,1,0,2,DOWN,UP,0.20408037,0.09880363,0.697116,False
2024-12-18 18:30:00+00:00,TCS.NS,3978.5361328125,DOWN,1,0,2,DOWN,UP,0.29436132,0.31421927,0.3914194,False
2024-12-18 18:30:00+00:00,RELIANCE.NS,1219.914794921875,DOWN,1,0,0,DOWN,DOWN,0.36072707,0.30288932,0.33638358,True
2024-12-18 18:30:00+00:00,LT.NS,3646.394775390625,DOWN,1,0,0,DOWN,DOWN,0.34722927,0.33076048,0.32201022,True
2024-12-18 18:30:00+00:00,ITC.NS,414.07080078125,STAY,1,1,2,STAY,UP,0.3460425,0.2872194,0.36673814,False
2024-12-18 18:30:00+00:00,BHARTIARTL.NS,1567.3076171875,DOWN,1,0,2,DOWN,UP,0.31644785,0.24931681,0.4342354,False
2024-12-18 18:30:00+00:00,SBIN.NS,801.95166015625,DOWN,1,0,1,DOWN,STAY,0.3061314,0.35751712,0.3363515,False
2024-12-19 18:30:00+00:00,SBIN.NS,781.922119140625,UP,1,2,0,UP,DOWN,0.35979202,0.30633318,0.33387482,False
2024-12-19 18:30:00+00:00,ITC.NS,412.384521484375,UP,1,2,2,UP,UP,0.28714028,0.3015387,0.41132104,True
2024-12-19 18:30:00+00:00,TMPV.NS,711.9718017578125,STAY,1,1,2,STAY,UP,0.12672082,0.2121753,0.6611039,False
2024-12-19 18:30:00+00:00,INFY.NS,1827.357421875,STAY,1,1,2,STAY,UP,0.33368373,0.2945424,0.37177384,False
2024-12-19 18:30:00+00:00,RELIANCE.NS,1194.980224609375,UP,1,2,2,UP,UP,0.17884831,0.2654922,0.5556595,True
2024-12-19 18:30:00+00:00,TCS.NS,3883.913330078125,STAY,1,1,2,STAY,UP,0.35833722,0.19610827,0.4455545,False
2024-12-19 18:30:00+00:00,HDFCBANK.NS,859.7177734375,UP,1,2,1,UP,STAY,0.25040674,0.4265882,0.323005,False
2024-12-19 18:30:00+00:00,BHARTIARTL.NS,1545.5653076171875,UP,1,2,0,UP,DOWN,0.42740387,0.20365076,0.36894536,False
2024-12-19 18:30:00+00:00,LT.NS,3561.523193359375,STAY,1,1,0,STAY,DOWN,0.46178693,0.19602458,0.3421885,False
2024-12-19 18:30:00+00:00,ICICIBANK.NS,1267.8460693359375,UP,1,2,1,UP,STAY,0.2450371,0.3857841,0.36917883,False
2024-12-22 18:30:00+00:00,ICICIBANK.NS,1276.1121826171875,STAY,1,1,1,STAY,STAY,0.3142885,0.41066444,0.27504703,True
2024-12-22 18:30:00+00:00,SBIN.NS,790.7332763671875,DOWN,1,0,1,DOWN,STAY,0.22691898,0.43723235,0.3358487,False
2024-12-22 18:30:00+00:00,RELIANCE.NS,1211.834716796875,STAY,1,1,2,STAY,UP,0.23999694,0.28777057,0.47223252,False
2024-12-22 18:30:00+00:00,BHARTIARTL.NS,1554.183837890625,STAY,1,1,2,STAY,UP,0.34225276,0.2449859,0.41276136,False
2024-12-22 18:30:00+00:00,TMPV.NS,710.1526489257812,UP,1,2,2,UP,UP,0.15738527,0.1631652,0.6794495,True
2024-12-22 18:30:00+00:00,LT.NS,3571.972412109375,STAY,1,1,0,STAY,DOWN,0.40335354,0.235187,0.36145946,False
2024-12-22 18:30:00+00:00,TCS.NS,3872.737548828125,UP,1,2,2,UP,UP,0.2824214,0.17642204,0.5411566,True
2024-12-22 18:30:00+00:00,HDFCBANK.NS,874.0343017578125,STAY,1,1,1,STAY,STAY,0.24307027,0.5268352,0.23009452,True
2024-12-22 18:30:00+00:00,INFY.NS,1829.4013671875,DOWN,1,0,1,DOWN,STAY,0.28193212,0.45518813,0.26287982,False
2024-12-22 18:30:00+00:00,ITC.NS,420.9046936035156,UP,1,2,2,UP,UP,0.3151555,0.3325651,0.3522794,True
2024-12-23 18:30:00+00:00,SBIN.NS,781.9702758789062,STAY,1,1,1,STAY,STAY,0.2985738,0.3691588,0.33226743,True
2024-12-23 18:30:00+00:00,BHARTIARTL.NS,1551.2457275390625,UP,1,2,2,UP,UP,0.3553166,0.25789103,0.3867924,True
2024-12-23 18:30:00+00:00,ITC.NS,424.6322326660156,STAY,1,1,1,STAY,STAY,0.26530337,0.40809113,0.32660547,True
2024-12-23 18:30:00+00:00,LT.NS,3571.236572265625,STAY,1,1,0,STAY,DOWN,0.37829885,0.25322104,0.36848015,False
2024-12-23 18:30:00+00:00,HDFCBANK.NS,872.6268310546875,STAY,1,1,1,STAY,STAY,0.25287205,0.5308363,0.21629167,True
2024-12-23 18:30:00+00:00,ICICIBANK.NS,1276.554931640625,STAY,1,1,1,STAY,STAY,0.31083223,0.41092855,0.2782392,True
2024-12-23 18:30:00+00:00,TMPV.NS,723.82080078125,UP,1,2,2,UP,UP,0.21672942,0.20559637,0.5776742,True
2024-12-23 18:30:00+00:00,TCS.NS,3892.481689453125,STAY,1,1,2,STAY,UP,0.3681153,0.22952841,0.4023563,False
2024-12-23 18:30:00+00:00,INFY.NS,1814.9034423828125,STAY,1,1,2,STAY,UP,0.34227625,0.29743457,0.36028922,False
2024-12-23 18:30:00+00:00,RELIANCE.NS,1212.28076171875,DOWN,1,0,2,DOWN,UP,0.33738598,0.23000534,0.4326086,False
2024-12-25 18:30:00+00:00,ICICIBANK.NS,1276.6534423828125,UP,1,2,1,UP,STAY,0.2988629,0.3700753,0.33106184,False
2024-12-25 18:30:00+00:00,TMPV.NS,728.4423828125,UP,1,2,2,UP,UP,0.36365345,0.20959052,0.426756,True
2024-12-25 18:30:00+00:00,HDFCBANK.NS,869.0598754882812,STAY,1,1,1,STAY,STAY,0.24534364,0.46718127,0.28747514,True
2024-12-25 18:30:00+00:00,INFY.NS,1813.3348388671875,STAY,1,1,0,STAY,DOWN,0.36639544,0.27767685,0.35592777,False
2024-12-25 18:30:00+00:00,SBIN.NS,782.35546875,DOWN,1,0,0,DOWN,DOWN,0.36124444,0.30300838,0.33574718,True
2024-12-25 18:30:00+00:00,BHARTIARTL.NS,1566.524169921875,STAY,1,1,2,STAY,UP,0.29888785,0.3499525,0.35115966,False
2024-12-25 18:30:00+00:00,RELIANCE.NS,1206.1339111328125,STAY,1,1,2,STAY,UP,0.3307729,0.27098393,0.3982432,False
2024-12-25 18:30:00+00:00,LT.NS,3561.1796875,DOWN,1,0,0,DOWN,DOWN,0.4319345,0.2627746,0.3052909,True
2024-12-25 18:30:00+00:00,ITC.NS,423.3009948730469,STAY,1,1,0,STAY,DOWN,0.35895446,0.35114828,0.28989723,False
2024-12-25 18:30:00+00:00,TCS.NS,3882.7958984375,STAY,1,1,0,STAY,DOWN,0.42943284,0.32137975,0.2491874,False
2024-12-26 18:30:00+00:00,HDFCBANK.NS,872.6996459960938,DOWN,1,0,1,DOWN,STAY,0.23025388,0.45067894,0.31906715,False
2024-12-26 18:30:00+00:00,LT.NS,3540.1826171875,DOWN,1,0,0,DOWN,DOWN,0.35607934,0.32786775,0.31605294,True
2024-12-26 18:30:00+00:00,RELIANCE.NS,1210.595458984375,DOWN,1,0,2,DOWN,UP,0.27639502,0.2879659,0.43563905,False
2024-12-26 18:30:00+00:00,TMPV.NS,737.9805908203125,DOWN,1,0,0,DOWN,DOWN,0.36375475,0.27379656,0.3624487,True
2024-12-26 18:30:00+00:00,BHARTIARTL.NS,1566.866943359375,DOWN,1,0,2,DOWN,UP,0.31316134,0.28254747,0.40429124,False
2024-12-26 18:30:00+00:00,SBIN.NS,770.0296630859375,DOWN,1,0,2,DOWN,UP,0.29689756,0.32400903,0.37909347,False
2024-12-26 18:30:00+00:00,TCS.NS,3878.837890625,STAY,1,1,0,STAY,DOWN,0.3543552,0.33808285,0.3075619,False
2024-12-26 18:30:00+00:00,ICICIBANK.NS,1286.690673828125,DOWN,1,0,2,DOWN,UP,0.23956373,0.32856667,0.43186954,False
2024-12-26 18:30:00+00:00,INFY.NS,1822.2237548828125,DOWN,1,0,0,DOWN,DOWN,0.35861036,0.34617442,0.29521516,True
2024-12-26 18:30:00+00:00,ITC.NS,424.765380859375,STAY,1,1,2,STAY,UP,0.2764005,0.36077556,0.36282396,False
2024-12-29 18:30:00+00:00,TCS.NS,3873.202880859375,DOWN,1,0,0,DOWN,DOWN,0.37197074,0.27562055,0.35240877,True
2024-12-29 18:30:00+00:00,BHARTIARTL.NS,1554.183837890625,STAY,1,1,1,STAY,STAY,0.32217216,0.34424236,0.3335855,True
2024-12-29 18:30:00+00:00,TMPV.NS,721.4116821289062,UP,1,2,2,UP,UP,0.3226359,0.17765155,0.4997126,True
2024-12-29 18:30:00+00:00,ITC.NS,423.3453674316406,UP,1,2,0,UP,DOWN,0.35751095,0.29175183,0.35073718,False
2024-12-29 18:30:00+00:00,SBIN.NS,759.1000366210938,UP,1,2,2,UP,UP,0.22331631,0.24621041,0.53047323,True
2024-12-29 18:30:00+00:00,LT.NS,3511.5810546875,UP,1,2,1,UP,STAY,0.18578382,0.41890848,0.39530775,False
2024-12-29 18:30:00+00:00,ICICIBANK.NS,1273.9964599609375,DOWN,1,0,1,DOWN,STAY,0.2442398,0.42293423,0.33282593,False
2024-12-29 18:30:00+00:00,INFY.NS,1812.0037841796875,DOWN,1,0,2,DOWN,UP,0.32331425,0.3016657,0.37502003,False
2024-12-29 18:30:00+00:00,HDFCBANK.NS,862.82373046875,STAY,1,1,1,STAY,STAY,0.20723258,0.48382762,0.30893978,True
2024-12-29 18:30:00+00:00,RELIANCE.NS,1200.333984375,STAY,1,1,2,STAY,UP,0.29916394,0.31608796,0.38474813,False
2024-12-30 18:30:00+00:00,SBIN.NS,765.5037231445312,STAY,1,1,2,STAY,UP,0.26039088,0.35989755,0.37971154,False
2024-12-30 18:30:00+00:00,LT.NS,3539.74072265625,UP,1,2,1,UP,STAY,0.3235756,0.3548296,0.32159477,False
2024-12-30 18:30:00+00:00,HDFCBANK.NS,860.3729248046875,UP,1,2,1,UP,STAY,0.1928953,0.522284,0.28482068,False
2024-12-30 18:30:00+00:00,TMPV.NS,727.8032836914062,UP,1,2,2,UP,UP,0.22819911,0.26724535,0.5045555,True
2024-12-30 18:30:00+00:00,INFY.NS,1787.2860107421875,STAY,1,1,2,STAY,UP,0.32151195,0.266338,0.41215008,False
2024-12-30 18:30:00+00:00,TCS.NS,3813.59814453125,STAY,1,1,2,STAY,UP,0.29492122,0.27073285,0.43434596,False
2024-12-30 18:30:00+00:00,BHARTIARTL.NS,1555.016357421875,UP,1,2,2,UP,UP,0.2480096,0.29508632,0.4569041,True
2024-12-30 18:30:00+00:00,ICICIBANK.NS,1261.203857421875,STAY,1,1,1,STAY,STAY,0.29993647,0.35056877,0.34949479,True
2024-12-30 18:30:00+00:00,RELIANCE.NS,1205.043212890625,STAY,1,1,2,STAY,UP,0.2367247,0.30703002,0.4562453,False
2024-12-30 18:30:00+00:00,ITC.NS,429.2473449707031,STAY,1,1,1,STAY,STAY,0.25286898,0.40406838,0.34306267,True
2024-12-31 18:30:00+00:00,TMPV.NS,736.7514038085938,UP,1,2,2,UP,UP,0.27322116,0.33412698,0.3926519,True
2024-12-31 18:30:00+00:00,TCS.NS,3830.036376953125,UP,1,2,2,UP,UP,0.28353938,0.2939958,0.42246485,True
2024-12-31 18:30:00+00:00,SBIN.NS,763.8185424804688,UP,1,2,2,UP,UP,0.29750147,0.3135194,0.3889791,True
2024-12-31 18:30:00+00:00,ITC.NS,429.51361083984375,UP,1,2,1,UP,STAY,0.2548789,0.38657585,0.35854527,False
2024-12-31 18:30:00+00:00,BHARTIARTL.NS,1562.802490234375,UP,1,2,2,UP,UP,0.26976776,0.26490033,0.46533185,True
2024-12-31 18:30:00+00:00,LT.NS,3598.464111328125,UP,1,2,0,UP,DOWN,0.3802488,0.2894846,0.33026654,False
2024-12-31 18:30:00+00:00,INFY.NS,1789.662841796875,UP,1,2,2,UP,UP,0.25766945,0.33336458,0.40896595,True
2024-12-31 18:30:00+00:00,RELIANCE.NS,1210.7935791015625,UP,1,2,2,UP,UP,0.31521875,0.31004435,0.37473688,True
2024-12-31 18:30:00+00:00,HDFCBANK.NS,865.1774291992188,UP,1,2,1,UP,STAY,0.21348682,0.43463352,0.3518796,False
2024-12-31 18:30:00+00:00,ICICIBANK.NS,1263.1719970703125,UP,1,2,2,UP,UP,0.25836104,0.32416338,0.4174756,True
2025-01-01 18:30:00+00:00,INFY.NS,1861.296875,DOWN,1,0,2,DOWN,UP,0.23999134,0.29257128,0.46743733,False
2025-01-01 18:30:00+00:00,TCS.NS,3888.9892578125,DOWN,1,0,0,DOWN,DOWN,0.38682002,0.2860037,0.32717633,True
2025-01-01 18:30:00+00:00,RELIANCE.NS,1231.167724609375,UP,1,2,1,UP,STAY,0.22007932,0.4004734,0.3794473,False
2025-01-01 18:30:00+00:00,ITC.NS,434.0399169921875,DOWN,1,0,1,DOWN,STAY,0.22767712,0.408689,0.36363387,False
2025-01-01 18:30:00+00:00,HDFCBANK.NS,870.5157470703125,DOWN,1,0,1,DOWN,STAY,0.24727459,0.48467535,0.26805007,False
2025-01-01 18:30:00+00:00,TMPV.NS,752.287841796875,UP,1,2,2,UP,UP,0.27050832,0.28212556,0.44736618,True
2025-01-01 18:30:00+00:00,ICICIBANK.NS,1270.0111083984375,DOWN,1,0,1,DOWN,STAY,0.31746617,0.37606996,0.30646387,False
2025-01-01 18:30:00+00:00,SBIN.NS,771.522216796875,DOWN,1,0,1,DOWN,STAY,0.26626578,0.40840784,0.32532638,False
2025-01-01 18:30:00+00:00,BHARTIARTL.NS,1576.5137939453125,DOWN,1,0,1,DOWN,STAY,0.28877783,0.3569144,0.3543078,False
2025-01-01 18:30:00+00:00,LT.NS,3643.598388671875,DOWN,1,0,0,DOWN,DOWN,0.3828546,0.3181506,0.29899478,True
2025-01-02 18:30:00+00:00,INFY.NS,1843.1387939453125,STAY,1,1,2,STAY,UP,0.2879863,0.33201253,0.3800012,False
2025-01-02 18:30:00+00:00,SBIN.NS,764.0111694335938,DOWN,1,0,2,DOWN,UP,0.33375612,0.30220845,0.36403546,False
2025-01-02 18:30:00+00:00,ICICIBANK.NS,1244.8687744140625,STAY,1,1,1,STAY,STAY,0.3113947,0.38963437,0.29897094,True
2025-01-02 18:30:00+00:00,BHARTIARTL.NS,1565.8875732421875,DOWN,1,0,1,DOWN,STAY,0.32211328,0.3599113,0.3179754,False
2025-01-02 18:30:00+00:00,LT.NS,3591.007080078125,DOWN,1,0,2,DOWN,UP,0.29244184,0.29004776,0.41751036,False
2025-01-02 18:30:00+00:00,ITC.NS,427.4279174804688,DOWN,1,0,2,DOWN,UP,0.26012048,0.34828538,0.39159417,False
2025-01-02 18:30:00+00:00,TMPV.NS,777.2149658203125,DOWN,1,0,1,DOWN,STAY,0.2590828,0.38243964,0.35847756,False
2025-01-02 18:30:00+00:00,HDFCBANK.NS,848.8954467773438,DOWN,1,0,0,DOWN,DOWN,0.3726025,0.3381848,0.28921267,True
2025-01-02 18:30:00+00:00,RELIANCE.NS,1240.437744140625,DOWN,1,0,1,DOWN,STAY,0.2625994,0.37734127,0.36005932,False
2025-01-02 18:30:00+00:00,TCS.NS,3818.347900390625,STAY,1,1,2,STAY,UP,0.25695556,0.31814975,0.42489472,False
2025-01-05 18:30:00+00:00,INFY.NS,1842.283203125,STAY,1,1,2,STAY,UP,0.34664732,0.27038068,0.38297197,False
2025-01-05 18:30:00+00:00,TCS.NS,3813.78466796875,DOWN,1,0,2,DOWN,UP,0.32878906,0.22788626,0.4433247,False
2025-01-05 18:30:00+00:00,BHARTIARTL.NS,1555.701904296875,STAY,1,1,2,STAY,UP,0.3396775,0.319639,0.34068346,False
2025-01-05 18:30:00+00:00,SBIN.NS,747.6408081054688,STAY,1,1,0,STAY,DOWN,0.42236465,0.24373698,0.33389834,False
2025-01-05 18:30:00+00:00,TMPV.NS,763.301025390625,UP,1,2,2,UP,UP,0.20301859,0.15719995,0.6397815,True
2025-01-05 18:30:00+00:00,RELIANCE.NS,1207.5714111328125,UP,1,2,0,UP,DOWN,0.4363385,0.24341705,0.32024437,False
2025-01-05 18:30:00+00:00,LT.NS,3535.37451171875,UP,1,2,2,UP,UP,0.3392462,0.2716521,0.38910162,True
2025-01-05 18:30:00+00:00,ITC.NS,407.9893493652344,STAY,1,1,2,STAY,UP,0.36791253,0.18891278,0.4431747,False
2025-01-05 18:30:00+00:00,HDFCBANK.NS,830.1141357421875,STAY,1,1,2,STAY,UP,0.32749566,0.31285238,0.35965195,False
2025-01-05 18:30:00+00:00,ICICIBANK.NS,1243.933837890625,UP,1,2,0,UP,DOWN,0.36515623,0.28441536,0.35042837,False
2025-01-06 18:30:00+00:00,LT.NS,3574.7197265625,DOWN,1,0,0,DOWN,DOWN,0.34953052,0.30096585,0.34950364,True
2025-01-06 18:30:00+00:00,TCS.NS,3751.6650390625,UP,1,2,2,UP,UP,0.28489512,0.31310326,0.40200162,True
2025-01-06 18:30:00+00:00,INFY.NS,1835.6282958984373,STAY,1,1,2,STAY,UP,0.3182817,0.26021254,0.42150572,False
2025-01-06 18:30:00+00:00,RELIANCE.NS,1230.2257080078125,UP,1,2,2,UP,UP,0.2318692,0.34695202,0.4211788,True
2025-01-06 18:30:00+00:00,ITC.NS,406.5607299804688,UP,1,2,0,UP,DOWN,0.3508295,0.29862761,0.3505429,False
2025-01-06 18:30:00+00:00,BHARTIARTL.NS,1558.0523681640625,UP,1,2,2,UP,UP,0.29034165,0.3324903,0.37716812,True
2025-01-06 18:30:00+00:00,ICICIBANK.NS,1258.842041015625,DOWN,1,0,0,DOWN,DOWN,0.3719799,0.3438134,0.28420678,True
2025-01-06 18:30:00+00:00,HDFCBANK.NS,831.5215454101562,DOWN,1,0,1,DOWN,STAY,0.29335177,0.38929,0.31735817,False
2025-01-06 18:30:00+00:00,SBIN.NS,749.9037475585938,DOWN,1,0,2,DOWN,UP,0.31475815,0.30829826,0.37694362,False
2025-01-06 18:30:00+00:00,TMPV.NS,780.0173950195312,STAY,1,1,2,STAY,UP,0.2730289,0.2919263,0.43504483,False
2025-01-07 18:30:00+00:00,TMPV.NS,781.6890869140625,DOWN,1,0,2,DOWN,UP,0.27910545,0.24645466,0.4744399,False
2025-01-07 18:30:00+00:00,SBIN.NS,742.5853271484375,DOWN,1,0,2,DOWN,UP,0.32855168,0.3024072,0.36904114,False
2025-01-07 18:30:00+00:00,HDFCBANK.NS,822.252197265625,DOWN,1,0,2,DOWN,UP,0.24419269,0.3504415,0.4053658,False
2025-01-07 18:30:00+00:00,BHARTIARTL.NS,1566.230224609375,STAY,1,1,0,STAY,DOWN,0.3650579,0.3148901,0.32005206,False
2025-01-07 18:30:00+00:00,RELIANCE.NS,1254.664794921875,DOWN,1,0,1,DOWN,STAY,0.22028627,0.44349262,0.33622113,False
2025-01-07 18:30:00+00:00,INFY.NS,1837.81494140625,DOWN,1,0,2,DOWN,UP,0.33637494,0.2738602,0.38976488,False
2025-01-07 18:30:00+00:00,LT.NS,3528.653564453125,DOWN,1,0,0,DOWN,DOWN,0.36410156,0.331634,0.3042644,True
2025-01-07 18:30:00+00:00,TCS.NS,3826.264404296875,DOWN,1,0,2,DOWN,UP,0.35200733,0.28700075,0.36099193,False
2025-01-07 18:30:00+00:00,ICICIBANK.NS,1243.5894775390625,STAY,1,1,1,STAY,STAY,0.33704823,0.38207626,0.2808755,True
2025-01-07 18:30:00+00:00,ITC.NS,414.34906005859375,STAY,1,1,1,STAY,STAY,0.3413706,0.3895368,0.26909262,True
2025-01-08 18:30:00+00:00,HDFCBANK.NS,809.3916625976562,DOWN,1,0,2,DOWN,UP,0.2101257,0.28927577,0.50059855,False
2025-01-08 18:30:00+00:00,INFY.NS,1822.7467041015625,UP,1,2,0,UP,DOWN,0.40447587,0.25026813,0.345256,False
2025-01-08 18:30:00+00:00,TMPV.NS,767.0867919921875,DOWN,1,0,2,DOWN,UP,0.253059,0.23759851,0.50934255,False
2025-01-08 18:30:00+00:00,ICICIBANK.NS,1242.260986328125,DOWN,1,0,0,DOWN,DOWN,0.35733932,0.3395681,0.3030925,True
2025-01-08 18:30:00+00:00,LT.NS,3461.491943359375,STAY,1,1,2,STAY,UP,0.3876872,0.21612585,0.39618698,False
2025-01-08 18:30:00+00:00,BHARTIARTL.NS,1573.9185791015625,UP,1,2,0,UP,DOWN,0.35669538,0.29930153,0.34400308,False
2025-01-08 18:30:00+00:00,TCS.NS,3761.49072265625,UP,1,2,0,UP,DOWN,0.3676428,0.2717461,0.36061108,False
2025-01-08 18:30:00+00:00,RELIANCE.NS,1244.0067138671875,DOWN,1,0,2,DOWN,UP,0.27654213,0.34743223,0.37602565,False
2025-01-08 18:30:00+00:00,ITC.NS,414.8559875488281,DOWN,1,0,0,DOWN,DOWN,0.40545678,0.27014962,0.32439357,True
2025-01-08 18:30:00+00:00,SBIN.NS,732.2816162109375,DOWN,1,0,2,DOWN,UP,0.35793936,0.17442754,0.46763313,False
2025-01-09 18:30:00+00:00,RELIANCE.NS,1231.266845703125,STAY,1,1,2,STAY,UP,0.27294487,0.29400268,0.4330525,False
2025-01-09 18:30:00+00:00,ICICIBANK.NS,1229.9111328125,DOWN,1,0,0,DOWN,DOWN,0.36707017,0.27945036,0.3534795,True
2025-01-09 18:30:00+00:00,LT.NS,3469.586669921875,DOWN,1,0,2,DOWN,UP,0.37216637,0.21539538,0.4124383,False
2025-01-09 18:30:00+00:00,BHARTIARTL.NS,1582.5860595703125,DOWN,1,0,2,DOWN,UP,0.32633963,0.31564713,0.3580133,False
2025-01-09 18:30:00+00:00,ITC.NS,410.0631408691406,DOWN,1,0,0,DOWN,DOWN,0.36399448,0.30937284,0.3266327,True
2025-01-09 18:30:00+00:00,INFY.NS,1869.947998046875,STAY,1,1,2,STAY,UP,0.30100033,0.28276253,0.41623715,False
2025-01-09 18:30:00+00:00,SBIN.NS,715.71875,DOWN,1,0,2,DOWN,UP,0.30337346,0.1447794,0.5518471,False
2025-01-09 18:30:00+00:00,TCS.NS,3972.715576171875,UP,1,2,1,UP,STAY,0.3105726,0.41035315,0.27907428,False
2025-01-09 18:30:00+00:00,TMPV.NS,761.7277221679688,DOWN,1,0,2,DOWN,UP,0.2967374,0.17423338,0.5290292,False
2025-01-09 18:30:00+00:00,HDFCBANK.NS,804.0289916992188,DOWN,1,0,2,DOWN,UP,0.17302884,0.35802135,0.46894982,False
2025-01-12 18:30:00+00:00,ICICIBANK.NS,1210.1317138671875,UP,1,2,2,UP,UP,0.26525867,0.35690218,0.37783915,True
2025-01-12 18:30:00+00:00,HDFCBANK.NS,791.4596557617188,UP,1,2,2,UP,UP,0.20503855,0.34676024,0.44820124,True
2025-01-12 18:30:00+00:00,RELIANCE.NS,1229.234375,STAY,1,1,2,STAY,UP,0.24116953,0.27017328,0.48865727,False
2025-01-12 18:30:00+00:00,LT.NS,3399.08935546875,STAY,1,1,0,STAY,DOWN,0.40741706,0.19918798,0.393395,False
2025-01-12 18:30:00+00:00,TMPV.NS,738.4722290039062,UP,1,2,0,UP,DOWN,0.49477836,0.1244996,0.38072202,False
2025-01-12 18:30:00+00:00,ITC.NS,404.6712036132813,DOWN,1,0,2,DOWN,UP,0.26749134,0.22862872,0.5038799,False
2025-01-12 18:30:00+00:00,TCS.NS,3996.418212890625,DOWN,1,0,2,DOWN,UP,0.2422473,0.2984511,0.4593016,False
2025-01-12 18:30:00+00:00,SBIN.NS,702.4780883789062,UP,1,2,2,UP,UP,0.25559768,0.18519934,0.55920297,True
2025-01-12 18:30:00+00:00,INFY.NS,1865.4322509765625,DOWN,1,0,2,DOWN,UP,0.30776048,0.29279992,0.39943957,False
2025-01-12 18:30:00+00:00,BHARTIARTL.NS,1564.271484375,STAY,1,1,1,STAY,STAY,0.3324729,0.33483422,0.3326929,True
2025-01-13 18:30:00+00:00,HDFCBANK.NS,799.1031494140625,STAY,1,1,1,STAY,STAY,0.26271415,0.40452197,0.33276382,True
2025-01-13 18:30:00+00:00,LT.NS,3397.421142578125,UP,1,2,0,UP,DOWN,0.39018658,0.24697913,0.36283427,False
2025-01-13 18:30:00+00:00,SBIN.NS,720.437255859375,UP,1,2,0,UP,DOWN,0.40843326,0.2110168,0.38054994,False
2025-01-13 18:30:00+00:00,BHARTIARTL.NS,1567.1116943359375,STAY,1,1,2,STAY,UP,0.3203022,0.3019197,0.3777781,False
2025-01-13 18:30:00+00:00,ITC.NS,402.4130554199219,STAY,1,1,2,STAY,UP,0.34311262,0.28839305,0.36849436,False
2025-01-13 18:30:00+00:00,RELIANCE.NS,1228.143798828125,UP,1,2,2,UP,UP,0.27511644,0.27461824,0.45026535,True
2025-01-13 18:30:00+00:00,TMPV.NS,757.64697265625,DOWN,1,0,2,DOWN,UP,0.33906266,0.22469574,0.43624157,False
2025-01-13 18:30:00+00:00,TCS.NS,3942.354248046875,STAY,1,1,2,STAY,UP,0.30585453,0.31755096,0.37659454,False
2025-01-13 18:30:00+00:00,INFY.NS,1844.374755859375,STAY,1,1,2,STAY,UP,0.36502475,0.24910732,0.38586798,False
2025-01-13 18:30:00+00:00,ICICIBANK.NS,1220.5135498046875,STAY,1,1,1,STAY,STAY,0.2973648,0.39552772,0.30710745,True
2025-01-14 18:30:00+00:00,TCS.NS,3957.768310546875,DOWN,1,0,1,DOWN,STAY,0.3199679,0.34638503,0.33364707,False
2025-01-14 18:30:00+00:00,ICICIBANK.NS,1218.4962158203125,UP,1,2,2,UP,UP,0.286607,0.34441355,0.36897945,True
2025-01-14 18:30:00+00:00,ITC.NS,403.1043701171875,DOWN,1,0,1,DOWN,STAY,0.286673,0.36887872,0.3444483,False
2025-01-14 18:30:00+00:00,INFY.NS,1853.501220703125,DOWN,1,0,2,DOWN,UP,0.29518038,0.3314704,0.37334922,False
2025-01-14 18:30:00+00:00,HDFCBANK.NS,797.3803100585938,UP,1,2,1,UP,STAY,0.24919008,0.40583843,0.34497148,False
2025-01-14 18:30:00+00:00,RELIANCE.NS,1241.478515625,UP,1,2,2,UP,UP,0.23971829,0.35062236,0.40965936,True
2025-01-14 18:30:00+00:00,SBIN.NS,725.7816772460938,UP,1,2,0,UP,DOWN,0.49128288,0.21144243,0.2972747,False
2025-01-14 18:30:00+00:00,BHARTIARTL.NS,1574.3101806640625,UP,1,2,2,UP,UP,0.31446648,0.24917437,0.43635917,True
2025-01-14 18:30:00+00:00,LT.NS,3435.49072265625,STAY,1,1,0,STAY,DOWN,0.39362317,0.33567873,0.27069813,False
2025-01-14 18:30:00+00:00,TMPV.NS,750.8619995117188,UP,1,2,0,UP,DOWN,0.40688062,0.22956686,0.3635525,False
2025-01-15 18:30:00+00:00,INFY.NS,1833.3466796875,DOWN,1,0,0,DOWN,DOWN,0.36219648,0.35059497,0.2872085,True
2025-01-15 18:30:00+00:00,TCS.NS,3917.44189453125,STAY,1,1,2,STAY,UP,0.347049,0.23694189,0.4160091,False
2025-01-15 18:30:00+00:00,SBIN.NS,737.9149169921875,STAY,1,1,1,STAY,STAY,0.29033875,0.37734845,0.33231276,True
2025-01-15 18:30:00+00:00,HDFCBANK.NS,801.7481079101562,DOWN,1,0,1,DOWN,STAY,0.17356111,0.43943295,0.38700595,False
2025-01-15 18:30:00+00:00,RELIANCE.NS,1255.6065673828125,UP,1,2,1,UP,STAY,0.20307377,0.41194868,0.38497758,False
2025-01-15 18:30:00+00:00,TMPV.NS,761.4326782226562,UP,1,2,2,UP,UP,0.3642525,0.2121881,0.42355943,True
2025-01-15 18:30:00+00:00,BHARTIARTL.NS,1596.5911865234375,STAY,1,1,2,STAY,UP,0.24878009,0.2879698,0.4632501,False
2025-01-15 18:30:00+00:00,LT.NS,3441.868408203125,UP,1,2,2,UP,UP,0.26453152,0.34169966,0.39376888,True
2025-01-15 18:30:00+00:00,ICICIBANK.NS,1229.173095703125,DOWN,1,0,1,DOWN,STAY,0.2443371,0.4223183,0.33334464,False
2025-01-15 18:30:00+00:00,ITC.NS,398.9567260742188,UP,1,2,1,UP,STAY,0.22064276,0.4509688,0.3283884,False
2025-01-16 18:30:00+00:00,TCS.NS,3911.75048828125,DOWN,1,0,2,DOWN,UP,0.39017835,0.20961152,0.4002101,False
2025-01-16 18:30:00+00:00,ICICIBANK.NS,1205.900390625,UP,1,2,1,UP,STAY,0.32432768,0.34851447,0.3271578,False
2025-01-16 18:30:00+00:00,ITC.NS,405.7312316894531,DOWN,1,0,1,DOWN,STAY,0.3181952,0.37550703,0.30629772,False
2025-01-16 18:30:00+00:00,HDFCBANK.NS,794.3229370117188,UP,1,2,1,UP,STAY,0.27214518,0.40041146,0.3274434,False
2025-01-16 18:30:00+00:00,SBIN.NS,735.79638671875,UP,1,2,2,UP,UP,0.31733742,0.3078133,0.37484932,True
2025-01-16 18:30:00+00:00,INFY.NS,1725.9193115234375,STAY,1,1,2,STAY,UP,0.33689272,0.14787379,0.51523346,False
2025-01-16 18:30:00+00:00,LT.NS,3501.474853515625,UP,1,2,2,UP,UP,0.30165926,0.31412023,0.3842205,True
2025-01-16 18:30:00+00:00,BHARTIARTL.NS,1593.9468994140625,UP,1,2,2,UP,UP,0.27728185,0.27411464,0.44860354,True
2025-01-16 18:30:00+00:00,RELIANCE.NS,1291.19921875,STAY,1,1,2,STAY,UP,0.22160968,0.33740577,0.44098458,False
2025-01-16 18:30:00+00:00,TMPV.NS,766.7426147460938,DOWN,1,0,2,DOWN,UP,0.26778454,0.3627861,0.36942932,False
2025-01-19 18:30:00+00:00,SBIN.NS,750.38525390625,DOWN,1,0,2,DOWN,UP,0.29578477,0.30166745,0.40254775,False
2025-01-19 18:30:00+00:00,BHARTIARTL.NS,1607.3155517578125,DOWN,1,0,2,DOWN,UP,0.26558745,0.33495417,0.39945835,False
2025-01-19 18:30:00+00:00,ICICIBANK.NS,1213.2806396484375,DOWN,1,0,0,DOWN,DOWN,0.34339356,0.3328961,0.32371035,True
2025-01-19 18:30:00+00:00,ITC.NS,403.4269409179688,STAY,1,1,0,STAY,DOWN,0.4035012,0.3087588,0.28774002,False
2025-01-19 18:30:00+00:00,LT.NS,3525.36669921875,DOWN,1,0,1,DOWN,STAY,0.2704962,0.38933986,0.34016398,False
2025-01-19 18:30:00+00:00,INFY.NS,1723.8756103515625,DOWN,1,0,2,DOWN,UP,0.3647891,0.19121268,0.44399825,False
2025-01-19 18:30:00+00:00,TCS.NS,3867.647216796875,DOWN,1,0,0,DOWN,DOWN,0.35749942,0.28753066,0.35496995,True
2025-01-19 18:30:00+00:00,HDFCBANK.NS,801.3598022460938,DOWN,1,0,1,DOWN,STAY,0.26350018,0.43414542,0.30235445,False
2025-01-19 18:30:00+00:00,TMPV.NS,761.4326782226562,DOWN,1,0,2,DOWN,UP,0.34793755,0.24106508,0.41099736,False
2025-01-19 18:30:00+00:00,RELIANCE.NS,1294.272705078125,DOWN,1,0,2,DOWN,UP,0.27088246,0.25254396,0.4765736,False
2025-01-20 18:30:00+00:00,LT.NS,3474.443603515625,DOWN,1,0,2,DOWN,UP,0.25244153,0.29138666,0.45617184,False
2025-01-20 18:30:00+00:00,HDFCBANK.NS,797.0648803710938,UP,1,2,1,UP,STAY,0.18868858,0.4617285,0.34958288,False
2025-01-20 18:30:00+00:00,ITC.NS,403.2886352539063,STAY,1,1,2,STAY,UP,0.2883805,0.3043451,0.4072743,False
2025-01-20 18:30:00+00:00,ICICIBANK.NS,1177.0677490234375,STAY,1,1,2,STAY,UP,0.24533172,0.32683343,0.42783484,False
2025-01-20 18:30:00+00:00,TCS.NS,3827.85888671875,UP,1,2,2,UP,UP,0.35226184,0.21356969,0.43416843,True
2025-01-20 18:30:00+00:00,BHARTIARTL.NS,1592.624755859375,STAY,1,1,2,STAY,UP,0.28815004,0.2598508,0.45199916,False
2025-01-20 18:30:00+00:00,TMPV.NS,748.0595703125,DOWN,1,0,2,DOWN,UP,0.3589561,0.14904241,0.49200144,False
2025-01-20 18:30:00+00:00,RELIANCE.NS,1262.7945556640625,STAY,1,1,2,STAY,UP,0.337918,0.27210817,0.38997385,False
2025-01-20 18:30:00+00:00,INFY.NS,1711.896728515625,UP,1,2,2,UP,UP,0.30911645,0.23135617,0.45952737,True
2025-01-20 18:30:00+00:00,SBIN.NS,730.9334716796875,DOWN,1,0,2,DOWN,UP,0.349794,0.2686396,0.38156638,False
2025-01-21 18:30:00+00:00,TMPV.NS,730.35986328125,UP,1,2,2,UP,UP,0.32600996,0.19058771,0.48340237,True
2025-01-21 18:30:00+00:00,ITC.NS,402.78173828125,UP,1,2,2,UP,UP,0.3033742,0.3173307,0.37929505,True
2025-01-21 18:30:00+00:00,BHARTIARTL.NS,1598.1092529296875,STAY,1,1,2,STAY,UP,0.29287204,0.28232485,0.42480305,False
2025-01-21 18:30:00+00:00,LT.NS,3451.974609375,STAY,1,1,2,STAY,UP,0.25191128,0.2930268,0.45506194,False
2025-01-21 18:30:00+00:00,HDFCBANK.NS,808.5423583984375,STAY,1,1,1,STAY,STAY,0.27609634,0.40607628,0.3178273,True
2025-01-21 18:30:00+00:00,RELIANCE.NS,1266.1654052734375,DOWN,1,0,1,DOWN,STAY,0.30086827,0.34964982,0.34948197,False
2025-01-21 18:30:00+00:00,TCS.NS,3942.385986328125,STAY,1,1,2,STAY,UP,0.28745732,0.28196812,0.43057463,False
2025-01-21 18:30:00+00:00,INFY.NS,1764.8974609375,STAY,1,1,0,STAY,DOWN,0.4289934,0.20180379,0.3692028,False
2025-01-21 18:30:00+00:00,SBIN.NS,725.5409545898438,DOWN,1,0,2,DOWN,UP,0.36656177,0.21018688,0.42325133,False
2025-01-21 18:30:00+00:00,ICICIBANK.NS,1181.2991943359375,STAY,1,1,2,STAY,UP,0.2850854,0.2627362,0.4521784,False
2025-01-22 18:30:00+00:00,TCS.NS,3931.81103515625,STAY,1,1,2,STAY,UP,0.2646392,0.35361877,0.38174206,False
2025-01-22 18:30:00+00:00,LT.NS,3437.30615234375,DOWN,1,0,2,DOWN,UP,0.3103257,0.2846946,0.40497968,False
2025-01-22 18:30:00+00:00,HDFCBANK.NS,807.9842529296875,DOWN,1,0,1,DOWN,STAY,0.3513229,0.3750125,0.27366465,False
2025-01-22 18:30:00+00:00,BHARTIARTL.NS,1602.271728515625,UP,1,2,0,UP,DOWN,0.34640062,0.32272592,0.33087346,False
2025-01-22 18:30:00+00:00,ICICIBANK.NS,1182.5784912109375,UP,1,2,1,UP,STAY,0.31319672,0.37070575,0.31609753,False
2025-01-22 18:30:00+00:00,RELIANCE.NS,1252.83056640625,DOWN,1,0,1,DOWN,STAY,0.3451238,0.3467949,0.30808136,False
2025-01-22 18:30:00+00:00,SBIN.NS,718.2706298828125,STAY,1,1,2,STAY,UP,0.38919038,0.21320319,0.3976065,False
2025-01-22 18:30:00+00:00,INFY.NS,1773.4534912109375,UP,1,2,2,UP,UP,0.3896033,0.21426782,0.39612892,True
2025-01-22 18:30:00+00:00,ITC.NS,405.7312316894531,STAY,1,1,1,STAY,STAY,0.32990772,0.37721846,0.29287383,True
2025-01-22 18:30:00+00:00,TMPV.NS,739.9472045898438,DOWN,1,0,2,DOWN,UP,0.27802005,0.17482063,0.5471593,False
2025-01-23 18:30:00+00:00,ITC.NS,407.0215759277344,STAY,1,1,0,STAY,DOWN,0.36690682,0.34983206,0.28326112,False
2025-01-23 18:30:00+00:00,TCS.NS,3938.355224609375,DOWN,1,0,0,DOWN,DOWN,0.4113492,0.2999175,0.28873336,True
2025-01-23 18:30:00+00:00,TMPV.NS,721.8541259765625,DOWN,1,0,2,DOWN,UP,0.38505647,0.20664057,0.40830296,False
2025-01-23 18:30:00+00:00,HDFCBANK.NS,800.6561889648438,DOWN,1,0,2,DOWN,UP,0.24179159,0.34152666,0.4166817,False
2025-01-23 18:30:00+00:00,SBIN.NS,716.58544921875,UP,1,2,0,UP,DOWN,0.44030777,0.16979764,0.38989457,False
2025-01-23 18:30:00+00:00,ICICIBANK.NS,1189.90966796875,UP,1,2,2,UP,UP,0.34358004,0.2942848,0.36213514,True
2025-01-23 18:30:00+00:00,LT.NS,3393.10400390625,STAY,1,1,2,STAY,UP,0.31185275,0.28338248,0.4047648,False
2025-01-23 18:30:00+00:00,INFY.NS,1782.96044921875,DOWN,1,0,0,DOWN,DOWN,0.39540517,0.31490564,0.2896892,True
2025-01-23 18:30:00+00:00,BHARTIARTL.NS,1610.8902587890625,DOWN,1,0,2,DOWN,UP,0.25262403,0.29547304,0.451903,False
2025-01-23 18:30:00+00:00,RELIANCE.NS,1235.6292724609375,DOWN,1,0,2,DOWN,UP,0.35031036,0.28828052,0.36140913,False
2025-01-26 18:30:00+00:00,TMPV.NS,701.1552734375,UP,1,2,2,UP,UP,0.37785017,0.17327699,0.44887286,True
2025-01-26 18:30:00+00:00,BHARTIARTL.NS,1569.5601806640625,UP,1,2,0,UP,DOWN,0.41279146,0.26053756,0.32667094,False
2025-01-26 18:30:00+00:00,RELIANCE.NS,1218.82421875,STAY,1,1,2,STAY,UP,0.36476132,0.2395269,0.39571178,False
2025-01-26 18:30:00+00:00,INFY.NS,1732.146484375,STAY,1,1,2,STAY,UP,0.34729302,0.24613266,0.40657437,False
2025-01-26 18:30:00+00:00,ITC.NS,405.6390075683594,DOWN,1,0,0,DOWN,DOWN,0.38418305,0.3023637,0.3134532,True
2025-01-26 18:30:00+00:00,HDFCBANK.NS,790.9500122070312,UP,1,2,2,UP,UP,0.2988139,0.3151361,0.38605,True
2025-01-26 18:30:00+00:00,SBIN.NS,721.4483642578125,STAY,1,1,2,STAY,UP,0.37974527,0.22116318,0.39909157,False
2025-01-26 18:30:00+00:00,LT.NS,3392.564453125,DOWN,1,0,0,DOWN,DOWN,0.3661595,0.26773128,0.36610925,True
2025-01-26 18:30:00+00:00,TCS.NS,3855.648681640625,DOWN,1,0,0,DOWN,DOWN,0.39755586,0.25990018,0.34254393,True
2025-01-26 18:30:00+00:00,ICICIBANK.NS,1208.3603515625,UP,1,2,2,UP,UP,0.3243464,0.33734855,0.33830512,True
2025-01-27 18:30:00+00:00,ITC.NS,401.3531494140625,STAY,1,1,2,STAY,UP,0.2902214,0.31273165,0.39704695,False
2025-01-27 18:30:00+00:00,BHARTIARTL.NS,1584.9854736328125,DOWN,1,0,2,DOWN,UP,0.32132813,0.33312222,0.3455496,False
2025-01-27 18:30:00+00:00,LT.NS,3349.637939453125,UP,1,2,2,UP,UP,0.29083374,0.23534328,0.473823,True
2025-01-27 18:30:00+00:00,HDFCBANK.NS,810.6534423828125,STAY,1,1,1,STAY,STAY,0.2544197,0.38844448,0.35713577,True
2025-01-27 18:30:00+00:00,INFY.NS,1739.51416015625,UP,1,2,2,UP,UP,0.3584288,0.19045392,0.45111734,True
2025-01-27 18:30:00+00:00,TMPV.NS,716.1017456054688,UP,1,2,2,UP,UP,0.24268986,0.17291076,0.5843994,True
2025-01-27 18:30:00+00:00,RELIANCE.NS,1223.8311767578125,STAY,1,1,0,STAY,DOWN,0.38676122,0.26065072,0.3525881,False
2025-01-27 18:30:00+00:00,ICICIBANK.NS,1227.00830078125,STAY,1,1,1,STAY,STAY,0.3279703,0.36335376,0.30867592,True
2025-01-27 18:30:00+00:00,SBIN.NS,724.5298461914062,UP,1,2,0,UP,DOWN,0.4104071,0.2632007,0.32639223,False
2025-01-27 18:30:00+00:00,TCS.NS,3832.07958984375,UP,1,2,2,UP,UP,0.30375412,0.2356171,0.4606288,True
2025-01-28 18:30:00+00:00,HDFCBANK.NS,814.0020141601562,UP,1,2,1,UP,STAY,0.2317893,0.47874334,0.2894673,False
2025-01-28 18:30:00+00:00,LT.NS,3384.763916015625,DOWN,1,0,1,DOWN,STAY,0.31559154,0.3496992,0.33470923,False
2025-01-28 18:30:00+00:00,ICICIBANK.NS,1231.682373046875,STAY,1,1,1,STAY,STAY,0.29959208,0.40130538,0.29910254,True
2025-01-28 18:30:00+00:00,INFY.NS,1788.474365234375,DOWN,1,0,2,DOWN,UP,0.3381883,0.24922678,0.41258487,False
2025-01-28 18:30:00+00:00,TCS.NS,3888.512939453125,STAY,1,1,0,STAY,DOWN,0.40631846,0.2845342,0.3091474,False
2025-01-28 18:30:00+00:00,RELIANCE.NS,1224.921630859375,UP,1,2,2,UP,UP,0.31223676,0.28875864,0.3990046,True
2025-01-28 18:30:00+00:00,TMPV.NS,739.9472045898438,DOWN,1,0,2,DOWN,UP,0.2725226,0.2822841,0.4451933,False
2025-01-28 18:30:00+00:00,SBIN.NS,730.355712890625,UP,1,2,2,UP,UP,0.33253428,0.238787,0.42867875,True
2025-01-28 18:30:00+00:00,ITC.NS,399.4175415039063,UP,1,2,2,UP,UP,0.3300232,0.28369376,0.38628298,True
2025-01-28 18:30:00+00:00,BHARTIARTL.NS,1567.4544677734375,UP,1,2,0,UP,DOWN,0.35705838,0.31215352,0.3307881,False
2025-01-29 18:30:00+00:00,LT.NS,3356.55517578125,UP,1,2,2,UP,UP,0.23072605,0.29421952,0.4750544,True
2025-01-29 18:30:00+00:00,RELIANCE.NS,1242.3214111328125,UP,1,2,1,UP,STAY,0.28859508,0.3909393,0.32046568,False
2025-01-29 18:30:00+00:00,ICICIBANK.NS,1235.5694580078125,STAY,1,1,1,STAY,STAY,0.3232119,0.34913063,0.3276575,True
2025-01-29 18:30:00+00:00,TMPV.NS,685.2254638671875,UP,1,2,2,UP,UP,0.16069928,0.35740566,0.48189503,True
2025-01-29 18:30:00+00:00,BHARTIARTL.NS,1606.9237060546875,DOWN,1,0,2,DOWN,UP,0.28896713,0.31753212,0.39350075,False
2025-01-29 18:30:00+00:00,SBIN.NS,734.3519897460938,UP,1,2,2,UP,UP,0.30732432,0.23804842,0.45462725,True
2025-01-29 18:30:00+00:00,HDFCBANK.NS,820.8933715820312,STAY,1,1,1,STAY,STAY,0.24270855,0.4662671,0.29102427,True
2025-01-29 18:30:00+00:00,TCS.NS,3888.750244140625,STAY,1,1,1,STAY,STAY,0.28375942,0.3934656,0.32277504,True
2025-01-29 18:30:00+00:00,INFY.NS,1768.2247314453125,UP,1,2,2,UP,UP,0.28924686,0.31976214,0.390991,True
2025-01-29 18:30:00+00:00,ITC.NS,402.0444030761719,UP,1,2,2,UP,UP,0.31647864,0.30145594,0.38206545,True
2025-01-30 18:30:00+00:00,TMPV.NS,704.1543579101562,DOWN,1,0,2,DOWN,UP,0.13293262,0.16024292,0.7068244,False
2025-01-30 18:30:00+00:00,BHARTIARTL.NS,1592.7716064453125,STAY,1,1,2,STAY,UP,0.3069153,0.33492884,0.35815585,False
2025-01-30 18:30:00+00:00,ICICIBANK.NS,1232.814208984375,STAY,1,1,0,STAY,DOWN,0.342481,0.33611444,0.32140458,False
2025-01-30 18:30:00+00:00,RELIANCE.NS,1254.2681884765625,STAY,1,1,1,STAY,STAY,0.2526113,0.47805288,0.26933587,True
2025-01-30 18:30:00+00:00,LT.NS,3500.248291015625,DOWN,1,0,2,DOWN,UP,0.2497535,0.32394633,0.42630023,False
2025-01-30 18:30:00+00:00,TCS.NS,3900.4638671875,DOWN,1,0,2,DOWN,UP,0.31726983,0.31427914,0.368451,False
2025-01-30 18:30:00+00:00,INFY.NS,1787.0960693359375,DOWN,1,0,2,DOWN,UP,0.30887926,0.25305647,0.43806434,False
2025-01-30 18:30:00+00:00,ITC.NS,412.4595642089844,UP,1,2,2,UP,UP,0.25373536,0.26421934,0.48204535,True
2025-01-30 18:30:00+00:00,HDFCBANK.NS,824.4118041992188,STAY,1,1,1,STAY,STAY,0.28247693,0.4079781,0.30954498,True
2025-01-30 18:30:00+00:00,SBIN.NS,744.2705078125,DOWN,1,0,2,DOWN,UP,0.3025624,0.30722398,0.3902137,False
2025-01-31 18:30:00+00:00,INFY.NS,1760.0489501953125,UP,1,2,2,UP,UP,0.27084377,0.24010105,0.48905525,True
2025-01-31 18:30:00+00:00,ICICIBANK.NS,1235.520263671875,STAY,1,1,1,STAY,STAY,0.19880219,0.4961178,0.30508006,True
2025-01-31 18:30:00+00:00,LT.NS,3382.60546875,DOWN,1,0,2,DOWN,UP,0.30976036,0.2518765,0.43836313,False
2025-01-31 18:30:00+00:00,ITC.NS,426.3310852050781,DOWN,1,0,2,DOWN,UP,0.32648936,0.24911584,0.42439485,False
2025-01-31 18:30:00+00:00,RELIANCE.NS,1253.7724609375,DOWN,1,0,1,DOWN,STAY,0.31169096,0.3718948,0.31641424,False
2025-01-31 18:30:00+00:00,HDFCBANK.NS,820.6264038085938,DOWN,1,0,1,DOWN,STAY,0.17768274,0.53599596,0.2863213,False
2025-01-31 18:30:00+00:00,TCS.NS,3863.236572265625,STAY,1,1,1,STAY,STAY,0.2466318,0.40834862,0.34501955,True
2025-01-31 18:30:00+00:00,TMPV.NS,694.7637329101562,DOWN,1,0,2,DOWN,UP,0.17997646,0.2220156,0.598008,False
2025-01-31 18:30:00+00:00,BHARTIARTL.NS,1589.7845458984375,UP,1,2,2,UP,UP,0.3015813,0.31537947,0.38303924,True
2025-01-31 18:30:00+00:00,SBIN.NS,737.6260375976562,DOWN,1,0,2,DOWN,UP,0.30531663,0.27811813,0.41656527,False
2025-02-02 18:30:00+00:00,LT.NS,3227.285400390625,UP,1,2,2,UP,UP,0.1809078,0.17230539,0.6467868,True
2025-02-02 18:30:00+00:00,BHARTIARTL.NS,1618.2845458984375,UP,1,2,2,UP,UP,0.26138684,0.31900996,0.41960323,True
2025-02-02 18:30:00+00:00,INFY.NS,1771.40966796875,UP,1,2,2,UP,UP,0.35352254,0.27552,0.37095746,True
2025-02-02 18:30:00+00:00,HDFCBANK.NS,814.341796875,UP,1,2,1,UP,STAY,0.314768,0.40102777,0.28420427,False
2025-02-02 18:30:00+00:00,RELIANCE.NS,1235.232666015625,UP,1,2,2,UP,UP,0.32131934,0.29578215,0.3828985,True
2025-02-02 18:30:00+00:00,ICICIBANK.NS,1233.0108642578125,UP,1,2,1,UP,STAY,0.3328195,0.35115626,0.31602424,False
2025-02-02 18:30:00+00:00,ITC.NS,418.773193359375,STAY,1,1,2,STAY,UP,0.25039437,0.16205563,0.58755,False
2025-02-02 18:30:00+00:00,SBIN.NS,732.7631225585938,UP,1,2,2,UP,UP,0.3608847,0.23095083,0.40816444,True
2025-02-02 18:30:00+00:00,TMPV.NS,675.9823608398438,UP,1,2,2,UP,UP,0.26876315,0.29501083,0.436226,True
2025-02-02 18:30:00+00:00,TCS.NS,3858.968505859375,UP,1,2,0,UP,DOWN,0.35160515,0.30904424,0.33935064,False
2025-02-03 18:30:00+00:00,HDFCBANK.NS,835.161376953125,UP,1,2,1,UP,STAY,0.18389438,0.4421818,0.37392378,False
2025-02-03 18:30:00+00:00,INFY.NS,1805.1590576171875,STAY,1,1,0,STAY,DOWN,0.36301553,0.3042143,0.3327702,False
2025-02-03 18:30:00+00:00,ICICIBANK.NS,1247.9683837890625,STAY,1,1,1,STAY,STAY,0.26968318,0.37549132,0.3548255,True
2025-02-03 18:30:00+00:00,BHARTIARTL.NS,1627.1968994140625,STAY,1,1,2,STAY,UP,0.25898376,0.3210354,0.41998088,False
2025-02-03 18:30:00+00:00,TCS.NS,3895.38916015625,STAY,1,1,1,STAY,STAY,0.3259624,0.3729216,0.30111602,True
2025-02-03 18:30:00+00:00,SBIN.NS,750.3370971679688,DOWN,1,0,2,DOWN,UP,0.23010546,0.30925643,0.4606381,False
2025-02-03 18:30:00+00:00,ITC.NS,419.5105590820313,DOWN,1,0,2,DOWN,UP,0.25765717,0.32666904,0.4156738,False
2025-02-03 18:30:00+00:00,RELIANCE.NS,1274.196044921875,DOWN,1,0,2,DOWN,UP,0.20103887,0.34492573,0.45403543,False
2025-02-03 18:30:00+00:00,TMPV.NS,698.697021484375,UP,1,2,2,UP,UP,0.3631851,0.2636178,0.37319708,True
2025-02-03 18:30:00+00:00,LT.NS,3374.412353515625,DOWN,1,0,2,DOWN,UP,0.22536801,0.24696606,0.5276659,False
2025-02-04 18:30:00+00:00,HDFCBANK.NS,843.363037109375,STAY,1,1,1,STAY,STAY,0.20731868,0.49327055,0.29941073,True
2025-02-04 18:30:00+00:00,ITC.NS,413.0586853027344,DOWN,1,0,2,DOWN,UP,0.33267534,0.17647135,0.49085328,False
2025-02-04 18:30:00+00:00,TCS.NS,3880.26171875,STAY,1,1,1,STAY,STAY,0.24419348,0.42972612,0.32608038,True
2025-02-04 18:30:00+00:00,LT.NS,3319.515625,DOWN,1,0,2,DOWN,UP,0.18087669,0.18323085,0.63589245,False
2025-02-04 18:30:00+00:00,INFY.NS,1803.4952392578125,UP,1,2,2,UP,UP,0.31008032,0.27848044,0.4114392,True
2025-02-04 18:30:00+00:00,SBIN.NS,737.6741943359375,DOWN,1,0,2,DOWN,UP,0.33871388,0.22189096,0.43939516,False
2025-02-04 18:30:00+00:00,BHARTIARTL.NS,1626.217529296875,DOWN,1,0,0,DOWN,DOWN,0.39406016,0.28989294,0.3160469,True
2025-02-04 18:30:00+00:00,ICICIBANK.NS,1247.476318359375,STAY,1,1,1,STAY,STAY,0.29249203,0.38779417,0.3197138,True
2025-02-04 18:30:00+00:00,RELIANCE.NS,1267.2559814453125,STAY,1,1,2,STAY,UP,0.24693061,0.3294654,0.423604,False
2025-02-04 18:30:00+00:00,TMPV.NS,705.0885009765625,DOWN,1,0,2,DOWN,UP,0.2114162,0.3738248,0.41475898,False
2025-02-05 18:30:00+00:00,TMPV.NS,697.81201171875,STAY,1,1,2,STAY,UP,0.2940035,0.31138584,0.39461064,False
2025-02-05 18:30:00+00:00,ICICIBANK.NS,1252.1014404296875,DOWN,1,0,1,DOWN,STAY,0.3057408,0.38181937,0.31243977,False
2025-02-05 18:30:00+00:00,TCS.NS,3872.342041015625,DOWN,1,0,1,DOWN,STAY,0.2593435,0.37127802,0.3693785,False
2025-02-05 18:30:00+00:00,RELIANCE.NS,1270.577392578125,DOWN,1,0,0,DOWN,DOWN,0.34301755,0.32267484,0.33430764,True
2025-02-05 18:30:00+00:00,SBIN.NS,724.3853759765625,DOWN,1,0,2,DOWN,UP,0.3061178,0.25727442,0.43660778,False
2025-02-05 18:30:00+00:00,INFY.NS,1821.177978515625,DOWN,1,0,1,DOWN,STAY,0.27314213,0.37993103,0.3469269,False
2025-02-05 18:30:00+00:00,LT.NS,3289.63916015625,STAY,1,1,2,STAY,UP,0.30378217,0.21231574,0.48390207,False
2025-02-05 18:30:00+00:00,BHARTIARTL.NS,1586.3565673828125,UP,1,2,0,UP,DOWN,0.41061118,0.2042952,0.38509363,False
2025-02-05 18:30:00+00:00,ITC.NS,406.5607299804688,DOWN,1,0,0,DOWN,DOWN,0.44484735,0.15081629,0.40433642,True
2025-02-05 18:30:00+00:00,HDFCBANK.NS,846.299072265625,DOWN,1,0,1,DOWN,STAY,0.25690776,0.46124807,0.2818441,False
2025-02-06 18:30:00+00:00,HDFCBANK.NS,840.9122314453125,DOWN,1,0,1,DOWN,STAY,0.26787868,0.40215194,0.32996935,False
2025-02-06 18:30:00+00:00,TMPV.NS,694.9603881835938,DOWN,1,0,2,DOWN,UP,0.32250646,0.23846374,0.43902978,False
2025-02-06 18:30:00+00:00,ICICIBANK.NS,1236.8487548828125,STAY,1,1,2,STAY,UP,0.33502778,0.31167793,0.3532943,False
2025-02-06 18:30:00+00:00,BHARTIARTL.NS,1642.1815185546875,UP,1,2,2,UP,UP,0.2185124,0.2667032,0.5147844,True
2025-02-06 18:30:00+00:00,SBIN.NS,709.8928833007812,STAY,1,1,2,STAY,UP,0.33826986,0.21076162,0.45096853,False
2025-02-06 18:30:00+00:00,TCS.NS,3821.741455078125,STAY,1,1,2,STAY,UP,0.26447773,0.27483624,0.46068603,False
2025-02-06 18:30:00+00:00,LT.NS,3274.08740234375,STAY,1,1,2,STAY,UP,0.29681343,0.24292949,0.46025714,False
2025-02-06 18:30:00+00:00,RELIANCE.NS,1255.8544921875,DOWN,1,0,2,DOWN,UP,0.33354193,0.33032617,0.3361319,False
2025-02-06 18:30:00+00:00,INFY.NS,1809.7696533203125,DOWN,1,0,0,DOWN,DOWN,0.4097751,0.28099516,0.3092297,True
2025-02-06 18:30:00+00:00,ITC.NS,397.11334228515625,DOWN,1,0,0,DOWN,DOWN,0.44022542,0.17173204,0.38804248,True
2025-02-09 18:30:00+00:00,HDFCBANK.NS,832.6619873046875,DOWN,1,0,1,DOWN,STAY,0.2622492,0.46133086,0.27641988,False
2025-02-09 18:30:00+00:00,TCS.NS,3828.902099609375,DOWN,1,0,0,DOWN,DOWN,0.34485045,0.33644974,0.3186998,True
2025-02-09 18:30:00+00:00,LT.NS,3265.99267578125,DOWN,1,0,2,DOWN,UP,0.24108657,0.23784463,0.5210688,False
2025-02-09 18:30:00+00:00,BHARTIARTL.NS,1658.1455078125,STAY,1,1,2,STAY,UP,0.265904,0.2740508,0.46004522,False
2025-02-09 18:30:00+00:00,ITC.NS,393.7491149902344,DOWN,1,0,2,DOWN,UP,0.3593633,0.15194069,0.48869607,False
2025-02-09 18:30:00+00:00,INFY.NS,1787.5712890625,STAY,1,1,2,STAY,UP,0.32837456,0.31097835,0.36064708,False
2025-02-09 18:30:00+00:00,TMPV.NS,684.3897094726562,DOWN,1,0,2,DOWN,UP,0.24644132,0.20646136,0.5470973,False
2025-02-09 18:30:00+00:00,RELIANCE.NS,1242.916259765625,DOWN,1,0,2,DOWN,UP,0.3313432,0.32823113,0.3404257,False
2025-02-09 18:30:00+00:00,SBIN.NS,709.5076904296875,DOWN,1,0,2,DOWN,UP,0.31985366,0.21078245,0.46936387,False
2025-02-09 18:30:00+00:00,ICICIBANK.NS,1242.4576416015625,DOWN,1,0,2,DOWN,UP,0.31512398,0.3322251,0.35265094,False
2025-02-10 18:30:00+00:00,ICICIBANK.NS,1232.764892578125,STAY,1,1,1,STAY,STAY,0.33486065,0.35649177,0.30864754,True
2025-02-10 18:30:00+00:00,SBIN.NS,704.0187377929688,STAY,1,1,2,STAY,UP,0.32314202,0.24828368,0.4285743,False
2025-02-10 18:30:00+00:00,BHARTIARTL.NS,1661.7691650390625,UP,1,2,2,UP,UP,0.33969837,0.26781958,0.39248207,True
2025-02-10 18:30:00+00:00,INFY.NS,1783.150634765625,DOWN,1,0,0,DOWN,DOWN,0.36017382,0.3415946,0.29823157,True
2025-02-10 18:30:00+00:00,TCS.NS,3759.28515625,STAY,1,1,0,STAY,DOWN,0.41072395,0.2892901,0.29998595,False
2025-02-10 18:30:00+00:00,ITC.NS,385.5459899902344,STAY,1,1,2,STAY,UP,0.26539838,0.21541288,0.51918876,False
2025-02-10 18:30:00+00:00,HDFCBANK.NS,825.6979370117188,STAY,1,1,1,STAY,STAY,0.36412334,0.39231023,0.24356645,True
2025-02-10 18:30:00+00:00,LT.NS,3178.66796875,UP,1,2,2,UP,UP,0.197875,0.21037413,0.59175086,True
2025-02-10 18:30:00+00:00,TMPV.NS,666.4441528320312,UP,1,2,2,UP,UP,0.232664,0.34821704,0.41911894,True
2025-02-10 18:30:00+00:00,RELIANCE.NS,1224.2772216796875,DOWN,1,0,0,DOWN,DOWN,0.38470346,0.2877253,0.3275712,True
2025-02-11 18:30:00+00:00,INFY.NS,1771.2672119140625,DOWN,1,0,2,DOWN,UP,0.36193523,0.25703946,0.38102528,False
2025-02-11 18:30:00+00:00,BHARTIARTL.NS,1676.26416015625,STAY,1,1,1,STAY,STAY,0.32254615,0.38746372,0.28999013,True
2025-02-11 18:30:00+00:00,RELIANCE.NS,1206.1339111328125,STAY,1,1,2,STAY,UP,0.32105967,0.25853276,0.42040756,False
2025-02-11 18:30:00+00:00,LT.NS,3227.726806640625,DOWN,1,0,2,DOWN,UP,0.26824847,0.20846488,0.52328664,False
2025-02-11 18:30:00+00:00,TCS.NS,3746.575439453125,DOWN,1,0,0,DOWN,DOWN,0.43351212,0.28451076,0.2819771,True
2025-02-11 18:30:00+00:00,HDFCBANK.NS,828.3185424804688,DOWN,1,0,1,DOWN,STAY,0.2705766,0.4314192,0.29800418,False
2025-02-11 18:30:00+00:00,ICICIBANK.NS,1231.830078125,STAY,1,1,2,STAY,UP,0.3246464,0.32321087,0.35214275,False
2025-02-11 18:30:00+00:00,SBIN.NS,705.992919921875,DOWN,1,0,2,DOWN,UP,0.369169,0.2049834,0.42584762,False
2025-02-11 18:30:00+00:00,ITC.NS,383.7671508789063,STAY,1,1,2,STAY,UP,0.27506906,0.18406355,0.5408674,False
2025-02-11 18:30:00+00:00,TMPV.NS,672.9340209960938,STAY,1,1,2,STAY,UP,0.3633888,0.24257255,0.39403868,False
2025-02-12 18:30:00+00:00,HDFCBANK.NS,823.9022216796875,STAY,1,1,1,STAY,STAY,0.26140606,0.42566374,0.31293023,True
2025-02-12 18:30:00+00:00,BHARTIARTL.NS,1679.2510986328125,STAY,1,1,2,STAY,UP,0.33807406,0.31860018,0.34332573,False
2025-02-12 18:30:00+00:00,ICICIBANK.NS,1228.976318359375,UP,1,2,1,UP,STAY,0.30183384,0.3607237,0.33744246,False
2025-02-12 18:30:00+00:00,TCS.NS,3708.63671875,UP,1,2,2,UP,UP,0.31927645,0.3298892,0.35083434,True
2025-02-12 18:30:00+00:00,INFY.NS,1752.3485107421875,UP,1,2,1,UP,STAY,0.3258722,0.365901,0.3082268,False
2025-02-12 18:30:00+00:00,ITC.NS,383.5798950195313,STAY,1,1,2,STAY,UP,0.25820374,0.17147085,0.5703254,False
2025-02-12 18:30:00+00:00,RELIANCE.NS,1205.687744140625,STAY,1,1,0,STAY,DOWN,0.3533766,0.31293878,0.33368462,False
2025-02-12 18:30:00+00:00,TMPV.NS,672.4423217773438,STAY,1,1,2,STAY,UP,0.33663547,0.21547341,0.44789115,False
2025-02-12 18:30:00+00:00,SBIN.NS,700.6965942382812,DOWN,1,0,2,DOWN,UP,0.39275295,0.1988779,0.40836918,False
2025-02-12 18:30:00+00:00,LT.NS,3202.216064453125,DOWN,1,0,2,DOWN,UP,0.16106333,0.35856742,0.4803692,False
2025-02-13 18:30:00+00:00,LT.NS,3176.70556640625,STAY,1,1,2,STAY,UP,0.17655256,0.24206401,0.5813834,False
2025-02-13 18:30:00+00:00,HDFCBANK.NS,822.5191040039062,UP,1,2,1,UP,STAY,0.23295602,0.45295447,0.31408948,False
2025-02-13 18:30:00+00:00,SBIN.NS,695.400390625,UP,1,2,2,UP,UP,0.24810073,0.20086561,0.5510337,True
2025-02-13 18:30:00+00:00,RELIANCE.NS,1206.827880859375,UP,1,2,0,UP,DOWN,0.3946752,0.27569968,0.32962516,False
2025-02-13 18:30:00+00:00,BHARTIARTL.NS,1681.6507568359375,DOWN,1,0,0,DOWN,DOWN,0.40730837,0.30767438,0.28501725,True
2025-02-13 18:30:00+00:00,TCS.NS,3732.064208984375,DOWN,1,0,0,DOWN,DOWN,0.35621178,0.28829706,0.3554911,True
2025-02-13 18:30:00+00:00,ICICIBANK.NS,1239.9976806640625,DOWN,1,0,1,DOWN,STAY,0.22459303,0.42290294,0.35250404,False
2025-02-13 18:30:00+00:00,TMPV.NS,669.2957763671875,UP,1,2,0,UP,DOWN,0.4517531,0.21659347,0.33165345,False
2025-02-13 18:30:00+00:00,INFY.NS,1764.8499755859375,DOWN,1,0,0,DOWN,DOWN,0.36968404,0.2845159,0.34580007,True
2025-02-13 18:30:00+00:00,ITC.NS,384.0948486328125,STAY,1,1,2,STAY,UP,0.22832026,0.19277743,0.5789023,False
2025-02-16 18:30:00+00:00,TCS.NS,3703.2783203125,DOWN,1,0,2,DOWN,UP,0.334689,0.326953,0.338358,False
2025-02-16 18:30:00+00:00,BHARTIARTL.NS,1641.0062255859375,STAY,1,1,0,STAY,DOWN,0.42046234,0.2124122,0.36712545,False
2025-02-16 18:30:00+00:00,ITC.NS,382.5500183105469,DOWN,1,0,2,DOWN,UP,0.28124464,0.23471218,0.4840432,False
2025-02-16 18:30:00+00:00,INFY.NS,1751.4451904296875,UP,1,2,0,UP,DOWN,0.36537027,0.31969413,0.31493554,False
2025-02-16 18:30:00+00:00,RELIANCE.NS,1214.412353515625,STAY,1,1,0,STAY,DOWN,0.3477459,0.3095437,0.34271044,False
2025-02-16 18:30:00+00:00,TMPV.NS,675.146484375,DOWN,1,0,0,DOWN,DOWN,0.3840598,0.2620399,0.35390034,True
2025-02-16 18:30:00+00:00,SBIN.NS,700.7447509765625,STAY,1,1,2,STAY,UP,0.30438632,0.27058655,0.4250271,False
2025-02-16 18:30:00+00:00,ICICIBANK.NS,1231.1904296875,DOWN,1,0,2,DOWN,UP,0.2682965,0.29448727,0.43721622,False
2025-02-16 18:30:00+00:00,LT.NS,3161.203125,STAY,1,1,2,STAY,UP,0.24528891,0.27082387,0.48388717,False
2025-02-16 18:30:00+00:00,HDFCBANK.NS,833.4384765625,STAY,1,1,1,STAY,STAY,0.23363253,0.50247985,0.26388758,True
2025-02-17 18:30:00+00:00,TMPV.NS,671.0166015625,STAY,1,1,2,STAY,UP,0.27970558,0.35063517,0.36965922,False
2025-02-17 18:30:00+00:00,RELIANCE.NS,1214.908203125,STAY,1,1,0,STAY,DOWN,0.3914216,0.35603803,0.25254038,False
2025-02-17 18:30:00+00:00,SBIN.NS,698.9151000976562,STAY,1,1,0,STAY,DOWN,0.39253664,0.25996885,0.34749445,False
2025-02-17 18:30:00+00:00,HDFCBANK.NS,836.2047119140625,STAY,1,1,1,STAY,STAY,0.2656956,0.529447,0.20485742,True
2025-02-17 18:30:00+00:00,TCS.NS,3673.59130859375,DOWN,1,0,1,DOWN,STAY,0.19941448,0.4103887,0.3901968,False
2025-02-17 18:30:00+00:00,ITC.NS,379.4136352539063,STAY,1,1,2,STAY,UP,0.22098857,0.23414044,0.544871,False
2025-02-17 18:30:00+00:00,BHARTIARTL.NS,1634.493408203125,DOWN,1,0,0,DOWN,DOWN,0.35726213,0.2873031,0.35543472,True
2025-02-17 18:30:00+00:00,ICICIBANK.NS,1223.2196044921875,UP,1,2,2,UP,UP,0.2939704,0.32856038,0.37746918,True
2025-02-17 18:30:00+00:00,INFY.NS,1760.619384765625,DOWN,1,0,0,DOWN,DOWN,0.36014596,0.31217647,0.32767758,True
2025-02-17 18:30:00+00:00,LT.NS,3159.534912109375,UP,1,2,2,UP,UP,0.26964998,0.2349822,0.49536785,True
2025-02-18 18:30:00+00:00,TCS.NS,3589.0830078125,STAY,1,1,2,STAY,UP,0.15597029,0.34257922,0.5014505,False
2025-02-18 18:30:00+00:00,SBIN.NS,700.3595581054688,STAY,1,1,2,STAY,UP,0.27621135,0.277305,0.44648364,False
2025-02-18 18:30:00+00:00,RELIANCE.NS,1216.9405517578125,STAY,1,1,2,STAY,UP,0.3377193,0.29994953,0.3623312,False
2025-02-18 18:30:00+00:00,BHARTIARTL.NS,1611.281982421875,STAY,1,1,0,STAY,DOWN,0.3926314,0.23967212,0.36769646,False
2025-02-18 18:30:00+00:00,LT.NS,3214.2353515625,STAY,1,1,2,STAY,UP,0.18927425,0.29477122,0.51595455,False
2025-02-18 18:30:00+00:00,ICICIBANK.NS,1241.5228271484375,DOWN,1,0,1,DOWN,STAY,0.318339,0.345543,0.336118,False
2025-02-18 18:30:00+00:00,INFY.NS,1721.498779296875,UP,1,2,0,UP,DOWN,0.39557385,0.3202845,0.2841417,False
2025-02-18 18:30:00+00:00,TMPV.NS,669.6399536132812,UP,1,2,2,UP,UP,0.25365156,0.31314522,0.43320322,True
2025-02-18 18:30:00+00:00,HDFCBANK.NS,838.2186889648438,DOWN,1,0,1,DOWN,STAY,0.24697721,0.51719296,0.23582982,False
2025-02-18 18:30:00+00:00,ITC.NS,380.49029541015625,DOWN,1,0,2,DOWN,UP,0.16599326,0.33750176,0.49650502,False
2025-02-19 18:30:00+00:00,SBIN.NS,702.6707153320312,DOWN,1,0,2,DOWN,UP,0.32639045,0.33515134,0.33845824,False
2025-02-19 18:30:00+00:00,BHARTIARTL.NS,1609.616943359375,STAY,1,1,0,STAY,DOWN,0.39433315,0.2534799,0.35218698,False
2025-02-19 18:30:00+00:00,RELIANCE.NS,1222.4429931640625,STAY,1,1,1,STAY,STAY,0.3339633,0.34799388,0.31804278,True
2025-02-19 18:30:00+00:00,TMPV.NS,678.2930908203125,DOWN,1,0,1,DOWN,STAY,0.3035198,0.36277175,0.33370847,False
2025-02-19 18:30:00+00:00,LT.NS,3214.137451171875,UP,1,2,1,UP,STAY,0.2476661,0.39063573,0.36169818,False
2025-02-19 18:30:00+00:00,INFY.NS,1735.14111328125,DOWN,1,0,1,DOWN,STAY,0.29317972,0.37963253,0.32718772,False
2025-02-19 18:30:00+00:00,ITC.NS,376.4176025390625,STAY,1,1,2,STAY,UP,0.19782647,0.36061457,0.44155896,False
2025-02-19 18:30:00+00:00,ICICIBANK.NS,1230.009521484375,DOWN,1,0,0,DOWN,DOWN,0.37168014,0.34562224,0.28269768,True
2025-02-19 18:30:00+00:00,TCS.NS,3584.625244140625,STAY,1,1,2,STAY,UP,0.13060546,0.29949975,0.56989485,False
2025-02-19 18:30:00+00:00,HDFCBANK.NS,818.758056640625,STAY,1,1,1,STAY,STAY,0.26179433,0.40966004,0.32854563,True
2025-02-20 18:30:00+00:00,TCS.NS,3590.885009765625,DOWN,1,0,2,DOWN,UP,0.17053759,0.31682265,0.51263976,False
2025-02-20 18:30:00+00:00,INFY.NS,1725.4915771484375,DOWN,1,0,0,DOWN,DOWN,0.3896228,0.31801134,0.29236585,True
2025-02-20 18:30:00+00:00,BHARTIARTL.NS,1605.45458984375,DOWN,1,0,1,DOWN,STAY,0.32111785,0.34282774,0.33605444,False
2025-02-20 18:30:00+00:00,ICICIBANK.NS,1213.2806396484375,DOWN,1,0,0,DOWN,DOWN,0.34644333,0.317419,0.33613768,True
2025-02-20 18:30:00+00:00,HDFCBANK.NS,821.378662109375,DOWN,1,0,1,DOWN,STAY,0.22090836,0.46671206,0.31237957,False
2025-02-20 18:30:00+00:00,LT.NS,3252.69775390625,DOWN,1,0,2,DOWN,UP,0.18182087,0.36204568,0.45613346,False
2025-02-20 18:30:00+00:00,SBIN.NS,695.255859375,DOWN,1,0,2,DOWN,UP,0.25772676,0.30665419,0.43561906,False
2025-02-20 18:30:00+00:00,ITC.NS,375.3409423828125,STAY,1,1,2,STAY,UP,0.26347253,0.31870073,0.41782674,False
2025-02-20 18:30:00+00:00,RELIANCE.NS,1217.634521484375,DOWN,1,0,1,DOWN,STAY,0.32371584,0.34169176,0.33459237,False
2025-02-20 18:30:00+00:00,TMPV.NS,661.9700317382812,DOWN,1,0,2,DOWN,UP,0.33552346,0.275374,0.38910258,False
2025-02-23 18:30:00+00:00,SBIN.NS,689.8633422851562,DOWN,1,0,2,DOWN,UP,0.21515162,0.34528157,0.4395668,False
2025-02-23 18:30:00+00:00,LT.NS,3196.378173828125,DOWN,1,0,2,DOWN,UP,0.22575462,0.33299628,0.4412491,False
2025-02-23 18:30:00+00:00,RELIANCE.NS,1204.1510009765625,DOWN,1,0,2,DOWN,UP,0.29548535,0.33684894,0.3676657,False
2025-02-23 18:30:00+00:00,HDFCBANK.NS,813.9049072265625,STAY,1,1,1,STAY,STAY,0.24613547,0.45831203,0.2955525,True
2025-02-23 18:30:00+00:00,TMPV.NS,657.1026000976562,DOWN,1,0,2,DOWN,UP,0.17376922,0.24526165,0.58096915,False
2025-02-23 18:30:00+00:00,INFY.NS,1677.1016845703125,STAY,1,1,2,STAY,UP,0.3304751,0.21373436,0.45579058,False
2025-02-23 18:30:00+00:00,ITC.NS,376.2771911621094,UP,1,2,1,UP,STAY,0.27500492,0.38440955,0.34058553,False
2025-02-23 18:30:00+00:00,TCS.NS,3486.174560546875,DOWN,1,0,2,DOWN,UP,0.14579666,0.22264163,0.6315617,False
2025-02-23 18:30:00+00:00,BHARTIARTL.NS,1568.2869873046875,UP,1,2,0,UP,DOWN,0.4191908,0.2187798,0.3620294,False
2025-02-23 18:30:00+00:00,ICICIBANK.NS,1198.9136962890625,STAY,1,1,2,STAY,UP,0.32326192,0.29719493,0.3795432,False
2025-02-24 18:30:00+00:00,INFY.NS,1680.5242919921875,STAY,1,1,2,STAY,UP,0.313548,0.29153273,0.39491928,False
2025-02-24 18:30:00+00:00,LT.NS,3165.176513671875,DOWN,1,0,2,DOWN,UP,0.15660062,0.23061141,0.61278796,False
2025-02-24 18:30:00+00:00,BHARTIARTL.NS,1607.560302734375,UP,1,2,2,UP,UP,0.366849,0.2569798,0.3761712,True
2025-02-24 18:30:00+00:00,TCS.NS,3442.498046875,STAY,1,1,2,STAY,UP,0.12260555,0.21522118,0.6621733,False
2025-02-24 18:30:00+00:00,TMPV.NS,650.5635375976562,DOWN,1,0,2,DOWN,UP,0.34974504,0.24184081,0.40841413,False
2025-02-24 18:30:00+00:00,SBIN.NS,684.5670776367188,DOWN,1,0,2,DOWN,UP,0.20044748,0.36062625,0.43892622,False
2025-02-24 18:30:00+00:00,ICICIBANK.NS,1204.6212158203125,STAY,1,1,1,STAY,STAY,0.3459859,0.3553815,0.29863262,True
2025-02-24 18:30:00+00:00,RELIANCE.NS,1193.6912841796875,STAY,1,1,2,STAY,UP,0.2652442,0.33708137,0.39767447,False
2025-02-24 18:30:00+00:00,ITC.NS,379.03912353515625,DOWN,1,0,2,DOWN,UP,0.3360516,0.27843988,0.3855085,False
2025-02-24 18:30:00+00:00,HDFCBANK.NS,816.4527587890625,UP,1,2,1,UP,STAY,0.26326597,0.43441576,0.30231825,False
2025-02-26 18:30:00+00:00,HDFCBANK.NS,825.3580932617188,UP,1,2,1,UP,STAY,0.20237508,0.50117826,0.29644665,False
2025-02-26 18:30:00+00:00,INFY.NS,1677.2919921875,DOWN,1,0,0,DOWN,DOWN,0.39362723,0.2723164,0.33405635,True
2025-02-26 18:30:00+00:00,ITC.NS,375.9963073730469,DOWN,1,0,2,DOWN,UP,0.28865406,0.28152606,0.42981988,False
2025-02-26 18:30:00+00:00,ICICIBANK.NS,1202.9482421875,DOWN,1,0,0,DOWN,DOWN,0.40477765,0.29649,0.29873234,True
2025-02-26 18:30:00+00:00,TCS.NS,3426.3740234375,DOWN,1,0,2,DOWN,UP,0.12547508,0.2369553,0.6375696,False
2025-02-26 18:30:00+00:00,TMPV.NS,637.7312622070312,DOWN,1,0,2,DOWN,UP,0.23442861,0.23273885,0.5328325,False
2025-02-26 18:30:00+00:00,RELIANCE.NS,1196.7647705078125,DOWN,1,0,2,DOWN,UP,0.30082294,0.31443414,0.38474295,False
2025-02-26 18:30:00+00:00,LT.NS,3149.08544921875,DOWN,1,0,2,DOWN,UP,0.24280794,0.23090903,0.526283,False
2025-02-26 18:30:00+00:00,BHARTIARTL.NS,1616.3748779296875,DOWN,1,0,1,DOWN,STAY,0.32569054,0.36975577,0.30455372,False
2025-02-26 18:30:00+00:00,SBIN.NS,677.8263549804688,DOWN,1,0,2,DOWN,UP,0.20463,0.3824025,0.41296753,False
2025-02-27 18:30:00+00:00,TMPV.NS,610.296630859375,STAY,1,1,2,STAY,UP,0.09750081,0.23683119,0.665668,False
2025-02-27 18:30:00+00:00,RELIANCE.NS,1189.82470703125,DOWN,1,0,2,DOWN,UP,0.26678717,0.28634086,0.446872,False
2025-02-27 18:30:00+00:00,INFY.NS,1604.469482421875,UP,1,2,2,UP,UP,0.24781367,0.17837255,0.57381374,True
2025-02-27 18:30:00+00:00,HDFCBANK.NS,840.7423095703125,DOWN,1,0,1,DOWN,STAY,0.1891103,0.53121275,0.27967694,False
2025-02-27 18:30:00+00:00,LT.NS,3104.294921875,UP,1,2,2,UP,UP,0.26217863,0.22491498,0.51290643,True
2025-02-27 18:30:00+00:00,ITC.NS,369.8170776367188,UP,1,2,2,UP,UP,0.18552418,0.32430267,0.49017316,True
2025-02-27 18:30:00+00:00,ICICIBANK.NS,1184.8909912109375,STAY,1,1,2,STAY,UP,0.31008938,0.29004815,0.39986244,False
2025-02-27 18:30:00+00:00,BHARTIARTL.NS,1537.8282470703125,UP,1,2,2,UP,UP,0.33419284,0.20375359,0.46205354,True
2025-02-27 18:30:00+00:00,TCS.NS,3303.73779296875,STAY,1,1,2,STAY,UP,0.11178042,0.16285002,0.7253696,False
2025-02-27 18:30:00+00:00,SBIN.NS,663.28564453125,UP,1,2,2,UP,UP,0.22504108,0.19197637,0.5829826,True
2025-03-02 18:30:00+00:00,ICICIBANK.NS,1186.9573974609375,STAY,1,1,2,STAY,UP,0.34651178,0.30438745,0.34910083,False
2025-03-02 18:30:00+00:00,TMPV.NS,610.788330078125,STAY,1,1,2,STAY,UP,0.15369396,0.19387054,0.6524355,False
2025-03-02 18:30:00+00:00,TCS.NS,3313.03271484375,UP,1,2,2,UP,UP,0.13163078,0.2020173,0.6663519,True
2025-03-02 18:30:00+00:00,ITC.NS,372.1109008789063,DOWN,1,0,2,DOWN,UP,0.24495593,0.31491423,0.44012988,False
2025-03-02 18:30:00+00:00,INFY.NS,1624.3388671875,DOWN,1,0,2,DOWN,UP,0.2320076,0.16084076,0.6071517,False
2025-03-02 18:30:00+00:00,RELIANCE.NS,1161.2216796875,DOWN,1,0,2,DOWN,UP,0.3391962,0.23833945,0.42246428,False
2025-03-02 18:30:00+00:00,SBIN.NS,669.544921875,UP,1,2,2,UP,UP,0.29414725,0.1848429,0.52100986,True
2025-03-02 18:30:00+00:00,BHARTIARTL.NS,1562.9005126953125,DOWN,1,0,2,DOWN,UP,0.29289252,0.16652668,0.5405808,False
2025-03-02 18:30:00+00:00,HDFCBANK.NS,825.7706909179688,STAY,1,1,1,STAY,STAY,0.27853727,0.4525945,0.2688682,True
2025-03-02 18:30:00+00:00,LT.NS,3137.115234375,STAY,1,1,2,STAY,UP,0.2921913,0.1932888,0.51451993,False
2025-03-03 18:30:00+00:00,SBIN.NS,689.5262451171875,UP,2,2,2,UP,UP,0.39056942,0.20439243,0.40503815,True
2025-03-03 18:30:00+00:00,INFY.NS,1605.0400390625,UP,2,2,2,UP,UP,0.28382778,0.22563595,0.49053627,True
2025-03-03 18:30:00+00:00,TCS.NS,3350.022705078125,STAY,2,1,1,STAY,STAY,0.26644593,0.37565777,0.35789624,True
2025-03-03 18:30:00+00:00,TMPV.NS,608.870849609375,UP,2,2,2,UP,UP,0.2494654,0.23468152,0.51585305,True
2025-03-03 18:30:00+00:00,ITC.NS,369.6766662597656,UP,2,2,2,UP,UP,0.32970685,0.32886532,0.34142783,True
2025-03-03 18:30:00+00:00,ICICIBANK.NS,1191.0904541015625,STAY,2,1,1,STAY,STAY,0.34291363,0.3789465,0.27813983,True
2025-03-03 18:30:00+00:00,BHARTIARTL.NS,1542.8720703125,UP,2,2,2,UP,UP,0.36244315,0.23204981,0.405507,True
2025-03-03 18:30:00+00:00,LT.NS,3152.519775390625,UP,2,2,0,UP,DOWN,0.48815536,0.2054311,0.3064136,False
2025-03-03 18:30:00+00:00,HDFCBANK.NS,829.8714599609375,DOWN,2,0,1,DOWN,STAY,0.29879034,0.41934988,0.28185984,False
2025-03-03 18:30:00+00:00,RELIANCE.NS,1151.9517822265625,UP,2,2,2,UP,UP,0.3164287,0.3095033,0.37406802,True
2025-03-04 18:30:00+00:00,SBIN.NS,703.2965698242188,STAY,2,1,2,STAY,UP,0.2346926,0.33301416,0.43229324,False
2025-03-04 18:30:00+00:00,ICICIBANK.NS,1196.3057861328125,STAY,2,1,1,STAY,STAY,0.33133975,0.35712823,0.31153205,True
2025-03-04 18:30:00+00:00,BHARTIARTL.NS,1584.8875732421875,UP,2,2,2,UP,UP,0.3616294,0.27186567,0.36650494,True
2025-03-04 18:30:00+00:00,ITC.NS,379.2263488769531,STAY,2,1,0,STAY,DOWN,0.34610376,0.32199895,0.3318973,False
2025-03-04 18:30:00+00:00,TCS.NS,3364.249755859375,UP,2,2,2,UP,UP,0.32189515,0.3008709,0.37723392,True
2025-03-04 18:30:00+00:00,HDFCBANK.NS,820.1654052734375,STAY,2,1,1,STAY,STAY,0.29777068,0.39321956,0.3090098,True
2025-03-04 18:30:00+00:00,LT.NS,3178.66796875,UP,2,2,2,UP,UP,0.25873893,0.28308687,0.45817417,True
2025-03-04 18:30:00+00:00,TMPV.NS,630.1104736328125,STAY,2,1,2,STAY,UP,0.34899703,0.20020619,0.45079684,False
2025-03-04 18:30:00+00:00,INFY.NS,1627.0958251953125,STAY,2,1,2,STAY,UP,0.26619014,0.32691592,0.40689397,False
2025-03-04 18:30:00+00:00,RELIANCE.NS,1165.5345458984375,UP,2,2,1,UP,STAY,0.30130205,0.3754399,0.32325807,False
2025-03-05 18:30:00+00:00,ICICIBANK.NS,1198.618408203125,STAY,2,1,0,STAY,DOWN,0.37810472,0.31209671,0.30979854,False
2025-03-05 18:30:00+00:00,TCS.NS,3415.98828125,STAY,2,1,0,STAY,DOWN,0.39372596,0.30641016,0.2998639,False
2025-03-05 18:30:00+00:00,SBIN.NS,704.93359375,STAY,2,1,0,STAY,DOWN,0.38046265,0.34253812,0.27699918,False
2025-03-05 18:30:00+00:00,INFY.NS,1631.2313232421875,DOWN,2,0,0,DOWN,DOWN,0.4569669,0.22322921,0.3198039,True
2025-03-05 18:30:00+00:00,ITC.NS,379.8349609375,STAY,2,1,2,STAY,UP,0.33104023,0.33008853,0.33887124,False
2025-03-05 18:30:00+00:00,LT.NS,3198.53662109375,STAY,2,1,0,STAY,DOWN,0.38366196,0.2685798,0.34775823,False
2025-03-05 18:30:00+00:00,BHARTIARTL.NS,1593.3592529296875,STAY,2,1,0,STAY,DOWN,0.3915297,0.29557028,0.31290004,False
2025-03-05 18:30:00+00:00,TMPV.NS,628.979736328125,UP,2,2,0,UP,DOWN,0.42817575,0.16621098,0.4056132,False
2025-03-05 18:30:00+00:00,HDFCBANK.NS,820.7477416992188,STAY,2,1,1,STAY,STAY,0.24926998,0.40854505,0.342185,True
2025-03-05 18:30:00+00:00,RELIANCE.NS,1199.243408203125,UP,2,2,2,UP,UP,0.28692332,0.34344012,0.36963654,True
2025-03-06 18:30:00+00:00,LT.NS,3183.623046875,DOWN,2,0,2,DOWN,UP,0.2967613,0.3339794,0.36925933,False
2025-03-06 18:30:00+00:00,ICICIBANK.NS,1195.17431640625,STAY,2,1,1,STAY,STAY,0.3221472,0.3402261,0.33762673,True
2025-03-06 18:30:00+00:00,BHARTIARTL.NS,1597.0809326171875,STAY,2,1,2,STAY,UP,0.2545812,0.34131867,0.4041001,False
2025-03-06 18:30:00+00:00,TCS.NS,3425.09375,DOWN,2,0,1,DOWN,STAY,0.3310079,0.43996122,0.2290309,False
2025-03-06 18:30:00+00:00,SBIN.NS,705.6077270507812,DOWN,2,0,0,DOWN,DOWN,0.36493757,0.28068817,0.3543743,True
2025-03-06 18:30:00+00:00,HDFCBANK.NS,819.8014526367188,STAY,2,1,1,STAY,STAY,0.29036373,0.4049136,0.3047227,True
2025-03-06 18:30:00+00:00,ITC.NS,378.1496887207031,STAY,2,1,0,STAY,DOWN,0.3535014,0.29501876,0.35147983,False
2025-03-06 18:30:00+00:00,RELIANCE.NS,1239.0992431640625,DOWN,2,0,1,DOWN,STAY,0.3690864,0.3789016,0.25201195,False
2025-03-06 18:30:00+00:00,INFY.NS,1602.853271484375,UP,2,2,2,UP,UP,0.317301,0.22795928,0.45473966,True
2025-03-06 18:30:00+00:00,TMPV.NS,637.4853515625,STAY,2,1,2,STAY,UP,0.34362262,0.21990776,0.4364696,False
2025-03-09 18:30:00+00:00,ITC.NS,379.1795349121094,STAY,2,1,0,STAY,DOWN,0.33924985,0.32842338,0.33232674,False
2025-03-09 18:30:00+00:00,HDFCBANK.NS,818.9521484375,STAY,2,1,1,STAY,STAY,0.3265469,0.3880284,0.28542465,True
2025-03-09 18:30:00+00:00,ICICIBANK.NS,1195.469482421875,UP,2,2,2,UP,UP,0.31448677,0.3393943,0.34611896,True
2025-03-09 18:30:00+00:00,BHARTIARTL.NS,1597.32568359375,UP,2,2,1,UP,STAY,0.2862025,0.3749506,0.3388469,False
2025-03-09 18:30:00+00:00,RELIANCE.NS,1227.7967529296875,UP,2,2,1,UP,STAY,0.30580378,0.35039428,0.34380198,False
2025-03-09 18:30:00+00:00,LT.NS,3117.884033203125,UP,2,2,0,UP,DOWN,0.34498602,0.33306602,0.321948,False
2025-03-09 18:30:00+00:00,INFY.NS,1617.5413818359375,DOWN,2,0,2,DOWN,UP,0.38956988,0.2085864,0.40184376,False
2025-03-09 18:30:00+00:00,TCS.NS,3404.654052734375,STAY,2,1,1,STAY,STAY,0.32659024,0.39523757,0.27817222,True
2025-03-09 18:30:00+00:00,SBIN.NS,701.9003295898438,STAY,2,1,0,STAY,DOWN,0.37496364,0.30591172,0.31912464,False
2025-03-09 18:30:00+00:00,TMPV.NS,637.3379516601562,STAY,2,1,0,STAY,DOWN,0.5128027,0.18259297,0.30460432,False
2025-03-10 18:30:00+00:00,BHARTIARTL.NS,1628.6658935546875,DOWN,2,0,2,DOWN,UP,0.2890186,0.29991445,0.41106695,False
2025-03-10 18:30:00+00:00,HDFCBANK.NS,817.9815063476562,UP,2,2,1,UP,STAY,0.29502365,0.38246483,0.32251155,False
2025-03-10 18:30:00+00:00,ITC.NS,380.3030700683594,UP,2,2,0,UP,DOWN,0.38558158,0.31459063,0.2998278,False
2025-03-10 18:30:00+00:00,SBIN.NS,702.8150634765625,DOWN,2,0,0,DOWN,DOWN,0.43636438,0.25590315,0.3077325,True
2025-03-10 18:30:00+00:00,TMPV.NS,637.2395629882812,UP,2,2,0,UP,DOWN,0.50352097,0.15866937,0.33780965,False
2025-03-10 18:30:00+00:00,RELIANCE.NS,1236.62060546875,UP,2,2,1,UP,STAY,0.3266803,0.3906661,0.2826536,False
2025-03-10 18:30:00+00:00,TCS.NS,3391.0439453125,DOWN,2,0,0,DOWN,DOWN,0.36029696,0.3264035,0.31329957,True
2025-03-10 18:30:00+00:00,LT.NS,3135.300048828125,STAY,2,1,0,STAY,DOWN,0.3793397,0.29709473,0.32356554,False
2025-03-10 18:30:00+00:00,ICICIBANK.NS,1225.5321044921875,STAY,2,1,1,STAY,STAY,0.24277325,0.41245568,0.3447711,True
2025-03-10 18:30:00+00:00,INFY.NS,1579.656494140625,DOWN,2,0,2,DOWN,UP,0.3670444,0.21334206,0.4196135,False
2025-03-11 18:30:00+00:00,LT.NS,3133.53369140625,STAY,2,1,0,STAY,DOWN,0.4166855,0.27968672,0.30362782,False
2025-03-11 18:30:00+00:00,BHARTIARTL.NS,1608.9803466796875,DOWN,2,0,0,DOWN,DOWN,0.38746056,0.31098777,0.3015516,True
2025-03-11 18:30:00+00:00,INFY.NS,1512.395751953125,DOWN,2,0,2,DOWN,UP,0.14361276,0.22106522,0.635322,False
2025-03-11 18:30:00+00:00,HDFCBANK.NS,830.4296875,STAY,2,1,1,STAY,STAY,0.22810547,0.46679693,0.3050976,True
2025-03-11 18:30:00+00:00,ICICIBANK.NS,1224.105224609375,STAY,2,1,1,STAY,STAY,0.23328176,0.44559696,0.3211213,True
2025-03-11 18:30:00+00:00,RELIANCE.NS,1246.287109375,DOWN,2,0,0,DOWN,DOWN,0.3599764,0.32195812,0.31806543,True
2025-03-11 18:30:00+00:00,TMPV.NS,657.1517944335938,DOWN,2,0,0,DOWN,DOWN,0.43772092,0.18705712,0.37522197,True
2025-03-11 18:30:00+00:00,ITC.NS,386.1077575683594,STAY,2,1,0,STAY,DOWN,0.35731146,0.2923109,0.35037768,False
2025-03-11 18:30:00+00:00,TCS.NS,3325.5048828125,STAY,2,1,2,STAY,UP,0.33205602,0.2830146,0.38492942,False
2025-03-11 18:30:00+00:00,SBIN.NS,696.2670288085938,UP,2,2,0,UP,DOWN,0.40244806,0.27817062,0.31938133,False
2025-03-12 18:30:00+00:00,SBIN.NS,700.88916015625,DOWN,2,0,0,DOWN,DOWN,0.39529386,0.3193717,0.2853344,True
2025-03-12 18:30:00+00:00,ITC.NS,385.7800598144531,DOWN,2,0,1,DOWN,STAY,0.29556715,0.3650214,0.33941144,False
2025-03-12 18:30:00+00:00,TCS.NS,3330.10498046875,STAY,2,1,0,STAY,DOWN,0.4457894,0.25926232,0.29494828,False
2025-03-12 18:30:00+00:00,HDFCBANK.NS,828.2214965820312,STAY,2,1,1,STAY,STAY,0.26074237,0.4588924,0.28036517,True
2025-03-12 18:30:00+00:00,INFY.NS,1501.938232421875,UP,2,2,2,UP,UP,0.1677825,0.18281177,0.6494058,True
2025-03-12 18:30:00+00:00,ICICIBANK.NS,1230.1080322265625,UP,2,2,1,UP,STAY,0.23517951,0.42430362,0.3405169,False
2025-03-12 18:30:00+00:00,RELIANCE.NS,1237.215576171875,DOWN,2,0,0,DOWN,DOWN,0.46257374,0.2993375,0.23808871,True
2025-03-12 18:30:00+00:00,TMPV.NS,644.5653076171875,UP,2,2,2,UP,UP,0.33179623,0.14670701,0.5214968,True
2025-03-12 18:30:00+00:00,BHARTIARTL.NS,1598.84375,STAY,2,1,0,STAY,DOWN,0.373127,0.25549608,0.37137687,False
2025-03-12 18:30:00+00:00,LT.NS,3127.303466796875,STAY,2,1,0,STAY,DOWN,0.41013128,0.26185247,0.3280162,False
2025-03-16 18:30:00+00:00,SBIN.NS,696.3633422851562,STAY,2,1,0,STAY,DOWN,0.405832,0.2831316,0.3110364,False
2025-03-16 18:30:00+00:00,RELIANCE.NS,1228.2427978515625,STAY,2,1,0,STAY,DOWN,0.3545644,0.3067771,0.33865848,False
2025-03-16 18:30:00+00:00,BHARTIARTL.NS,1605.356689453125,STAY,2,1,2,STAY,UP,0.34844568,0.22449896,0.42705536,False
2025-03-16 18:30:00+00:00,LT.NS,3113.714111328125,STAY,2,1,2,STAY,UP,0.31092256,0.2744071,0.41467035,False
2025-03-16 18:30:00+00:00,HDFCBANK.NS,830.0656127929688,STAY,2,1,1,STAY,STAY,0.2816337,0.39636242,0.32200393,True
2025-03-16 18:30:00+00:00,ITC.NS,381.94146728515625,STAY,2,1,1,STAY,STAY,0.33531946,0.34362286,0.32105765,True
2025-03-16 18:30:00+00:00,INFY.NS,1511.6353759765625,STAY,2,1,2,STAY,UP,0.26275936,0.20600793,0.5312327,False
2025-03-16 18:30:00+00:00,ICICIBANK.NS,1248.755615234375,STAY,2,1,1,STAY,STAY,0.24598123,0.4345912,0.31942755,True
2025-03-16 18:30:00+00:00,TCS.NS,3317.443115234375,STAY,2,1,0,STAY,DOWN,0.3835019,0.24016654,0.37633157,False
2025-03-16 18:30:00+00:00,TMPV.NS,650.022705078125,STAY,2,1,2,STAY,UP,0.39919913,0.18354051,0.4172604,False
2025-03-17 18:30:00+00:00,BHARTIARTL.NS,1605.356689453125,STAY,2,1,2,STAY,UP,0.30332687,0.29797012,0.39870295,False
2025-03-17 18:30:00+00:00,ITC.NS,383.0181579589844,DOWN,2,0,1,DOWN,STAY,0.3276972,0.34880412,0.32349867,False
2025-03-17 18:30:00+00:00,TCS.NS,3317.443115234375,STAY,2,1,0,STAY,DOWN,0.47099853,0.3002307,0.22877076,False
2025-03-17 18:30:00+00:00,RELIANCE.NS,1228.2427978515625,UP,2,2,1,UP,STAY,0.30514106,0.380142,0.3147169,False
2025-03-17 18:30:00+00:00,INFY.NS,1511.6353759765625,STAY,2,1,2,STAY,UP,0.19680022,0.30765796,0.4955418,False
2025-03-17 18:30:00+00:00,ICICIBANK.NS,1248.755615234375,UP,2,2,1,UP,STAY,0.1490106,0.6441762,0.20681325,False
2025-03-17 18:30:00+00:00,TMPV.NS,650.022705078125,UP,2,2,0,UP,DOWN,0.4387681,0.16935006,0.39188188,False
2025-03-17 18:30:00+00:00,HDFCBANK.NS,830.0656127929688,UP,2,2,1,UP,STAY,0.21575613,0.48024145,0.30400234,False
2025-03-17 18:30:00+00:00,SBIN.NS,696.3633422851562,UP,2,2,0,UP,DOWN,0.38719517,0.29920304,0.31360176,False
2025-03-17 18:30:00+00:00,LT.NS,3113.714111328125,UP,2,2,0,UP,DOWN,0.4053841,0.29598007,0.2986359,False
2025-03-18 18:30:00+00:00,ITC.NS,377.3538208007813,STAY,2,1,0,STAY,DOWN,0.40381494,0.3167037,0.27948135,False
2025-03-19 18:30:00+00:00,TMPV.NS,678.5389404296875,UP,2,2,0,UP,DOWN,0.4642926,0.28526315,0.25044426,False
2025-03-19 18:30:00+00:00,HDFCBANK.NS,858.3831787109375,STAY,2,1,1,STAY,STAY,0.19799805,0.5373638,0.2646382,True
2025-03-19 18:30:00+00:00,TCS.NS,3379.51953125,STAY,2,1,2,STAY,UP,0.29764816,0.33157974,0.3707721,False
2025-03-19 18:30:00+00:00,BHARTIARTL.NS,1670.0938720703125,UP,2,2,2,UP,UP,0.29840386,0.3221038,0.3794923,True
2025-03-19 18:30:00+00:00,INFY.NS,1535.8778076171875,DOWN,2,0,2,DOWN,UP,0.35914943,0.20286256,0.43798798,False
2025-03-19 18:30:00+00:00,LT.NS,3287.970947265625,UP,2,2,2,UP,UP,0.26305604,0.3312226,0.4057214,True
2025-03-19 18:30:00+00:00,RELIANCE.NS,1258.2835693359375,UP,2,2,2,UP,UP,0.32063213,0.33174598,0.34762192,True
2025-03-19 18:30:00+00:00,SBIN.NS,721.7853393554688,STAY,2,1,0,STAY,DOWN,0.34598035,0.34459817,0.3094215,False
2025-03-19 18:30:00+00:00,ICICIBANK.NS,1300.6148681640625,UP,2,2,1,UP,STAY,0.29249582,0.49542356,0.2120806,False
2025-03-19 18:30:00+00:00,ITC.NS,378.1965026855469,STAY,2,1,1,STAY,STAY,0.35981333,0.37492412,0.26526257,True
2025-03-20 18:30:00+00:00,ICICIBANK.NS,1321.6734619140625,UP,2,2,1,UP,STAY,0.37381685,0.4947876,0.13139553,False
2025-03-20 18:30:00+00:00,SBIN.NS,725.3001708984375,UP,2,2,0,UP,DOWN,0.37252304,0.34381977,0.28365722,False
2025-03-20 18:30:00+00:00,TCS.NS,3393.699951171875,UP,2,2,2,UP,UP,0.28111088,0.3193859,0.39950326,True
2025-03-20 18:30:00+00:00,ITC.NS,379.6944580078125,UP,2,2,0,UP,DOWN,0.36381263,0.30724233,0.32894504,False
2025-03-20 18:30:00+00:00,INFY.NS,1514.011962890625,STAY,2,1,2,STAY,UP,0.347867,0.19340104,0.45873198,False
2025-03-20 18:30:00+00:00,TMPV.NS,691.2237548828125,UP,2,2,1,UP,STAY,0.30855247,0.450558,0.24088949,False
2025-03-20 18:30:00+00:00,RELIANCE.NS,1265.4217529296875,UP,2,2,1,UP,STAY,0.29234344,0.45331016,0.25434643,False
2025-03-20 18:30:00+00:00,HDFCBANK.NS,859.1596069335938,UP,2,2,1,UP,STAY,0.22275084,0.503902,0.2733471,False
2025-03-20 18:30:00+00:00,BHARTIARTL.NS,1690.2203369140625,STAY,2,1,2,STAY,UP,0.30910745,0.28697768,0.4039149,False
2025-03-20 18:30:00+00:00,LT.NS,3351.6494140625,UP,2,2,1,UP,STAY,0.32092124,0.37267044,0.30640835,False
2025-03-23 18:30:00+00:00,SBIN.NS,751.8778076171875,DOWN,2,0,0,DOWN,DOWN,0.47655007,0.38513458,0.13831535,True
2025-03-23 18:30:00+00:00,ICICIBANK.NS,1336.4835205078125,DOWN,2,0,1,DOWN,STAY,0.28650054,0.53928673,0.1742127,False
2025-03-23 18:30:00+00:00,HDFCBANK.NS,873.5489501953125,UP,2,2,1,UP,STAY,0.21474805,0.4317316,0.35352036,False
2025-03-23 18:30:00+00:00,TMPV.NS,701.5977783203125,STAY,2,1,1,STAY,STAY,0.2827879,0.42263213,0.29457995,True
2025-03-23 18:30:00+00:00,LT.NS,3416.30908203125,STAY,2,1,0,STAY,DOWN,0.4680045,0.35029513,0.18170038,False
2025-03-23 18:30:00+00:00,RELIANCE.NS,1290.9512939453125,DOWN,2,0,1,DOWN,STAY,0.36754197,0.45181978,0.18063824,False
2025-03-23 18:30:00+00:00,ITC.NS,384.703369140625,STAY,2,1,2,STAY,UP,0.30312213,0.29840285,0.39847508,False
2025-03-23 18:30:00+00:00,INFY.NS,1514.2021484375,UP,2,2,2,UP,UP,0.3838253,0.15971687,0.4564578,True
2025-03-23 18:30:00+00:00,BHARTIARTL.NS,1683.3646240234375,UP,2,2,1,UP,STAY,0.27389964,0.4624442,0.26365614,False
2025-03-23 18:30:00+00:00,TCS.NS,3441.9287109375,UP,2,2,1,UP,STAY,0.29518688,0.44316405,0.26164913,False
2025-03-24 18:30:00+00:00,INFY.NS,1548.141357421875,DOWN,2,0,0,DOWN,DOWN,0.42618805,0.21119024,0.3626217,True
2025-03-24 18:30:00+00:00,ICICIBANK.NS,1322.263916015625,DOWN,2,0,1,DOWN,STAY,0.26110408,0.48115432,0.25774157,False
2025-03-24 18:30:00+00:00,SBIN.NS,744.2222900390625,DOWN,2,0,0,DOWN,DOWN,0.420103,0.3164234,0.2634736,True
2025-03-24 18:30:00+00:00,RELIANCE.NS,1274.4439697265625,DOWN,2,0,1,DOWN,STAY,0.30878055,0.37741983,0.31379965,False
2025-03-24 18:30:00+00:00,ITC.NS,383.6735229492188,DOWN,2,0,1,DOWN,STAY,0.31644648,0.35311747,0.33043605,False
2025-03-24 18:30:00+00:00,LT.NS,3404.28955078125,DOWN,2,0,1,DOWN,STAY,0.2946314,0.37283468,0.33253396,False
2025-03-24 18:30:00+00:00,BHARTIARTL.NS,1694.8233642578125,STAY,2,1,1,STAY,STAY,0.34564456,0.35378477,0.30057064,True
2025-03-24 18:30:00+00:00,HDFCBANK.NS,883.9586791992188,DOWN,2,0,1,DOWN,STAY,0.2252858,0.5384128,0.23630138,False
2025-03-24 18:30:00+00:00,TCS.NS,3469.24462890625,DOWN,2,0,1,DOWN,STAY,0.28090987,0.46977833,0.24931182,False
2025-03-24 18:30:00+00:00,TMPV.NS,698.4511108398438,STAY,2,1,0,STAY,DOWN,0.4082278,0.28370714,0.30806512,False
2025-03-25 18:30:00+00:00,HDFCBANK.NS,876.7277221679688,UP,2,2,1,UP,STAY,0.23836258,0.45061454,0.31102288,False
2025-03-25 18:30:00+00:00,ICICIBANK.NS,1314.58837890625,STAY,2,1,0,STAY,DOWN,0.4015508,0.34237647,0.2560728,False
2025-03-25 18:30:00+00:00,TMPV.NS,696.4353637695312,DOWN,2,0,0,DOWN,DOWN,0.4411225,0.23260598,0.32627144,True
2025-03-25 18:30:00+00:00,ITC.NS,381.3797302246094,UP,2,2,0,UP,DOWN,0.35313982,0.3208107,0.32604948,False
2025-03-25 18:30:00+00:00,SBIN.NS,735.7001342773438,UP,2,2,2,UP,UP,0.35772178,0.26117688,0.38110128,True
2025-03-25 18:30:00+00:00,INFY.NS,1520.5716552734375,STAY,2,1,2,STAY,UP,0.40188456,0.1867875,0.41132793,False
2025-03-25 18:30:00+00:00,LT.NS,3379.95654296875,UP,2,2,2,UP,UP,0.39442152,0.21055293,0.39502555,True
2025-03-25 18:30:00+00:00,RELIANCE.NS,1262.150146484375,STAY,2,1,1,STAY,STAY,0.33023188,0.35383213,0.31593597,True
2025-03-25 18:30:00+00:00,BHARTIARTL.NS,1702.70751953125,DOWN,2,0,2,DOWN,UP,0.3188861,0.28939754,0.39171636,False
2025-03-25 18:30:00+00:00,TCS.NS,3448.42578125,STAY,2,1,1,STAY,STAY,0.31189236,0.4209295,0.26717812,True
2025-03-26 18:30:00+00:00,TMPV.NS,657.3975830078125,UP,2,2,0,UP,DOWN,0.35655236,0.31289095,0.33055672,False
2025-03-26 18:30:00+00:00,INFY.NS,1524.469482421875,DOWN,2,0,2,DOWN,UP,0.32738677,0.16952938,0.5030839,False
2025-03-26 18:30:00+00:00,TCS.NS,3463.031982421875,DOWN,2,0,1,DOWN,STAY,0.32795006,0.3649808,0.30706915,False
2025-03-26 18:30:00+00:00,BHARTIARTL.NS,1689.142822265625,UP,2,2,0,UP,DOWN,0.3558957,0.3175387,0.32656562,False
2025-03-26 18:30:00+00:00,ICICIBANK.NS,1315.326416015625,UP,2,2,1,UP,STAY,0.32402632,0.36718002,0.30879366,False
2025-03-26 18:30:00+00:00,LT.NS,3435.687255859375,STAY,2,1,1,STAY,STAY,0.3327169,0.3588779,0.30840522,True
2025-03-26 18:30:00+00:00,ITC.NS,383.3458557128906,STAY,2,1,2,STAY,UP,0.30319446,0.3269256,0.36987993,False
2025-03-26 18:30:00+00:00,HDFCBANK.NS,885.8513793945312,STAY,2,1,1,STAY,STAY,0.247679,0.42277408,0.3295469,True
2025-03-26 18:30:00+00:00,SBIN.NS,743.6926879882812,STAY,2,1,1,STAY,STAY,0.31267992,0.36428452,0.32303554,True
2025-03-26 18:30:00+00:00,RELIANCE.NS,1267.2559814453125,STAY,2,1,1,STAY,STAY,0.29123178,0.38093176,0.32783648,True
2025-03-27 18:30:00+00:00,INFY.NS,1493.1920166015625,DOWN,2,0,0,DOWN,DOWN,0.5445537,0.10245713,0.35298914,True
2025-03-27 18:30:00+00:00,TMPV.NS,663.19921875,STAY,2,1,2,STAY,UP,0.36815333,0.19558202,0.43626466,False
2025-03-27 18:30:00+00:00,HDFCBANK.NS,887.2345581054688,DOWN,2,0,1,DOWN,STAY,0.28433162,0.3910709,0.32459745,False
2025-03-27 18:30:00+00:00,BHARTIARTL.NS,1697.6636962890625,DOWN,2,0,2,DOWN,UP,0.34786177,0.27427885,0.3778594,False
2025-03-27 18:30:00+00:00,RELIANCE.NS,1264.1824951171875,DOWN,2,0,0,DOWN,DOWN,0.35703522,0.31269693,0.33026788,True
2025-03-27 18:30:00+00:00,LT.NS,3426.562255859375,DOWN,2,0,1,DOWN,STAY,0.32690996,0.39541596,0.2776741,False
2025-03-27 18:30:00+00:00,ITC.NS,383.626708984375,DOWN,2,0,0,DOWN,DOWN,0.35820782,0.31508303,0.32670915,True
2025-03-27 18:30:00+00:00,TCS.NS,3420.303466796875,DOWN,2,0,0,DOWN,DOWN,0.37136015,0.34991235,0.27872747,True
2025-03-27 18:30:00+00:00,ICICIBANK.NS,1326.8397216796875,DOWN,2,0,1,DOWN,STAY,0.33593473,0.373521,0.2905442,False
2025-03-27 18:30:00+00:00,SBIN.NS,742.92236328125,STAY,2,1,2,STAY,UP,0.3326957,0.31212315,0.35518116,False
2025-03-31 18:30:00+00:00,ITC.NS,380.724365234375,UP,2,2,2,UP,UP,0.29601565,0.3400696,0.3639148,True
2025-03-31 18:30:00+00:00,BHARTIARTL.NS,1688.6043701171875,UP,2,2,2,UP,UP,0.2828967,0.2983013,0.41880202,True
2025-03-31 18:30:00+00:00,HDFCBANK.NS,857.9464111328125,UP,2,2,0,UP,DOWN,0.36365747,0.32217345,0.3141691,False
2025-03-31 18:30:00+00:00,SBIN.NS,743.1149291992188,UP,2,2,2,UP,UP,0.37121853,0.2502679,0.37851354,True
2025-03-31 18:30:00+00:00,TCS.NS,3367.806396484375,STAY,2,1,0,STAY,DOWN,0.37111354,0.32710713,0.30177936,False
2025-03-31 18:30:00+00:00,TMPV.NS,660.6425170898438,STAY,2,1,2,STAY,UP,0.41232345,0.13237764,0.4552989,False
2025-03-31 18:30:00+00:00,LT.NS,3372.10693359375,STAY,2,1,2,STAY,UP,0.3444986,0.27426806,0.38123327,False
2025-03-31 18:30:00+00:00,INFY.NS,1451.21923828125,UP,2,2,2,UP,UP,0.2815121,0.24608144,0.47240645,True
2025-03-31 18:30:00+00:00,ICICIBANK.NS,1297.4166259765625,UP,2,2,0,UP,DOWN,0.36305434,0.33166316,0.30528247,False
2025-03-31 18:30:00+00:00,RELIANCE.NS,1241.8751220703125,STAY,2,1,0,STAY,DOWN,0.34813622,0.30539232,0.3464715,False
2025-04-01 18:30:00+00:00,TCS.NS,3361.3095703125,DOWN,2,0,0,DOWN,DOWN,0.4577946,0.30374748,0.23845798,True
2025-04-01 18:30:00+00:00,TMPV.NS,660.6917114257812,DOWN,2,0,0,DOWN,DOWN,0.50580126,0.13523744,0.35896125,True
2025-04-01 18:30:00+00:00,LT.NS,3355.52490234375,STAY,2,1,0,STAY,DOWN,0.39984208,0.25896442,0.3411935,False
2025-04-01 18:30:00+00:00,RELIANCE.NS,1240.437744140625,STAY,2,1,0,STAY,DOWN,0.36116812,0.337357,0.30147484,False
2025-04-01 18:30:00+00:00,BHARTIARTL.NS,1718.426513671875,STAY,2,1,2,STAY,UP,0.3085839,0.33249596,0.35892013,False
2025-04-01 18:30:00+00:00,ICICIBANK.NS,1310.0125732421875,STAY,2,1,1,STAY,STAY,0.33048755,0.34832427,0.32118815,True
2025-04-01 18:30:00+00:00,SBIN.NS,747.20751953125,STAY,2,1,2,STAY,UP,0.32288006,0.2856812,0.39143872,False
2025-04-01 18:30:00+00:00,INFY.NS,1473.7030029296875,DOWN,2,0,2,DOWN,UP,0.35175872,0.20382427,0.444417,False
2025-04-01 18:30:00+00:00,ITC.NS,382.9713439941406,STAY,2,1,2,STAY,UP,0.2584352,0.3199925,0.42157233,False
2025-04-01 18:30:00+00:00,HDFCBANK.NS,872.0444946289062,STAY,2,1,1,STAY,STAY,0.22953144,0.49990007,0.27056852,True
2025-04-02 18:30:00+00:00,BHARTIARTL.NS,1710.00390625,STAY,2,1,1,STAY,STAY,0.2783062,0.41119176,0.31050208,True
2025-04-02 18:30:00+00:00,ITC.NS,383.2990112304688,STAY,2,1,2,STAY,UP,0.26172212,0.36728248,0.37099546,False
2025-04-02 18:30:00+00:00,ICICIBANK.NS,1308.3397216796875,STAY,2,1,2,STAY,UP,0.29573593,0.31935933,0.3849047,False
2025-04-02 18:30:00+00:00,TMPV.NS,643.0411987304688,DOWN,2,0,2,DOWN,UP,0.36215067,0.16848502,0.46936435,False
2025-04-02 18:30:00+00:00,TCS.NS,3227.765380859375,DOWN,2,0,2,DOWN,UP,0.25995877,0.2962076,0.44383356,False
2025-04-02 18:30:00+00:00,HDFCBANK.NS,871.0496215820312,UP,2,2,1,UP,STAY,0.28981903,0.42863172,0.28154927,False
2025-04-02 18:30:00+00:00,LT.NS,3355.77001953125,DOWN,2,0,0,DOWN,DOWN,0.4630645,0.2587278,0.27820766,True
2025-04-02 18:30:00+00:00,INFY.NS,1422.6986083984375,DOWN,2,0,2,DOWN,UP,0.24323224,0.21106458,0.5457032,False
2025-04-02 18:30:00+00:00,RELIANCE.NS,1238.0086669921875,DOWN,2,0,0,DOWN,DOWN,0.36275938,0.3194135,0.3178271,True
2025-04-02 18:30:00+00:00,SBIN.NS,750.3370971679688,DOWN,2,0,1,DOWN,STAY,0.3068942,0.3585223,0.3345835,False
2025-04-03 18:30:00+00:00,LT.NS,3198.78173828125,DOWN,2,0,2,DOWN,UP,0.27466303,0.22248808,0.50284886,False
2025-04-03 18:30:00+00:00,RELIANCE.NS,1194.38525390625,DOWN,2,0,2,DOWN,UP,0.30915806,0.29732102,0.3935209,False
2025-04-03 18:30:00+00:00,INFY.NS,1380.060546875,DOWN,2,0,2,DOWN,UP,0.19819456,0.26210225,0.5397032,False
2025-04-03 18:30:00+00:00,ITC.NS,383.5798950195313,DOWN,2,0,2,DOWN,UP,0.18253264,0.34600982,0.47145754,False
2025-04-03 18:30:00+00:00,BHARTIARTL.NS,1707.50634765625,DOWN,2,0,1,DOWN,STAY,0.30465928,0.38469467,0.31064606,False
2025-04-03 18:30:00+00:00,SBIN.NS,739.0223999023438,DOWN,2,0,2,DOWN,UP,0.34109294,0.26709995,0.39180714,False
2025-04-03 18:30:00+00:00,ICICIBANK.NS,1313.998046875,DOWN,2,0,1,DOWN,STAY,0.28982046,0.39931902,0.31086054,False
2025-04-03 18:30:00+00:00,TMPV.NS,603.6100463867188,DOWN,2,0,2,DOWN,UP,0.34416682,0.15987325,0.49596,False
2025-04-03 18:30:00+00:00,HDFCBANK.NS,881.9447021484375,DOWN,2,0,2,DOWN,UP,0.21148267,0.36247835,0.42603898,False
2025-04-03 18:30:00+00:00,TCS.NS,3129.3623046875,DOWN,2,0,2,DOWN,UP,0.19698474,0.20175321,0.60126203,False
2025-04-06 18:30:00+00:00,BHARTIARTL.NS,1651.87744140625,UP,2,2,0,UP,DOWN,0.4149773,0.26088008,0.3241426,False
2025-04-06 18:30:00+00:00,TCS.NS,3105.31884765625,UP,2,2,2,UP,UP,0.199977,0.2163097,0.5837133,True
2025-04-06 18:30:00+00:00,ITC.NS,380.16259765625,UP,2,2,2,UP,UP,0.22991304,0.27031505,0.49977186,True
2025-04-06 18:30:00+00:00,SBIN.NS,719.2335815429688,UP,2,2,0,UP,DOWN,0.40243432,0.24744676,0.35011888,False
2025-04-06 18:30:00+00:00,HDFCBANK.NS,853.0205688476562,UP,2,2,0,UP,DOWN,0.40030414,0.30453336,0.29516253,False
2025-04-06 18:30:00+00:00,INFY.NS,1327.8680419921875,UP,2,2,2,UP,UP,0.12425603,0.19857758,0.6771664,True
2025-04-06 18:30:00+00:00,TMPV.NS,570.0789184570312,UP,2,2,2,UP,UP,0.14255065,0.28432778,0.5731216,True
2025-04-06 18:30:00+00:00,ICICIBANK.NS,1267.009765625,UP,2,2,2,UP,UP,0.35555187,0.28482106,0.35962707,True
2025-04-06 18:30:00+00:00,LT.NS,3010.73974609375,UP,2,2,2,UP,UP,0.25578663,0.14866783,0.59554553,True
2025-04-06 18:30:00+00:00,RELIANCE.NS,1155.7191162109375,UP,2,2,2,UP,UP,0.36886957,0.19814254,0.4329879,True
2025-04-07 18:30:00+00:00,RELIANCE.NS,1172.0780029296875,STAY,2,1,2,STAY,UP,0.25903675,0.19313988,0.54782337,False
2025-04-07 18:30:00+00:00,TMPV.NS,579.027099609375,DOWN,2,0,2,DOWN,UP,0.27595878,0.1626168,0.56142443,False
2025-04-07 18:30:00+00:00,TCS.NS,3123.244873046875,DOWN,2,0,2,DOWN,UP,0.20836037,0.14483614,0.6468035,False
2025-04-07 18:30:00+00:00,ICICIBANK.NS,1279.1627197265625,STAY,2,1,0,STAY,DOWN,0.3557995,0.2980824,0.3461181,False
2025-04-07 18:30:00+00:00,BHARTIARTL.NS,1684.9315185546875,STAY,2,1,2,STAY,UP,0.36387157,0.23291793,0.40321052,False
2025-04-07 18:30:00+00:00,LT.NS,3101.5966796875,DOWN,2,0,2,DOWN,UP,0.25853804,0.09979412,0.64166784,False
2025-04-07 18:30:00+00:00,INFY.NS,1358.3375244140625,DOWN,2,0,2,DOWN,UP,0.13417616,0.13680738,0.7290165,False
2025-04-07 18:30:00+00:00,ITC.NS,386.2481689453125,UP,2,2,2,UP,UP,0.21958241,0.33669853,0.44371906,True
2025-04-07 18:30:00+00:00,SBIN.NS,740.1296997070312,DOWN,2,0,0,DOWN,DOWN,0.34131977,0.3187143,0.33996597,True
2025-04-07 18:30:00+00:00,HDFCBANK.NS,858.5773315429688,STAY,2,1,1,STAY,STAY,0.33116403,0.3645892,0.30424678,True
2025-04-08 18:30:00+00:00,LT.NS,2996.65966796875,UP,2,2,2,UP,UP,0.3051699,0.2147449,0.48008522,True
2025-04-08 18:30:00+00:00,ITC.NS,389.7591247558594,UP,2,2,1,UP,STAY,0.27446404,0.3668712,0.35866475,False
2025-04-08 18:30:00+00:00,RELIANCE.NS,1175.2010498046875,UP,2,2,2,UP,UP,0.31890202,0.1785397,0.50255823,True
2025-04-08 18:30:00+00:00,TMPV.NS,573.1763916015625,UP,2,2,2,UP,UP,0.3278029,0.24758089,0.4246162,True
2025-04-08 18:30:00+00:00,HDFCBANK.NS,856.5632934570312,UP,2,2,1,UP,STAY,0.27643004,0.39539558,0.32817438,False
2025-04-08 18:30:00+00:00,INFY.NS,1334.4752197265625,STAY,2,1,2,STAY,UP,0.11441099,0.21963856,0.6659504,False
2025-04-08 18:30:00+00:00,ICICIBANK.NS,1280.04833984375,UP,2,2,0,UP,DOWN,0.4095264,0.2968079,0.29366574,False
2025-04-08 18:30:00+00:00,BHARTIARTL.NS,1680.181640625,UP,2,2,0,UP,DOWN,0.36377066,0.29073983,0.3454895,False
2025-04-08 18:30:00+00:00,SBIN.NS,714.7076416015625,UP,2,2,0,UP,DOWN,0.44746932,0.17667456,0.37585613,False
2025-04-08 18:30:00+00:00,TCS.NS,3079.28369140625,STAY,2,1,2,STAY,UP,0.20766328,0.21444269,0.57789403,False
2025-04-10 18:30:00+00:00,ICICIBANK.NS,1290.7252197265625,UP,2,2,1,UP,STAY,0.3216745,0.36003277,0.31829274,False
2025-04-10 18:30:00+00:00,HDFCBANK.NS,876.82470703125,UP,2,2,1,UP,STAY,0.227142,0.43508893,0.33776906,False
2025-04-10 18:30:00+00:00,BHARTIARTL.NS,1720.38525390625,UP,2,2,2,UP,UP,0.23457824,0.35760733,0.40781444,True
2025-04-10 18:30:00+00:00,TCS.NS,3064.9619140625,UP,2,2,2,UP,UP,0.14980228,0.23792502,0.6122727,True
2025-04-10 18:30:00+00:00,INFY.NS,1339.9417724609375,UP,2,2,2,UP,UP,0.13921313,0.19658168,0.6642052,True
2025-04-10 18:30:00+00:00,LT.NS,3057.29638671875,UP,2,2,2,UP,UP,0.23966202,0.16282834,0.5975096,True
2025-04-10 18:30:00+00:00,TMPV.NS,585.1236572265625,UP,2,2,2,UP,UP,0.3361666,0.19024737,0.47358605,True
2025-04-10 18:30:00+00:00,SBIN.NS,725.9260864257812,UP,2,2,2,UP,UP,0.3741289,0.19748704,0.42838407,True
2025-04-10 18:30:00+00:00,RELIANCE.NS,1208.5133056640625,UP,2,2,0,UP,DOWN,0.3823336,0.30017853,0.31748784,False
2025-04-10 18:30:00+00:00,ITC.NS,394.6744079589844,STAY,2,1,2,STAY,UP,0.2959357,0.3367085,0.3673558,False
2025-04-14 18:30:00+00:00,LT.NS,3196.2802734375,DOWN,2,0,2,DOWN,UP,0.33438024,0.3091674,0.3564524,False
2025-04-14 18:30:00+00:00,TCS.NS,3080.801025390625,UP,2,2,2,UP,UP,0.13614947,0.16223466,0.70161587,True
2025-04-14 18:30:00+00:00,RELIANCE.NS,1229.4822998046875,STAY,2,1,1,STAY,STAY,0.28845438,0.4054691,0.30607656,True
2025-04-14 18:30:00+00:00,ITC.NS,393.59771728515625,UP,2,2,1,UP,STAY,0.30488366,0.3873036,0.30781272,False
2025-04-14 18:30:00+00:00,ICICIBANK.NS,1328.66015625,STAY,2,1,1,STAY,STAY,0.3030525,0.3492303,0.34771723,True
2025-04-14 18:30:00+00:00,INFY.NS,1355.675537109375,DOWN,2,0,2,DOWN,UP,0.1704539,0.2249997,0.6045464,False
2025-04-14 18:30:00+00:00,BHARTIARTL.NS,1761.71533203125,UP,2,2,2,UP,UP,0.2865642,0.3106351,0.40280068,True
2025-04-14 18:30:00+00:00,SBIN.NS,735.2186279296875,UP,2,2,2,UP,UP,0.33433273,0.27218783,0.3934794,True
2025-04-14 18:30:00+00:00,HDFCBANK.NS,905.0452270507812,UP,2,2,1,UP,STAY,0.22791296,0.45662138,0.3154657,False
2025-04-14 18:30:00+00:00,TMPV.NS,611.82080078125,DOWN,2,0,0,DOWN,DOWN,0.38922137,0.30838072,0.30239788,True
2025-04-15 18:30:00+00:00,LT.NS,3166.94287109375,UP,2,2,2,UP,UP,0.3083138,0.34095883,0.35072732,True
2025-04-15 18:30:00+00:00,ITC.NS,397.3895568847656,UP,2,2,1,UP,STAY,0.29872075,0.41035947,0.29091978,False
2025-04-15 18:30:00+00:00,INFY.NS,1343.4117431640625,STAY,2,1,2,STAY,UP,0.19975428,0.2358238,0.56442195,False
2025-04-15 18:30:00+00:00,BHARTIARTL.NS,1785.0245361328125,UP,2,2,1,UP,STAY,0.33109418,0.3373953,0.33151048,False
2025-04-15 18:30:00+00:00,TCS.NS,3105.08203125,UP,2,2,2,UP,UP,0.20033805,0.2226317,0.57703024,True
2025-04-15 18:30:00+00:00,ICICIBANK.NS,1334.7613525390625,UP,2,2,1,UP,STAY,0.27501744,0.4384558,0.2865268,False
2025-04-15 18:30:00+00:00,TMPV.NS,605.7733764648438,UP,2,2,2,UP,UP,0.29724148,0.27480516,0.4279534,True
2025-04-15 18:30:00+00:00,SBIN.NS,743.1630859375,UP,2,2,2,UP,UP,0.30686498,0.3264545,0.3666805,True
2025-04-15 18:30:00+00:00,HDFCBANK.NS,911.4027709960938,UP,2,2,1,UP,STAY,0.18910031,0.5276654,0.28323427,False
2025-04-15 18:30:00+00:00,RELIANCE.NS,1228.689208984375,UP,2,2,2,UP,UP,0.30804926,0.2913124,0.40063837,True
2025-04-16 18:30:00+00:00,ITC.NS,400.010986328125,DOWN,2,0,2,DOWN,UP,0.25740087,0.3619132,0.38068593,False
2025-04-16 18:30:00+00:00,RELIANCE.NS,1263.5877685546875,UP,2,2,2,UP,UP,0.26267928,0.35513237,0.38218832,True
2025-04-16 18:30:00+00:00,BHARTIARTL.NS,1850.153564453125,STAY,2,1,0,STAY,DOWN,0.4126344,0.3394297,0.24793592,False
2025-04-16 18:30:00+00:00,HDFCBANK.NS,925.3309326171876,UP,2,2,1,UP,STAY,0.2787307,0.47452027,0.24674903,False
2025-04-16 18:30:00+00:00,SBIN.NS,767.9111328125,UP,2,2,2,UP,UP,0.32261539,0.26308465,0.4143,True
2025-04-16 18:30:00+00:00,TCS.NS,3128.88818359375,UP,2,2,2,UP,UP,0.252635,0.21854822,0.52881676,True
2025-04-16 18:30:00+00:00,LT.NS,3186.174072265625,UP,2,2,2,UP,UP,0.2823066,0.3518167,0.3658767,True
2025-04-16 18:30:00+00:00,INFY.NS,1349.4959716796875,UP,2,2,2,UP,UP,0.22080365,0.18169531,0.5975011,True
2025-04-16 18:30:00+00:00,ICICIBANK.NS,1384.2589111328125,STAY,2,1,0,STAY,DOWN,0.43698496,0.34727535,0.21573965,False
2025-04-16 18:30:00+00:00,TMPV.NS,611.181640625,UP,2,2,2,UP,UP,0.16484216,0.3873918,0.447766,True
2025-04-20 18:30:00+00:00,BHARTIARTL.NS,1844.5711669921875,DOWN,2,0,2,DOWN,UP,0.2453821,0.3607609,0.393857,False
2025-04-20 18:30:00+00:00,INFY.NS,1379.442626953125,DOWN,2,0,2,DOWN,UP,0.29634315,0.23134783,0.472309,False
2025-04-20 18:30:00+00:00,ICICIBANK.NS,1387.3094482421875,STAY,2,1,0,STAY,DOWN,0.3697761,0.3279776,0.30224633,False
2025-04-20 18:30:00+00:00,TMPV.NS,619.539794921875,STAY,2,1,0,STAY,DOWN,0.43107286,0.23182818,0.33709893,False
2025-04-20 18:30:00+00:00,LT.NS,3218.7490234375,DOWN,2,0,2,DOWN,UP,0.2948844,0.31959763,0.385518,False
2025-04-20 18:30:00+00:00,SBIN.NS,786.447998046875,UP,2,2,0,UP,DOWN,0.39257535,0.22508675,0.38233793,False
2025-04-20 18:30:00+00:00,RELIANCE.NS,1284.4078369140625,STAY,2,1,2,STAY,UP,0.28750095,0.29905775,0.41344133,False
2025-04-20 18:30:00+00:00,TCS.NS,3150.418701171875,STAY,2,1,2,STAY,UP,0.3049365,0.23531224,0.45975134,False
2025-04-20 18:30:00+00:00,ITC.NS,395.89154052734375,UP,2,2,1,UP,STAY,0.30754042,0.36040366,0.33205593,False
2025-04-20 18:30:00+00:00,HDFCBANK.NS,935.231201171875,UP,2,2,1,UP,STAY,0.33264405,0.42515168,0.24220432,False
2025-04-21 18:30:00+00:00,TMPV.NS,620.3264770507812,UP,2,2,2,UP,UP,0.24574013,0.28609735,0.46816245,True
2025-04-21 18:30:00+00:00,HDFCBANK.NS,952.0227661132812,DOWN,2,0,0,DOWN,DOWN,0.42802402,0.41062674,0.16134927,True
2025-04-21 18:30:00+00:00,BHARTIARTL.NS,1814.0142822265625,UP,2,2,2,UP,UP,0.35436875,0.26933017,0.3763011,True
2025-04-21 18:30:00+00:00,LT.NS,3196.4765625,UP,2,2,1,UP,STAY,0.21685107,0.43528798,0.3478609,False
2025-04-21 18:30:00+00:00,INFY.NS,1352.6334228515625,UP,2,2,2,UP,UP,0.2879831,0.2077784,0.50423855,True
2025-04-21 18:30:00+00:00,TCS.NS,3143.589111328125,UP,2,2,2,UP,UP,0.3192215,0.22836815,0.4524104,True
2025-04-21 18:30:00+00:00,ITC.NS,405.9561767578125,DOWN,2,0,1,DOWN,STAY,0.30751377,0.3801404,0.3123459,False
2025-04-21 18:30:00+00:00,ICICIBANK.NS,1393.9024658203125,UP,2,2,1,UP,STAY,0.35124767,0.3850212,0.26373112,False
2025-04-21 18:30:00+00:00,RELIANCE.NS,1280.144775390625,UP,2,2,0,UP,DOWN,0.39320648,0.28140384,0.32538968,False
2025-04-21 18:30:00+00:00,SBIN.NS,791.9369506835938,DOWN,2,0,0,DOWN,DOWN,0.38309696,0.37388432,0.24301872,True
2025-04-22 18:30:00+00:00,ITC.NS,403.3815002441406,STAY,2,1,1,STAY,STAY,0.30449918,0.35456827,0.34093255,True
2025-04-22 18:30:00+00:00,BHARTIARTL.NS,1842.8082275390625,DOWN,2,0,1,DOWN,STAY,0.328782,0.35009366,0.3211244,False
2025-04-22 18:30:00+00:00,SBIN.NS,783.3184204101562,STAY,2,1,2,STAY,UP,0.38865677,0.22199392,0.38934928,False
2025-04-22 18:30:00+00:00,TCS.NS,3237.1083984375,STAY,2,1,2,STAY,UP,0.17060743,0.23232332,0.59706926,False
2025-04-22 18:30:00+00:00,LT.NS,3238.863037109375,STAY,2,1,2,STAY,UP,0.2628111,0.32241407,0.41477484,False
2025-04-22 18:30:00+00:00,INFY.NS,1402.1639404296875,STAY,2,1,2,STAY,UP,0.22052258,0.2318522,0.54762524,False
2025-04-22 18:30:00+00:00,HDFCBANK.NS,933.6782836914062,STAY,2,1,0,STAY,DOWN,0.3601663,0.33545268,0.30438104,False
2025-04-22 18:30:00+00:00,TMPV.NS,648.8919677734375,UP,2,2,0,UP,DOWN,0.42363122,0.29833293,0.27803582,False
2025-04-22 18:30:00+00:00,RELIANCE.NS,1288.869384765625,STAY,2,1,1,STAY,STAY,0.32460064,0.35389823,0.32150117,True
2025-04-22 18:30:00+00:00,ICICIBANK.NS,1401.676513671875,DOWN,2,0,0,DOWN,DOWN,0.39633846,0.3585645,0.24509706,True
2025-04-23 18:30:00+00:00,SBIN.NS,783.2703247070312,DOWN,2,0,0,DOWN,DOWN,0.35291946,0.2997209,0.34735966,True
2025-04-23 18:30:00+00:00,RELIANCE.NS,1290.4556884765625,STAY,2,1,0,STAY,DOWN,0.41347933,0.30814376,0.2783769,False
2025-04-23 18:30:00+00:00,TMPV.NS,657.200927734375,DOWN,2,0,0,DOWN,DOWN,0.47155824,0.17108895,0.3573528,True
2025-04-23 18:30:00+00:00,INFY.NS,1398.8365478515625,UP,2,2,2,UP,UP,0.33716384,0.16494378,0.49789235,True
2025-04-23 18:30:00+00:00,ITC.NS,402.6324768066406,DOWN,2,0,1,DOWN,STAY,0.3159876,0.36152172,0.3224907,False
2025-04-23 18:30:00+00:00,TCS.NS,3226.29541015625,UP,2,2,2,UP,UP,0.24126011,0.19302888,0.565711,True
2025-04-23 18:30:00+00:00,ICICIBANK.NS,1380.32275390625,STAY,2,1,2,STAY,UP,0.32345295,0.33018607,0.34636104,False
2025-04-23 18:30:00+00:00,HDFCBANK.NS,930.2325439453124,STAY,2,1,1,STAY,STAY,0.29510117,0.40874985,0.296149,True
2025-04-23 18:30:00+00:00,LT.NS,3238.470703125,DOWN,2,0,2,DOWN,UP,0.28305432,0.26185128,0.4550943,False
2025-04-23 18:30:00+00:00,BHARTIARTL.NS,1807.5504150390625,DOWN,2,0,2,DOWN,UP,0.2780979,0.28767312,0.43422896,False
2025-04-24 18:30:00+00:00,RELIANCE.NS,1289.2659912109375,UP,2,2,0,UP,DOWN,0.40062407,0.28396845,0.31540743,False
2025-04-24 18:30:00+00:00,ITC.NS,400.5259399414063,STAY,2,1,2,STAY,UP,0.27830958,0.3447037,0.37698674,False
2025-04-24 18:30:00+00:00,BHARTIARTL.NS,1779.73583984375,STAY,2,1,0,STAY,DOWN,0.4541133,0.21758899,0.32829773,False
2025-04-24 18:30:00+00:00,ICICIBANK.NS,1382.3892822265625,UP,2,2,0,UP,DOWN,0.38394588,0.32058564,0.29546845,False
2025-04-24 18:30:00+00:00,INFY.NS,1407.2025146484375,STAY,2,1,0,STAY,DOWN,0.42240062,0.2249454,0.35265398,False
2025-04-24 18:30:00+00:00,TMPV.NS,644.3195190429688,UP,2,2,0,UP,DOWN,0.41368037,0.26544887,0.32087076,False
2025-04-24 18:30:00+00:00,LT.NS,3210.50732421875,UP,2,2,1,UP,STAY,0.32997492,0.3851464,0.28487867,False
2025-04-24 18:30:00+00:00,HDFCBANK.NS,927.5148315429688,STAY,2,1,1,STAY,STAY,0.2637404,0.41362303,0.3226366,True
2025-04-24 18:30:00+00:00,SBIN.NS,769.0667114257812,UP,2,2,2,UP,UP,0.36349666,0.2548921,0.3816112,True
2025-04-24 18:30:00+00:00,TCS.NS,3270.30419921875,STAY,2,1,2,STAY,UP,0.24386328,0.35283107,0.4033056,False
2025-04-27 18:30:00+00:00,INFY.NS,1409.0087890625,UP,2,2,2,UP,UP,0.2918925,0.21551342,0.49259412,True
2025-04-27 18:30:00+00:00,BHARTIARTL.NS,1784.2412109375,STAY,2,1,0,STAY,DOWN,0.36304438,0.29550195,0.34145367,False
2025-04-27 18:30:00+00:00,TMPV.NS,657.0043334960938,STAY,2,1,0,STAY,DOWN,0.37355793,0.34296992,0.28347212,False
2025-04-27 18:30:00+00:00,SBIN.NS,787.073974609375,DOWN,2,0,0,DOWN,DOWN,0.35237384,0.29734406,0.3502821,True
2025-04-27 18:30:00+00:00,TCS.NS,3266.0361328125,UP,2,2,2,UP,UP,0.29390952,0.28303128,0.4230592,True
2025-04-27 18:30:00+00:00,RELIANCE.NS,1357.0804443359375,UP,2,2,0,UP,DOWN,0.49617296,0.30878857,0.19503844,False
2025-04-27 18:30:00+00:00,ITC.NS,401.4621887207031,DOWN,2,0,1,DOWN,STAY,0.2760126,0.43088707,0.29310036,False
2025-04-27 18:30:00+00:00,LT.NS,3264.668212890625,STAY,2,1,0,STAY,DOWN,0.34515432,0.32827902,0.32656667,False
2025-04-27 18:30:00+00:00,HDFCBANK.NS,931.882568359375,DOWN,2,0,1,DOWN,STAY,0.25249922,0.41549796,0.33200276,False
2025-04-27 18:30:00+00:00,ICICIBANK.NS,1406.00634765625,STAY,2,1,1,STAY,STAY,0.31420302,0.39182383,0.29397312,True
2025-04-28 18:30:00+00:00,INFY.NS,1423.6495361328125,STAY,2,1,0,STAY,DOWN,0.4987586,0.1710203,0.33022106,False
2025-04-28 18:30:00+00:00,TCS.NS,3293.54150390625,DOWN,2,0,0,DOWN,DOWN,0.40876368,0.3282606,0.26297575,True
2025-04-28 18:30:00+00:00,SBIN.NS,782.4517211914062,DOWN,2,0,2,DOWN,UP,0.35405824,0.23769824,0.4082435,False
2025-04-28 18:30:00+00:00,HDFCBANK.NS,926.3501586914062,UP,2,2,1,UP,STAY,0.31414482,0.39173403,0.2941212,False
2025-04-28 18:30:00+00:00,BHARTIARTL.NS,1786.199951171875,UP,2,2,0,UP,DOWN,0.43126005,0.2593389,0.30940104,False
2025-04-28 18:30:00+00:00,LT.NS,3259.76220703125,UP,2,2,0,UP,DOWN,0.41488764,0.27173233,0.31338006,False
2025-04-28 18:30:00+00:00,TMPV.NS,654.4967651367188,DOWN,2,0,0,DOWN,DOWN,0.5099938,0.20574103,0.2842652,True
2025-04-28 18:30:00+00:00,ITC.NS,398.8406982421875,STAY,2,1,1,STAY,STAY,0.34900147,0.3662206,0.28477797,True
2025-04-28 18:30:00+00:00,RELIANCE.NS,1387.7156982421875,STAY,2,1,0,STAY,DOWN,0.58966047,0.24795547,0.16238405,False
2025-04-28 18:30:00+00:00,ICICIBANK.NS,1406.990478515625,STAY,2,1,1,STAY,STAY,0.3481362,0.36535507,0.2865087,True
2025-04-29 18:30:00+00:00,ICICIBANK.NS,1404.2349853515625,STAY,2,1,0,STAY,DOWN,0.36849663,0.3634309,0.26807252,False
2025-04-29 18:30:00+00:00,SBIN.NS,759.4371337890625,UP,2,2,0,UP,DOWN,0.4065749,0.20274977,0.39067534,False
2025-04-29 18:30:00+00:00,BHARTIARTL.NS,1826.060791015625,DOWN,2,0,2,DOWN,UP,0.28599066,0.30677652,0.4072328,False
2025-04-29 18:30:00+00:00,TMPV.NS,633.5029296875,UP,2,2,0,UP,DOWN,0.3785857,0.3113261,0.31008822,False
2025-04-29 18:30:00+00:00,INFY.NS,1426.1212158203125,STAY,2,1,0,STAY,DOWN,0.59749067,0.14726838,0.25524098,False
2025-04-29 18:30:00+00:00,ITC.NS,398.6534729003906,UP,2,2,1,UP,STAY,0.3187097,0.39442188,0.2868684,False
2025-04-29 18:30:00+00:00,LT.NS,3278.110107421875,STAY,2,1,1,STAY,STAY,0.35018644,0.3746706,0.275143,True
2025-04-29 18:30:00+00:00,TCS.NS,3275.710205078125,DOWN,2,0,0,DOWN,DOWN,0.44965282,0.23591712,0.3144301,True
2025-04-29 18:30:00+00:00,RELIANCE.NS,1392.9703369140625,UP,2,2,0,UP,DOWN,0.4690932,0.27200872,0.25889805,False
2025-04-29 18:30:00+00:00,HDFCBANK.NS,934.2120361328124,STAY,2,1,1,STAY,STAY,0.25035143,0.47388372,0.2757648,True
2025-05-01 18:30:00+00:00,BHARTIARTL.NS,1810.0968017578125,UP,2,2,2,UP,UP,0.307017,0.3294221,0.36356094,True
2025-05-01 18:30:00+00:00,SBIN.NS,767.1888427734375,DOWN,2,0,2,DOWN,UP,0.3321038,0.17105119,0.496845,False
2025-05-01 18:30:00+00:00,HDFCBANK.NS,932.7076416015624,UP,2,2,1,UP,STAY,0.3004801,0.36898324,0.33053666,False
2025-05-01 18:30:00+00:00,TMPV.NS,638.2720947265625,UP,2,2,2,UP,UP,0.28744128,0.20786826,0.5046904,True
2025-05-01 18:30:00+00:00,ICICIBANK.NS,1407.2855224609375,STAY,2,1,1,STAY,STAY,0.3481609,0.36431426,0.28752485,True
2025-05-01 18:30:00+00:00,TCS.NS,3254.180419921875,UP,2,2,2,UP,UP,0.38461366,0.22081265,0.39457372,True
2025-05-01 18:30:00+00:00,INFY.NS,1432.5859375,STAY,2,1,0,STAY,DOWN,0.53522104,0.1408536,0.32392532,False
2025-05-01 18:30:00+00:00,RELIANCE.NS,1407.6436767578125,UP,2,2,0,UP,DOWN,0.4393573,0.2351835,0.32545915,False
2025-05-01 18:30:00+00:00,LT.NS,3272.125,STAY,2,1,0,STAY,DOWN,0.446879,0.21702477,0.33609626,False
2025-05-01 18:30:00+00:00,ITC.NS,402.1175537109375,UP,2,2,1,UP,STAY,0.26876894,0.4504836,0.28074747,False
2025-05-04 18:30:00+00:00,BHARTIARTL.NS,1827.5299072265625,UP,2,2,1,UP,STAY,0.315646,0.42861405,0.25573996,False
2025-05-04 18:30:00+00:00,INFY.NS,1434.2020263671875,STAY,2,1,0,STAY,DOWN,0.41971388,0.18640018,0.39388597,False
2025-05-04 18:30:00+00:00,HDFCBANK.NS,939.9386596679688,STAY,2,1,1,STAY,STAY,0.22496319,0.44541278,0.329624,True
2025-05-04 18:30:00+00:00,LT.NS,3267.513427734375,STAY,2,1,0,STAY,DOWN,0.41257083,0.23986848,0.34756067,False
2025-05-04 18:30:00+00:00,SBIN.NS,760.737060546875,DOWN,2,0,0,DOWN,DOWN,0.39922085,0.28134248,0.3194367,True
2025-05-04 18:30:00+00:00,RELIANCE.NS,1419.0452880859375,DOWN,2,0,0,DOWN,DOWN,0.44783974,0.33361942,0.21854082,True
2025-05-04 18:30:00+00:00,TMPV.NS,650.5143432617188,DOWN,2,0,2,DOWN,UP,0.35276523,0.2548346,0.39240023,False
2025-05-04 18:30:00+00:00,TCS.NS,3276.279541015625,STAY,2,1,0,STAY,DOWN,0.44649008,0.2410758,0.31243417,False
2025-05-04 18:30:00+00:00,ICICIBANK.NS,1406.5968017578125,STAY,2,1,1,STAY,STAY,0.28784823,0.40238836,0.30976334,True
2025-05-04 18:30:00+00:00,ITC.NS,409.0926208496094,STAY,2,1,1,STAY,STAY,0.27491456,0.45884138,0.26624402,True
2025-05-05 18:30:00+00:00,BHARTIARTL.NS,1861.808349609375,STAY,2,1,1,STAY,STAY,0.21351655,0.39762488,0.38885862,True
2025-05-05 18:30:00+00:00,RELIANCE.NS,1408.7342529296875,DOWN,2,0,0,DOWN,DOWN,0.55127823,0.25535315,0.19336858,True
2025-05-05 18:30:00+00:00,ITC.NS,407.7818298339844,DOWN,2,0,1,DOWN,STAY,0.3142259,0.39290956,0.29286456,False
2025-05-05 18:30:00+00:00,TCS.NS,3281.68603515625,STAY,2,1,0,STAY,DOWN,0.5042627,0.23868671,0.25705066,False
2025-05-05 18:30:00+00:00,HDFCBANK.NS,937.463623046875,UP,2,2,1,UP,STAY,0.2945047,0.40276736,0.3027279,False
2025-05-05 18:30:00+00:00,TMPV.NS,637.3870849609375,UP,2,2,0,UP,DOWN,0.3815452,0.24062441,0.37783036,False
2025-05-05 18:30:00+00:00,ICICIBANK.NS,1408.7615966796875,STAY,2,1,1,STAY,STAY,0.30576426,0.35826036,0.33597535,True
2025-05-05 18:30:00+00:00,INFY.NS,1436.9588623046875,STAY,2,1,0,STAY,DOWN,0.48401567,0.24220969,0.27377465,False
2025-05-05 18:30:00+00:00,SBIN.NS,745.4259643554688,STAY,2,1,2,STAY,UP,0.3841527,0.13582858,0.4800187,False
2025-05-05 18:30:00+00:00,LT.NS,3271.241943359375,STAY,2,1,0,STAY,DOWN,0.42226213,0.2443544,0.33338344,False
2025-05-06 18:30:00+00:00,BHARTIARTL.NS,1857.6949462890625,DOWN,2,0,2,DOWN,UP,0.3116229,0.28636262,0.40201452,False
2025-05-06 18:30:00+00:00,ITC.NS,403.6623840332031,STAY,2,1,1,STAY,STAY,0.25108984,0.48171046,0.26719975,True
2025-05-06 18:30:00+00:00,RELIANCE.NS,1393.9617919921875,STAY,2,1,0,STAY,DOWN,0.41537616,0.35699382,0.22763003,False
2025-05-06 18:30:00+00:00,TCS.NS,3267.553955078125,STAY,2,1,0,STAY,DOWN,0.389239,0.28765583,0.3231052,False
2025-05-06 18:30:00+00:00,INFY.NS,1433.9168701171875,STAY,2,1,0,STAY,DOWN,0.4745592,0.16881023,0.3566306,False
2025-05-06 18:30:00+00:00,HDFCBANK.NS,944.2094116210938,DOWN,2,0,1,DOWN,STAY,0.27929989,0.4076472,0.31305298,False
2025-05-06 18:30:00+00:00,SBIN.NS,747.3518676757812,DOWN,2,0,0,DOWN,DOWN,0.4445779,0.16556294,0.3898592,True
2025-05-06 18:30:00+00:00,TMPV.NS,668.9515991210938,STAY,2,1,0,STAY,DOWN,0.38756597,0.3665033,0.24593076,False
2025-05-06 18:30:00+00:00,LT.NS,3258.879150390625,STAY,2,1,2,STAY,UP,0.35984582,0.24431431,0.39583984,False
2025-05-06 18:30:00+00:00,ICICIBANK.NS,1412.5010986328125,STAY,2,1,1,STAY,STAY,0.29046625,0.40009785,0.30943584,True
2025-05-07 18:30:00+00:00,LT.NS,3261.33203125,UP,2,2,2,UP,UP,0.33789372,0.24674425,0.41536206,True
2025-05-07 18:30:00+00:00,TMPV.NS,671.4590454101562,UP,2,2,0,UP,DOWN,0.48741838,0.33597687,0.17660476,False
2025-05-07 18:30:00+00:00,RELIANCE.NS,1394.9532470703125,DOWN,2,0,0,DOWN,DOWN,0.3593482,0.3257571,0.3148947,True
2025-05-07 18:30:00+00:00,ITC.NS,403.1474609375,DOWN,2,0,1,DOWN,STAY,0.28405267,0.39095044,0.32499686,False
2025-05-07 18:30:00+00:00,SBIN.NS,740.5149536132812,UP,2,2,0,UP,DOWN,0.4981101,0.16229905,0.33959085,False
2025-05-07 18:30:00+00:00,TCS.NS,3271.15771484375,STAY,2,1,0,STAY,DOWN,0.37420747,0.30263823,0.3231543,False
2025-05-07 18:30:00+00:00,BHARTIARTL.NS,1836.246337890625,DOWN,2,0,0,DOWN,DOWN,0.3947545,0.22864118,0.3766043,True
2025-05-07 18:30:00+00:00,ICICIBANK.NS,1412.599365234375,DOWN,2,0,2,DOWN,UP,0.3103251,0.33089972,0.3587752,False
2025-05-07 18:30:00+00:00,INFY.NS,1436.864013671875,STAY,2,1,0,STAY,DOWN,0.48676696,0.20671849,0.3065145,False
2025-05-07 18:30:00+00:00,HDFCBANK.NS,935.91064453125,DOWN,2,0,1,DOWN,STAY,0.24251,0.43876925,0.31872073,False
2025-05-08 18:30:00+00:00,RELIANCE.NS,1365.4083251953125,UP,2,2,0,UP,DOWN,0.38193566,0.24908917,0.3689752,False
2025-05-08 18:30:00+00:00,ITC.NS,396.5469055175781,UP,2,2,1,UP,STAY,0.27150595,0.40859535,0.31989872,False
2025-05-08 18:30:00+00:00,SBIN.NS,750.38525390625,UP,2,2,0,UP,DOWN,0.40517497,0.24459724,0.3502278,False
2025-05-08 18:30:00+00:00,TCS.NS,3263.001220703125,UP,2,2,2,UP,UP,0.37041074,0.25799453,0.37159473,True
2025-05-08 18:30:00+00:00,ICICIBANK.NS,1366.742919921875,UP,2,2,1,UP,STAY,0.31646937,0.3796447,0.3038859,False
2025-05-08 18:30:00+00:00,INFY.NS,1433.2513427734375,UP,2,2,2,UP,UP,0.40381506,0.19058293,0.405602,True
2025-05-08 18:30:00+00:00,LT.NS,3379.072998046875,UP,2,2,2,UP,UP,0.24439915,0.29353434,0.46206647,True
2025-05-08 18:30:00+00:00,TMPV.NS,696.6812133789062,UP,2,2,0,UP,DOWN,0.6348221,0.21459761,0.1505803,False
2025-05-08 18:30:00+00:00,BHARTIARTL.NS,1810.292724609375,UP,2,2,2,UP,UP,0.3276416,0.26430535,0.40805298,True
2025-05-08 18:30:00+00:00,HDFCBANK.NS,917.080810546875,UP,2,2,1,UP,STAY,0.23036328,0.4903339,0.27930278,False
2025-05-11 18:30:00+00:00,RELIANCE.NS,1424.2005615234375,DOWN,2,0,1,DOWN,STAY,0.31923527,0.43305922,0.24770552,False
2025-05-11 18:30:00+00:00,ITC.NS,407.7350463867188,DOWN,2,0,1,DOWN,STAY,0.20131828,0.5221532,0.27652854,False
2025-05-11 18:30:00+00:00,SBIN.NS,771.9555053710938,STAY,2,1,2,STAY,UP,0.3125272,0.31166327,0.3758095,False
2025-05-11 18:30:00+00:00,TCS.NS,3433.819091796875,DOWN,2,0,0,DOWN,DOWN,0.427796,0.34484902,0.22735497,True
2025-05-11 18:30:00+00:00,TMPV.NS,708.7760009765625,DOWN,2,0,0,DOWN,DOWN,0.5660806,0.17338267,0.26053676,True
2025-05-11 18:30:00+00:00,ICICIBANK.NS,1425.39208984375,DOWN,2,0,1,DOWN,STAY,0.27047992,0.37614572,0.3533743,False
2025-05-11 18:30:00+00:00,LT.NS,3519.67578125,DOWN,2,0,0,DOWN,DOWN,0.43443838,0.28525883,0.28030276,True
2025-05-11 18:30:00+00:00,INFY.NS,1546.66796875,DOWN,2,0,0,DOWN,DOWN,0.45178246,0.36811736,0.18010014,True
2025-05-11 18:30:00+00:00,HDFCBANK.NS,949.8388671875,DOWN,2,0,1,DOWN,STAY,0.22142811,0.50058806,0.27798387,False
2025-05-11 18:30:00+00:00,BHARTIARTL.NS,1832.23095703125,DOWN,2,0,2,DOWN,UP,0.2870117,0.31342557,0.39956275,False
2025-05-12 18:30:00+00:00,RELIANCE.NS,1403.57861328125,UP,2,2,0,UP,DOWN,0.44173163,0.24103189,0.31723648,False
2025-05-12 18:30:00+00:00,BHARTIARTL.NS,1783.0657958984375,UP,2,2,2,UP,UP,0.3504694,0.28136292,0.3681677,True
2025-05-12 18:30:00+00:00,ITC.NS,400.61956787109375,STAY,2,1,1,STAY,STAY,0.32049823,0.3891217,0.2903801,True
2025-05-12 18:30:00+00:00,TCS.NS,3333.851318359375,UP,2,2,2,UP,UP,0.32538518,0.23332289,0.4412919,True
2025-05-12 18:30:00+00:00,INFY.NS,1491.2430419921875,UP,2,2,2,UP,UP,0.3909107,0.20876142,0.40032783,True
2025-05-12 18:30:00+00:00,LT.NS,3499.85595703125,STAY,2,1,0,STAY,DOWN,0.35060218,0.33733332,0.31206453,False
2025-05-12 18:30:00+00:00,HDFCBANK.NS,933.04736328125,DOWN,2,0,1,DOWN,STAY,0.3190605,0.4153006,0.26563886,False
2025-05-12 18:30:00+00:00,ICICIBANK.NS,1407.777587890625,STAY,2,1,2,STAY,UP,0.31709787,0.33223307,0.35066906,False
2025-05-12 18:30:00+00:00,SBIN.NS,772.0518188476562,STAY,2,1,0,STAY,DOWN,0.37976065,0.28597093,0.3342684,False
2025-05-12 18:30:00+00:00,TMPV.NS,695.8945922851562,DOWN,2,0,0,DOWN,DOWN,0.38823482,0.27911162,0.33265352,True
2025-05-13 18:30:00+00:00,BHARTIARTL.NS,1796.385498046875,UP,2,2,2,UP,UP,0.34890446,0.22910327,0.4219923,True
2025-05-13 18:30:00+00:00,HDFCBANK.NS,927.2236938476562,UP,2,2,1,UP,STAY,0.25884387,0.43973756,0.30141854,False
2025-05-13 18:30:00+00:00,SBIN.NS,771.0407104492188,UP,2,2,2,UP,UP,0.31910172,0.27354077,0.40735754,True
2025-05-13 18:30:00+00:00,RELIANCE.NS,1412.204345703125,UP,2,2,1,UP,STAY,0.32971758,0.35861778,0.3116646,False
2025-05-13 18:30:00+00:00,LT.NS,3505.84130859375,UP,2,2,0,UP,DOWN,0.36305416,0.32656926,0.31037655,False
2025-05-13 18:30:00+00:00,INFY.NS,1513.869384765625,UP,2,2,1,UP,STAY,0.30669472,0.3721948,0.3211105,False
2025-05-13 18:30:00+00:00,ICICIBANK.NS,1403.44775390625,UP,2,2,0,UP,DOWN,0.357529,0.3245561,0.3179149,False
2025-05-13 18:30:00+00:00,TCS.NS,3365.814453125,UP,2,2,2,UP,UP,0.29178694,0.32483298,0.38338006,True
2025-05-13 18:30:00+00:00,ITC.NS,401.7430725097656,UP,2,2,1,UP,STAY,0.32984883,0.34301895,0.3271322,False
2025-05-13 18:30:00+00:00,TMPV.NS,687.29052734375,UP,2,2,2,UP,UP,0.34111467,0.2706747,0.3882106,True
2025-05-14 18:30:00+00:00,TMPV.NS,715.9542236328125,STAY,2,1,0,STAY,DOWN,0.4172824,0.339243,0.24347466,False
2025-05-14 18:30:00+00:00,LT.NS,3550.092041015625,STAY,2,1,1,STAY,STAY,0.3226308,0.38891804,0.2884512,True
2025-05-14 18:30:00+00:00,BHARTIARTL.NS,1828.705078125,DOWN,2,0,2,DOWN,UP,0.30870587,0.32107702,0.37021714,False
2025-05-14 18:30:00+00:00,RELIANCE.NS,1441.7491455078125,STAY,2,1,2,STAY,UP,0.31944913,0.29950488,0.38104603,False
2025-05-14 18:30:00+00:00,TCS.NS,3395.40673828125,DOWN,2,0,2,DOWN,UP,0.29904872,0.34854347,0.3524078,False
2025-05-14 18:30:00+00:00,INFY.NS,1533.453369140625,DOWN,2,0,1,DOWN,STAY,0.29382703,0.40750152,0.2986714,False
2025-05-14 18:30:00+00:00,ITC.NS,405.0667419433594,UP,2,2,1,UP,STAY,0.29203233,0.36130258,0.3466651,False
2025-05-14 18:30:00+00:00,HDFCBANK.NS,938.4827270507812,STAY,2,1,1,STAY,STAY,0.2083517,0.48623252,0.30541584,True
2025-05-14 18:30:00+00:00,SBIN.NS,777.82958984375,STAY,2,1,2,STAY,UP,0.26703355,0.34872198,0.3842445,False
2025-05-14 18:30:00+00:00,ICICIBANK.NS,1427.6553955078125,STAY,2,1,1,STAY,STAY,0.21107492,0.40537775,0.38354734,True
2025-05-15 18:30:00+00:00,ITC.NS,407.9223327636719,STAY,2,1,2,STAY,UP,0.28843248,0.32928702,0.3822805,False
2025-05-15 18:30:00+00:00,TMPV.NS,718.5108642578125,STAY,2,1,0,STAY,DOWN,0.58430845,0.16442941,0.25126213,False
2025-05-15 18:30:00+00:00,ICICIBANK.NS,1430.8043212890625,STAY,2,1,1,STAY,STAY,0.17943975,0.5838236,0.2367366,True
2025-05-15 18:30:00+00:00,HDFCBANK.NS,938.9194946289062,STAY,2,1,1,STAY,STAY,0.25589538,0.4600961,0.28400853,True
2025-05-15 18:30:00+00:00,RELIANCE.NS,1443.9302978515625,DOWN,2,0,2,DOWN,UP,0.2891427,0.35166678,0.35919052,False
2025-05-15 18:30:00+00:00,SBIN.NS,778.0751342773438,STAY,2,1,2,STAY,UP,0.34033898,0.29777798,0.36188307,False
2025-05-15 18:30:00+00:00,LT.NS,3536.84619140625,STAY,2,1,0,STAY,DOWN,0.47585505,0.35034758,0.17379735,False
2025-05-15 18:30:00+00:00,BHARTIARTL.NS,1776.601806640625,STAY,2,1,1,STAY,STAY,0.3333366,0.37032664,0.2963368,True
2025-05-15 18:30:00+00:00,TCS.NS,3377.765380859375,DOWN,2,0,1,DOWN,STAY,0.28707904,0.38532627,0.32759476,False
2025-05-15 18:30:00+00:00,INFY.NS,1511.49267578125,DOWN,2,0,2,DOWN,UP,0.259467,0.32021862,0.4203144,False
2025-05-18 18:30:00+00:00,TCS.NS,3337.455322265625,DOWN,2,0,0,DOWN,DOWN,0.38113633,0.2406863,0.3781774,True
2025-05-18 18:30:00+00:00,ITC.NS,407.5946350097656,STAY,2,1,1,STAY,STAY,0.31086397,0.3509889,0.33814713,True
2025-05-18 18:30:00+00:00,SBIN.NS,780.9237670898438,DOWN,2,0,2,DOWN,UP,0.36652246,0.2612605,0.37221706,False
2025-05-18 18:30:00+00:00,ICICIBANK.NS,1425.8841552734375,DOWN,2,0,0,DOWN,DOWN,0.39825252,0.34399444,0.25775304,True
2025-05-18 18:30:00+00:00,HDFCBANK.NS,940.8607177734376,DOWN,2,0,1,DOWN,STAY,0.28695476,0.36565226,0.34739295,False
2025-05-18 18:30:00+00:00,INFY.NS,1482.8770751953125,STAY,2,1,0,STAY,DOWN,0.4300248,0.21931738,0.35065782,False
2025-05-18 18:30:00+00:00,BHARTIARTL.NS,1780.813232421875,DOWN,2,0,1,DOWN,STAY,0.2938885,0.44617844,0.25993308,False
2025-05-18 18:30:00+00:00,TMPV.NS,717.3308715820312,DOWN,2,0,0,DOWN,DOWN,0.40624782,0.19575408,0.39799815,True
2025-05-18 18:30:00+00:00,LT.NS,3532.43115234375,DOWN,2,0,0,DOWN,DOWN,0.5066261,0.29157355,0.20180033,True
2025-05-18 18:30:00+00:00,RELIANCE.NS,1428.4638671875,DOWN,2,0,2,DOWN,UP,0.3446005,0.26373428,0.39166522,False
2025-05-19 18:30:00+00:00,RELIANCE.NS,1412.4024658203125,STAY,2,1,2,STAY,UP,0.32417074,0.2902126,0.38561663,False
2025-05-19 18:30:00+00:00,LT.NS,3500.640869140625,UP,2,2,1,UP,STAY,0.3241742,0.40717018,0.26865563,False
2025-05-19 18:30:00+00:00,BHARTIARTL.NS,1771.6070556640625,UP,2,2,2,UP,UP,0.3365474,0.2933296,0.37012306,True
2025-05-19 18:30:00+00:00,SBIN.NS,771.7393798828125,STAY,2,1,0,STAY,DOWN,0.38551494,0.23591247,0.3785726,False
2025-05-19 18:30:00+00:00,ICICIBANK.NS,1415.25634765625,STAY,2,1,2,STAY,UP,0.29167628,0.35170346,0.35662022,False
2025-05-19 18:30:00+00:00,TMPV.NS,706.90771484375,UP,2,2,2,UP,UP,0.3811269,0.19410618,0.42476693,True
2025-05-19 18:30:00+00:00,INFY.NS,1483.6375732421875,UP,2,2,2,UP,UP,0.34860253,0.21076773,0.44062972,True
2025-05-19 18:30:00+00:00,HDFCBANK.NS,929.3104858398438,UP,2,2,1,UP,STAY,0.3025839,0.41951716,0.2778989,False
2025-05-19 18:30:00+00:00,TCS.NS,3318.01220703125,UP,2,2,2,UP,UP,0.3449388,0.29166335,0.36339784,True
2025-05-19 18:30:00+00:00,ITC.NS,407.1733093261719,STAY,2,1,0,STAY,DOWN,0.35270366,0.31030002,0.33699635,False
2025-05-20 18:30:00+00:00,SBIN.NS,773.1636352539062,STAY,2,1,0,STAY,DOWN,0.37726098,0.30740243,0.31533653,False
2025-05-20 18:30:00+00:00,LT.NS,3521.44189453125,DOWN,2,0,0,DOWN,DOWN,0.3825653,0.3461419,0.27129278,True
2025-05-20 18:30:00+00:00,TCS.NS,3344.094970703125,DOWN,2,0,2,DOWN,UP,0.33911434,0.31939986,0.34148577,False
2025-05-20 18:30:00+00:00,HDFCBANK.NS,935.0856323242188,STAY,2,1,1,STAY,STAY,0.23563924,0.4725561,0.2918046,True
2025-05-20 18:30:00+00:00,ICICIBANK.NS,1421.652587890625,STAY,2,1,1,STAY,STAY,0.2579869,0.4456243,0.2963888,True
2025-05-20 18:30:00+00:00,ITC.NS,405.3944396972656,DOWN,2,0,2,DOWN,UP,0.2579689,0.29509854,0.44693252,False
2025-05-20 18:30:00+00:00,TMPV.NS,714.6759033203125,DOWN,2,0,0,DOWN,DOWN,0.34001747,0.32388774,0.3360948,True
2025-05-20 18:30:00+00:00,INFY.NS,1491.14794921875,DOWN,2,0,2,DOWN,UP,0.26308352,0.20355839,0.5333581,False
2025-05-20 18:30:00+00:00,BHARTIARTL.NS,1784.9266357421875,STAY,2,1,2,STAY,UP,0.29789054,0.31330413,0.3888053,False
2025-05-20 18:30:00+00:00,RELIANCE.NS,1416.9630126953125,DOWN,2,0,2,DOWN,UP,0.33230957,0.25437728,0.41331312,False
2025-05-21 18:30:00+00:00,RELIANCE.NS,1397.332763671875,UP,2,2,0,UP,DOWN,0.3524685,0.30358693,0.34394458,False
2025-05-21 18:30:00+00:00,TMPV.NS,705.4818725585938,STAY,2,1,0,STAY,DOWN,0.40979818,0.18857895,0.40162292,False
2025-05-21 18:30:00+00:00,ITC.NS,398.934326171875,UP,2,2,2,UP,UP,0.30517152,0.3259868,0.36884168,True
2025-05-21 18:30:00+00:00,SBIN.NS,771.346435546875,UP,2,2,0,UP,DOWN,0.38903144,0.28715307,0.3238155,False
2025-05-21 18:30:00+00:00,LT.NS,3484.549560546875,UP,2,2,0,UP,DOWN,0.40464488,0.34760302,0.24775212,False
2025-05-21 18:30:00+00:00,INFY.NS,1471.1834716796875,UP,2,2,2,UP,UP,0.3716379,0.23748034,0.39088172,True
2025-05-21 18:30:00+00:00,HDFCBANK.NS,931.7369995117188,UP,2,2,1,UP,STAY,0.23389259,0.44140166,0.32470575,False
2025-05-21 18:30:00+00:00,BHARTIARTL.NS,1793.6431884765625,STAY,2,1,1,STAY,STAY,0.32685548,0.37874275,0.29440174,True
2025-05-21 18:30:00+00:00,ICICIBANK.NS,1419.0941162109375,UP,2,2,1,UP,STAY,0.34335202,0.34463432,0.3120137,False
2025-05-21 18:30:00+00:00,TCS.NS,3297.809814453125,UP,2,2,2,UP,UP,0.33764967,0.30767712,0.35467318,True
2025-05-22 18:30:00+00:00,RELIANCE.NS,1414.5838623046875,UP,2,2,2,UP,UP,0.27103466,0.3345517,0.39441368,True
2025-05-22 18:30:00+00:00,BHARTIARTL.NS,1793.9368896484375,UP,2,2,2,UP,UP,0.2792954,0.32038423,0.40032032,True
2025-05-22 18:30:00+00:00,ITC.NS,408.4840393066406,UP,2,2,2,UP,UP,0.30024505,0.3406169,0.35913804,True
2025-05-22 18:30:00+00:00,HDFCBANK.NS,938.3856811523438,STAY,2,1,1,STAY,STAY,0.18103872,0.5243784,0.29458287,True
2025-05-22 18:30:00+00:00,ICICIBANK.NS,1426.67138671875,UP,2,2,1,UP,STAY,0.28077966,0.3739001,0.34532025,False
2025-05-22 18:30:00+00:00,TCS.NS,3333.471923828125,UP,2,2,0,UP,DOWN,0.35171095,0.30791476,0.34037426,False
2025-05-22 18:30:00+00:00,TMPV.NS,706.2685546875,UP,2,2,0,UP,DOWN,0.38484716,0.23340546,0.38174742,False
2025-05-22 18:30:00+00:00,INFY.NS,1487.6304931640625,UP,2,2,0,UP,DOWN,0.41168618,0.2228731,0.36544076,False
2025-05-22 18:30:00+00:00,LT.NS,3532.13671875,UP,2,2,0,UP,DOWN,0.43465516,0.32173607,0.2436088,False
2025-05-22 18:30:00+00:00,SBIN.NS,776.5034790039062,STAY,2,1,0,STAY,DOWN,0.3465613,0.3178745,0.33556423,False
2025-05-25 18:30:00+00:00,HDFCBANK.NS,941.588623046875,DOWN,2,0,1,DOWN,STAY,0.28529987,0.5088541,0.205846,False
2025-05-25 18:30:00+00:00,RELIANCE.NS,1422.5152587890625,DOWN,2,0,1,DOWN,STAY,0.30819058,0.37435585,0.3174536,False
2025-05-25 18:30:00+00:00,INFY.NS,1502.55615234375,DOWN,2,0,2,DOWN,UP,0.31062588,0.30788383,0.38149032,False
2025-05-25 18:30:00+00:00,TMPV.NS,716.8392333984375,DOWN,2,0,2,DOWN,UP,0.2674946,0.265369,0.46713638,False
2025-05-25 18:30:00+00:00,SBIN.NS,780.33447265625,STAY,2,1,1,STAY,STAY,0.3621456,0.36921102,0.26864338,True
2025-05-25 18:30:00+00:00,ICICIBANK.NS,1437.2989501953125,DOWN,2,0,1,DOWN,STAY,0.316319,0.43744013,0.24624091,False
2025-05-25 18:30:00+00:00,LT.NS,3580.01806640625,STAY,2,1,1,STAY,STAY,0.39630166,0.40320852,0.20048985,True
2025-05-25 18:30:00+00:00,ITC.NS,414.6632690429688,DOWN,2,0,1,DOWN,STAY,0.21120325,0.452774,0.3360228,False
2025-05-25 18:30:00+00:00,TCS.NS,3355.002197265625,DOWN,2,0,1,DOWN,STAY,0.3387089,0.36072078,0.30057028,False
2025-05-25 18:30:00+00:00,BHARTIARTL.NS,1809.3133544921875,STAY,2,1,1,STAY,STAY,0.29945907,0.3873256,0.31321535,True
2025-05-26 18:30:00+00:00,INFY.NS,1492.669189453125,STAY,2,1,2,STAY,UP,0.34471413,0.2458074,0.40947843,False
2025-05-26 18:30:00+00:00,LT.NS,3571.48193359375,STAY,2,1,1,STAY,STAY,0.36560884,0.38639703,0.24799408,True
2025-05-26 18:30:00+00:00,TCS.NS,3318.39111328125,STAY,2,1,2,STAY,UP,0.32002896,0.26994634,0.41002473,False
2025-05-26 18:30:00+00:00,ITC.NS,406.2370300292969,DOWN,2,0,1,DOWN,STAY,0.32250205,0.36129898,0.316199,False
2025-05-26 18:30:00+00:00,BHARTIARTL.NS,1805.78759765625,UP,2,2,1,UP,STAY,0.32953677,0.36739215,0.30307108,False
2025-05-26 18:30:00+00:00,SBIN.NS,779.6468505859375,STAY,2,1,1,STAY,STAY,0.31238604,0.35429174,0.3333222,True
2025-05-26 18:30:00+00:00,TMPV.NS,704.4985961914062,STAY,2,1,0,STAY,DOWN,0.40632322,0.20041451,0.39326224,False
2025-05-26 18:30:00+00:00,RELIANCE.NS,1409.9239501953125,DOWN,2,0,2,DOWN,UP,0.23167005,0.3473592,0.42097077,False
2025-05-26 18:30:00+00:00,HDFCBANK.NS,934.8429565429688,STAY,2,1,1,STAY,STAY,0.22111532,0.4840074,0.29487723,True
2025-05-26 18:30:00+00:00,ICICIBANK.NS,1423.3255615234375,UP,2,2,1,UP,STAY,0.24073571,0.38727242,0.37199187,False
2025-05-27 18:30:00+00:00,BHARTIARTL.NS,1817.8338623046875,STAY,2,1,1,STAY,STAY,0.26161665,0.37276894,0.3656144,True
2025-05-27 18:30:00+00:00,ITC.NS,400.65911865234375,STAY,2,1,0,STAY,DOWN,0.37684748,0.32503724,0.2981153,False
2025-05-27 18:30:00+00:00,LT.NS,3577.663330078125,STAY,2,1,0,STAY,DOWN,0.4352792,0.32510638,0.2396144,False
2025-05-27 18:30:00+00:00,HDFCBANK.NS,933.484130859375,STAY,2,1,1,STAY,STAY,0.2534207,0.4306157,0.31596363,True
2025-05-27 18:30:00+00:00,TMPV.NS,705.9735717773438,UP,2,2,0,UP,DOWN,0.4103435,0.19334204,0.3963144,False
2025-05-27 18:30:00+00:00,RELIANCE.NS,1400.8028564453125,STAY,2,1,1,STAY,STAY,0.2905038,0.44755322,0.26194304,True
2025-05-27 18:30:00+00:00,INFY.NS,1494.2852783203125,UP,2,2,1,UP,STAY,0.2965523,0.3604218,0.34302586,False
2025-05-27 18:30:00+00:00,ICICIBANK.NS,1430.6075439453125,STAY,2,1,2,STAY,UP,0.27520972,0.33342725,0.39136308,False
2025-05-27 18:30:00+00:00,TCS.NS,3317.443115234375,STAY,2,1,1,STAY,STAY,0.31104615,0.38305548,0.30589834,True
2025-05-27 18:30:00+00:00,SBIN.NS,782.4463500976562,STAY,2,1,2,STAY,UP,0.27139148,0.33781984,0.39078864,False
2025-05-28 18:30:00+00:00,HDFCBANK.NS,935.4253540039062,UP,2,2,1,UP,STAY,0.22814883,0.45722073,0.31463042,False
2025-05-28 18:30:00+00:00,RELIANCE.NS,1405.660888671875,STAY,2,1,2,STAY,UP,0.30744338,0.32995212,0.3626045,False
2025-05-28 18:30:00+00:00,ITC.NS,399.2765197753906,STAY,2,1,1,STAY,STAY,0.30740562,0.4265288,0.26606554,True
2025-05-28 18:30:00+00:00,TCS.NS,3317.822265625,DOWN,2,0,2,DOWN,UP,0.28517723,0.30673417,0.40808856,False
2025-05-28 18:30:00+00:00,ICICIBANK.NS,1433.264404296875,DOWN,2,0,2,DOWN,UP,0.2870543,0.33573398,0.37721166,False
2025-05-28 18:30:00+00:00,INFY.NS,1507.40478515625,STAY,2,1,2,STAY,UP,0.2987092,0.31864238,0.3826484,False
2025-05-28 18:30:00+00:00,BHARTIARTL.NS,1825.1793212890625,STAY,2,1,1,STAY,STAY,0.3090825,0.39899245,0.29192504,True
2025-05-28 18:30:00+00:00,SBIN.NS,783.232177734375,UP,2,2,2,UP,UP,0.33051783,0.3150748,0.35440734,True
2025-05-28 18:30:00+00:00,LT.NS,3586.494140625,UP,2,2,0,UP,DOWN,0.45945278,0.34967238,0.1908748,False
2025-05-28 18:30:00+00:00,TMPV.NS,712.3651123046875,DOWN,2,0,1,DOWN,STAY,0.34037343,0.3445395,0.3150871,False
2025-05-29 18:30:00+00:00,RELIANCE.NS,1408.7342529296875,DOWN,2,0,2,DOWN,UP,0.32575756,0.31847134,0.3557711,False
2025-05-29 18:30:00+00:00,LT.NS,3605.92138671875,STAY,2,1,0,STAY,DOWN,0.40086758,0.34859926,0.25053316,False
2025-05-29 18:30:00+00:00,ICICIBANK.NS,1422.7352294921875,STAY,2,1,1,STAY,STAY,0.30703583,0.35480082,0.33816338,True
2025-05-29 18:30:00+00:00,BHARTIARTL.NS,1817.9317626953125,STAY,2,1,2,STAY,UP,0.28916076,0.33585715,0.3749821,False
2025-05-29 18:30:00+00:00,ITC.NS,398.6090698242188,STAY,2,1,1,STAY,STAY,0.30067292,0.37442958,0.3248975,True
2025-05-29 18:30:00+00:00,TCS.NS,3284.91015625,STAY,2,1,2,STAY,UP,0.3589588,0.24591942,0.39512178,False
2025-05-29 18:30:00+00:00,SBIN.NS,797.91748046875,STAY,2,1,1,STAY,STAY,0.281719,0.39890513,0.3193759,True
2025-05-29 18:30:00+00:00,TMPV.NS,707.4976806640625,DOWN,2,0,2,DOWN,UP,0.33947587,0.24593195,0.4145922,False
2025-05-29 18:30:00+00:00,HDFCBANK.NS,943.86962890625,DOWN,2,0,1,DOWN,STAY,0.25012997,0.46320477,0.2866653,False
2025-05-29 18:30:00+00:00,INFY.NS,1506.5369873046875,DOWN,2,0,2,DOWN,UP,0.33150864,0.28416854,0.38432285,False
2025-06-01 18:30:00+00:00,TMPV.NS,699.7294311523438,DOWN,2,0,2,DOWN,UP,0.3503234,0.22651844,0.42315817,False
2025-06-01 18:30:00+00:00,SBIN.NS,799.2435913085938,STAY,2,1,2,STAY,UP,0.34082693,0.3138022,0.34537083,False
2025-06-01 18:30:00+00:00,BHARTIARTL.NS,1815.8751220703125,DOWN,2,0,1,DOWN,STAY,0.27353212,0.47550586,0.250962,False
2025-06-01 18:30:00+00:00,RELIANCE.NS,1401.5958251953125,DOWN,2,0,2,DOWN,UP,0.2961631,0.3320143,0.37182263,False
2025-06-01 18:30:00+00:00,ICICIBANK.NS,1427.360107421875,DOWN,2,0,1,DOWN,STAY,0.30583423,0.3511817,0.34298408,False
2025-06-01 18:30:00+00:00,LT.NS,3610.336669921875,STAY,2,1,0,STAY,DOWN,0.45711038,0.31233817,0.2305515,False
2025-06-01 18:30:00+00:00,HDFCBANK.NS,937.6577758789062,STAY,2,1,1,STAY,STAY,0.1855316,0.47976035,0.334708,True
2025-06-01 18:30:00+00:00,INFY.NS,1497.9569091796875,DOWN,2,0,1,DOWN,STAY,0.2877565,0.39493048,0.317313,False
2025-06-01 18:30:00+00:00,ITC.NS,399.8009338378906,DOWN,2,0,1,DOWN,STAY,0.29544532,0.4293737,0.27518094,False
2025-06-01 18:30:00+00:00,TCS.NS,3272.011474609375,DOWN,2,0,2,DOWN,UP,0.31457436,0.24737741,0.43804818,False
2025-06-02 18:30:00+00:00,ITC.NS,397.5602722167969,STAY,2,1,1,STAY,STAY,0.3323497,0.380993,0.2866573,True
2025-06-02 18:30:00+00:00,HDFCBANK.NS,934.0179443359376,UP,2,2,1,UP,STAY,0.22799735,0.45951745,0.31248522,False
2025-06-02 18:30:00+00:00,BHARTIARTL.NS,1803.339111328125,UP,2,2,1,UP,STAY,0.30093995,0.3973526,0.30170742,False
2025-06-02 18:30:00+00:00,RELIANCE.NS,1393.466064453125,UP,2,2,1,UP,STAY,0.31016517,0.3577751,0.3320597,False
2025-06-02 18:30:00+00:00,TMPV.NS,692.1087646484375,UP,2,2,2,UP,UP,0.3728976,0.24837373,0.3787287,True
2025-06-02 18:30:00+00:00,INFY.NS,1487.5450439453125,UP,2,2,2,UP,UP,0.34800208,0.26614222,0.3858557,True
2025-06-02 18:30:00+00:00,SBIN.NS,795.4617309570312,STAY,2,1,2,STAY,UP,0.28705066,0.28063384,0.43231553,False
2025-06-02 18:30:00+00:00,LT.NS,3609.54443359375,DOWN,2,0,0,DOWN,DOWN,0.43360034,0.2657217,0.30067793,True
2025-06-02 18:30:00+00:00,TCS.NS,3229.709716796875,STAY,2,1,1,STAY,STAY,0.28781927,0.35807082,0.3541099,True
2025-06-02 18:30:00+00:00,ICICIBANK.NS,1414.961181640625,STAY,2,1,1,STAY,STAY,0.32348174,0.3607772,0.31574112,True
2025-06-03 18:30:00+00:00,TMPV.NS,703.3157958984375,STAY,2,1,2,STAY,UP,0.34888306,0.27774063,0.37337637,False
2025-06-03 18:30:00+00:00,RELIANCE.NS,1411.3118896484375,UP,2,2,1,UP,STAY,0.31399277,0.3871384,0.29886886,False
2025-06-03 18:30:00+00:00,LT.NS,3591.42138671875,STAY,2,1,0,STAY,DOWN,0.3992599,0.39346662,0.20727348,False
2025-06-03 18:30:00+00:00,BHARTIARTL.NS,1836.736083984375,STAY,2,1,1,STAY,STAY,0.2521316,0.487428,0.26044032,True
2025-06-03 18:30:00+00:00,HDFCBANK.NS,942.0740356445312,STAY,2,1,1,STAY,STAY,0.19867404,0.4657736,0.33555233,True
2025-06-03 18:30:00+00:00,ITC.NS,397.60791015625,UP,2,2,1,UP,STAY,0.32297707,0.34321317,0.33380976,False
2025-06-03 18:30:00+00:00,TCS.NS,3235.164306640625,STAY,2,1,0,STAY,DOWN,0.3681745,0.30595803,0.32586747,False
2025-06-03 18:30:00+00:00,SBIN.NS,792.2201538085938,STAY,2,1,0,STAY,DOWN,0.33980924,0.3215159,0.33867487,False
2025-06-03 18:30:00+00:00,INFY.NS,1495.4503173828125,STAY,2,1,2,STAY,UP,0.3370781,0.2989638,0.36395812,False
2025-06-03 18:30:00+00:00,ICICIBANK.NS,1408.171142578125,UP,2,2,1,UP,STAY,0.30879617,0.39412558,0.29707828,False
2025-06-04 18:30:00+00:00,LT.NS,3607.36572265625,STAY,2,1,0,STAY,DOWN,0.4041035,0.33377224,0.2621242,False
2025-06-04 18:30:00+00:00,HDFCBANK.NS,946.1505126953124,UP,2,2,1,UP,STAY,0.21454298,0.47241473,0.31304228,False
2025-06-04 18:30:00+00:00,SBIN.NS,791.72900390625,UP,2,2,2,UP,UP,0.34195647,0.3142879,0.34375563,True
2025-06-04 18:30:00+00:00,TCS.NS,3225.786865234375,STAY,2,1,2,STAY,UP,0.31785372,0.32833213,0.35381415,False
2025-06-04 18:30:00+00:00,TMPV.NS,704.3075561523438,STAY,2,1,0,STAY,DOWN,0.44821668,0.2311653,0.32061803,False
2025-06-04 18:30:00+00:00,ITC.NS,399.6102600097656,STAY,2,1,1,STAY,STAY,0.3121154,0.37324664,0.31463793,True
2025-06-04 18:30:00+00:00,ICICIBANK.NS,1431.5916748046875,STAY,2,1,1,STAY,STAY,0.2489931,0.39546412,0.3555428,True
2025-06-04 18:30:00+00:00,BHARTIARTL.NS,1840.06591796875,STAY,2,1,1,STAY,STAY,0.30576545,0.4402987,0.25393584,True
2025-06-04 18:30:00+00:00,INFY.NS,1498.43896484375,UP,2,2,0,UP,DOWN,0.3494635,0.30699638,0.3435401,False
2025-06-04 18:30:00+00:00,RELIANCE.NS,1430.0501708984375,STAY,2,1,1,STAY,STAY,0.22459368,0.42108363,0.35432273,True
2025-06-05 18:30:00+00:00,HDFCBANK.NS,960.27294921875,STAY,2,1,1,STAY,STAY,0.2847001,0.36140308,0.3538968,True
2025-06-05 18:30:00+00:00,TCS.NS,3238.32177734375,UP,2,2,2,UP,UP,0.33862904,0.26407775,0.3972932,True
2025-06-05 18:30:00+00:00,RELIANCE.NS,1431.140625,STAY,2,1,2,STAY,UP,0.23295672,0.36744913,0.3995941,False
2025-06-05 18:30:00+00:00,ITC.NS,401.4695739746094,STAY,2,1,1,STAY,STAY,0.24495946,0.4653661,0.28967446,True
2025-06-05 18:30:00+00:00,ICICIBANK.NS,1436.413330078125,DOWN,2,0,1,DOWN,STAY,0.2581647,0.4008421,0.3409932,False
2025-06-05 18:30:00+00:00,INFY.NS,1507.5975341796875,UP,2,2,2,UP,UP,0.29566872,0.28714463,0.41718662,True
2025-06-05 18:30:00+00:00,LT.NS,3620.93310546875,UP,2,2,1,UP,STAY,0.33309865,0.3942453,0.27265608,False
2025-06-05 18:30:00+00:00,TMPV.NS,705.1505737304688,UP,2,2,2,UP,UP,0.3474144,0.2457659,0.40681973,True
2025-06-05 18:30:00+00:00,BHARTIARTL.NS,1831.643310546875,STAY,2,1,1,STAY,STAY,0.25601488,0.3964877,0.34749737,True
2025-06-05 18:30:00+00:00,SBIN.NS,798.6541748046875,UP,2,2,1,UP,STAY,0.25661024,0.4125839,0.3308059,False
2025-06-08 18:30:00+00:00,LT.NS,3643.314453125,STAY,2,1,0,STAY,DOWN,0.38334632,0.31178883,0.30486482,False
2025-06-08 18:30:00+00:00,INFY.NS,1516.3704833984375,UP,2,2,2,UP,UP,0.26769134,0.36147067,0.370838,True
2025-06-08 18:30:00+00:00,BHARTIARTL.NS,1826.6484375,STAY,2,1,1,STAY,STAY,0.2974996,0.36524168,0.3372587,True
2025-06-08 18:30:00+00:00,TMPV.NS,711.8945922851562,UP,2,2,2,UP,UP,0.29554594,0.25786278,0.44659132,True
2025-06-08 18:30:00+00:00,HDFCBANK.NS,960.3700561523438,DOWN,2,0,1,DOWN,STAY,0.22866441,0.5138408,0.25749475,False
2025-06-08 18:30:00+00:00,ICICIBANK.NS,1411.91064453125,DOWN,2,0,1,DOWN,STAY,0.27080035,0.42930558,0.29989406,False
2025-06-08 18:30:00+00:00,TCS.NS,3274.39697265625,UP,2,2,1,UP,STAY,0.29390916,0.4154438,0.29064703,False
2025-06-08 18:30:00+00:00,SBIN.NS,805.5302734375,STAY,2,1,1,STAY,STAY,0.26725626,0.3868885,0.34585524,True
2025-06-08 18:30:00+00:00,RELIANCE.NS,1436.3953857421875,DOWN,2,0,1,DOWN,STAY,0.2656586,0.42499477,0.30934668,False
2025-06-08 18:30:00+00:00,ITC.NS,403.3765563964844,UP,2,2,1,UP,STAY,0.276254,0.40047514,0.32327083,False
2025-06-09 18:30:00+00:00,SBIN.NS,802.5833740234375,STAY,2,1,2,STAY,UP,0.2990234,0.34085405,0.36012253,False
2025-06-09 18:30:00+00:00,TCS.NS,3313.62939453125,STAY,2,1,1,STAY,STAY,0.31002548,0.34568906,0.34428543,True
2025-06-09 18:30:00+00:00,HDFCBANK.NS,953.7698974609376,DOWN,2,0,1,DOWN,STAY,0.19214654,0.4779072,0.3299462,False
2025-06-09 18:30:00+00:00,INFY.NS,1538.6402587890625,UP,2,2,2,UP,UP,0.26346037,0.30906525,0.4274744,True
2025-06-09 18:30:00+00:00,ITC.NS,407.1428833007813,STAY,2,1,1,STAY,STAY,0.23915742,0.46549547,0.29534718,True
2025-06-09 18:30:00+00:00,LT.NS,3644.205810546875,STAY,2,1,0,STAY,DOWN,0.5379259,0.21404102,0.24803303,False
2025-06-09 18:30:00+00:00,TMPV.NS,726.2257690429688,UP,2,2,2,UP,UP,0.28245306,0.27502623,0.44252068,True
2025-06-09 18:30:00+00:00,RELIANCE.NS,1426.1834716796875,UP,2,2,1,UP,STAY,0.32611322,0.38306728,0.2908195,False
2025-06-09 18:30:00+00:00,ICICIBANK.NS,1400.200439453125,UP,2,2,1,UP,STAY,0.29425633,0.40129852,0.30444512,False
2025-06-09 18:30:00+00:00,BHARTIARTL.NS,1818.813232421875,STAY,2,1,1,STAY,STAY,0.320079,0.395855,0.284066,True
2025-06-10 18:30:00+00:00,ITC.NS,406.3323974609375,DOWN,2,0,1,DOWN,STAY,0.24122347,0.46157384,0.29720265,False
2025-06-10 18:30:00+00:00,LT.NS,3649.157470703125,DOWN,2,0,0,DOWN,DOWN,0.52312267,0.24455006,0.23232724,True
2025-06-10 18:30:00+00:00,TCS.NS,3322.241455078125,DOWN,2,0,1,DOWN,STAY,0.31712395,0.3736162,0.3092598,False
2025-06-10 18:30:00+00:00,INFY.NS,1572.478759765625,DOWN,2,0,2,DOWN,UP,0.29977623,0.34091884,0.35930496,False
2025-06-10 18:30:00+00:00,RELIANCE.NS,1436.4945068359375,DOWN,2,0,1,DOWN,STAY,0.2874932,0.42002815,0.29247868,False
2025-06-10 18:30:00+00:00,SBIN.NS,800.6187744140625,DOWN,2,0,0,DOWN,DOWN,0.35046014,0.33058485,0.31895506,True
2025-06-10 18:30:00+00:00,TMPV.NS,730.3416137695312,DOWN,2,0,2,DOWN,UP,0.32711977,0.24888133,0.42399895,False
2025-06-10 18:30:00+00:00,ICICIBANK.NS,1408.171142578125,STAY,2,1,2,STAY,UP,0.271549,0.35723117,0.37121984,False
2025-06-10 18:30:00+00:00,HDFCBANK.NS,946.5388793945312,STAY,2,1,1,STAY,STAY,0.19849576,0.52896,0.27254423,True
2025-06-10 18:30:00+00:00,BHARTIARTL.NS,1821.849365234375,DOWN,2,0,1,DOWN,STAY,0.29699454,0.38194466,0.32106075,False
2025-06-11 18:30:00+00:00,INFY.NS,1550.787353515625,STAY,2,1,1,STAY,STAY,0.2777276,0.39402997,0.3282424,True
2025-06-11 18:30:00+00:00,BHARTIARTL.NS,1806.17919921875,STAY,2,1,1,STAY,STAY,0.33703548,0.39389247,0.26907212,True
2025-06-11 18:30:00+00:00,RELIANCE.NS,1429.2569580078125,DOWN,2,0,1,DOWN,STAY,0.3118912,0.3623717,0.3257371,False
2025-06-11 18:30:00+00:00,HDFCBANK.NS,943.1417236328124,DOWN,2,0,1,DOWN,STAY,0.21961464,0.44766456,0.3327208,False
2025-06-11 18:30:00+00:00,ITC.NS,401.421875,DOWN,2,0,1,DOWN,STAY,0.25410607,0.4312548,0.31463912,False
2025-06-11 18:30:00+00:00,ICICIBANK.NS,1402.4637451171875,DOWN,2,0,1,DOWN,STAY,0.348784,0.37331522,0.27790082,False
2025-06-11 18:30:00+00:00,TMPV.NS,709.4647827148438,STAY,2,1,2,STAY,UP,0.38484883,0.20233262,0.41281852,False
2025-06-11 18:30:00+00:00,SBIN.NS,791.679931640625,DOWN,2,0,1,DOWN,STAY,0.2811465,0.36151767,0.3573358,False
2025-06-11 18:30:00+00:00,TCS.NS,3286.16650390625,STAY,2,1,0,STAY,DOWN,0.35243315,0.33078322,0.3167836,False
2025-06-11 18:30:00+00:00,LT.NS,3569.039794921875,STAY,2,1,0,STAY,DOWN,0.46855825,0.24381688,0.2876249,False
2025-06-12 18:30:00+00:00,SBIN.NS,778.3206787109375,STAY,2,1,0,STAY,DOWN,0.38892242,0.28742328,0.3236543,False
2025-06-12 18:30:00+00:00,LT.NS,3552.699462890625,UP,2,2,0,UP,DOWN,0.4579027,0.25209895,0.28999832,False
2025-06-12 18:30:00+00:00,ITC.NS,394.6520690917969,UP,2,2,1,UP,STAY,0.23882377,0.3816417,0.37953448,False
2025-06-12 18:30:00+00:00,INFY.NS,1544.424560546875,UP,2,2,2,UP,UP,0.29917052,0.34080306,0.36002648,True
2025-06-12 18:30:00+00:00,TCS.NS,3297.1708984375,UP,2,2,2,UP,UP,0.32486314,0.29101524,0.38412166,True
2025-06-12 18:30:00+00:00,BHARTIARTL.NS,1802.4576416015625,UP,2,2,2,UP,UP,0.30621812,0.34086525,0.3529166,True
2025-06-12 18:30:00+00:00,RELIANCE.NS,1415.67431640625,UP,2,2,1,UP,STAY,0.37164658,0.3790434,0.24931005,False
2025-06-12 18:30:00+00:00,ICICIBANK.NS,1393.5089111328125,UP,2,2,0,UP,DOWN,0.39705038,0.34391943,0.2590302,False
2025-06-12 18:30:00+00:00,HDFCBANK.NS,930.620849609375,UP,2,2,1,UP,STAY,0.23423605,0.4678866,0.29787734,False
2025-06-12 18:30:00+00:00,TMPV.NS,706.19189453125,DOWN,2,0,2,DOWN,UP,0.4044258,0.15891135,0.43666282,False
2025-06-15 18:30:00+00:00,ITC.NS,398.7521362304688,STAY,2,1,1,STAY,STAY,0.22053908,0.49527356,0.28418738,True
2025-06-15 18:30:00+00:00,BHARTIARTL.NS,1822.9267578125,STAY,2,1,1,STAY,STAY,0.33012125,0.3529629,0.31691584,True
2025-06-15 18:30:00+00:00,ICICIBANK.NS,1404.1365966796875,STAY,2,1,1,STAY,STAY,0.34373218,0.3547807,0.30148712,True
2025-06-15 18:30:00+00:00,RELIANCE.NS,1425.489501953125,STAY,2,1,1,STAY,STAY,0.3261242,0.35885093,0.31502494,True
2025-06-15 18:30:00+00:00,HDFCBANK.NS,939.2592163085938,STAY,2,1,1,STAY,STAY,0.23953795,0.5157132,0.2447488,True
2025-06-15 18:30:00+00:00,TMPV.NS,681.0009155273438,DOWN,2,0,2,DOWN,UP,0.34623063,0.16216776,0.49160165,False
2025-06-15 18:30:00+00:00,SBIN.NS,778.4680786132812,STAY,2,1,0,STAY,DOWN,0.3585096,0.3530374,0.288453,False
2025-06-15 18:30:00+00:00,LT.NS,3593.599853515625,STAY,2,1,0,STAY,DOWN,0.47705767,0.24253114,0.28041115,False
2025-06-15 18:30:00+00:00,INFY.NS,1565.441162109375,UP,2,2,2,UP,UP,0.30239797,0.3373181,0.36028394,True
2025-06-15 18:30:00+00:00,TCS.NS,3345.590087890625,UP,2,2,1,UP,STAY,0.33475018,0.35890478,0.30634502,False
2025-06-16 18:30:00+00:00,TCS.NS,3363.770751953125,DOWN,2,0,1,DOWN,STAY,0.3302784,0.34556493,0.32415667,False
2025-06-16 18:30:00+00:00,LT.NS,3587.261962890625,DOWN,2,0,0,DOWN,DOWN,0.4438876,0.26301414,0.29309824,True
2025-06-16 18:30:00+00:00,HDFCBANK.NS,936.4444580078124,STAY,2,1,1,STAY,STAY,0.27156752,0.43811268,0.29031977,True
2025-06-16 18:30:00+00:00,ICICIBANK.NS,1400.4957275390625,DOWN,2,0,0,DOWN,DOWN,0.37127227,0.34020805,0.28851968,True
2025-06-16 18:30:00+00:00,SBIN.NS,778.2716064453125,STAY,2,1,0,STAY,DOWN,0.35824594,0.3368053,0.30494875,False
2025-06-16 18:30:00+00:00,BHARTIARTL.NS,1816.560791015625,UP,2,2,1,UP,STAY,0.34478652,0.35107344,0.30414006,False
2025-06-16 18:30:00+00:00,TMPV.NS,669.1987915039062,DOWN,2,0,2,DOWN,UP,0.3425637,0.12804978,0.5293866,False
2025-06-16 18:30:00+00:00,ITC.NS,397.98931884765625,STAY,2,1,1,STAY,STAY,0.28414947,0.39806047,0.31779,True
2025-06-16 18:30:00+00:00,RELIANCE.NS,1418.9459228515625,STAY,2,1,0,STAY,DOWN,0.35145554,0.3430972,0.30544725,False
2025-06-16 18:30:00+00:00,INFY.NS,1580.9625244140625,STAY,2,1,1,STAY,STAY,0.2984639,0.36930466,0.33223143,True
2025-06-17 18:30:00+00:00,INFY.NS,1574.214111328125,DOWN,2,0,0,DOWN,DOWN,0.3651482,0.3429793,0.29187247,True
2025-06-17 18:30:00+00:00,ICICIBANK.NS,1390.0648193359375,STAY,2,1,0,STAY,DOWN,0.36014524,0.35707346,0.2827813,False
2025-06-17 18:30:00+00:00,HDFCBANK.NS,938.5313110351562,STAY,2,1,1,STAY,STAY,0.269242,0.45643356,0.27432448,True
2025-06-17 18:30:00+00:00,SBIN.NS,777.8787231445312,DOWN,2,0,0,DOWN,DOWN,0.3555611,0.3167341,0.3277048,True
2025-06-17 18:30:00+00:00,BHARTIARTL.NS,1827.4320068359373,UP,2,2,2,UP,UP,0.29786602,0.34125158,0.36088243,True
2025-06-17 18:30:00+00:00,TCS.NS,3302.625,DOWN,2,0,0,DOWN,DOWN,0.34916633,0.32393515,0.32689852,True
2025-06-17 18:30:00+00:00,RELIANCE.NS,1417.85546875,STAY,2,1,0,STAY,DOWN,0.3540305,0.32024866,0.32572085,False
2025-06-17 18:30:00+00:00,LT.NS,3566.6630859375,UP,2,2,0,UP,DOWN,0.43165597,0.26936612,0.29897794,False
2025-06-17 18:30:00+00:00,ITC.NS,396.5590515136719,STAY,2,1,1,STAY,STAY,0.27084634,0.41654044,0.31261328,True
2025-06-17 18:30:00+00:00,TMPV.NS,664.73583984375,STAY,2,1,2,STAY,UP,0.3409732,0.14137147,0.5176554,False
2025-06-18 18:30:00+00:00,BHARTIARTL.NS,1838.3031005859373,UP,2,2,1,UP,STAY,0.2926161,0.38455293,0.32283098,False
2025-06-18 18:30:00+00:00,RELIANCE.NS,1421.028076171875,UP,2,2,1,UP,STAY,0.33529755,0.33567083,0.32903162,False
2025-06-18 18:30:00+00:00,HDFCBANK.NS,939.210693359375,UP,2,2,1,UP,STAY,0.29239392,0.48223296,0.22537307,False
2025-06-18 18:30:00+00:00,TCS.NS,3276.40625,STAY,2,1,0,STAY,DOWN,0.370953,0.300492,0.328555,False
2025-06-18 18:30:00+00:00,SBIN.NS,771.1990356445312,UP,2,2,2,UP,UP,0.30084547,0.2696819,0.42947268,True
2025-06-18 18:30:00+00:00,ICICIBANK.NS,1388.78564453125,UP,2,2,0,UP,DOWN,0.34102538,0.31856295,0.34041166,False
2025-06-18 18:30:00+00:00,LT.NS,3586.07373046875,UP,2,2,0,UP,DOWN,0.47866124,0.22102939,0.30030942,False
2025-06-18 18:30:00+00:00,ITC.NS,396.6544189453125,UP,2,2,1,UP,STAY,0.25206712,0.41692445,0.3310085,False
2025-06-18 18:30:00+00:00,TMPV.NS,666.7689208984375,UP,2,2,0,UP,DOWN,0.45330888,0.15736309,0.389328,False
2025-06-18 18:30:00+00:00,INFY.NS,1560.2352294921875,STAY,2,1,0,STAY,DOWN,0.35726532,0.3161844,0.32655028,False
2025-06-19 18:30:00+00:00,INFY.NS,1564.573486328125,DOWN,2,0,2,DOWN,UP,0.30587596,0.3445377,0.34958637,False
2025-06-19 18:30:00+00:00,ITC.NS,399.0858154296875,DOWN,2,0,1,DOWN,STAY,0.30157703,0.39084926,0.30757374,False
2025-06-19 18:30:00+00:00,HDFCBANK.NS,953.4786987304688,DOWN,2,0,1,DOWN,STAY,0.17499493,0.43861255,0.3863925,False
2025-06-19 18:30:00+00:00,TMPV.NS,670.6369018554688,DOWN,2,0,0,DOWN,DOWN,0.45033327,0.20366995,0.34599677,True
2025-06-19 18:30:00+00:00,RELIANCE.NS,1453.6463623046875,DOWN,2,0,2,DOWN,UP,0.21771178,0.3528621,0.42942616,False
2025-06-19 18:30:00+00:00,LT.NS,3626.577880859375,DOWN,2,0,0,DOWN,DOWN,0.39655793,0.26066035,0.34278172,True
2025-06-19 18:30:00+00:00,BHARTIARTL.NS,1896.772216796875,STAY,2,1,2,STAY,UP,0.2419463,0.26416555,0.4938882,False
2025-06-19 18:30:00+00:00,ICICIBANK.NS,1404.33349609375,STAY,2,1,1,STAY,STAY,0.29960835,0.38403586,0.3163558,True
2025-06-19 18:30:00+00:00,TCS.NS,3287.60205078125,DOWN,2,0,0,DOWN,DOWN,0.37610543,0.28891134,0.33498323,True
2025-06-19 18:30:00+00:00,SBIN.NS,782.053466796875,DOWN,2,0,1,DOWN,STAY,0.34787807,0.38519022,0.26693165,False
2025-06-22 18:30:00+00:00,ITC.NS,394.6520690917969,STAY,2,1,1,STAY,STAY,0.2743192,0.42389768,0.30178317,True
2025-06-22 18:30:00+00:00,LT.NS,3549.03515625,UP,2,2,0,UP,DOWN,0.4421901,0.30379423,0.2540157,False
2025-06-22 18:30:00+00:00,RELIANCE.NS,1444.326904296875,STAY,2,1,1,STAY,STAY,0.17915125,0.6371879,0.18366084,True
2025-06-22 18:30:00+00:00,TMPV.NS,665.7276000976562,STAY,2,1,0,STAY,DOWN,0.4139662,0.18158017,0.40445364,False
2025-06-22 18:30:00+00:00,HDFCBANK.NS,945.5681762695312,UP,2,2,1,UP,STAY,0.17683856,0.6317047,0.19145675,False
2025-06-22 18:30:00+00:00,ICICIBANK.NS,1397.445068359375,STAY,2,1,1,STAY,STAY,0.24925329,0.46770024,0.28304648,True
2025-06-22 18:30:00+00:00,BHARTIARTL.NS,1896.3804931640625,STAY,2,1,1,STAY,STAY,0.18468,0.6145698,0.20075017,True
2025-06-22 18:30:00+00:00,TCS.NS,3247.31689453125,STAY,2,1,0,STAY,DOWN,0.40598986,0.30279806,0.29121202,False
2025-06-22 18:30:00+00:00,SBIN.NS,776.2088012695312,UP,2,2,1,UP,STAY,0.32356364,0.40362707,0.2728093,False
2025-06-22 18:30:00+00:00,INFY.NS,1527.071533203125,STAY,2,1,0,STAY,DOWN,0.41500437,0.29576984,0.2892258,False
2025-06-23 18:30:00+00:00,TMPV.NS,668.1078491210938,STAY,2,1,2,STAY,UP,0.28004664,0.23499973,0.48495358,False
2025-06-23 18:30:00+00:00,BHARTIARTL.NS,1893.7362060546875,UP,2,2,1,UP,STAY,0.24011128,0.43882406,0.3210647,False
2025-06-23 18:30:00+00:00,TCS.NS,3244.254638671875,UP,2,2,0,UP,DOWN,0.39936608,0.29534596,0.30528793,False
2025-06-23 18:30:00+00:00,ICICIBANK.NS,1401.38134765625,STAY,2,1,1,STAY,STAY,0.2711585,0.3684595,0.36038202,True
2025-06-23 18:30:00+00:00,LT.NS,3569.93115234375,STAY,2,1,0,STAY,DOWN,0.4858321,0.23926875,0.27489913,False
2025-06-23 18:30:00+00:00,SBIN.NS,781.3167114257812,UP,2,2,1,UP,STAY,0.31505194,0.39097202,0.2939761,False
2025-06-23 18:30:00+00:00,INFY.NS,1524.7576904296875,UP,2,2,0,UP,DOWN,0.4096362,0.2739296,0.3164342,False
2025-06-23 18:30:00+00:00,RELIANCE.NS,1438.378173828125,UP,2,2,2,UP,UP,0.252089,0.35956663,0.3883444,True
2025-06-23 18:30:00+00:00,HDFCBANK.NS,951.634521484375,UP,2,2,1,UP,STAY,0.18364006,0.50837535,0.30798456,False
2025-06-23 18:30:00+00:00,ITC.NS,395.0811767578125,STAY,2,1,1,STAY,STAY,0.16690895,0.47128934,0.36180168,True
2025-06-24 18:30:00+00:00,LT.NS,3584.7861328125,UP,2,2,0,UP,DOWN,0.41359264,0.27403584,0.31237152,False
2025-06-24 18:30:00+00:00,HDFCBANK.NS,961.0009155273438,UP,2,2,1,UP,STAY,0.22776723,0.5084031,0.26382962,False
2025-06-24 18:30:00+00:00,ICICIBANK.NS,1403.0543212890625,UP,2,2,1,UP,STAY,0.33230507,0.37685055,0.29084438,False
2025-06-24 18:30:00+00:00,RELIANCE.NS,1454.737060546875,UP,2,2,1,UP,STAY,0.25208962,0.46982604,0.27808437,False
2025-06-24 18:30:00+00:00,INFY.NS,1556.8609619140625,STAY,2,1,2,STAY,UP,0.33527693,0.32283893,0.34188414,False
2025-06-24 18:30:00+00:00,SBIN.NS,785.8843383789062,STAY,2,1,1,STAY,STAY,0.29902956,0.37642112,0.32454935,True
2025-06-24 18:30:00+00:00,TMPV.NS,668.9508666992188,UP,2,2,2,UP,UP,0.3520175,0.18722136,0.46076113,True
2025-06-24 18:30:00+00:00,ITC.NS,396.9881286621094,UP,2,2,2,UP,UP,0.2688967,0.34252402,0.38857928,True
2025-06-24 18:30:00+00:00,BHARTIARTL.NS,1925.076416015625,UP,2,2,1,UP,STAY,0.26884362,0.40181616,0.32934025,False
2025-06-24 18:30:00+00:00,TCS.NS,3296.309814453125,STAY,2,1,2,STAY,UP,0.3012105,0.3207767,0.37801278,False
2025-06-25 18:30:00+00:00,BHARTIARTL.NS,1972.7725830078125,UP,2,2,1,UP,STAY,0.3399172,0.45007515,0.21000758,False
2025-06-25 18:30:00+00:00,HDFCBANK.NS,981.1896362304688,UP,2,2,1,UP,STAY,0.18908416,0.4590627,0.35185313,False
2025-06-25 18:30:00+00:00,RELIANCE.NS,1482.4971923828125,UP,2,2,1,UP,STAY,0.21799582,0.476285,0.30571914,False
2025-06-25 18:30:00+00:00,INFY.NS,1557.92138671875,STAY,2,1,0,STAY,DOWN,0.3410524,0.32649213,0.33245546,False
2025-06-25 18:30:00+00:00,TMPV.NS,677.1329956054688,UP,2,2,0,UP,DOWN,0.38865843,0.30196783,0.30937374,False
2025-06-25 18:30:00+00:00,ICICIBANK.NS,1416.14208984375,UP,2,2,1,UP,STAY,0.24569324,0.40365922,0.3506475,False
2025-06-25 18:30:00+00:00,TCS.NS,3293.439208984375,STAY,2,1,1,STAY,STAY,0.30268255,0.37697485,0.3203426,True
2025-06-25 18:30:00+00:00,ITC.NS,400.7544250488281,STAY,2,1,2,STAY,UP,0.22309448,0.33309886,0.44380665,False
2025-06-25 18:30:00+00:00,LT.NS,3624.201171875,UP,2,2,0,UP,DOWN,0.3693026,0.28298497,0.3477124,False
2025-06-25 18:30:00+00:00,SBIN.NS,782.9375,UP,2,2,1,UP,STAY,0.28967378,0.3832984,0.3270278,False
2025-06-26 18:30:00+00:00,TCS.NS,3292.769775390625,UP,2,2,0,UP,DOWN,0.33782017,0.3307732,0.33140665,False
2025-06-26 18:30:00+00:00,TMPV.NS,681.2488403320312,STAY,2,1,0,STAY,DOWN,0.37243962,0.28029293,0.3472674,False
2025-06-26 18:30:00+00:00,RELIANCE.NS,1502.425048828125,DOWN,2,0,1,DOWN,STAY,0.330422,0.3597894,0.30978855,False
2025-06-26 18:30:00+00:00,BHARTIARTL.NS,1985.3084716796875,DOWN,2,0,0,DOWN,DOWN,0.44784194,0.3354357,0.21672241,True
2025-06-26 18:30:00+00:00,ITC.NS,399.1811828613281,DOWN,2,0,2,DOWN,UP,0.22697654,0.29085174,0.48217168,False
2025-06-26 18:30:00+00:00,LT.NS,3643.611572265625,STAY,2,1,0,STAY,DOWN,0.34218812,0.33731806,0.32049385,False
2025-06-26 18:30:00+00:00,ICICIBANK.NS,1438.87353515625,DOWN,2,0,1,DOWN,STAY,0.21902813,0.39754668,0.38342515,False
2025-06-26 18:30:00+00:00,SBIN.NS,791.1396484375,UP,2,2,1,UP,STAY,0.25178072,0.40136546,0.34685382,False
2025-06-26 18:30:00+00:00,HDFCBANK.NS,988.5983276367188,DOWN,2,0,1,DOWN,STAY,0.18624702,0.40752444,0.40622857,False
2025-06-26 18:30:00+00:00,INFY.NS,1550.208984375,STAY,2,1,0,STAY,DOWN,0.3529115,0.31001472,0.3370738,False
2025-06-29 18:30:00+00:00,ICICIBANK.NS,1422.7352294921875,DOWN,2,0,1,DOWN,STAY,0.1922996,0.5651262,0.24257421,False
2025-06-29 18:30:00+00:00,TCS.NS,3312.768310546875,DOWN,2,0,0,DOWN,DOWN,0.35628334,0.3063887,0.33732796,True
2025-06-29 18:30:00+00:00,TMPV.NS,682.3397827148438,DOWN,2,0,0,DOWN,DOWN,0.4624705,0.22659357,0.31093594,True
2025-06-29 18:30:00+00:00,SBIN.NS,805.824951171875,STAY,2,1,1,STAY,STAY,0.27839792,0.42317286,0.29842928,True
2025-06-29 18:30:00+00:00,RELIANCE.NS,1487.7518310546875,UP,2,2,1,UP,STAY,0.29628208,0.43225017,0.27146778,False
2025-06-29 18:30:00+00:00,BHARTIARTL.NS,1968.1693115234373,STAY,2,1,0,STAY,DOWN,0.39537847,0.3800337,0.22458781,False
2025-06-29 18:30:00+00:00,LT.NS,3634.302490234375,STAY,2,1,0,STAY,DOWN,0.40920216,0.28430462,0.3064932,False
2025-06-29 18:30:00+00:00,ITC.NS,397.08349609375,STAY,2,1,2,STAY,UP,0.22537565,0.29841334,0.47621098,False
2025-06-29 18:30:00+00:00,INFY.NS,1544.2318115234375,STAY,2,1,2,STAY,UP,0.34849915,0.296643,0.35485786,False
2025-06-29 18:30:00+00:00,HDFCBANK.NS,982.023681640625,UP,2,2,1,UP,STAY,0.17624591,0.5821422,0.24161196,False
2025-06-30 18:30:00+00:00,SBIN.NS,805.7758178710938,DOWN,2,0,1,DOWN,STAY,0.2305104,0.44825494,0.32123467,False
2025-06-30 18:30:00+00:00,ITC.NS,395.7962646484375,DOWN,2,0,2,DOWN,UP,0.21820164,0.28236613,0.49943227,False
2025-06-30 18:30:00+00:00,TMPV.NS,678.17431640625,UP,2,2,0,UP,DOWN,0.39134988,0.24281098,0.36583912,False
2025-06-30 18:30:00+00:00,INFY.NS,1549.05224609375,STAY,2,1,1,STAY,STAY,0.31199488,0.36092958,0.32707557,True
2025-06-30 18:30:00+00:00,LT.NS,3631.232421875,DOWN,2,0,0,DOWN,DOWN,0.4059249,0.29182565,0.30224952,True
2025-06-30 18:30:00+00:00,RELIANCE.NS,1515.3138427734375,DOWN,2,0,1,DOWN,STAY,0.31555855,0.41305652,0.2713849,False
2025-06-30 18:30:00+00:00,HDFCBANK.NS,987.2244873046876,DOWN,2,0,1,DOWN,STAY,0.23963332,0.52744627,0.23292036,False
2025-06-30 18:30:00+00:00,TCS.NS,3281.8603515625,STAY,2,1,1,STAY,STAY,0.33781096,0.34692222,0.3152668,True
2025-06-30 18:30:00+00:00,BHARTIARTL.NS,1977.767333984375,UP,2,2,1,UP,STAY,0.32706028,0.4476126,0.22532706,False
2025-06-30 18:30:00+00:00,ICICIBANK.NS,1409.1552734375,STAY,2,1,1,STAY,STAY,0.28795782,0.43484515,0.2771971,True
2025-07-01 18:30:00+00:00,TMPV.NS,682.88525390625,STAY,2,1,2,STAY,UP,0.33833957,0.27417845,0.38748196,False
2025-07-01 18:30:00+00:00,SBIN.NS,798.5068969726562,DOWN,2,0,1,DOWN,STAY,0.24924013,0.40063494,0.3501249,False
2025-07-01 18:30:00+00:00,BHARTIARTL.NS,1991.3807373046875,DOWN,2,0,1,DOWN,STAY,0.36472476,0.39678004,0.2384952,False
2025-07-01 18:30:00+00:00,TCS.NS,3275.736572265625,DOWN,2,0,0,DOWN,DOWN,0.36183813,0.31226364,0.32589826,True
2025-07-01 18:30:00+00:00,LT.NS,3562.008544921875,STAY,2,1,0,STAY,DOWN,0.45063043,0.29341045,0.2559591,False
2025-07-01 18:30:00+00:00,INFY.NS,1552.619140625,UP,2,2,2,UP,UP,0.32579914,0.33301076,0.34119007,True
2025-07-01 18:30:00+00:00,RELIANCE.NS,1505.796142578125,STAY,2,1,1,STAY,STAY,0.23446324,0.46217096,0.30336574,True
2025-07-01 18:30:00+00:00,ITC.NS,393.7462463378906,STAY,2,1,2,STAY,UP,0.22843993,0.2762956,0.4952645,False
2025-07-01 18:30:00+00:00,HDFCBANK.NS,974.418701171875,STAY,2,1,1,STAY,STAY,0.22549452,0.50168407,0.27282143,True
2025-07-01 18:30:00+00:00,ICICIBANK.NS,1405.0223388671875,STAY,2,1,1,STAY,STAY,0.2551526,0.41124174,0.33360562,True
2025-07-02 18:30:00+00:00,INFY.NS,1560.5244140625,UP,2,2,0,UP,DOWN,0.34038198,0.32125306,0.33836496,False
2025-07-02 18:30:00+00:00,BHARTIARTL.NS,1977.66943359375,STAY,2,1,0,STAY,DOWN,0.43950534,0.34162202,0.2188726,False
2025-07-02 18:30:00+00:00,TCS.NS,3254.20654296875,UP,2,2,0,UP,DOWN,0.3701689,0.2760278,0.35380334,False
2025-07-02 18:30:00+00:00,TMPV.NS,684.7200927734375,STAY,2,1,0,STAY,DOWN,0.4241059,0.24991155,0.3259826,False
2025-07-02 18:30:00+00:00,LT.NS,3548.242919921875,STAY,2,1,0,STAY,DOWN,0.49689898,0.29451922,0.20858182,False
2025-07-02 18:30:00+00:00,SBIN.NS,792.8095092773438,UP,2,2,1,UP,STAY,0.31593874,0.38192108,0.30214018,False
2025-07-02 18:30:00+00:00,ICICIBANK.NS,1403.1527099609375,UP,2,2,1,UP,STAY,0.3382697,0.34024876,0.32148153,False
2025-07-02 18:30:00+00:00,ITC.NS,394.1276550292969,STAY,2,1,2,STAY,UP,0.21819693,0.29850623,0.4832968,False
2025-07-02 18:30:00+00:00,HDFCBANK.NS,974.9583740234376,STAY,2,1,1,STAY,STAY,0.21085888,0.5116603,0.27748084,True
2025-07-02 18:30:00+00:00,RELIANCE.NS,1504.8045654296875,UP,2,2,1,UP,STAY,0.25198722,0.45178387,0.29622892,False
2025-07-03 18:30:00+00:00,SBIN.NS,797.4754028320312,DOWN,2,0,2,DOWN,UP,0.2601592,0.33415008,0.4056908,False
2025-07-03 18:30:00+00:00,TMPV.NS,683.3811645507812,STAY,2,1,2,STAY,UP,0.32492095,0.2354119,0.43966714,False
2025-07-03 18:30:00+00:00,RELIANCE.NS,1514.223388671875,UP,2,2,1,UP,STAY,0.29553524,0.39576307,0.3087017,False
2025-07-03 18:30:00+00:00,HDFCBANK.NS,976.037841796875,STAY,2,1,1,STAY,STAY,0.27395138,0.45504782,0.2710008,True
2025-07-03 18:30:00+00:00,TCS.NS,3272.3876953125,STAY,2,1,1,STAY,STAY,0.3031814,0.3668938,0.32992473,True
2025-07-03 18:30:00+00:00,ITC.NS,393.3648376464844,UP,2,2,2,UP,UP,0.2535532,0.31593478,0.43051195,True
2025-07-03 18:30:00+00:00,LT.NS,3559.830078125,STAY,2,1,0,STAY,DOWN,0.42441317,0.26548097,0.31010583,False
2025-07-03 18:30:00+00:00,INFY.NS,1581.733642578125,DOWN,2,0,1,DOWN,STAY,0.26238188,0.4200349,0.31758323,False
2025-07-03 18:30:00+00:00,ICICIBANK.NS,1419.782958984375,STAY,2,1,1,STAY,STAY,0.16744341,0.5718941,0.26066247,True
2025-07-03 18:30:00+00:00,BHARTIARTL.NS,1975.6126708984373,UP,2,2,1,UP,STAY,0.2857077,0.46961522,0.24467707,False
2025-07-06 18:30:00+00:00,INFY.NS,1568.5262451171875,UP,2,2,2,UP,UP,0.30780917,0.33658516,0.3556057,True
2025-07-06 18:30:00+00:00,SBIN.NS,792.56396484375,UP,2,2,1,UP,STAY,0.28597745,0.41258937,0.30143315,False
2025-07-06 18:30:00+00:00,RELIANCE.NS,1528.3016357421875,STAY,2,1,1,STAY,STAY,0.34029764,0.41611934,0.24358305,True
2025-07-06 18:30:00+00:00,BHARTIARTL.NS,1991.9683837890625,STAY,2,1,1,STAY,STAY,0.32679087,0.399554,0.27365506,True
2025-07-06 18:30:00+00:00,ICICIBANK.NS,1412.7962646484375,STAY,2,1,1,STAY,STAY,0.25198054,0.43515706,0.31286237,True
2025-07-06 18:30:00+00:00,TMPV.NS,683.1828002929688,UP,2,2,2,UP,UP,0.32269058,0.25256294,0.42474645,True
2025-07-06 18:30:00+00:00,TCS.NS,3264.636474609375,STAY,2,1,0,STAY,DOWN,0.35270953,0.32922295,0.3180675,False
2025-07-06 18:30:00+00:00,HDFCBANK.NS,975.1055908203124,UP,2,2,1,UP,STAY,0.2386119,0.4775661,0.283822,False
2025-07-06 18:30:00+00:00,LT.NS,3546.757568359375,UP,2,2,0,UP,DOWN,0.5008392,0.23285946,0.26630136,False
2025-07-06 18:30:00+00:00,ITC.NS,396.7974548339844,STAY,2,1,2,STAY,UP,0.2108231,0.34776336,0.4414135,False
2025-07-07 18:30:00+00:00,RELIANCE.NS,1524.43505859375,DOWN,2,0,1,DOWN,STAY,0.35975465,0.40964437,0.23060095,False
2025-07-07 18:30:00+00:00,BHARTIARTL.NS,1988.148681640625,DOWN,2,0,1,DOWN,STAY,0.3718877,0.38037422,0.24773808,False
2025-07-07 18:30:00+00:00,TCS.NS,3259.37353515625,DOWN,2,0,0,DOWN,DOWN,0.34599736,0.33934534,0.31465727,True
2025-07-07 18:30:00+00:00,TMPV.NS,687.4970092773438,STAY,2,1,2,STAY,UP,0.30281645,0.3037164,0.39346716,False
2025-07-07 18:30:00+00:00,ICICIBANK.NS,1418.9957275390625,DOWN,2,0,1,DOWN,STAY,0.28207785,0.39241236,0.32550976,False
2025-07-07 18:30:00+00:00,SBIN.NS,798.2612915039062,STAY,2,1,1,STAY,STAY,0.28066438,0.45856243,0.26077318,True
2025-07-07 18:30:00+00:00,HDFCBANK.NS,981.974609375,STAY,2,1,1,STAY,STAY,0.2562237,0.47267732,0.27109897,True
2025-07-07 18:30:00+00:00,INFY.NS,1579.8055419921875,STAY,2,1,1,STAY,STAY,0.3127552,0.37694746,0.3102973,True
2025-07-07 18:30:00+00:00,LT.NS,3571.515625,DOWN,2,0,0,DOWN,DOWN,0.45800442,0.2781512,0.2638444,True
2025-07-07 18:30:00+00:00,ITC.NS,397.7986450195313,UP,2,2,2,UP,UP,0.22699706,0.3426513,0.43035164,True
2025-07-08 18:30:00+00:00,RELIANCE.NS,1505.9942626953125,STAY,2,1,1,STAY,STAY,0.3116446,0.36922976,0.31912556,True
2025-07-08 18:30:00+00:00,TMPV.NS,687.1002807617188,STAY,2,1,2,STAY,UP,0.33477193,0.2824632,0.38276482,False
2025-07-08 18:30:00+00:00,ITC.NS,399.9440002441406,DOWN,2,0,2,DOWN,UP,0.20740041,0.34396318,0.44863644,False
2025-07-08 18:30:00+00:00,TCS.NS,3237.939453125,STAY,2,1,0,STAY,DOWN,0.41774455,0.2750466,0.3072088,False
2025-07-08 18:30:00+00:00,LT.NS,3545.073974609375,STAY,2,1,0,STAY,DOWN,0.44959065,0.28567028,0.26473907,False
2025-07-08 18:30:00+00:00,INFY.NS,1574.9853515625,DOWN,2,0,1,DOWN,STAY,0.3124246,0.3526834,0.334892,False
2025-07-08 18:30:00+00:00,ICICIBANK.NS,1409.056884765625,DOWN,2,0,1,DOWN,STAY,0.29996324,0.4082681,0.2917686,False
2025-07-08 18:30:00+00:00,BHARTIARTL.NS,1978.06103515625,DOWN,2,0,1,DOWN,STAY,0.335533,0.34825918,0.3162078,False
2025-07-08 18:30:00+00:00,SBIN.NS,796.5913696289062,STAY,2,1,1,STAY,STAY,0.31271532,0.37235442,0.31493023,True
2025-07-08 18:30:00+00:00,HDFCBANK.NS,986.7828979492188,STAY,2,1,1,STAY,STAY,0.26838112,0.48600146,0.24561737,True
2025-07-09 18:30:00+00:00,RELIANCE.NS,1504.209716796875,DOWN,2,0,2,DOWN,UP,0.34080288,0.31291476,0.34628233,False
2025-07-09 18:30:00+00:00,ICICIBANK.NS,1401.38134765625,STAY,2,1,1,STAY,STAY,0.28145352,0.41475043,0.3037961,True
2025-07-09 18:30:00+00:00,TCS.NS,3236.216796875,DOWN,2,0,2,DOWN,UP,0.34161484,0.27982908,0.37855607,False
2025-07-09 18:30:00+00:00,ITC.NS,397.46490478515625,STAY,2,1,2,STAY,UP,0.14925902,0.30976477,0.5409762,False
2025-07-09 18:30:00+00:00,BHARTIARTL.NS,1923.9991455078125,DOWN,2,0,0,DOWN,DOWN,0.35824636,0.33925232,0.30250135,True
2025-07-09 18:30:00+00:00,LT.NS,3540.122314453125,DOWN,2,0,0,DOWN,DOWN,0.4437088,0.26541373,0.2908774,True
2025-07-09 18:30:00+00:00,SBIN.NS,793.693603515625,STAY,2,1,2,STAY,UP,0.2626263,0.33888194,0.39849177,False
2025-07-09 18:30:00+00:00,HDFCBANK.NS,984.3296508789062,DOWN,2,0,2,DOWN,UP,0.263758,0.36787257,0.36836946,False
2025-07-09 18:30:00+00:00,TMPV.NS,689.8772583007812,DOWN,2,0,0,DOWN,DOWN,0.4095492,0.27042404,0.32002676,True
2025-07-09 18:30:00+00:00,INFY.NS,1557.728759765625,DOWN,2,0,0,DOWN,DOWN,0.39126065,0.3118735,0.29686582,True
2025-07-10 18:30:00+00:00,ITC.NS,397.4172058105469,UP,2,2,2,UP,UP,0.1892639,0.32081127,0.4899248,True
2025-07-10 18:30:00+00:00,RELIANCE.NS,1482.3980712890625,DOWN,2,0,1,DOWN,STAY,0.36178294,0.36444873,0.2737683,False
2025-07-10 18:30:00+00:00,SBIN.NS,794.3321533203125,STAY,2,1,2,STAY,UP,0.18461978,0.33651075,0.47886944,False
2025-07-10 18:30:00+00:00,TMPV.NS,676.1907958984375,DOWN,2,0,0,DOWN,DOWN,0.45046335,0.232811,0.31672558,True
2025-07-10 18:30:00+00:00,ICICIBANK.NS,1399.2164306640625,STAY,2,1,2,STAY,UP,0.2888618,0.3327589,0.37837926,False
2025-07-10 18:30:00+00:00,HDFCBANK.NS,973.2901611328124,STAY,2,1,1,STAY,STAY,0.24176134,0.47568673,0.28255194,True
2025-07-10 18:30:00+00:00,BHARTIARTL.NS,1882.27734375,STAY,2,1,2,STAY,UP,0.3545189,0.23116526,0.4143159,False
2025-07-10 18:30:00+00:00,INFY.NS,1537.5797119140625,DOWN,2,0,1,DOWN,STAY,0.3420949,0.34838384,0.30952123,False
2025-07-10 18:30:00+00:00,LT.NS,3506.352294921875,DOWN,2,0,0,DOWN,DOWN,0.3695806,0.3189122,0.3115072,True
2025-07-10 18:30:00+00:00,TCS.NS,3125.217041015625,DOWN,2,0,2,DOWN,UP,0.27319008,0.2756978,0.4511121,False
2025-07-13 18:30:00+00:00,TMPV.NS,668.9508666992188,UP,2,2,0,UP,DOWN,0.4201122,0.22179002,0.35809782,False
2025-07-13 18:30:00+00:00,RELIANCE.NS,1470.9964599609375,STAY,2,1,1,STAY,STAY,0.2815595,0.40320805,0.31523243,True
2025-07-13 18:30:00+00:00,SBIN.NS,794.528564453125,UP,2,2,2,UP,UP,0.30325198,0.2990579,0.39769012,True
2025-07-13 18:30:00+00:00,LT.NS,3462.08447265625,STAY,2,1,0,STAY,DOWN,0.3851045,0.28243822,0.33245724,False
2025-07-13 18:30:00+00:00,HDFCBANK.NS,972.94677734375,UP,2,2,1,UP,STAY,0.27357534,0.4337858,0.29263887,False
2025-07-13 18:30:00+00:00,TCS.NS,3083.783447265625,UP,2,2,2,UP,UP,0.21712634,0.2669423,0.51593137,True
2025-07-13 18:30:00+00:00,BHARTIARTL.NS,1881.2979736328125,UP,2,2,1,UP,STAY,0.33074328,0.39460412,0.2746526,False
2025-07-13 18:30:00+00:00,INFY.NS,1513.8638916015625,UP,2,2,0,UP,DOWN,0.35909492,0.31718624,0.32371888,False
2025-07-13 18:30:00+00:00,ITC.NS,399.8963012695313,UP,2,2,2,UP,UP,0.1929862,0.30209744,0.5049163,True
2025-07-13 18:30:00+00:00,ICICIBANK.NS,1400.298828125,UP,2,2,1,UP,STAY,0.28110352,0.3757145,0.34318197,False
2025-07-14 18:30:00+00:00,TCS.NS,3112.107666015625,STAY,2,1,0,STAY,DOWN,0.34241572,0.31903458,0.33854967,False
2025-07-14 18:30:00+00:00,LT.NS,3460.202880859375,STAY,2,1,0,STAY,DOWN,0.43484297,0.2744831,0.2906739,False
2025-07-14 18:30:00+00:00,BHARTIARTL.NS,1894.32373046875,STAY,2,1,0,STAY,DOWN,0.39048973,0.32731098,0.28219926,False
2025-07-14 18:30:00+00:00,ICICIBANK.NS,1407.9744873046875,STAY,2,1,1,STAY,STAY,0.2835028,0.3646336,0.3518636,True
2025-07-14 18:30:00+00:00,INFY.NS,1528.614013671875,UP,2,2,0,UP,DOWN,0.35976705,0.3076576,0.33257532,False
2025-07-14 18:30:00+00:00,SBIN.NS,801.9940185546875,UP,2,2,1,UP,STAY,0.2978394,0.39196926,0.31019136,False
2025-07-14 18:30:00+00:00,ITC.NS,402.47076416015625,UP,2,2,2,UP,UP,0.1993957,0.37325257,0.4273518,True
2025-07-14 18:30:00+00:00,RELIANCE.NS,1472.6820068359375,STAY,2,1,0,STAY,DOWN,0.35771888,0.34991223,0.29236895,False
2025-07-14 18:30:00+00:00,HDFCBANK.NS,979.079833984375,STAY,2,1,1,STAY,STAY,0.24988018,0.4532763,0.29684353,True
2025-07-14 18:30:00+00:00,TMPV.NS,678.7694091796875,DOWN,2,0,2,DOWN,UP,0.31888056,0.30977848,0.37134096,False
2025-07-15 18:30:00+00:00,ITC.NS,404.8544921875,STAY,2,1,2,STAY,UP,0.2247894,0.36832923,0.40688136,False
2025-07-15 18:30:00+00:00,INFY.NS,1550.1126708984375,DOWN,2,0,2,DOWN,UP,0.32793134,0.31400734,0.35806128,False
2025-07-15 18:30:00+00:00,TMPV.NS,673.413818359375,STAY,2,1,0,STAY,DOWN,0.44930476,0.2326931,0.3180021,False
2025-07-15 18:30:00+00:00,TCS.NS,3104.234375,DOWN,2,0,0,DOWN,DOWN,0.3627684,0.36005402,0.27717757,True
2025-07-15 18:30:00+00:00,ICICIBANK.NS,1403.6446533203125,DOWN,2,0,1,DOWN,STAY,0.3226347,0.37528887,0.3020764,False
2025-07-15 18:30:00+00:00,RELIANCE.NS,1472.8802490234375,DOWN,2,0,0,DOWN,DOWN,0.35099685,0.34600526,0.3029979,True
2025-07-15 18:30:00+00:00,BHARTIARTL.NS,1896.67431640625,STAY,2,1,0,STAY,DOWN,0.38084972,0.36434117,0.25480914,False
2025-07-15 18:30:00+00:00,SBIN.NS,816.9739990234375,STAY,2,1,1,STAY,STAY,0.21280335,0.45922786,0.32796878,True
2025-07-15 18:30:00+00:00,LT.NS,3469.908203125,DOWN,2,0,0,DOWN,DOWN,0.4032378,0.30265632,0.29410586,True
2025-07-15 18:30:00+00:00,HDFCBANK.NS,979.4723510742188,STAY,2,1,1,STAY,STAY,0.27598256,0.40289736,0.32112014,True
2025-07-16 18:30:00+00:00,BHARTIARTL.NS,1890.112548828125,DOWN,2,0,1,DOWN,STAY,0.29894188,0.36951166,0.33154643,False
2025-07-16 18:30:00+00:00,RELIANCE.NS,1463.759033203125,STAY,2,1,1,STAY,STAY,0.329891,0.3625572,0.30755177,True
2025-07-16 18:30:00+00:00,SBIN.NS,814.32177734375,DOWN,2,0,1,DOWN,STAY,0.25910223,0.38235486,0.3585429,False
2025-07-16 18:30:00+00:00,ICICIBANK.NS,1396.0673828125,UP,2,2,1,UP,STAY,0.2773956,0.38217327,0.34043106,False
2025-07-16 18:30:00+00:00,TMPV.NS,676.0916137695312,STAY,2,1,0,STAY,DOWN,0.4486074,0.22137266,0.33001998,False
2025-07-16 18:30:00+00:00,ITC.NS,404.2347106933594,STAY,2,1,2,STAY,UP,0.21188217,0.34040716,0.44771063,False
2025-07-16 18:30:00+00:00,HDFCBANK.NS,974.8602905273438,DOWN,2,0,1,DOWN,STAY,0.23776853,0.41980067,0.34243077,False
2025-07-16 18:30:00+00:00,TCS.NS,3081.287109375,DOWN,2,0,2,DOWN,UP,0.3109456,0.31235087,0.37670353,False
2025-07-16 18:30:00+00:00,LT.NS,3440.396484375,STAY,2,1,1,STAY,STAY,0.28862572,0.37249234,0.3388819,True
2025-07-16 18:30:00+00:00,INFY.NS,1526.589599609375,STAY,2,1,0,STAY,DOWN,0.39551133,0.30370137,0.3007873,False
2025-07-17 18:30:00+00:00,ITC.NS,403.0905151367188,DOWN,2,0,2,DOWN,UP,0.2122413,0.3314553,0.45630342,False
2025-07-17 18:30:00+00:00,SBIN.NS,808.7717895507812,STAY,2,1,1,STAY,STAY,0.27205014,0.39400753,0.3339423,True
2025-07-17 18:30:00+00:00,TMPV.NS,674.653564453125,UP,2,2,0,UP,DOWN,0.4407743,0.20822969,0.35099602,False
2025-07-17 18:30:00+00:00,INFY.NS,1529.095947265625,STAY,2,1,0,STAY,DOWN,0.3783545,0.29977754,0.32186797,False
2025-07-17 18:30:00+00:00,HDFCBANK.NS,960.3862915039062,UP,2,2,1,UP,STAY,0.2936096,0.41859517,0.28779525,False
2025-07-17 18:30:00+00:00,LT.NS,3431.285400390625,UP,2,2,0,UP,DOWN,0.40767294,0.2601113,0.33221573,False
2025-07-17 18:30:00+00:00,BHARTIARTL.NS,1877.372802734375,STAY,2,1,1,STAY,STAY,0.2745275,0.38551927,0.33995327,True
2025-07-17 18:30:00+00:00,TCS.NS,3062.756103515625,DOWN,2,0,1,DOWN,STAY,0.26018742,0.40412953,0.33568302,False
2025-07-17 18:30:00+00:00,RELIANCE.NS,1463.3624267578125,DOWN,2,0,1,DOWN,STAY,0.294281,0.3724091,0.33330992,False
2025-07-17 18:30:00+00:00,ICICIBANK.NS,1403.0543212890625,UP,2,2,2,UP,UP,0.264947,0.3439725,0.3910805,True
2025-07-20 18:30:00+00:00,TCS.NS,3032.31982421875,STAY,2,1,2,STAY,UP,0.2538501,0.3282156,0.41793427,False
2025-07-20 18:30:00+00:00,BHARTIARTL.NS,1885.4708251953125,STAY,2,1,1,STAY,STAY,0.32444915,0.38575193,0.2897989,True
2025-07-20 18:30:00+00:00,SBIN.NS,809.6068115234375,DOWN,2,0,1,DOWN,STAY,0.25779885,0.39280814,0.34939304,False
2025-07-20 18:30:00+00:00,LT.NS,3468.91796875,DOWN,2,0,0,DOWN,DOWN,0.3760181,0.25099912,0.37298277,True
2025-07-20 18:30:00+00:00,INFY.NS,1527.36083984375,DOWN,2,0,1,DOWN,STAY,0.31109145,0.34886435,0.34004417,False
2025-07-20 18:30:00+00:00,ICICIBANK.NS,1442.4161376953125,UP,2,2,2,UP,UP,0.24362648,0.3641584,0.3922151,True
2025-07-20 18:30:00+00:00,ITC.NS,400.5637512207031,DOWN,2,0,2,DOWN,UP,0.1782234,0.3413937,0.48038292,False
2025-07-20 18:30:00+00:00,TMPV.NS,681.7943115234375,DOWN,2,0,2,DOWN,UP,0.34869444,0.25404388,0.39726168,False
2025-07-20 18:30:00+00:00,RELIANCE.NS,1416.3682861328125,DOWN,2,0,2,DOWN,UP,0.19183458,0.34309372,0.4650717,False
2025-07-20 18:30:00+00:00,HDFCBANK.NS,981.5330200195312,STAY,2,1,1,STAY,STAY,0.17970097,0.5068568,0.3134422,True
2025-07-21 18:30:00+00:00,ICICIBANK.NS,1450.0916748046875,UP,2,2,1,UP,STAY,0.18904956,0.48168495,0.32926548,False
2025-07-21 18:30:00+00:00,HDFCBANK.NS,984.771240234375,UP,2,2,1,UP,STAY,0.20156595,0.49212286,0.30631122,False
2025-07-21 18:30:00+00:00,SBIN.NS,800.5697021484375,UP,2,2,1,UP,STAY,0.3658523,0.36831853,0.26582918,False
2025-07-21 18:30:00+00:00,LT.NS,3431.08740234375,UP,2,2,1,UP,STAY,0.32576087,0.3493026,0.3249366,False
2025-07-21 18:30:00+00:00,RELIANCE.NS,1400.70361328125,UP,2,2,2,UP,UP,0.2322025,0.23440795,0.53338957,True
2025-07-21 18:30:00+00:00,BHARTIARTL.NS,1883.100830078125,UP,2,2,1,UP,STAY,0.35605657,0.37915027,0.26479316,False
2025-07-21 18:30:00+00:00,TCS.NS,3033.664306640625,UP,2,2,1,UP,STAY,0.30612862,0.34867114,0.34520024,False
2025-07-21 18:30:00+00:00,INFY.NS,1514.4423828125,STAY,2,1,2,STAY,UP,0.29387167,0.35125312,0.35487527,False
2025-07-21 18:30:00+00:00,ITC.NS,396.6544189453125,STAY,2,1,2,STAY,UP,0.21783942,0.34412527,0.43803534,False
2025-07-21 18:30:00+00:00,TMPV.NS,667.8599243164062,UP,2,2,2,UP,UP,0.38928765,0.19970988,0.41100246,True
2025-07-22 18:30:00+00:00,ICICIBANK.NS,1464.8524169921875,STAY,2,1,1,STAY,STAY,0.29442623,0.43203864,0.2735352,True
2025-07-22 18:30:00+00:00,TMPV.NS,684.4224853515625,UP,2,2,2,UP,UP,0.25682598,0.2985256,0.4446484,True
2025-07-22 18:30:00+00:00,RELIANCE.NS,1412.4024658203125,DOWN,2,0,1,DOWN,STAY,0.24944533,0.4580963,0.29245833,False
2025-07-22 18:30:00+00:00,INFY.NS,1517.9129638671875,DOWN,2,0,2,DOWN,UP,0.3414341,0.31405842,0.3445075,False
2025-07-22 18:30:00+00:00,TCS.NS,3052.386962890625,DOWN,2,0,1,DOWN,STAY,0.30043468,0.3722449,0.32732043,False
2025-07-22 18:30:00+00:00,LT.NS,3451.19091796875,STAY,2,1,1,STAY,STAY,0.33957407,0.35085812,0.3095678,True
2025-07-22 18:30:00+00:00,HDFCBANK.NS,993.2103881835938,STAY,2,1,1,STAY,STAY,0.19074306,0.53265315,0.2766038,True
2025-07-22 18:30:00+00:00,BHARTIARTL.NS,1919.640869140625,STAY,2,1,1,STAY,STAY,0.2744088,0.40825754,0.3173337,True
2025-07-22 18:30:00+00:00,SBIN.NS,806.1196899414062,DOWN,2,0,1,DOWN,STAY,0.21947622,0.4722056,0.3083182,False
2025-07-22 18:30:00+00:00,ITC.NS,395.65325927734375,DOWN,2,0,2,DOWN,UP,0.19900535,0.29288042,0.5081142,False
2025-07-23 18:30:00+00:00,BHARTIARTL.NS,1912.0364990234373,STAY,2,1,1,STAY,STAY,0.31213847,0.38168472,0.3061768,True
2025-07-23 18:30:00+00:00,TCS.NS,3022.5263671875,STAY,2,1,1,STAY,STAY,0.2128252,0.43994412,0.34723067,True
2025-07-23 18:30:00+00:00,ITC.NS,390.8857727050781,STAY,2,1,2,STAY,UP,0.2553043,0.28738353,0.45731217,False
2025-07-23 18:30:00+00:00,INFY.NS,1496.70361328125,DOWN,2,0,1,DOWN,STAY,0.29453027,0.37301752,0.3324522,False
2025-07-23 18:30:00+00:00,HDFCBANK.NS,988.2548217773438,STAY,2,1,1,STAY,STAY,0.213543,0.44961697,0.33684003,True
2025-07-23 18:30:00+00:00,LT.NS,3443.862548828125,DOWN,2,0,0,DOWN,DOWN,0.3825804,0.31019747,0.30722213,True
2025-07-23 18:30:00+00:00,SBIN.NS,801.25732421875,DOWN,2,0,1,DOWN,STAY,0.29055294,0.38716185,0.32228515,False
2025-07-23 18:30:00+00:00,TMPV.NS,694.7369384765625,DOWN,2,0,2,DOWN,UP,0.25969937,0.31876394,0.42153674,False
2025-07-23 18:30:00+00:00,ICICIBANK.NS,1459.7353515625,STAY,2,1,1,STAY,STAY,0.21129654,0.39909348,0.38961002,True
2025-07-23 18:30:00+00:00,RELIANCE.NS,1390.8883056640625,DOWN,2,0,2,DOWN,UP,0.206987,0.3522197,0.44079328,False
2025-07-24 18:30:00+00:00,LT.NS,3409.59716796875,DOWN,2,0,2,DOWN,UP,0.2925054,0.323245,0.38424963,False
2025-07-24 18:30:00+00:00,ICICIBANK.NS,1453.5357666015625,UP,2,2,1,UP,STAY,0.26071203,0.43635672,0.30293125,False
2025-07-24 18:30:00+00:00,ITC.NS,390.361328125,STAY,2,1,2,STAY,UP,0.25750202,0.27906832,0.46342972,False
2025-07-24 18:30:00+00:00,BHARTIARTL.NS,1913.814208984375,DOWN,2,0,1,DOWN,STAY,0.3277936,0.3744407,0.29776573,False
2025-07-24 18:30:00+00:00,RELIANCE.NS,1379.7841796875,STAY,2,1,2,STAY,UP,0.2651069,0.30115288,0.43374023,False
2025-07-24 18:30:00+00:00,HDFCBANK.NS,985.9922485351562,STAY,2,1,1,STAY,STAY,0.22637036,0.46609795,0.30753168,True
2025-07-24 18:30:00+00:00,TMPV.NS,681.7447509765625,DOWN,2,0,2,DOWN,UP,0.37859464,0.22851743,0.39288798,False
2025-07-24 18:30:00+00:00,TCS.NS,3010.812744140625,DOWN,2,0,1,DOWN,STAY,0.17097951,0.4915423,0.3374781,False
2025-07-24 18:30:00+00:00,INFY.NS,1461.2261962890625,STAY,2,1,0,STAY,DOWN,0.3600414,0.31386882,0.32608974,False
2025-07-24 18:30:00+00:00,SBIN.NS,792.269287109375,DOWN,2,0,1,DOWN,STAY,0.32671538,0.35708797,0.31619662,False
2025-07-27 18:30:00+00:00,RELIANCE.NS,1375.7193603515625,UP,2,2,2,UP,UP,0.26073623,0.3642021,0.37506172,True
2025-07-27 18:30:00+00:00,SBIN.NS,783.0357666015625,STAY,2,1,1,STAY,STAY,0.33641133,0.42359382,0.23999484,True
2025-07-27 18:30:00+00:00,LT.NS,3389.097412109375,UP,2,2,2,UP,UP,0.2403321,0.31827947,0.44138843,True
2025-07-27 18:30:00+00:00,ITC.NS,390.8381042480469,STAY,2,1,2,STAY,UP,0.21226233,0.3860499,0.40168774,False
2025-07-27 18:30:00+00:00,TMPV.NS,677.2817993164062,UP,2,2,2,UP,UP,0.38117352,0.22312017,0.3957063,True
2025-07-27 18:30:00+00:00,INFY.NS,1461.515380859375,STAY,2,1,0,STAY,DOWN,0.35793996,0.2851471,0.3569129,False
2025-07-27 18:30:00+00:00,BHARTIARTL.NS,1866.805908203125,UP,2,2,0,UP,DOWN,0.3841986,0.2870551,0.32874632,False
2025-07-27 18:30:00+00:00,ICICIBANK.NS,1464.655517578125,STAY,2,1,1,STAY,STAY,0.30690873,0.37085903,0.32223228,True
2025-07-27 18:30:00+00:00,TCS.NS,2956.56494140625,DOWN,2,0,1,DOWN,STAY,0.22339246,0.39389378,0.38271374,False
2025-07-27 18:30:00+00:00,HDFCBANK.NS,987.9105224609376,UP,2,2,1,UP,STAY,0.2886315,0.41688457,0.29448396,False
2025-07-28 18:30:00+00:00,BHARTIARTL.NS,1894.4578857421875,UP,2,2,0,UP,DOWN,0.3711551,0.34094006,0.28790486,False
2025-07-28 18:30:00+00:00,INFY.NS,1459.2979736328125,STAY,2,1,0,STAY,DOWN,0.4067843,0.28885737,0.30435836,False
2025-07-28 18:30:00+00:00,LT.NS,3461.78759765625,UP,2,2,2,UP,UP,0.30960524,0.2746854,0.41570935,True
2025-07-28 18:30:00+00:00,SBIN.NS,785.0494384765625,STAY,2,1,1,STAY,STAY,0.32756412,0.4374049,0.23503096,True
2025-07-28 18:30:00+00:00,RELIANCE.NS,1404.966796875,STAY,2,1,1,STAY,STAY,0.29709524,0.3835829,0.31932184,True
2025-07-28 18:30:00+00:00,TCS.NS,2934.193359375,STAY,2,1,1,STAY,STAY,0.18087217,0.43419966,0.38492814,True
2025-07-28 18:30:00+00:00,ICICIBANK.NS,1462.4906005859375,STAY,2,1,1,STAY,STAY,0.3143821,0.37401375,0.31160408,True
2025-07-28 18:30:00+00:00,ITC.NS,389.4555358886719,STAY,2,1,2,STAY,UP,0.23771308,0.33922595,0.42306098,False
2025-07-28 18:30:00+00:00,TMPV.NS,686.6539916992188,DOWN,2,0,2,DOWN,UP,0.28713822,0.29520604,0.41765577,False
2025-07-28 18:30:00+00:00,HDFCBANK.NS,994.3539428710938,STAY,2,1,1,STAY,STAY,0.20115194,0.49531394,0.30353412,True
2025-07-29 18:30:00+00:00,RELIANCE.NS,1398.0267333984375,DOWN,2,0,1,DOWN,STAY,0.31363633,0.38547423,0.3008894,False
2025-07-29 18:30:00+00:00,TMPV.NS,662.9506225585938,STAY,2,1,2,STAY,UP,0.38608456,0.20306508,0.41085038,False
2025-07-29 18:30:00+00:00,LT.NS,3629.64794921875,DOWN,2,0,0,DOWN,DOWN,0.37587902,0.35135248,0.2727685,True
2025-07-29 18:30:00+00:00,ITC.NS,388.6450500488281,UP,2,2,2,UP,UP,0.19203767,0.30769917,0.5002631,True
2025-07-29 18:30:00+00:00,BHARTIARTL.NS,1908.580078125,DOWN,2,0,1,DOWN,STAY,0.29301172,0.38101915,0.3259691,False
2025-07-29 18:30:00+00:00,INFY.NS,1464.40771484375,DOWN,2,0,0,DOWN,DOWN,0.40036222,0.30777276,0.291865,True
2025-07-29 18:30:00+00:00,SBIN.NS,787.4560546875,DOWN,2,0,0,DOWN,DOWN,0.36856827,0.33256897,0.2988628,True
2025-07-29 18:30:00+00:00,TCS.NS,2931.888916015625,DOWN,2,0,1,DOWN,STAY,0.22858278,0.435179,0.33623818,False
2025-07-29 18:30:00+00:00,HDFCBANK.NS,996.4197998046876,STAY,2,1,2,STAY,UP,0.21897529,0.38518587,0.39583883,False
2025-07-29 18:30:00+00:00,ICICIBANK.NS,1458.751220703125,STAY,2,1,2,STAY,UP,0.29171947,0.3504291,0.35785142,False
2025-07-30 18:30:00+00:00,LT.NS,3601.324462890625,DOWN,2,0,1,DOWN,STAY,0.2843903,0.4608679,0.2547418,False
2025-07-30 18:30:00+00:00,INFY.NS,1454.76708984375,DOWN,2,0,0,DOWN,DOWN,0.41164955,0.28154093,0.30680948,True
2025-07-30 18:30:00+00:00,RELIANCE.NS,1378.2969970703125,STAY,2,1,2,STAY,UP,0.32015407,0.24470109,0.43514484,False
2025-07-30 18:30:00+00:00,SBIN.NS,782.4463500976562,STAY,2,1,0,STAY,DOWN,0.36113402,0.301535,0.33733094,False
2025-07-30 18:30:00+00:00,HDFCBANK.NS,992.6815795898438,STAY,2,1,1,STAY,STAY,0.21938647,0.40988207,0.3707314,True
2025-07-30 18:30:00+00:00,TMPV.NS,660.47119140625,DOWN,2,0,2,DOWN,UP,0.4216602,0.15156472,0.42677513,False
2025-07-30 18:30:00+00:00,BHARTIARTL.NS,1890.507568359375,DOWN,2,0,0,DOWN,DOWN,0.35732606,0.3465434,0.2961305,True
2025-07-30 18:30:00+00:00,TCS.NS,2915.7587890625,DOWN,2,0,2,DOWN,UP,0.23479784,0.37132093,0.3938812,False
2025-07-30 18:30:00+00:00,ICICIBANK.NS,1457.7672119140625,DOWN,2,0,2,DOWN,UP,0.2555438,0.3593702,0.385086,False
2025-07-30 18:30:00+00:00,ITC.NS,392.7927856445313,UP,2,2,2,UP,UP,0.17121182,0.3346764,0.49411178,True
2025-07-31 18:30:00+00:00,INFY.NS,1416.782958984375,UP,2,2,2,UP,UP,0.26822498,0.29742208,0.43435293,True
2025-07-31 18:30:00+00:00,HDFCBANK.NS,989.7304077148438,DOWN,2,0,1,DOWN,STAY,0.2185695,0.42086324,0.3605673,False
2025-07-31 18:30:00+00:00,TCS.NS,2883.3056640625,UP,2,2,1,UP,STAY,0.23470937,0.45770788,0.3075828,False
2025-07-31 18:30:00+00:00,LT.NS,3552.6005859375,UP,2,2,1,UP,STAY,0.26064873,0.40169454,0.33765677,False
2025-07-31 18:30:00+00:00,TMPV.NS,643.5118408203125,UP,2,2,2,UP,UP,0.33668214,0.14519176,0.51812613,True
2025-07-31 18:30:00+00:00,RELIANCE.NS,1381.76708984375,UP,2,2,2,UP,UP,0.3439464,0.30258837,0.35346526,True
2025-07-31 18:30:00+00:00,ICICIBANK.NS,1448.12353515625,DOWN,2,0,1,DOWN,STAY,0.21038947,0.5587059,0.23090461,False
2025-07-31 18:30:00+00:00,ITC.NS,397.08349609375,STAY,2,1,2,STAY,UP,0.17141409,0.3059439,0.522642,False
2025-07-31 18:30:00+00:00,BHARTIARTL.NS,1860.9791259765625,UP,2,2,0,UP,DOWN,0.39957443,0.2725431,0.3278825,False
2025-07-31 18:30:00+00:00,SBIN.NS,779.9415283203125,STAY,2,1,2,STAY,UP,0.26530564,0.33066624,0.40402815,False
2025-08-03 18:30:00+00:00,BHARTIARTL.NS,1890.8037109375,UP,2,2,1,UP,STAY,0.2954577,0.38247746,0.32206482,False
2025-08-03 18:30:00+00:00,TMPV.NS,648.2227783203125,STAY,2,1,2,STAY,UP,0.39644897,0.18969119,0.4138598,False
2025-08-03 18:30:00+00:00,HDFCBANK.NS,979.7947387695312,DOWN,2,0,1,DOWN,STAY,0.31044787,0.40368488,0.2858673,False
2025-08-03 18:30:00+00:00,SBIN.NS,781.6113891601562,UP,2,2,1,UP,STAY,0.2884585,0.39348543,0.31805608,False
2025-08-03 18:30:00+00:00,RELIANCE.NS,1399.4146728515625,DOWN,2,0,2,DOWN,UP,0.3009577,0.30770105,0.39134118,False
2025-08-03 18:30:00+00:00,LT.NS,3595.976806640625,UP,2,2,1,UP,STAY,0.35688594,0.41341394,0.2297001,False
2025-08-03 18:30:00+00:00,ITC.NS,397.46490478515625,DOWN,2,0,2,DOWN,UP,0.19611807,0.27872196,0.52515996,False
2025-08-03 18:30:00+00:00,TCS.NS,2951.85986328125,STAY,2,1,1,STAY,STAY,0.27807063,0.38155183,0.3403775,True
2025-08-03 18:30:00+00:00,INFY.NS,1427.291259765625,DOWN,2,0,0,DOWN,DOWN,0.41673338,0.2794582,0.30380845,True
2025-08-03 18:30:00+00:00,ICICIBANK.NS,1439.8575439453125,DOWN,2,0,1,DOWN,STAY,0.34040076,0.39883798,0.2607612,False
2025-08-04 18:30:00+00:00,LT.NS,3617.26904296875,DOWN,2,0,1,DOWN,STAY,0.3277988,0.35337302,0.3188282,False
2025-08-04 18:30:00+00:00,HDFCBANK.NS,972.7118530273438,STAY,2,1,1,STAY,STAY,0.2109275,0.46620175,0.3228707,True
2025-08-04 18:30:00+00:00,TCS.NS,2941.7783203125,DOWN,2,0,1,DOWN,STAY,0.29347542,0.40228957,0.30423504,False
2025-08-04 18:30:00+00:00,BHARTIARTL.NS,1907.7900390625,STAY,2,1,1,STAY,STAY,0.27043572,0.42022905,0.30933526,True
2025-08-04 18:30:00+00:00,TMPV.NS,649.2145385742188,STAY,2,1,0,STAY,DOWN,0.4236343,0.22623277,0.3501329,False
2025-08-04 18:30:00+00:00,ICICIBANK.NS,1421.3575439453125,STAY,2,1,1,STAY,STAY,0.23435982,0.44318274,0.32245743,True
2025-08-04 18:30:00+00:00,RELIANCE.NS,1379.7841796875,STAY,2,1,0,STAY,DOWN,0.37204576,0.3240664,0.30388778,False
2025-08-04 18:30:00+00:00,SBIN.NS,786.4246215820312,UP,2,2,1,UP,STAY,0.32296133,0.40760207,0.26943663,False
2025-08-04 18:30:00+00:00,ITC.NS,394.8904418945313,DOWN,2,0,2,DOWN,UP,0.2057312,0.3347281,0.45954067,False
2025-08-04 18:30:00+00:00,INFY.NS,1407.8172607421875,DOWN,2,0,0,DOWN,DOWN,0.37392592,0.30076268,0.32531136,True
2025-08-05 18:30:00+00:00,LT.NS,3593.302734375,STAY,2,1,0,STAY,DOWN,0.44408393,0.31481504,0.24110101,False
2025-08-05 18:30:00+00:00,SBIN.NS,790.8941040039062,STAY,2,1,1,STAY,STAY,0.33445665,0.38998336,0.27556,True
2025-08-05 18:30:00+00:00,TMPV.NS,647.4789428710938,DOWN,2,0,0,DOWN,DOWN,0.42653528,0.28238726,0.2910775,True
2025-08-05 18:30:00+00:00,BHARTIARTL.NS,1905.716064453125,STAY,2,1,0,STAY,DOWN,0.35143661,0.31179863,0.33676475,False
2025-08-05 18:30:00+00:00,INFY.NS,1385.0654296875,STAY,2,1,2,STAY,UP,0.25343302,0.28885326,0.45771375,False
2025-08-05 18:30:00+00:00,RELIANCE.NS,1380.8748779296875,STAY,2,1,1,STAY,STAY,0.3001105,0.3902144,0.30967504,True
2025-08-05 18:30:00+00:00,HDFCBANK.NS,976.499267578125,UP,2,2,2,UP,UP,0.20926069,0.39511302,0.39562628,True
2025-08-05 18:30:00+00:00,TCS.NS,2911.43798828125,STAY,2,1,1,STAY,STAY,0.22482689,0.4515775,0.32359555,True
2025-08-05 18:30:00+00:00,ICICIBANK.NS,1420.5703125,STAY,2,1,2,STAY,UP,0.21158613,0.38045692,0.40795693,False
2025-08-05 18:30:00+00:00,ITC.NS,392.8404235839844,STAY,2,1,2,STAY,UP,0.21996233,0.32834995,0.45168778,False
2025-08-06 18:30:00+00:00,LT.NS,3606.375244140625,DOWN,2,0,0,DOWN,DOWN,0.38066348,0.32781568,0.29152086,True
2025-08-06 18:30:00+00:00,TMPV.NS,641.1812133789062,DOWN,2,0,2,DOWN,UP,0.3113383,0.22480425,0.4638574,False
2025-08-06 18:30:00+00:00,HDFCBANK.NS,981.4671020507812,DOWN,2,0,1,DOWN,STAY,0.29393756,0.4376995,0.26836294,False
2025-08-06 18:30:00+00:00,INFY.NS,1385.2581787109375,DOWN,2,0,2,DOWN,UP,0.33580858,0.2937163,0.3704751,False
2025-08-06 18:30:00+00:00,ICICIBANK.NS,1417.322998046875,STAY,2,1,1,STAY,STAY,0.3009093,0.38253227,0.3165584,True
2025-08-06 18:30:00+00:00,RELIANCE.NS,1377.50390625,DOWN,2,0,2,DOWN,UP,0.34065175,0.31025076,0.34909746,False
2025-08-06 18:30:00+00:00,BHARTIARTL.NS,1898.704345703125,DOWN,2,0,0,DOWN,DOWN,0.35373202,0.32492146,0.32134652,True
2025-08-06 18:30:00+00:00,ITC.NS,394.3660278320313,STAY,2,1,2,STAY,UP,0.21846896,0.26141402,0.52011704,False
2025-08-06 18:30:00+00:00,SBIN.NS,790.8941040039062,STAY,2,1,1,STAY,STAY,0.33960187,0.37600902,0.28438914,True
2025-08-06 18:30:00+00:00,TCS.NS,2925.55224609375,STAY,2,1,1,STAY,STAY,0.20375754,0.4522339,0.3440085,True
2025-08-07 18:30:00+00:00,ICICIBANK.NS,1412.9931640625,STAY,2,1,1,STAY,STAY,0.3015915,0.36858428,0.32982427,True
2025-08-07 18:30:00+00:00,BHARTIARTL.NS,1835.499755859375,STAY,2,1,0,STAY,DOWN,0.39393505,0.35060886,0.25545612,False
2025-08-07 18:30:00+00:00,TMPV.NS,628.4865112304688,UP,2,2,2,UP,UP,0.2895524,0.17980994,0.5306377,True
2025-08-07 18:30:00+00:00,ITC.NS,395.2241821289063,UP,2,2,2,UP,UP,0.24365926,0.26586515,0.49047554,True
2025-08-07 18:30:00+00:00,SBIN.NS,790.0591430664062,UP,2,2,1,UP,STAY,0.26256508,0.37220898,0.36522594,False
2025-08-07 18:30:00+00:00,HDFCBANK.NS,970.8920288085938,UP,2,2,1,UP,STAY,0.24543726,0.43234435,0.32221845,False
2025-08-07 18:30:00+00:00,INFY.NS,1371.9542236328125,STAY,2,1,0,STAY,DOWN,0.34146512,0.3204891,0.3380458,False
2025-08-07 18:30:00+00:00,LT.NS,3572.7041015625,UP,2,2,0,UP,DOWN,0.37706292,0.29030374,0.33263338,False
2025-08-07 18:30:00+00:00,TCS.NS,2915.374267578125,STAY,2,1,1,STAY,STAY,0.21321744,0.3992556,0.387527,True
2025-08-07 18:30:00+00:00,RELIANCE.NS,1356.0888671875,UP,2,2,0,UP,DOWN,0.35416892,0.3450895,0.30074158,False
2025-08-10 18:30:00+00:00,RELIANCE.NS,1374.331298828125,STAY,2,1,0,STAY,DOWN,0.34548274,0.3414129,0.3131044,False
2025-08-10 18:30:00+00:00,INFY.NS,1376.870849609375,STAY,2,1,0,STAY,DOWN,0.36282796,0.33342874,0.30374333,False
2025-08-10 18:30:00+00:00,ITC.NS,397.46490478515625,STAY,2,1,2,STAY,UP,0.22473772,0.3049048,0.47035745,False
2025-08-10 18:30:00+00:00,ICICIBANK.NS,1413.681884765625,STAY,2,1,1,STAY,STAY,0.27111843,0.4124307,0.3164509,True
2025-08-10 18:30:00+00:00,TMPV.NS,648.37158203125,STAY,2,1,2,STAY,UP,0.33508602,0.25753433,0.40737966,False
2025-08-10 18:30:00+00:00,LT.NS,3632.916015625,STAY,2,1,0,STAY,DOWN,0.3790674,0.30607197,0.3148606,False
2025-08-10 18:30:00+00:00,TCS.NS,2919.59912109375,STAY,2,1,1,STAY,STAY,0.24548651,0.38640818,0.36810523,True
2025-08-10 18:30:00+00:00,BHARTIARTL.NS,1834.314697265625,STAY,2,1,1,STAY,STAY,0.31124255,0.45834148,0.23041593,True
2025-08-10 18:30:00+00:00,HDFCBANK.NS,981.5654296875,DOWN,2,0,1,DOWN,STAY,0.19405347,0.5470222,0.2589243,False
2025-08-10 18:30:00+00:00,SBIN.NS,808.8700561523438,STAY,2,1,1,STAY,STAY,0.23936506,0.4345324,0.32610252,True
2025-08-11 18:30:00+00:00,ICICIBANK.NS,1410.112060546875,STAY,2,1,1,STAY,STAY,0.305556,0.36744043,0.32700357,True
2025-08-11 18:30:00+00:00,RELIANCE.NS,1368.5810546875,STAY,2,1,0,STAY,DOWN,0.36962643,0.32060635,0.3097672,False
2025-08-11 18:30:00+00:00,ITC.NS,396.9881286621094,DOWN,2,0,2,DOWN,UP,0.19901109,0.28875923,0.5122297,False
2025-08-11 18:30:00+00:00,INFY.NS,1372.9183349609375,STAY,2,1,2,STAY,UP,0.30657932,0.3329896,0.3604311,False
2025-08-11 18:30:00+00:00,TCS.NS,2914.414306640625,STAY,2,1,2,STAY,UP,0.19898793,0.36002046,0.44099158,False
2025-08-11 18:30:00+00:00,HDFCBANK.NS,968.924560546875,UP,2,2,1,UP,STAY,0.26569936,0.473548,0.26075265,False
2025-08-11 18:30:00+00:00,SBIN.NS,806.0704956054688,STAY,2,1,1,STAY,STAY,0.19935521,0.4541879,0.34645692,True
2025-08-11 18:30:00+00:00,LT.NS,3650.44482421875,STAY,2,1,0,STAY,DOWN,0.3350313,0.33165947,0.33330926,False
2025-08-11 18:30:00+00:00,TMPV.NS,648.7186889648438,UP,2,2,2,UP,UP,0.31461418,0.20609668,0.4792892,True
2025-08-11 18:30:00+00:00,BHARTIARTL.NS,1827.302978515625,UP,2,2,1,UP,STAY,0.30788606,0.41978982,0.27232406,False
2025-08-12 18:30:00+00:00,SBIN.NS,807.29833984375,UP,2,2,1,UP,STAY,0.2298995,0.41271478,0.35738567,False
2025-08-12 18:30:00+00:00,ITC.NS,394.8427734375,DOWN,2,0,2,DOWN,UP,0.23886706,0.30643532,0.45469755,False
2025-08-12 18:30:00+00:00,HDFCBANK.NS,974.0399169921876,UP,2,2,1,UP,STAY,0.21912006,0.4579539,0.322926,False
2025-08-12 18:30:00+00:00,LT.NS,3657.97119140625,STAY,2,1,0,STAY,DOWN,0.35086325,0.32642248,0.32271427,False
2025-08-12 18:30:00+00:00,TMPV.NS,658.289306640625,STAY,2,1,2,STAY,UP,0.32438236,0.19526543,0.48035216,False
2025-08-12 18:30:00+00:00,BHARTIARTL.NS,1844.1904296875,STAY,2,1,1,STAY,STAY,0.33125758,0.41883188,0.2499105,True
2025-08-12 18:30:00+00:00,RELIANCE.NS,1370.7620849609375,STAY,2,1,1,STAY,STAY,0.32388836,0.34075895,0.33535272,True
2025-08-12 18:30:00+00:00,INFY.NS,1375.3284912109375,UP,2,2,2,UP,UP,0.30203104,0.26227686,0.43569213,True
2025-08-12 18:30:00+00:00,TCS.NS,2915.1826171875,STAY,2,1,1,STAY,STAY,0.26287392,0.39594913,0.34117696,True
2025-08-12 18:30:00+00:00,ICICIBANK.NS,1408.922119140625,STAY,2,1,1,STAY,STAY,0.23769699,0.3859269,0.37637615,True
2025-08-13 18:30:00+00:00,LT.NS,3641.432861328125,DOWN,2,0,0,DOWN,DOWN,0.38867787,0.288031,0.3232911,True
2025-08-13 18:30:00+00:00,TCS.NS,2901.83642578125,STAY,2,1,1,STAY,STAY,0.21293464,0.41896254,0.36810282,True
2025-08-13 18:30:00+00:00,TMPV.NS,659.1322631835938,UP,2,2,0,UP,DOWN,0.36766076,0.26829395,0.36404532,False
2025-08-13 18:30:00+00:00,BHARTIARTL.NS,1850.5108642578125,UP,2,2,0,UP,DOWN,0.35176262,0.32727078,0.3209666,False
2025-08-13 18:30:00+00:00,ICICIBANK.NS,1415.3677978515625,UP,2,2,1,UP,STAY,0.30557284,0.36791348,0.32651365,False
2025-08-13 18:30:00+00:00,INFY.NS,1395.6700439453125,DOWN,2,0,0,DOWN,DOWN,0.34012356,0.3215879,0.33828852,True
2025-08-13 18:30:00+00:00,ITC.NS,392.3160095214844,DOWN,2,0,2,DOWN,UP,0.2077109,0.2909291,0.50136,False
2025-08-13 18:30:00+00:00,SBIN.NS,811.9151611328125,STAY,2,1,1,STAY,STAY,0.28642955,0.42179227,0.29177815,True
2025-08-13 18:30:00+00:00,RELIANCE.NS,1367.4774169921875,UP,2,2,0,UP,DOWN,0.36345145,0.362749,0.27379954,False
2025-08-13 18:30:00+00:00,HDFCBANK.NS,979.35205078125,UP,2,2,1,UP,STAY,0.24985224,0.3950508,0.3550969,False
2025-08-17 18:30:00+00:00,ICICIBANK.NS,1422.606689453125,STAY,2,1,0,STAY,DOWN,0.34279588,0.33958033,0.3176238,False
2025-08-17 18:30:00+00:00,TCS.NS,2891.178955078125,STAY,2,1,1,STAY,STAY,0.23684855,0.38188183,0.3812696,True
2025-08-17 18:30:00+00:00,ITC.NS,387.4054870605469,UP,2,2,2,UP,UP,0.16306503,0.25083515,0.5860998,True
2025-08-17 18:30:00+00:00,INFY.NS,1384.19775390625,STAY,2,1,2,STAY,UP,0.3624199,0.26221895,0.3753611,False
2025-08-17 18:30:00+00:00,BHARTIARTL.NS,1868.781005859375,UP,2,2,1,UP,STAY,0.2923716,0.43720078,0.27042758,False
2025-08-17 18:30:00+00:00,SBIN.NS,812.9957275390625,STAY,2,1,1,STAY,STAY,0.30628538,0.41707677,0.2766378,True
2025-08-17 18:30:00+00:00,TMPV.NS,670.4385375976562,UP,2,2,2,UP,UP,0.28566858,0.2946899,0.41964155,True
2025-08-17 18:30:00+00:00,RELIANCE.NS,1375.3409423828125,UP,2,2,1,UP,STAY,0.28006917,0.38123637,0.33869445,False
2025-08-17 18:30:00+00:00,LT.NS,3599.938232421875,DOWN,2,0,0,DOWN,DOWN,0.37950316,0.26206738,0.35842946,True
2025-08-17 18:30:00+00:00,HDFCBANK.NS,985.5003662109376,DOWN,2,0,1,DOWN,STAY,0.22847976,0.41493064,0.35658965,False
2025-08-18 18:30:00+00:00,RELIANCE.NS,1413.564208984375,STAY,2,1,2,STAY,UP,0.2597355,0.34356338,0.39670113,False
2025-08-18 18:30:00+00:00,BHARTIARTL.NS,1885.964599609375,UP,2,2,1,UP,STAY,0.2849958,0.40042514,0.3145791,False
2025-08-18 18:30:00+00:00,ICICIBANK.NS,1424.29248046875,STAY,2,1,1,STAY,STAY,0.32251012,0.35549143,0.3219985,True
2025-08-18 18:30:00+00:00,LT.NS,3578.052001953125,DOWN,2,0,0,DOWN,DOWN,0.38141483,0.34766465,0.27092052,True
2025-08-18 18:30:00+00:00,INFY.NS,1388.2469482421875,UP,2,2,0,UP,DOWN,0.35851243,0.28970417,0.35178342,False
2025-08-18 18:30:00+00:00,SBIN.NS,815.697021484375,STAY,2,1,0,STAY,DOWN,0.3508809,0.3447827,0.3043364,False
2025-08-18 18:30:00+00:00,TMPV.NS,694.489013671875,DOWN,2,0,0,DOWN,DOWN,0.47008318,0.2525797,0.27733713,True
2025-08-18 18:30:00+00:00,ITC.NS,390.0752868652344,DOWN,2,0,2,DOWN,UP,0.18629263,0.24549465,0.56821275,False
2025-08-18 18:30:00+00:00,HDFCBANK.NS,979.35205078125,STAY,2,1,1,STAY,STAY,0.23984548,0.41958305,0.34057146,True
2025-08-18 18:30:00+00:00,TCS.NS,2895.9794921875,UP,2,2,2,UP,UP,0.3363282,0.31389752,0.3497743,True
2025-08-19 18:30:00+00:00,LT.NS,3557.55224609375,UP,2,2,0,UP,DOWN,0.4638192,0.28858078,0.24760006,False
2025-08-19 18:30:00+00:00,HDFCBANK.NS,977.9256591796876,STAY,2,1,1,STAY,STAY,0.25515464,0.41562682,0.3292186,True
2025-08-19 18:30:00+00:00,BHARTIARTL.NS,1904.4322509765625,STAY,2,1,1,STAY,STAY,0.30972293,0.43310434,0.25717273,True
2025-08-19 18:30:00+00:00,TCS.NS,2975.09521484375,STAY,2,1,1,STAY,STAY,0.19045812,0.4215432,0.3879987,True
2025-08-19 18:30:00+00:00,INFY.NS,1442.427001953125,STAY,2,1,0,STAY,DOWN,0.34422657,0.34119734,0.3145761,False
2025-08-19 18:30:00+00:00,TMPV.NS,683.9265747070312,DOWN,2,0,2,DOWN,UP,0.31247196,0.1887953,0.4987327,False
2025-08-19 18:30:00+00:00,SBIN.NS,814.272705078125,STAY,2,1,2,STAY,UP,0.27539775,0.35460204,0.37000015,False
2025-08-19 18:30:00+00:00,ITC.NS,387.1671142578125,STAY,2,1,2,STAY,UP,0.22567287,0.2013844,0.57294273,False
2025-08-19 18:30:00+00:00,ICICIBANK.NS,1418.64013671875,UP,2,2,2,UP,UP,0.30528682,0.33480725,0.35990596,True
2025-08-19 18:30:00+00:00,RELIANCE.NS,1406.4969482421875,UP,2,2,1,UP,STAY,0.23767886,0.43210286,0.33021826,False
2025-08-20 18:30:00+00:00,ITC.NS,386.69036865234375,DOWN,2,0,2,DOWN,UP,0.2191769,0.27491874,0.5059044,False
2025-08-20 18:30:00+00:00,TMPV.NS,679.76123046875,DOWN,2,0,2,DOWN,UP,0.3104512,0.2969284,0.39262035,False
2025-08-20 18:30:00+00:00,INFY.NS,1442.619873046875,DOWN,2,0,0,DOWN,DOWN,0.3418024,0.3218904,0.33630723,True
2025-08-20 18:30:00+00:00,ICICIBANK.NS,1433.911376953125,DOWN,2,0,1,DOWN,STAY,0.23892179,0.40438533,0.35669285,False
2025-08-20 18:30:00+00:00,RELIANCE.NS,1418.24267578125,DOWN,2,0,1,DOWN,STAY,0.29042116,0.42571774,0.2838611,False
2025-08-20 18:30:00+00:00,TCS.NS,2978.93603515625,DOWN,2,0,1,DOWN,STAY,0.23940024,0.41805074,0.34254903,False
2025-08-20 18:30:00+00:00,SBIN.NS,811.0802612304688,DOWN,2,0,2,DOWN,UP,0.25584865,0.3376695,0.40648183,False
2025-08-20 18:30:00+00:00,LT.NS,3577.65576171875,STAY,2,1,0,STAY,DOWN,0.40895754,0.25136834,0.33967414,False
2025-08-20 18:30:00+00:00,BHARTIARTL.NS,1905.9136962890625,STAY,2,1,1,STAY,STAY,0.21871428,0.50343174,0.27785394,True
2025-08-20 18:30:00+00:00,HDFCBANK.NS,979.4012451171876,DOWN,2,0,1,DOWN,STAY,0.24525064,0.41937405,0.3353753,False
2025-08-21 18:30:00+00:00,SBIN.NS,801.7975463867188,STAY,2,1,1,STAY,STAY,0.30007106,0.37826183,0.32166716,True
2025-08-21 18:30:00+00:00,TMPV.NS,674.703125,UP,2,2,2,UP,UP,0.3428146,0.21401541,0.44317,True
2025-08-21 18:30:00+00:00,INFY.NS,1434.0396728515625,UP,2,2,0,UP,DOWN,0.35787213,0.32388824,0.31823963,False
2025-08-21 18:30:00+00:00,TCS.NS,2932.273193359375,UP,2,2,1,UP,STAY,0.24354768,0.41400817,0.34244412,False
2025-08-21 18:30:00+00:00,RELIANCE.NS,1402.71435546875,STAY,2,1,1,STAY,STAY,0.23375359,0.4201555,0.34609085,True
2025-08-21 18:30:00+00:00,LT.NS,3561.018310546875,STAY,2,1,0,STAY,DOWN,0.39082113,0.32214665,0.28703225,False
2025-08-21 18:30:00+00:00,ITC.NS,379.7774963378906,STAY,2,1,2,STAY,UP,0.21987396,0.3851697,0.3949563,False
2025-08-21 18:30:00+00:00,HDFCBANK.NS,966.317626953125,STAY,2,1,1,STAY,STAY,0.22194606,0.40274692,0.375307,True
2025-08-21 18:30:00+00:00,BHARTIARTL.NS,1909.2713623046875,STAY,2,1,1,STAY,STAY,0.28757334,0.40642294,0.3060037,True
2025-08-21 18:30:00+00:00,ICICIBANK.NS,1424.3917236328125,STAY,2,1,1,STAY,STAY,0.26704288,0.36919338,0.36376372,True
2025-08-24 18:30:00+00:00,SBIN.NS,801.9940185546875,DOWN,2,0,2,DOWN,UP,0.2597621,0.31509393,0.425144,False
2025-08-24 18:30:00+00:00,ICICIBANK.NS,1421.2183837890625,DOWN,2,0,2,DOWN,UP,0.25217202,0.33039057,0.41743737,False
2025-08-24 18:30:00+00:00,LT.NS,3568.247802734375,DOWN,2,0,0,DOWN,DOWN,0.38156238,0.29415342,0.32428417,True
2025-08-24 18:30:00+00:00,TCS.NS,3015.421630859375,UP,2,2,1,UP,STAY,0.20186703,0.46573308,0.33239987,False
2025-08-24 18:30:00+00:00,RELIANCE.NS,1406.0987548828125,DOWN,2,0,1,DOWN,STAY,0.29029202,0.43343025,0.27627775,False
2025-08-24 18:30:00+00:00,TMPV.NS,681.149658203125,DOWN,2,0,1,DOWN,STAY,0.27487502,0.38846126,0.3366637,False
2025-08-24 18:30:00+00:00,INFY.NS,1477.0367431640625,STAY,2,1,2,STAY,UP,0.2768721,0.35305697,0.37007087,False
2025-08-24 18:30:00+00:00,HDFCBANK.NS,966.0717163085938,DOWN,2,0,2,DOWN,UP,0.24577512,0.33057755,0.42364734,False
2025-08-24 18:30:00+00:00,BHARTIARTL.NS,1906.70361328125,DOWN,2,0,2,DOWN,UP,0.29738504,0.34945688,0.35315806,False
2025-08-24 18:30:00+00:00,ITC.NS,380.7787170410156,UP,2,2,1,UP,STAY,0.2534367,0.41829872,0.3282646,False
2025-08-25 18:30:00+00:00,ITC.NS,384.59271240234375,DOWN,2,0,2,DOWN,UP,0.23451947,0.37208676,0.39339378,False
2025-08-25 18:30:00+00:00,BHARTIARTL.NS,1881.0267333984373,DOWN,2,0,1,DOWN,STAY,0.27212375,0.42604175,0.30183443,False
2025-08-25 18:30:00+00:00,RELIANCE.NS,1378.5262451171875,STAY,2,1,0,STAY,DOWN,0.38214338,0.30195796,0.31589866,False
2025-08-25 18:30:00+00:00,SBIN.NS,793.5462646484375,DOWN,2,0,2,DOWN,UP,0.27617168,0.30687562,0.4169527,False
2025-08-25 18:30:00+00:00,INFY.NS,1474.6265869140625,DOWN,2,0,1,DOWN,STAY,0.28677073,0.38644385,0.32678545,False
2025-08-25 18:30:00+00:00,TCS.NS,3031.359619140625,DOWN,2,0,1,DOWN,STAY,0.21306281,0.45479706,0.33214015,False
2025-08-25 18:30:00+00:00,TMPV.NS,676.0420532226562,DOWN,2,0,0,DOWN,DOWN,0.413241,0.2912226,0.29553643,True
2025-08-25 18:30:00+00:00,HDFCBANK.NS,957.5625,DOWN,2,0,1,DOWN,STAY,0.22808892,0.489542,0.282369,False
2025-08-25 18:30:00+00:00,LT.NS,3507.04541015625,UP,2,2,0,UP,DOWN,0.4160573,0.2633519,0.32059082,False
2025-08-25 18:30:00+00:00,ICICIBANK.NS,1404.7572021484375,DOWN,2,0,1,DOWN,STAY,0.25946808,0.38550156,0.35503036,False
2025-08-27 18:30:00+00:00,SBIN.NS,787.750732421875,STAY,3,1,1,STAY,STAY,0.22387324,0.4905025,0.28562424,True
2025-08-27 18:30:00+00:00,HDFCBANK.NS,942.2162475585938,DOWN,3,0,1,DOWN,STAY,0.16952817,0.4998059,0.33066598,False
2025-08-27 18:30:00+00:00,ITC.NS,382.2566223144531,UP,3,2,1,UP,STAY,0.25240612,0.47636828,0.27122563,False
2025-08-27 18:30:00+00:00,LT.NS,3525.66357421875,UP,3,2,2,UP,UP,0.33801612,0.30658248,0.35540143,True
2025-08-27 18:30:00+00:00,ICICIBANK.NS,1387.4034423828125,STAY,3,1,1,STAY,STAY,0.20425136,0.47610435,0.31964427,True
2025-08-27 18:30:00+00:00,RELIANCE.NS,1379.521728515625,DOWN,3,0,1,DOWN,STAY,0.30426866,0.35811538,0.33761594,False
2025-08-27 18:30:00+00:00,INFY.NS,1446.1868896484375,DOWN,3,0,0,DOWN,DOWN,0.39956498,0.32938728,0.27104777,True
2025-08-27 18:30:00+00:00,TMPV.NS,669.89306640625,DOWN,3,0,2,DOWN,UP,0.35762337,0.25791222,0.38446444,False
2025-08-27 18:30:00+00:00,TCS.NS,2970.390869140625,STAY,3,1,2,STAY,UP,0.34958172,0.28936744,0.36105084,False
2025-08-27 18:30:00+00:00,BHARTIARTL.NS,1857.7200927734373,STAY,3,1,1,STAY,STAY,0.2961234,0.40814376,0.29573286,True
2025-08-28 18:30:00+00:00,TMPV.NS,663.49609375,UP,3,2,2,UP,UP,0.37758392,0.22746155,0.3949545,True
2025-08-28 18:30:00+00:00,LT.NS,3566.16796875,STAY,3,1,0,STAY,DOWN,0.35537902,0.33394116,0.31067982,False
2025-08-28 18:30:00+00:00,HDFCBANK.NS,936.1171264648438,STAY,3,1,1,STAY,STAY,0.15817392,0.50359035,0.3382357,True
2025-08-28 18:30:00+00:00,TCS.NS,2961.74951171875,UP,3,2,2,UP,UP,0.29560012,0.34761897,0.35678092,True
2025-08-28 18:30:00+00:00,INFY.NS,1416.782958984375,UP,3,2,0,UP,DOWN,0.3521939,0.30027625,0.3475298,False
2025-08-28 18:30:00+00:00,SBIN.NS,788.291015625,STAY,3,1,1,STAY,STAY,0.24584244,0.46594065,0.2882169,True
2025-08-28 18:30:00+00:00,ICICIBANK.NS,1386.1143798828125,UP,3,2,1,UP,STAY,0.2311673,0.42533076,0.34350199,False
2025-08-28 18:30:00+00:00,RELIANCE.NS,1350.9537353515625,STAY,3,1,0,STAY,DOWN,0.34852922,0.33743837,0.31403238,False
2025-08-28 18:30:00+00:00,ITC.NS,390.695068359375,DOWN,3,0,1,DOWN,STAY,0.20255993,0.46103397,0.3364061,False
2025-08-28 18:30:00+00:00,BHARTIARTL.NS,1865.324462890625,UP,3,2,1,UP,STAY,0.28326932,0.41212827,0.30460238,False
2025-08-31 18:30:00+00:00,BHARTIARTL.NS,1876.977783203125,DOWN,3,0,1,DOWN,STAY,0.2831257,0.4044373,0.31243697,False
2025-08-31 18:30:00+00:00,SBIN.NS,791.7781372070312,STAY,3,1,1,STAY,STAY,0.23296186,0.4178069,0.34923124,True
2025-08-31 18:30:00+00:00,ICICIBANK.NS,1399.2039794921875,DOWN,3,0,1,DOWN,STAY,0.2295724,0.43748498,0.33294266,False
2025-08-31 18:30:00+00:00,INFY.NS,1445.5120849609375,STAY,3,1,2,STAY,UP,0.2726325,0.32025844,0.407109,False
2025-08-31 18:30:00+00:00,TCS.NS,2988.537353515625,STAY,3,1,1,STAY,STAY,0.2564043,0.37653473,0.3670609,True
2025-08-31 18:30:00+00:00,RELIANCE.NS,1347.6689453125,UP,3,2,2,UP,UP,0.33492658,0.3267474,0.33832604,True
2025-08-31 18:30:00+00:00,LT.NS,3563.593017578125,DOWN,3,0,0,DOWN,DOWN,0.35275325,0.32011923,0.3271275,True
2025-08-31 18:30:00+00:00,ITC.NS,386.9764404296875,STAY,3,1,1,STAY,STAY,0.2546933,0.49148723,0.25381947,True
2025-08-31 18:30:00+00:00,HDFCBANK.NS,935.1333618164062,DOWN,3,0,1,DOWN,STAY,0.21523659,0.45866734,0.32609612,False
2025-08-31 18:30:00+00:00,TMPV.NS,684.4721069335938,DOWN,3,0,1,DOWN,STAY,0.30101335,0.35660464,0.34238204,False
2025-09-01 18:30:00+00:00,LT.NS,3540.3203125,UP,3,2,2,UP,UP,0.3137677,0.32748938,0.35874292,True
2025-09-01 18:30:00+00:00,RELIANCE.NS,1360.2109375,STAY,3,1,1,STAY,STAY,0.35076344,0.38834724,0.2608893,True
2025-09-01 18:30:00+00:00,HDFCBANK.NS,929.1326904296876,UP,3,2,1,UP,STAY,0.19186227,0.45660746,0.35153028,False
2025-09-01 18:30:00+00:00,BHARTIARTL.NS,1863.7442626953125,STAY,3,1,1,STAY,STAY,0.27492672,0.45119587,0.27387744,True
2025-09-01 18:30:00+00:00,ICICIBANK.NS,1382.54443359375,STAY,3,1,1,STAY,STAY,0.23380207,0.47321776,0.29298013,True
2025-09-01 18:30:00+00:00,TCS.NS,2987.4814453125,STAY,3,1,0,STAY,DOWN,0.36782005,0.33779776,0.29438218,False
2025-09-01 18:30:00+00:00,ITC.NS,387.8345947265625,UP,3,2,1,UP,STAY,0.2693679,0.4136504,0.31698173,False
2025-09-01 18:30:00+00:00,INFY.NS,1444.837158203125,DOWN,3,0,0,DOWN,DOWN,0.43483874,0.3080185,0.2571427,True
2025-09-01 18:30:00+00:00,TMPV.NS,678.7694091796875,UP,3,2,2,UP,UP,0.29867455,0.2929226,0.40840286,True
2025-09-01 18:30:00+00:00,SBIN.NS,789.666259765625,UP,3,2,1,UP,STAY,0.23329966,0.426187,0.3405133,False
2025-09-02 18:30:00+00:00,LT.NS,3565.969970703125,STAY,3,1,0,STAY,DOWN,0.42133874,0.24289349,0.33576778,False
2025-09-02 18:30:00+00:00,HDFCBANK.NS,938.9207763671876,UP,3,2,1,UP,STAY,0.22554186,0.5170087,0.2574494,False
2025-09-02 18:30:00+00:00,RELIANCE.NS,1366.2828369140625,DOWN,3,0,1,DOWN,STAY,0.32869628,0.4074572,0.2638465,False
2025-09-02 18:30:00+00:00,SBIN.NS,797.7701416015625,STAY,3,1,1,STAY,STAY,0.21476512,0.460173,0.32506186,True
2025-09-02 18:30:00+00:00,BHARTIARTL.NS,1860.4853515625,STAY,3,1,1,STAY,STAY,0.28757808,0.40370485,0.3087171,True
2025-09-02 18:30:00+00:00,TCS.NS,2974.039306640625,STAY,3,1,1,STAY,STAY,0.28785458,0.39164323,0.32050222,True
2025-09-02 18:30:00+00:00,ICICIBANK.NS,1385.321044921875,UP,3,2,1,UP,STAY,0.22431739,0.46135437,0.31432828,False
2025-09-02 18:30:00+00:00,ITC.NS,392.60205078125,UP,3,2,1,UP,STAY,0.2194855,0.48173684,0.29877764,False
2025-09-02 18:30:00+00:00,TMPV.NS,686.3564453125,DOWN,3,0,1,DOWN,STAY,0.29311174,0.38807452,0.31881374,False
2025-09-02 18:30:00+00:00,INFY.NS,1425.9415283203125,DOWN,3,0,2,DOWN,UP,0.32616764,0.32271,0.35112235,False
2025-09-03 18:30:00+00:00,LT.NS,3557.849365234375,DOWN,3,0,0,DOWN,DOWN,0.38761625,0.2755438,0.33683997,True
2025-09-03 18:30:00+00:00,TCS.NS,2972.310791015625,DOWN,3,0,0,DOWN,DOWN,0.37655076,0.35829678,0.26515245,True
2025-09-03 18:30:00+00:00,SBIN.NS,795.06884765625,STAY,3,1,1,STAY,STAY,0.28328428,0.40847686,0.30823886,True
2025-09-03 18:30:00+00:00,TMPV.NS,681.8439331054688,UP,3,2,2,UP,UP,0.32528093,0.2851701,0.3895489,True
2025-09-03 18:30:00+00:00,HDFCBANK.NS,945.610107421875,STAY,3,1,1,STAY,STAY,0.26664206,0.4921183,0.24123964,True
2025-09-03 18:30:00+00:00,BHARTIARTL.NS,1857.0289306640625,UP,3,2,1,UP,STAY,0.274243,0.42746887,0.2982882,False
2025-09-03 18:30:00+00:00,ICICIBANK.NS,1393.75,STAY,3,1,1,STAY,STAY,0.28627986,0.38715288,0.3265673,True
2025-09-03 18:30:00+00:00,RELIANCE.NS,1353.0440673828125,UP,3,2,1,UP,STAY,0.27650794,0.40785736,0.31563464,False
2025-09-03 18:30:00+00:00,ITC.NS,396.5590515136719,DOWN,3,0,1,DOWN,STAY,0.25948206,0.42225727,0.31826067,False
2025-09-03 18:30:00+00:00,INFY.NS,1410.4202880859375,DOWN,3,0,0,DOWN,DOWN,0.36922356,0.3597513,0.27102512,True
2025-09-04 18:30:00+00:00,RELIANCE.NS,1368.671875,STAY,3,1,1,STAY,STAY,0.2648387,0.47386953,0.26129174,True
2025-09-04 18:30:00+00:00,TCS.NS,2926.80029296875,DOWN,3,0,1,DOWN,STAY,0.268271,0.38944885,0.34228015,False
2025-09-04 18:30:00+00:00,SBIN.NS,792.318359375,STAY,3,1,1,STAY,STAY,0.26249346,0.42076913,0.31673747,True
2025-09-04 18:30:00+00:00,BHARTIARTL.NS,1871.74365234375,STAY,3,1,1,STAY,STAY,0.22038764,0.44258073,0.33703166,True
2025-09-04 18:30:00+00:00,INFY.NS,1392.681396484375,DOWN,3,0,0,DOWN,DOWN,0.35874447,0.30714926,0.3341063,True
2025-09-04 18:30:00+00:00,LT.NS,3519.2265625,DOWN,3,0,1,DOWN,STAY,0.26015505,0.38478968,0.35505527,False
2025-09-04 18:30:00+00:00,ITC.NS,388.40667724609375,STAY,3,1,2,STAY,UP,0.2982454,0.33786845,0.36388612,False
2025-09-04 18:30:00+00:00,HDFCBANK.NS,947.7251586914062,STAY,3,1,1,STAY,STAY,0.24081855,0.49702793,0.26215348,True
2025-09-04 18:30:00+00:00,TMPV.NS,686.0093383789062,UP,3,2,1,UP,STAY,0.30257934,0.36184546,0.3355752,False
2025-09-04 18:30:00+00:00,ICICIBANK.NS,1391.0726318359375,STAY,3,1,1,STAY,STAY,0.1957188,0.51656836,0.28771284,True
2025-09-07 18:30:00+00:00,ICICIBANK.NS,1390.973388671875,STAY,3,1,1,STAY,STAY,0.23813418,0.4616147,0.30025113,True
2025-09-07 18:30:00+00:00,BHARTIARTL.NS,1864.238037109375,STAY,3,1,1,STAY,STAY,0.3074163,0.41299865,0.27958503,True
2025-09-07 18:30:00+00:00,ITC.NS,388.5973815917969,UP,3,2,1,UP,STAY,0.26016194,0.46568125,0.27415684,False
2025-09-07 18:30:00+00:00,SBIN.NS,794.4794311523438,STAY,3,1,1,STAY,STAY,0.25466928,0.40133476,0.343996,True
2025-09-07 18:30:00+00:00,HDFCBANK.NS,950.2828369140624,STAY,3,1,1,STAY,STAY,0.26468965,0.47194055,0.26336977,True
2025-09-07 18:30:00+00:00,LT.NS,3495.458740234375,STAY,3,1,0,STAY,DOWN,0.33994713,0.3389505,0.32110235,False
2025-09-07 18:30:00+00:00,INFY.NS,1381.402099609375,UP,3,2,1,UP,STAY,0.28862402,0.37859505,0.33278093,False
2025-09-07 18:30:00+00:00,TCS.NS,2898.66796875,UP,3,2,1,UP,STAY,0.31440496,0.40172374,0.2838713,False
2025-09-07 18:30:00+00:00,RELIANCE.NS,1372.15576171875,STAY,3,1,1,STAY,STAY,0.34950176,0.3888232,0.26167503,True
2025-09-07 18:30:00+00:00,TMPV.NS,713.5806274414062,DOWN,3,0,2,DOWN,UP,0.24220142,0.24599755,0.51180106,False
2025-09-08 18:30:00+00:00,SBIN.NS,794.528564453125,UP,3,2,1,UP,STAY,0.32626072,0.3536477,0.32009158,False
2025-09-08 18:30:00+00:00,INFY.NS,1450.2359619140625,UP,3,2,1,UP,STAY,0.31799752,0.35917535,0.32282713,False
2025-09-08 18:30:00+00:00,BHARTIARTL.NS,1870.1634521484373,STAY,3,1,2,STAY,UP,0.25825426,0.33736515,0.40438062,False
2025-09-08 18:30:00+00:00,RELIANCE.NS,1369.8662109375,STAY,3,1,1,STAY,STAY,0.2629276,0.41038245,0.32668996,True
2025-09-08 18:30:00+00:00,TMPV.NS,709.6631469726562,DOWN,3,0,2,DOWN,UP,0.2608656,0.30844742,0.43068695,False
2025-09-08 18:30:00+00:00,TCS.NS,2927.856201171875,UP,3,2,1,UP,STAY,0.35869604,0.397056,0.24424793,False
2025-09-08 18:30:00+00:00,ITC.NS,390.9811096191406,UP,3,2,1,UP,STAY,0.2743603,0.45477614,0.27086362,False
2025-09-08 18:30:00+00:00,HDFCBANK.NS,949.4467163085938,STAY,3,1,1,STAY,STAY,0.24764432,0.45985,0.29250565,True
2025-09-08 18:30:00+00:00,ICICIBANK.NS,1391.9649658203125,STAY,3,1,1,STAY,STAY,0.27353612,0.4532533,0.27321061,True
2025-09-08 18:30:00+00:00,LT.NS,3490.903076171875,UP,3,2,2,UP,UP,0.35153845,0.25278375,0.39567786,True
2025-09-09 18:30:00+00:00,RELIANCE.NS,1370.66259765625,STAY,3,1,1,STAY,STAY,0.28553963,0.39914486,0.3153155,True
2025-09-09 18:30:00+00:00,HDFCBANK.NS,950.1845092773438,STAY,3,1,1,STAY,STAY,0.27921328,0.40675727,0.31402943,True
2025-09-09 18:30:00+00:00,BHARTIARTL.NS,1867.8922119140625,UP,3,2,1,UP,STAY,0.27934214,0.39378944,0.32686844,False
2025-09-09 18:30:00+00:00,TMPV.NS,703.2661743164062,STAY,3,1,2,STAY,UP,0.29093736,0.27328208,0.43578053,False
2025-09-09 18:30:00+00:00,TCS.NS,2986.041259765625,STAY,3,1,1,STAY,STAY,0.25521505,0.429409,0.31537595,True
2025-09-09 18:30:00+00:00,ITC.NS,393.8415832519531,STAY,3,1,1,STAY,STAY,0.26283783,0.48475826,0.25240394,True
2025-09-09 18:30:00+00:00,INFY.NS,1477.518798828125,DOWN,3,0,2,DOWN,UP,0.19483489,0.27683595,0.5283292,False
2025-09-09 18:30:00+00:00,LT.NS,3515.661376953125,STAY,3,1,2,STAY,UP,0.32514244,0.24739239,0.4274651,False
2025-09-09 18:30:00+00:00,SBIN.NS,803.7130126953125,UP,3,2,1,UP,STAY,0.23417315,0.42466,0.3411669,False
2025-09-09 18:30:00+00:00,ICICIBANK.NS,1392.163330078125,STAY,3,1,1,STAY,STAY,0.27992097,0.4152264,0.30485258,True
2025-09-10 18:30:00+00:00,ICICIBANK.NS,1389.882568359375,UP,3,2,1,UP,STAY,0.28500956,0.40771142,0.30727905,False
2025-09-10 18:30:00+00:00,ITC.NS,395.7485961914063,STAY,3,1,1,STAY,STAY,0.27516356,0.45662227,0.2682141,True
2025-09-10 18:30:00+00:00,LT.NS,3505.4609375,UP,3,2,0,UP,DOWN,0.4350491,0.26596528,0.29898563,False
2025-09-10 18:30:00+00:00,HDFCBANK.NS,952.0535278320312,STAY,3,1,1,STAY,STAY,0.260637,0.43315384,0.3062092,True
2025-09-10 18:30:00+00:00,TMPV.NS,700.0429077148438,UP,3,2,2,UP,UP,0.3294417,0.2624035,0.4081548,True
2025-09-10 18:30:00+00:00,RELIANCE.NS,1376.9337158203125,UP,3,2,1,UP,STAY,0.31488952,0.3773698,0.30774072,False
2025-09-10 18:30:00+00:00,INFY.NS,1455.4417724609375,UP,3,2,2,UP,UP,0.32218036,0.33757535,0.34024432,True
2025-09-10 18:30:00+00:00,TCS.NS,2999.6748046875,STAY,3,1,1,STAY,STAY,0.2874568,0.41879228,0.29375088,True
2025-09-10 18:30:00+00:00,BHARTIARTL.NS,1889.2236328125,DOWN,3,0,2,DOWN,UP,0.26507938,0.3480582,0.38686246,False
2025-09-10 18:30:00+00:00,SBIN.NS,809.0665283203125,STAY,3,1,1,STAY,STAY,0.26756394,0.39353877,0.33889732,True
2025-09-11 18:30:00+00:00,SBIN.NS,808.96826171875,STAY,3,1,1,STAY,STAY,0.2506781,0.41065767,0.33866417,True
2025-09-11 18:30:00+00:00,TCS.NS,3008.508056640625,DOWN,3,0,1,DOWN,STAY,0.24335046,0.4040713,0.35257828,False
2025-09-11 18:30:00+00:00,HDFCBANK.NS,951.5617065429688,STAY,3,1,1,STAY,STAY,0.3143485,0.41486874,0.27078277,True
2025-09-11 18:30:00+00:00,INFY.NS,1470.7703857421875,DOWN,3,0,1,DOWN,STAY,0.28082561,0.3665664,0.352608,False
2025-09-11 18:30:00+00:00,RELIANCE.NS,1388.579833984375,STAY,3,1,1,STAY,STAY,0.2769269,0.44367117,0.27940193,True
2025-09-11 18:30:00+00:00,TMPV.NS,709.3656005859375,STAY,3,1,2,STAY,UP,0.2731317,0.35732287,0.36954543,False
2025-09-11 18:30:00+00:00,ICICIBANK.NS,1405.847900390625,STAY,3,1,1,STAY,STAY,0.25205463,0.43769872,0.31024662,True
2025-09-11 18:30:00+00:00,LT.NS,3545.173095703125,STAY,3,1,0,STAY,DOWN,0.38852292,0.3160735,0.2954035,False
2025-09-11 18:30:00+00:00,BHARTIARTL.NS,1878.952880859375,STAY,3,1,1,STAY,STAY,0.28133023,0.4135695,0.30510026,True
2025-09-11 18:30:00+00:00,ITC.NS,394.509033203125,STAY,3,1,1,STAY,STAY,0.3336636,0.44142503,0.22491132,True
2025-09-14 18:30:00+00:00,INFY.NS,1454.1885986328125,STAY,3,1,1,STAY,STAY,0.26447,0.37461135,0.36091864,True
2025-09-14 18:30:00+00:00,TCS.NS,2987.865234375,UP,3,2,1,UP,STAY,0.3050994,0.38818267,0.30671793,False
2025-09-14 18:30:00+00:00,TMPV.NS,707.0349731445312,STAY,3,1,0,STAY,DOWN,0.36375943,0.302489,0.3337516,False
2025-09-14 18:30:00+00:00,HDFCBANK.NS,951.3157348632812,STAY,3,1,1,STAY,STAY,0.319711,0.40181476,0.27847427,True
2025-09-14 18:30:00+00:00,LT.NS,3551.510986328125,UP,3,2,0,UP,DOWN,0.3814822,0.28831196,0.3302059,False
2025-09-14 18:30:00+00:00,BHARTIARTL.NS,1880.829345703125,UP,3,2,1,UP,STAY,0.32216978,0.3858209,0.29200932,False
2025-09-14 18:30:00+00:00,SBIN.NS,810.1470336914062,UP,3,2,1,UP,STAY,0.26344943,0.438772,0.29777858,False
2025-09-14 18:30:00+00:00,ITC.NS,393.460205078125,STAY,3,1,1,STAY,STAY,0.24780276,0.44124794,0.3109493,True
2025-09-14 18:30:00+00:00,ICICIBANK.NS,1407.5338134765625,STAY,3,1,1,STAY,STAY,0.25682372,0.4693514,0.27382484,True
2025-09-14 18:30:00+00:00,RELIANCE.NS,1392.8599853515625,STAY,3,1,1,STAY,STAY,0.2679874,0.45010337,0.28190926,True
2025-09-15 18:30:00+00:00,LT.NS,3632.32177734375,STAY,3,1,2,STAY,UP,0.3135215,0.3396358,0.34684268,False
2025-09-15 18:30:00+00:00,ITC.NS,393.8892822265625,DOWN,3,0,1,DOWN,STAY,0.2602203,0.45441762,0.28536212,False
2025-09-15 18:30:00+00:00,ICICIBANK.NS,1409.71533203125,STAY,3,1,1,STAY,STAY,0.23351182,0.44851574,0.31797245,True
2025-09-15 18:30:00+00:00,BHARTIARTL.NS,1915.394287109375,STAY,3,1,2,STAY,UP,0.21227513,0.39174983,0.39597502,False
2025-09-15 18:30:00+00:00,TCS.NS,3020.31787109375,UP,3,2,1,UP,STAY,0.21408838,0.47522178,0.31068987,False
2025-09-15 18:30:00+00:00,HDFCBANK.NS,951.1190185546876,STAY,3,1,1,STAY,STAY,0.32618013,0.38199127,0.29182857,True
2025-09-15 18:30:00+00:00,RELIANCE.NS,1398.8323974609375,UP,3,2,1,UP,STAY,0.22055845,0.50358045,0.2758611,False
2025-09-15 18:30:00+00:00,SBIN.NS,816.82666015625,UP,3,2,1,UP,STAY,0.22598138,0.4653179,0.30870074,False
2025-09-15 18:30:00+00:00,TMPV.NS,707.382080078125,UP,3,2,2,UP,UP,0.31463557,0.25389612,0.43146828,True
2025-09-15 18:30:00+00:00,INFY.NS,1456.9844970703125,UP,3,2,0,UP,DOWN,0.4334414,0.27220452,0.29435405,False
2025-09-16 18:30:00+00:00,LT.NS,3649.8505859375,STAY,3,1,1,STAY,STAY,0.271213,0.40834466,0.32044238,True
2025-09-16 18:30:00+00:00,ICICIBANK.NS,1407.33544921875,STAY,3,1,1,STAY,STAY,0.3057642,0.40589187,0.28834388,True
2025-09-16 18:30:00+00:00,RELIANCE.NS,1407.2933349609375,STAY,3,1,1,STAY,STAY,0.2523119,0.49793422,0.24975385,True
2025-09-16 18:30:00+00:00,TCS.NS,3046.337890625,STAY,3,1,1,STAY,STAY,0.21726343,0.44975966,0.33297685,True
2025-09-16 18:30:00+00:00,TMPV.NS,713.2335205078125,DOWN,3,0,2,DOWN,UP,0.2833871,0.3206079,0.396005,False
2025-09-16 18:30:00+00:00,INFY.NS,1467.685546875,UP,3,2,2,UP,UP,0.26699966,0.35817483,0.37482557,True
2025-09-16 18:30:00+00:00,SBIN.NS,841.973388671875,STAY,3,1,1,STAY,STAY,0.21760663,0.41773257,0.36466074,True
2025-09-16 18:30:00+00:00,HDFCBANK.NS,950.7747192382812,UP,3,2,1,UP,STAY,0.3006422,0.40199947,0.29735836,False
2025-09-16 18:30:00+00:00,ITC.NS,390.2659606933594,UP,3,2,1,UP,STAY,0.23761295,0.43656492,0.32582214,False
2025-09-16 18:30:00+00:00,BHARTIARTL.NS,1917.1719970703125,STAY,3,1,1,STAY,STAY,0.22857249,0.4211268,0.3503007,True
2025-09-17 18:30:00+00:00,SBIN.NS,839.222900390625,UP,3,2,2,UP,UP,0.26938477,0.35877645,0.37183875,True
2025-09-17 18:30:00+00:00,TMPV.NS,705.3489379882812,DOWN,3,0,2,DOWN,UP,0.34581938,0.2603405,0.39384007,False
2025-09-17 18:30:00+00:00,TCS.NS,3050.08251953125,STAY,3,1,1,STAY,STAY,0.2745055,0.40966105,0.3158334,True
2025-09-17 18:30:00+00:00,INFY.NS,1485.2313232421875,STAY,3,1,1,STAY,STAY,0.22601193,0.39228275,0.38170534,True
2025-09-17 18:30:00+00:00,RELIANCE.NS,1408.4876708984375,DOWN,3,0,1,DOWN,STAY,0.30579337,0.45563176,0.23857486,False
2025-09-17 18:30:00+00:00,ITC.NS,392.4113464355469,STAY,3,1,1,STAY,STAY,0.2622617,0.44107538,0.29666287,True
2025-09-17 18:30:00+00:00,BHARTIARTL.NS,1916.974365234375,UP,3,2,1,UP,STAY,0.26812428,0.41322207,0.3186536,False
2025-09-17 18:30:00+00:00,LT.NS,3650.345703125,STAY,3,1,1,STAY,STAY,0.34822917,0.38853446,0.26323643,True
2025-09-17 18:30:00+00:00,ICICIBANK.NS,1409.814453125,DOWN,3,0,1,DOWN,STAY,0.30773827,0.38344494,0.30881676,False
2025-09-17 18:30:00+00:00,HDFCBANK.NS,961.0055541992188,DOWN,3,0,1,DOWN,STAY,0.21821491,0.5181134,0.26367173,False
2025-09-18 18:30:00+00:00,TCS.NS,3042.88134765625,DOWN,3,0,1,DOWN,STAY,0.2584215,0.39420277,0.34737575,False
2025-09-18 18:30:00+00:00,HDFCBANK.NS,951.168212890625,STAY,3,1,1,STAY,STAY,0.24023995,0.44924918,0.31051087,True
2025-09-18 18:30:00+00:00,BHARTIARTL.NS,1938.009765625,STAY,3,1,1,STAY,STAY,0.23404935,0.4304766,0.3354741,True
2025-09-18 18:30:00+00:00,ICICIBANK.NS,1390.4775390625,STAY,3,1,1,STAY,STAY,0.2865286,0.39102787,0.3224436,True
2025-09-18 18:30:00+00:00,RELIANCE.NS,1400.9227294921875,DOWN,3,0,1,DOWN,STAY,0.22364485,0.45871925,0.31763595,False
2025-09-18 18:30:00+00:00,LT.NS,3639.84814453125,DOWN,3,0,0,DOWN,DOWN,0.36598745,0.3537479,0.28026462,True
2025-09-18 18:30:00+00:00,INFY.NS,1484.845703125,DOWN,3,0,2,DOWN,UP,0.2981116,0.3285467,0.37334174,False
2025-09-18 18:30:00+00:00,TMPV.NS,701.6297607421875,DOWN,3,0,2,DOWN,UP,0.34806225,0.27526426,0.37667343,False
2025-09-18 18:30:00+00:00,SBIN.NS,847.081298828125,DOWN,3,0,1,DOWN,STAY,0.21734536,0.4444904,0.33816427,False
2025-09-18 18:30:00+00:00,ITC.NS,391.5531921386719,DOWN,3,0,1,DOWN,STAY,0.32370442,0.383349,0.29294655,False
2025-09-21 18:30:00+00:00,HDFCBANK.NS,948.5121459960938,DOWN,3,0,1,DOWN,STAY,0.25178695,0.48826304,0.25995004,False
2025-09-21 18:30:00+00:00,LT.NS,3609.2470703125,STAY,3,1,1,STAY,STAY,0.30068895,0.43309408,0.26621693,True
2025-09-21 18:30:00+00:00,ITC.NS,388.0252990722656,DOWN,3,0,1,DOWN,STAY,0.23919202,0.460238,0.30056995,False
2025-09-21 18:30:00+00:00,INFY.NS,1445.6083984375,STAY,3,1,2,STAY,UP,0.36646056,0.2441494,0.38938996,False
2025-09-21 18:30:00+00:00,TMPV.NS,690.5219116210938,UP,3,2,0,UP,DOWN,0.39128193,0.23638868,0.37232935,False
2025-09-21 18:30:00+00:00,TCS.NS,2951.283935546875,STAY,3,1,2,STAY,UP,0.33067122,0.27655584,0.39277297,False
2025-09-21 18:30:00+00:00,RELIANCE.NS,1384.199951171875,STAY,3,1,1,STAY,STAY,0.24045654,0.4443834,0.31516004,True
2025-09-21 18:30:00+00:00,BHARTIARTL.NS,1931.88671875,DOWN,3,0,1,DOWN,STAY,0.25042015,0.44556227,0.30401757,False
2025-09-21 18:30:00+00:00,ICICIBANK.NS,1389.783447265625,DOWN,3,0,2,DOWN,UP,0.28754112,0.34557498,0.36688393,False
2025-09-21 18:30:00+00:00,SBIN.NS,840.1069946289062,UP,3,2,1,UP,STAY,0.21651557,0.46809244,0.31539196,False
2025-09-22 18:30:00+00:00,RELIANCE.NS,1383.40380859375,STAY,3,1,1,STAY,STAY,0.2705531,0.4181972,0.3112497,True
2025-09-22 18:30:00+00:00,TMPV.NS,695.5799560546875,DOWN,3,0,2,DOWN,UP,0.34545118,0.28167728,0.37287155,False
2025-09-22 18:30:00+00:00,BHARTIARTL.NS,1914.604248046875,STAY,3,1,1,STAY,STAY,0.29715464,0.37865177,0.32419363,True
2025-09-22 18:30:00+00:00,ICICIBANK.NS,1382.6436767578125,DOWN,3,0,1,DOWN,STAY,0.2537456,0.41479772,0.33145666,False
2025-09-22 18:30:00+00:00,SBIN.NS,855.1851806640625,DOWN,3,0,1,DOWN,STAY,0.23702143,0.46426544,0.29871312,False
2025-09-22 18:30:00+00:00,ITC.NS,384.4496765136719,DOWN,3,0,1,DOWN,STAY,0.1893708,0.51199657,0.29863265,False
2025-09-22 18:30:00+00:00,TCS.NS,2940.33837890625,DOWN,3,0,2,DOWN,UP,0.30200198,0.30434823,0.39364982,False
2025-09-22 18:30:00+00:00,INFY.NS,1443.6802978515625,STAY,3,1,0,STAY,DOWN,0.42216128,0.25069687,0.32714182,False
2025-09-22 18:30:00+00:00,LT.NS,3622.220458984375,STAY,3,1,0,STAY,DOWN,0.51583797,0.28007102,0.20409101,False
2025-09-22 18:30:00+00:00,HDFCBANK.NS,941.6260375976562,DOWN,3,0,1,DOWN,STAY,0.20509608,0.4651939,0.32971004,False
2025-09-23 18:30:00+00:00,ICICIBANK.NS,1371.1405029296875,STAY,3,1,1,STAY,STAY,0.24547657,0.42304322,0.33148023,True
2025-09-23 18:30:00+00:00,RELIANCE.NS,1376.635009765625,DOWN,3,0,1,DOWN,STAY,0.20538591,0.5093424,0.2852717,False
2025-09-23 18:30:00+00:00,INFY.NS,1440.884521484375,DOWN,3,0,1,DOWN,STAY,0.30511123,0.39201733,0.30287147,False
2025-09-23 18:30:00+00:00,LT.NS,3638.263916015625,DOWN,3,0,0,DOWN,DOWN,0.41013414,0.32186997,0.26799583,True
2025-09-23 18:30:00+00:00,BHARTIARTL.NS,1907.0986328125,STAY,3,1,1,STAY,STAY,0.29933456,0.3635723,0.33709309,True
2025-09-23 18:30:00+00:00,TCS.NS,2914.414306640625,DOWN,3,0,1,DOWN,STAY,0.2904736,0.4432777,0.2662487,False
2025-09-23 18:30:00+00:00,SBIN.NS,850.8631591796875,DOWN,3,0,1,DOWN,STAY,0.32906222,0.38396564,0.28697217,False
2025-09-23 18:30:00+00:00,ITC.NS,382.3519592285156,STAY,3,1,1,STAY,STAY,0.19049963,0.5448247,0.26467565,True
2025-09-23 18:30:00+00:00,HDFCBANK.NS,935.5761108398438,STAY,3,1,1,STAY,STAY,0.2015889,0.4925711,0.30583993,True
2025-09-23 18:30:00+00:00,TMPV.NS,677.3313598632812,DOWN,3,0,0,DOWN,DOWN,0.40790027,0.22226943,0.36983034,True
2025-09-24 18:30:00+00:00,BHARTIARTL.NS,1911.542724609375,DOWN,3,0,2,DOWN,UP,0.25612465,0.3684248,0.37545055,False
2025-09-24 18:30:00+00:00,ICICIBANK.NS,1364.29833984375,DOWN,3,0,1,DOWN,STAY,0.21854246,0.41388148,0.36757603,False
2025-09-24 18:30:00+00:00,RELIANCE.NS,1366.0838623046875,STAY,3,1,1,STAY,STAY,0.23538734,0.43716,0.3274527,True
2025-09-24 18:30:00+00:00,TMPV.NS,658.8347778320312,UP,3,2,2,UP,UP,0.35231963,0.1412583,0.5064221,True
2025-09-24 18:30:00+00:00,TCS.NS,2839.523193359375,DOWN,3,0,2,DOWN,UP,0.30176958,0.28242418,0.41580626,False
2025-09-24 18:30:00+00:00,LT.NS,3609.14794921875,UP,3,2,0,UP,DOWN,0.42436337,0.31177932,0.26385736,False
2025-09-24 18:30:00+00:00,ITC.NS,381.4938354492188,UP,3,2,1,UP,STAY,0.22082706,0.5033692,0.2758037,False
2025-09-24 18:30:00+00:00,INFY.NS,1431.436767578125,DOWN,3,0,2,DOWN,UP,0.2790119,0.34914234,0.37184575,False
2025-09-24 18:30:00+00:00,HDFCBANK.NS,934.3955688476562,DOWN,3,0,1,DOWN,STAY,0.22045122,0.40266165,0.37688714,False
2025-09-24 18:30:00+00:00,SBIN.NS,845.902587890625,STAY,3,1,1,STAY,STAY,0.2733249,0.40245038,0.32422474,True
2025-09-25 18:30:00+00:00,RELIANCE.NS,1371.2598876953125,STAY,3,1,1,STAY,STAY,0.2242035,0.41224045,0.36355603,True
2025-09-25 18:30:00+00:00,SBIN.NS,841.7769165039062,UP,3,2,1,UP,STAY,0.28028965,0.3824523,0.33725807,False
2025-09-25 18:30:00+00:00,LT.NS,3693.425048828125,DOWN,3,0,1,DOWN,STAY,0.31575504,0.37670335,0.30754155,False
2025-09-25 18:30:00+00:00,ITC.NS,386.2612915039063,UP,3,2,1,UP,STAY,0.22545627,0.4468583,0.32768545,False
2025-09-25 18:30:00+00:00,TCS.NS,2783.54736328125,STAY,3,1,2,STAY,UP,0.29636088,0.22622938,0.47740972,False
2025-09-25 18:30:00+00:00,HDFCBANK.NS,929.6737060546876,UP,3,2,1,UP,STAY,0.22751315,0.4780907,0.2943962,False
2025-09-25 18:30:00+00:00,BHARTIARTL.NS,1892.7789306640625,DOWN,3,0,1,DOWN,STAY,0.26573515,0.43039006,0.30387473,False
2025-09-25 18:30:00+00:00,INFY.NS,1396.8270263671875,STAY,3,1,2,STAY,UP,0.3186716,0.33044413,0.3508843,False
2025-09-25 18:30:00+00:00,TMPV.NS,667.364013671875,STAY,3,1,2,STAY,UP,0.36787662,0.16015324,0.4719701,False
2025-09-25 18:30:00+00:00,ICICIBANK.NS,1348.233642578125,DOWN,3,0,1,DOWN,STAY,0.1734463,0.51711166,0.309442,False
2025-09-28 18:30:00+00:00,ICICIBANK.NS,1336.829833984375,STAY,3,1,1,STAY,STAY,0.15148173,0.43719476,0.4113235,True
2025-09-28 18:30:00+00:00,HDFCBANK.NS,934.8382568359376,STAY,3,1,1,STAY,STAY,0.19649121,0.43816352,0.3653453,True
2025-09-28 18:30:00+00:00,TCS.NS,2780.666748046875,STAY,3,1,2,STAY,UP,0.3078912,0.24033271,0.4517761,False
2025-09-28 18:30:00+00:00,SBIN.NS,855.3325805664062,STAY,3,1,1,STAY,STAY,0.22523335,0.396175,0.3785917,True
2025-09-28 18:30:00+00:00,INFY.NS,1389.982177734375,STAY,3,1,2,STAY,UP,0.33698168,0.31759852,0.34541985,False
2025-09-28 18:30:00+00:00,BHARTIARTL.NS,1878.557861328125,DOWN,3,0,1,DOWN,STAY,0.2707661,0.40726388,0.32197005,False
2025-09-28 18:30:00+00:00,RELIANCE.NS,1366.48193359375,DOWN,3,0,1,DOWN,STAY,0.22102281,0.4462525,0.33272472,False
2025-09-28 18:30:00+00:00,ITC.NS,388.3113098144531,DOWN,3,0,1,DOWN,STAY,0.23610686,0.4180311,0.345862,False
2025-09-28 18:30:00+00:00,TMPV.NS,666.96728515625,UP,3,2,2,UP,UP,0.3716625,0.16472127,0.46361622,True
2025-09-28 18:30:00+00:00,LT.NS,3652.722412109375,DOWN,3,0,1,DOWN,STAY,0.33482015,0.4081438,0.25703603,False
2025-09-29 18:30:00+00:00,SBIN.NS,857.0025024414062,DOWN,3,0,1,DOWN,STAY,0.30035478,0.36085027,0.33879492,False
2025-09-29 18:30:00+00:00,TMPV.NS,674.6039428710938,UP,3,2,2,UP,UP,0.36683604,0.24801576,0.38514814,True
2025-09-29 18:30:00+00:00,RELIANCE.NS,1357.722412109375,STAY,3,1,1,STAY,STAY,0.20245276,0.48712698,0.31042027,True
2025-09-29 18:30:00+00:00,ITC.NS,382.8763732910156,UP,3,2,1,UP,STAY,0.2561902,0.44176778,0.3020421,False
2025-09-29 18:30:00+00:00,HDFCBANK.NS,935.5269165039062,UP,3,2,1,UP,STAY,0.23208722,0.4528033,0.31510943,False
2025-09-29 18:30:00+00:00,TCS.NS,2773.2734375,UP,3,2,2,UP,UP,0.27641496,0.30448386,0.41910115,True
2025-09-29 18:30:00+00:00,ICICIBANK.NS,1336.730712890625,UP,3,2,2,UP,UP,0.2394842,0.3521434,0.4083724,True
2025-09-29 18:30:00+00:00,BHARTIARTL.NS,1855.0537109375,DOWN,3,0,1,DOWN,STAY,0.2833624,0.4015146,0.315123,False
2025-09-29 18:30:00+00:00,LT.NS,3623.60693359375,STAY,3,1,0,STAY,DOWN,0.4072578,0.38775092,0.20499128,False
2025-09-29 18:30:00+00:00,INFY.NS,1389.982177734375,STAY,3,1,1,STAY,STAY,0.34963286,0.370668,0.27969912,True
2025-09-30 18:30:00+00:00,TMPV.NS,712.4400634765625,STAY,3,1,0,STAY,DOWN,0.3965246,0.30717131,0.29630414,False
2025-09-30 18:30:00+00:00,RELIANCE.NS,1362.4007568359375,STAY,3,1,1,STAY,STAY,0.21945865,0.43130472,0.34923658,True
2025-09-30 18:30:00+00:00,INFY.NS,1393.83837890625,STAY,3,1,0,STAY,DOWN,0.385664,0.35852602,0.25581002,False
2025-09-30 18:30:00+00:00,HDFCBANK.NS,949.5450439453124,STAY,3,1,1,STAY,STAY,0.21096246,0.46028754,0.32874995,True
2025-09-30 18:30:00+00:00,SBIN.NS,848.80029296875,STAY,3,1,1,STAY,STAY,0.3523408,0.35876784,0.28889132,True
2025-09-30 18:30:00+00:00,TCS.NS,2798.045166015625,STAY,3,1,1,STAY,STAY,0.31366774,0.38299477,0.30333748,True
2025-09-30 18:30:00+00:00,BHARTIARTL.NS,1844.387939453125,UP,3,2,1,UP,STAY,0.27431098,0.46632102,0.25936806,False
2025-09-30 18:30:00+00:00,ICICIBANK.NS,1360.530029296875,STAY,3,1,1,STAY,STAY,0.2797778,0.40941444,0.31080776,True
2025-09-30 18:30:00+00:00,ITC.NS,386.7380676269531,STAY,3,1,1,STAY,STAY,0.22633122,0.46714252,0.3065263,True
2025-09-30 18:30:00+00:00,LT.NS,3634.797607421875,UP,3,2,0,UP,DOWN,0.48658994,0.30926496,0.20414512,False
2025-10-02 18:30:00+00:00,SBIN.NS,851.9436645507812,UP,3,2,1,UP,STAY,0.33858567,0.3764959,0.28491846,False
2025-10-02 18:30:00+00:00,TMPV.NS,710.2085571289062,STAY,3,1,2,STAY,UP,0.37231395,0.23528585,0.39240023,False
2025-10-02 18:30:00+00:00,HDFCBANK.NS,949.4467163085938,UP,3,2,1,UP,STAY,0.19836009,0.48889118,0.31274876,False
2025-10-02 18:30:00+00:00,LT.NS,3696.990234375,STAY,3,1,0,STAY,DOWN,0.40515226,0.33411676,0.260731,False
2025-10-02 18:30:00+00:00,ITC.NS,385.4985046386719,DOWN,3,0,1,DOWN,STAY,0.28895903,0.4130867,0.29795423,False
2025-10-02 18:30:00+00:00,TCS.NS,2786.2353515625,UP,3,2,2,UP,UP,0.24257757,0.36345318,0.39396927,True
2025-10-02 18:30:00+00:00,ICICIBANK.NS,1353.786865234375,STAY,3,1,1,STAY,STAY,0.24755433,0.40528965,0.34715602,True
2025-10-02 18:30:00+00:00,RELIANCE.NS,1357.125244140625,UP,3,2,1,UP,STAY,0.248981,0.40536764,0.34565136,False
2025-10-02 18:30:00+00:00,INFY.NS,1394.609619140625,UP,3,2,0,UP,DOWN,0.40308917,0.33438253,0.26252836,False
2025-10-02 18:30:00+00:00,BHARTIARTL.NS,1873.126220703125,STAY,3,1,1,STAY,STAY,0.27670226,0.45129985,0.27199793,True
2025-10-05 18:30:00+00:00,SBIN.NS,858.5741577148438,DOWN,3,0,1,DOWN,STAY,0.26778373,0.4723469,0.25986937,False
2025-10-05 18:30:00+00:00,LT.NS,3700.8525390625,STAY,3,1,0,STAY,DOWN,0.425317,0.3235734,0.2511096,False
2025-10-05 18:30:00+00:00,INFY.NS,1422.9530029296875,DOWN,3,0,1,DOWN,STAY,0.2712752,0.37964076,0.34908402,False
2025-10-05 18:30:00+00:00,RELIANCE.NS,1368.671875,UP,3,2,1,UP,STAY,0.2158954,0.46102768,0.32307696,False
2025-10-05 18:30:00+00:00,ICICIBANK.NS,1352.001953125,UP,3,2,1,UP,STAY,0.28138268,0.37834316,0.34027418,False
2025-10-05 18:30:00+00:00,TMPV.NS,706.7869873046875,DOWN,3,0,2,DOWN,UP,0.32588923,0.319667,0.35444376,False
2025-10-05 18:30:00+00:00,BHARTIARTL.NS,1879.4466552734373,UP,3,2,1,UP,STAY,0.2654028,0.46927395,0.2653232,False
2025-10-05 18:30:00+00:00,HDFCBANK.NS,957.6116333007812,UP,3,2,1,UP,STAY,0.21574049,0.46731922,0.31694028,False
2025-10-05 18:30:00+00:00,ITC.NS,382.1135864257813,STAY,3,1,1,STAY,STAY,0.18673457,0.45209846,0.36116695,True
2025-10-05 18:30:00+00:00,TCS.NS,2869.28759765625,STAY,3,1,2,STAY,UP,0.3105107,0.33644733,0.35304192,False
2025-10-06 18:30:00+00:00,TCS.NS,2855.173583984375,UP,3,2,1,UP,STAY,0.28403768,0.36113957,0.35482275,False
2025-10-06 18:30:00+00:00,ICICIBANK.NS,1364.3974609375,STAY,3,1,1,STAY,STAY,0.24591354,0.43969193,0.31439447,True
2025-10-06 18:30:00+00:00,RELIANCE.NS,1378.4267578125,DOWN,3,0,1,DOWN,STAY,0.27856088,0.41613424,0.30530486,False
2025-10-06 18:30:00+00:00,BHARTIARTL.NS,1905.0247802734373,UP,3,2,1,UP,STAY,0.22493695,0.44457483,0.3304882,False
2025-10-06 18:30:00+00:00,SBIN.NS,849.3897094726562,DOWN,3,0,1,DOWN,STAY,0.33604783,0.3730228,0.2909294,False
2025-10-06 18:30:00+00:00,INFY.NS,1406.0819091796875,UP,3,2,0,UP,DOWN,0.38832092,0.3329464,0.27873266,False
2025-10-06 18:30:00+00:00,TMPV.NS,692.3070678710938,DOWN,3,0,2,DOWN,UP,0.35555777,0.24512285,0.39931932,False
2025-10-06 18:30:00+00:00,HDFCBANK.NS,966.514404296875,STAY,3,1,1,STAY,STAY,0.18448125,0.5093369,0.30618185,True
2025-10-06 18:30:00+00:00,LT.NS,3693.623046875,STAY,3,1,0,STAY,DOWN,0.4130959,0.31362596,0.2732781,False
2025-10-06 18:30:00+00:00,ITC.NS,381.2077941894531,STAY,3,1,1,STAY,STAY,0.25639442,0.4178058,0.32579973,True
2025-10-07 18:30:00+00:00,INFY.NS,1441.2701416015625,UP,3,2,1,UP,STAY,0.23865956,0.41377994,0.34756047,False
2025-10-07 18:30:00+00:00,ICICIBANK.NS,1358.8443603515625,STAY,3,1,1,STAY,STAY,0.22739561,0.489917,0.28268737,True
2025-10-07 18:30:00+00:00,LT.NS,3693.72216796875,UP,3,2,0,UP,DOWN,0.42416742,0.3285699,0.2472627,False
2025-10-07 18:30:00+00:00,TMPV.NS,675.94287109375,STAY,3,1,0,STAY,DOWN,0.4570097,0.20525555,0.33773476,False
2025-10-07 18:30:00+00:00,BHARTIARTL.NS,1919.3446044921875,STAY,3,1,1,STAY,STAY,0.30387148,0.40219316,0.29393533,True
2025-10-07 18:30:00+00:00,TCS.NS,2906.541259765625,UP,3,2,2,UP,UP,0.245291,0.36167938,0.39302963,True
2025-10-07 18:30:00+00:00,SBIN.NS,843.0538940429688,STAY,3,1,1,STAY,STAY,0.2858537,0.39115787,0.32298842,True
2025-10-07 18:30:00+00:00,RELIANCE.NS,1361.1068115234375,UP,3,2,1,UP,STAY,0.24275616,0.46902007,0.28822377,False
2025-10-07 18:30:00+00:00,ITC.NS,381.16009521484375,STAY,3,1,1,STAY,STAY,0.28790075,0.4008038,0.31129545,True
2025-10-07 18:30:00+00:00,HDFCBANK.NS,962.7762451171876,STAY,3,1,1,STAY,STAY,0.21844326,0.49277794,0.28877875,True
2025-10-08 18:30:00+00:00,HDFCBANK.NS,961.2022094726562,STAY,3,1,1,STAY,STAY,0.24429865,0.47868446,0.2770169,True
2025-10-08 18:30:00+00:00,SBIN.NS,846.835693359375,UP,3,2,1,UP,STAY,0.3263004,0.37760955,0.2960901,False
2025-10-08 18:30:00+00:00,LT.NS,3732.740966796875,STAY,3,1,0,STAY,DOWN,0.4110081,0.34582433,0.24316756,False
2025-10-08 18:30:00+00:00,TCS.NS,2939.666015625,DOWN,3,0,1,DOWN,STAY,0.24966656,0.41438788,0.33594552,False
2025-10-08 18:30:00+00:00,ICICIBANK.NS,1364.69482421875,STAY,3,1,1,STAY,STAY,0.27563125,0.4342843,0.29008445,True
2025-10-08 18:30:00+00:00,RELIANCE.NS,1371.458984375,STAY,3,1,1,STAY,STAY,0.26787606,0.42720523,0.30491868,True
2025-10-08 18:30:00+00:00,ITC.NS,381.3031005859375,UP,3,2,1,UP,STAY,0.25649288,0.39184016,0.3516669,False
2025-10-08 18:30:00+00:00,TMPV.NS,675.4965209960938,STAY,3,1,0,STAY,DOWN,0.53133976,0.16963783,0.2990224,False
2025-10-08 18:30:00+00:00,INFY.NS,1455.0562744140625,STAY,3,1,1,STAY,STAY,0.25575006,0.4568605,0.28738943,True
2025-10-08 18:30:00+00:00,BHARTIARTL.NS,1917.86328125,STAY,3,1,1,STAY,STAY,0.29225683,0.38849977,0.31924337,True
2025-10-09 18:30:00+00:00,LT.NS,3747.397705078125,STAY,3,1,1,STAY,STAY,0.32725716,0.3988383,0.2739045,True
2025-10-09 18:30:00+00:00,ICICIBANK.NS,1368.7607421875,STAY,3,1,1,STAY,STAY,0.31186512,0.42233774,0.2657971,True
2025-10-09 18:30:00+00:00,INFY.NS,1460.4549560546875,DOWN,3,0,2,DOWN,UP,0.2593747,0.319594,0.42103124,False
2025-10-09 18:30:00+00:00,HDFCBANK.NS,964.9404296875,STAY,3,1,1,STAY,STAY,0.22517173,0.49182314,0.28300518,True
2025-10-09 18:30:00+00:00,TMPV.NS,673.3642578125,DOWN,3,0,0,DOWN,DOWN,0.4917774,0.15972248,0.34850016,True
2025-10-09 18:30:00+00:00,SBIN.NS,865.0573120117188,STAY,3,1,1,STAY,STAY,0.19928464,0.460791,0.33992442,True
2025-10-09 18:30:00+00:00,RELIANCE.NS,1375.3409423828125,STAY,3,1,1,STAY,STAY,0.27206373,0.43665996,0.29127634,True
2025-10-09 18:30:00+00:00,TCS.NS,2907.59716796875,DOWN,3,0,2,DOWN,UP,0.26297846,0.3496223,0.38739923,False
2025-10-09 18:30:00+00:00,BHARTIARTL.NS,1915.789306640625,UP,3,2,1,UP,STAY,0.21552148,0.44588053,0.33859798,False
2025-10-09 18:30:00+00:00,ITC.NS,384.0682678222656,DOWN,3,0,1,DOWN,STAY,0.30714303,0.34959772,0.34325922,False
2025-10-12 18:30:00+00:00,RELIANCE.NS,1368.671875,STAY,3,1,1,STAY,STAY,0.3010392,0.4279261,0.27103472,True
2025-10-12 18:30:00+00:00,HDFCBANK.NS,961.1038818359376,STAY,3,1,1,STAY,STAY,0.2638846,0.44963986,0.2864755,True
2025-10-12 18:30:00+00:00,INFY.NS,1439.5347900390625,STAY,3,1,2,STAY,UP,0.32133818,0.32536447,0.35329738,False
2025-10-12 18:30:00+00:00,SBIN.NS,867.3165893554688,DOWN,3,0,1,DOWN,STAY,0.26135182,0.44224548,0.29640272,False
2025-10-12 18:30:00+00:00,ICICIBANK.NS,1367.8681640625,STAY,3,1,1,STAY,STAY,0.32811347,0.3646483,0.30723825,True
2025-10-12 18:30:00+00:00,TMPV.NS,655.31396484375,DOWN,3,0,2,DOWN,UP,0.37041017,0.14362049,0.48596936,False
2025-10-12 18:30:00+00:00,TCS.NS,2887.338134765625,DOWN,3,0,0,DOWN,DOWN,0.38200036,0.31845692,0.29954273,True
2025-10-12 18:30:00+00:00,BHARTIARTL.NS,1930.6029052734373,STAY,3,1,1,STAY,STAY,0.20999153,0.51168925,0.27831927,True
2025-10-12 18:30:00+00:00,LT.NS,3733.0380859375,DOWN,3,0,0,DOWN,DOWN,0.47305474,0.35749346,0.16945179,True
2025-10-12 18:30:00+00:00,ITC.NS,380.683349609375,DOWN,3,0,1,DOWN,STAY,0.21977079,0.471957,0.3082722,False
2025-10-13 18:30:00+00:00,RELIANCE.NS,1369.5677490234375,STAY,3,1,1,STAY,STAY,0.30722627,0.41071406,0.28205973,True
2025-10-13 18:30:00+00:00,LT.NS,3708.081787109375,UP,3,2,0,UP,DOWN,0.42130166,0.32350418,0.25519416,False
2025-10-13 18:30:00+00:00,INFY.NS,1436.353515625,DOWN,3,0,0,DOWN,DOWN,0.36798662,0.33402777,0.29798567,True
2025-10-13 18:30:00+00:00,ITC.NS,378.3472595214844,UP,3,2,1,UP,STAY,0.23879308,0.42919528,0.33201158,False
2025-10-13 18:30:00+00:00,HDFCBANK.NS,961.25146484375,STAY,3,1,1,STAY,STAY,0.26715705,0.43073133,0.30211166,True
2025-10-13 18:30:00+00:00,ICICIBANK.NS,1372.52880859375,UP,3,2,1,UP,STAY,0.3296208,0.3739042,0.29647502,False
2025-10-13 18:30:00+00:00,TMPV.NS,392.1966247558594,DOWN,3,0,2,DOWN,UP,0.17372891,0.19572198,0.63054913,False
2025-10-13 18:30:00+00:00,TCS.NS,2842.3076171875,UP,3,2,2,UP,UP,0.34323466,0.29738945,0.35937595,True
2025-10-13 18:30:00+00:00,SBIN.NS,861.4227905273438,UP,3,2,2,UP,UP,0.28274024,0.34503943,0.37222037,True
2025-10-13 18:30:00+00:00,BHARTIARTL.NS,1922.406005859375,UP,3,2,1,UP,STAY,0.28001183,0.42381674,0.29617143,False
2025-10-14 18:30:00+00:00,BHARTIARTL.NS,1944.0338134765625,STAY,3,1,1,STAY,STAY,0.26191583,0.45990384,0.27818033,True
2025-10-14 18:30:00+00:00,SBIN.NS,870.4107666015625,STAY,3,1,1,STAY,STAY,0.23236068,0.49271137,0.27492803,True
2025-10-14 18:30:00+00:00,ICICIBANK.NS,1386.7093505859375,UP,3,2,1,UP,STAY,0.24255623,0.4627075,0.29473633,False
2025-10-14 18:30:00+00:00,INFY.NS,1421.41064453125,STAY,3,1,0,STAY,DOWN,0.44009793,0.27490422,0.28499788,False
2025-10-14 18:30:00+00:00,TMPV.NS,387.6344604492188,UP,3,2,2,UP,UP,0.22491102,0.1648137,0.61027527,True
2025-10-14 18:30:00+00:00,RELIANCE.NS,1367.97509765625,UP,3,2,1,UP,STAY,0.3232201,0.36342353,0.31335637,False
2025-10-14 18:30:00+00:00,HDFCBANK.NS,962.3335571289062,UP,3,2,1,UP,STAY,0.29634166,0.41266719,0.2909912,False
2025-10-14 18:30:00+00:00,LT.NS,3791.665283203125,UP,3,2,1,UP,STAY,0.31605375,0.3603157,0.32363057,False
2025-10-14 18:30:00+00:00,TCS.NS,2862.064208984375,STAY,3,1,2,STAY,UP,0.2938989,0.33072096,0.37538007,False
2025-10-14 18:30:00+00:00,ITC.NS,381.3031005859375,UP,3,2,1,UP,STAY,0.24704717,0.4102475,0.34270534,False
2025-10-15 18:30:00+00:00,ITC.NS,386.3089904785156,UP,3,2,1,UP,STAY,0.21662708,0.41298747,0.3703855,False
2025-10-15 18:30:00+00:00,RELIANCE.NS,1391.8646240234375,UP,3,2,1,UP,STAY,0.23172194,0.43509147,0.3331866,False
2025-10-15 18:30:00+00:00,BHARTIARTL.NS,1942.947509765625,UP,3,2,1,UP,STAY,0.27536002,0.43559277,0.28904724,False
2025-10-15 18:30:00+00:00,HDFCBANK.NS,978.1715698242188,UP,3,2,1,UP,STAY,0.1959462,0.42498973,0.37906402,False
2025-10-15 18:30:00+00:00,LT.NS,3824.4453125,DOWN,3,0,1,DOWN,STAY,0.3707291,0.3784555,0.2508154,False
2025-10-15 18:30:00+00:00,TMPV.NS,393.5354919433594,STAY,3,1,2,STAY,UP,0.23492195,0.2902889,0.4747891,False
2025-10-15 18:30:00+00:00,ICICIBANK.NS,1405.451416015625,UP,3,2,1,UP,STAY,0.26068285,0.4427334,0.2965837,False
2025-10-15 18:30:00+00:00,INFY.NS,1418.61474609375,DOWN,3,0,0,DOWN,DOWN,0.34964636,0.30723888,0.3431147,True
2025-10-15 18:30:00+00:00,TCS.NS,2862.931396484375,STAY,3,1,2,STAY,UP,0.32596388,0.30852866,0.36550745,False
2025-10-15 18:30:00+00:00,SBIN.NS,871.2457275390625,STAY,3,1,1,STAY,STAY,0.2795224,0.42516047,0.2953171,True
2025-10-16 18:30:00+00:00,RELIANCE.NS,1410.279541015625,UP,3,2,1,UP,STAY,0.22039224,0.45334288,0.3262649,False
2025-10-16 18:30:00+00:00,ICICIBANK.NS,1424.5899658203125,DOWN,3,0,1,DOWN,STAY,0.24152955,0.4982551,0.26021537,False
2025-10-16 18:30:00+00:00,TMPV.NS,393.337158203125,UP,3,2,2,UP,UP,0.2350144,0.3386901,0.42629552,True
2025-10-16 18:30:00+00:00,SBIN.NS,873.4067993164062,UP,3,2,1,UP,STAY,0.3289406,0.41146687,0.25959253,False
2025-10-16 18:30:00+00:00,LT.NS,3802.261962890625,UP,3,2,1,UP,STAY,0.34951875,0.41290835,0.23757297,False
2025-10-16 18:30:00+00:00,TCS.NS,2854.73974609375,UP,3,2,2,UP,UP,0.31578684,0.31300086,0.3712123,True
2025-10-16 18:30:00+00:00,HDFCBANK.NS,986.2381591796876,STAY,3,1,1,STAY,STAY,0.20682593,0.47879618,0.31437793,True
2025-10-16 18:30:00+00:00,BHARTIARTL.NS,1986.9931640625,UP,3,2,2,UP,UP,0.23484045,0.3673304,0.39782915,True
2025-10-16 18:30:00+00:00,INFY.NS,1389.307373046875,UP,3,2,2,UP,UP,0.32520413,0.32540217,0.34939373,True
2025-10-16 18:30:00+00:00,ITC.NS,392.9834289550781,STAY,3,1,1,STAY,STAY,0.2546787,0.40617064,0.33915067,True
2025-10-19 18:30:00+00:00,ITC.NS,393.8415832519531,STAY,3,1,1,STAY,STAY,0.27347833,0.41681278,0.30970886,True
2025-10-19 18:30:00+00:00,BHARTIARTL.NS,2026.0023193359373,STAY,3,1,1,STAY,STAY,0.31119144,0.40541652,0.28339207,True
2025-10-19 18:30:00+00:00,RELIANCE.NS,1460.04931640625,STAY,3,1,1,STAY,STAY,0.33127505,0.40134415,0.26738077,True
2025-10-19 18:30:00+00:00,SBIN.NS,891.431884765625,STAY,3,1,1,STAY,STAY,0.28455347,0.40704468,0.30840188,True
2025-10-19 18:30:00+00:00,LT.NS,3835.23974609375,STAY,3,1,0,STAY,DOWN,0.39491495,0.38878798,0.21629706,False
2025-10-19 18:30:00+00:00,ICICIBANK.NS,1378.6771240234375,DOWN,3,0,1,DOWN,STAY,0.2882492,0.39506298,0.31668782,False
2025-10-19 18:30:00+00:00,INFY.NS,1408.395751953125,UP,3,2,1,UP,STAY,0.33357576,0.3367989,0.3296253,False
2025-10-19 18:30:00+00:00,TCS.NS,2905.81689453125,STAY,3,1,1,STAY,STAY,0.28023326,0.41865823,0.3011085,True
2025-10-19 18:30:00+00:00,TMPV.NS,396.4612426757813,UP,3,2,2,UP,UP,0.17035918,0.29076856,0.53887224,True
2025-10-19 18:30:00+00:00,HDFCBANK.NS,986.6316528320312,STAY,3,1,1,STAY,STAY,0.2407557,0.434655,0.32458925,True
2025-10-20 18:30:00+00:00,BHARTIARTL.NS,2018.1016845703125,DOWN,3,0,2,DOWN,UP,0.16475043,0.40500045,0.4302491,False
2025-10-20 18:30:00+00:00,TCS.NS,2897.625244140625,UP,3,2,1,UP,STAY,0.1861296,0.41321898,0.40065143,False
2025-10-20 18:30:00+00:00,LT.NS,3850.58984375,UP,3,2,2,UP,UP,0.21078473,0.33741263,0.4518026,True
2025-10-20 18:30:00+00:00,RELIANCE.NS,1458.4566650390625,DOWN,3,0,1,DOWN,STAY,0.21634257,0.47169757,0.31195986,False
2025-10-20 18:30:00+00:00,TMPV.NS,398.5439758300781,UP,3,2,2,UP,UP,0.15081167,0.29689583,0.55229247,True
2025-10-20 18:30:00+00:00,ICICIBANK.NS,1370.4464111328125,DOWN,3,0,1,DOWN,STAY,0.2365684,0.5295951,0.23383653,False
2025-10-20 18:30:00+00:00,INFY.NS,1419.482421875,UP,3,2,1,UP,STAY,0.28786018,0.40114132,0.31099853,False
2025-10-20 18:30:00+00:00,ITC.NS,393.6509094238281,UP,3,2,1,UP,STAY,0.19184779,0.42779666,0.38035554,False
2025-10-20 18:30:00+00:00,HDFCBANK.NS,991.3043823242188,STAY,3,1,1,STAY,STAY,0.16618508,0.55156493,0.28225002,True
2025-10-20 18:30:00+00:00,SBIN.NS,891.775634765625,STAY,3,1,1,STAY,STAY,0.24361551,0.44351396,0.3128705,True
2025-10-22 18:30:00+00:00,RELIANCE.NS,1441.7340087890625,STAY,3,1,1,STAY,STAY,0.23190145,0.39828894,0.3698096,True
2025-10-22 18:30:00+00:00,INFY.NS,1473.566162109375,STAY,3,1,2,STAY,UP,0.26056468,0.31617123,0.42326412,False
2025-10-22 18:30:00+00:00,BHARTIARTL.NS,1982.9442138671875,UP,3,2,1,UP,STAY,0.2364747,0.39285567,0.37066963,False
2025-10-22 18:30:00+00:00,TCS.NS,2961.713134765625,STAY,3,1,1,STAY,STAY,0.21435234,0.3979817,0.387666,True
2025-10-22 18:30:00+00:00,LT.NS,3880.794921875,STAY,3,1,0,STAY,DOWN,0.39330658,0.36911714,0.23757629,False
2025-10-22 18:30:00+00:00,ITC.NS,396.6067504882813,STAY,3,1,2,STAY,UP,0.2816861,0.35132065,0.36699328,False
2025-10-22 18:30:00+00:00,ICICIBANK.NS,1352.2994384765625,UP,3,2,1,UP,STAY,0.26135826,0.40290266,0.33573908,False
2025-10-22 18:30:00+00:00,HDFCBANK.NS,992.386474609375,DOWN,3,0,1,DOWN,STAY,0.2255184,0.42367837,0.35080323,False
2025-10-22 18:30:00+00:00,TMPV.NS,402.5110473632813,DOWN,3,0,2,DOWN,UP,0.11909805,0.32855576,0.55234617,False
2025-10-22 18:30:00+00:00,SBIN.NS,895.41015625,DOWN,3,0,2,DOWN,UP,0.23839718,0.32723168,0.4343711,False
2025-10-23 18:30:00+00:00,INFY.NS,1470.57763671875,STAY,3,1,1,STAY,STAY,0.25930718,0.3950248,0.34566802,True
2025-10-23 18:30:00+00:00,TMPV.NS,399.9820251464844,UP,3,2,2,UP,UP,0.13663165,0.34061098,0.52275735,True
2025-10-23 18:30:00+00:00,SBIN.NS,888.4849853515625,UP,3,2,1,UP,STAY,0.24666241,0.47132266,0.28201488,False
2025-10-23 18:30:00+00:00,ITC.NS,397.4172058105469,UP,3,2,1,UP,STAY,0.24300967,0.39299998,0.3639903,False
2025-10-23 18:30:00+00:00,TCS.NS,2952.07568359375,UP,3,2,1,UP,STAY,0.22246596,0.47660172,0.30093232,False
2025-10-23 18:30:00+00:00,RELIANCE.NS,1444.9193115234375,UP,3,2,1,UP,STAY,0.25143528,0.44224954,0.30631518,False
2025-10-23 18:30:00+00:00,ICICIBANK.NS,1366.182373046875,STAY,3,1,1,STAY,STAY,0.26936215,0.49767426,0.23296364,True
2025-10-23 18:30:00+00:00,BHARTIARTL.NS,2004.0782470703125,UP,3,2,1,UP,STAY,0.2323604,0.516129,0.25151056,False
2025-10-23 18:30:00+00:00,LT.NS,3867.128173828125,STAY,3,1,1,STAY,STAY,0.29028583,0.53696305,0.1727511,True
2025-10-23 18:30:00+00:00,HDFCBANK.NS,978.5650634765624,UP,3,2,1,UP,STAY,0.22463003,0.45477498,0.320595,False
2025-10-26 18:30:00+00:00,RELIANCE.NS,1477.2696533203125,STAY,3,1,1,STAY,STAY,0.24997091,0.44657463,0.30345443,True
2025-10-26 18:30:00+00:00,HDFCBANK.NS,986.6316528320312,STAY,3,1,1,STAY,STAY,0.24133919,0.4786958,0.27996495,True
2025-10-26 18:30:00+00:00,BHARTIARTL.NS,2054.246826171875,STAY,3,1,1,STAY,STAY,0.28722513,0.42575106,0.28702378,True
2025-10-26 18:30:00+00:00,SBIN.NS,906.411865234375,UP,3,2,1,UP,STAY,0.30237854,0.4048575,0.29276404,False
2025-10-26 18:30:00+00:00,INFY.NS,1472.633056640625,STAY,3,1,1,STAY,STAY,0.28907192,0.35740814,0.35351995,True
2025-10-26 18:30:00+00:00,TCS.NS,2972.98828125,DOWN,3,0,1,DOWN,STAY,0.24995041,0.41767803,0.33237153,False
2025-10-26 18:30:00+00:00,LT.NS,3885.845703125,UP,3,2,0,UP,DOWN,0.3967102,0.38242415,0.22086565,False
2025-10-26 18:30:00+00:00,TMPV.NS,406.6764831542969,STAY,3,1,2,STAY,UP,0.1412249,0.3622853,0.4964898,False
2025-10-26 18:30:00+00:00,ITC.NS,401.0881652832031,DOWN,3,0,1,DOWN,STAY,0.22541626,0.4995996,0.27498418,False
2025-10-26 18:30:00+00:00,ICICIBANK.NS,1366.083251953125,DOWN,3,0,1,DOWN,STAY,0.3335861,0.42365634,0.24275759,False
2025-10-27 18:30:00+00:00,SBIN.NS,913.779052734375,UP,3,2,1,UP,STAY,0.28685442,0.36618426,0.3469613,False
2025-10-27 18:30:00+00:00,TMPV.NS,408.1145629882813,STAY,3,1,2,STAY,UP,0.18311983,0.39194643,0.42493376,False
2025-10-27 18:30:00+00:00,ICICIBANK.NS,1351.7044677734375,UP,3,2,1,UP,STAY,0.2506673,0.3944887,0.354844,False
2025-10-27 18:30:00+00:00,INFY.NS,1468.4241943359375,UP,3,2,2,UP,UP,0.29462254,0.33318788,0.37218958,True
2025-10-27 18:30:00+00:00,RELIANCE.NS,1480.056884765625,UP,3,2,0,UP,DOWN,0.39011052,0.38476807,0.22512142,False
2025-10-27 18:30:00+00:00,HDFCBANK.NS,987.2218627929688,STAY,3,1,1,STAY,STAY,0.25657046,0.43010345,0.31332606,True
2025-10-27 18:30:00+00:00,ITC.NS,398.466064453125,UP,3,2,1,UP,STAY,0.23951454,0.43655893,0.32392654,False
2025-10-27 18:30:00+00:00,BHARTIARTL.NS,2064.22119140625,STAY,3,1,1,STAY,STAY,0.30201653,0.40598342,0.292,True
2025-10-27 18:30:00+00:00,TCS.NS,2946.968017578125,STAY,3,1,1,STAY,STAY,0.23558427,0.40856856,0.35584718,True
2025-10-27 18:30:00+00:00,LT.NS,3934.37158203125,STAY,3,1,1,STAY,STAY,0.28849182,0.44668245,0.26482573,True
2025-10-28 18:30:00+00:00,TCS.NS,2946.67919921875,DOWN,3,0,1,DOWN,STAY,0.31410903,0.35554636,0.3303446,False
2025-10-28 18:30:00+00:00,TMPV.NS,407.9658203125,STAY,3,1,2,STAY,UP,0.21642026,0.3739545,0.4096253,False
2025-10-28 18:30:00+00:00,BHARTIARTL.NS,2074.4921875,DOWN,3,0,1,DOWN,STAY,0.3016358,0.45246965,0.24589452,False
2025-10-28 18:30:00+00:00,RELIANCE.NS,1497.277099609375,DOWN,3,0,1,DOWN,STAY,0.3710015,0.37309927,0.25589925,False
2025-10-28 18:30:00+00:00,LT.NS,3919.81396484375,UP,3,2,1,UP,STAY,0.33188218,0.41213027,0.2559876,False
2025-10-28 18:30:00+00:00,HDFCBANK.NS,991.451904296875,DOWN,3,0,1,DOWN,STAY,0.23076132,0.41347888,0.35575983,False
2025-10-28 18:30:00+00:00,ICICIBANK.NS,1358.9434814453125,DOWN,3,0,1,DOWN,STAY,0.25392878,0.40689865,0.33917254,False
2025-10-28 18:30:00+00:00,ITC.NS,401.9940185546875,DOWN,3,0,1,DOWN,STAY,0.24852057,0.45480895,0.2966705,False
2025-10-28 18:30:00+00:00,INFY.NS,1478.408203125,DOWN,3,0,1,DOWN,STAY,0.26751038,0.3772717,0.35521793,False
2025-10-28 18:30:00+00:00,SBIN.NS,923.11083984375,DOWN,3,0,2,DOWN,UP,0.29970992,0.30848563,0.39180443,False
2025-10-29 18:30:00+00:00,LT.NS,3948.929443359375,UP,3,2,1,UP,STAY,0.38245833,0.39749664,0.22004503,False
2025-10-29 18:30:00+00:00,ICICIBANK.NS,1351.0103759765625,DOWN,3,0,1,DOWN,STAY,0.23069152,0.43251684,0.3367916,False
2025-10-29 18:30:00+00:00,HDFCBANK.NS,981.9097900390624,DOWN,3,0,1,DOWN,STAY,0.2810378,0.43917164,0.27979058,False
2025-10-29 18:30:00+00:00,INFY.NS,1462.1597900390625,DOWN,3,0,0,DOWN,DOWN,0.39212328,0.31262317,0.29525355,True
2025-10-29 18:30:00+00:00,RELIANCE.NS,1481.6494140625,STAY,3,1,1,STAY,STAY,0.31612086,0.44949308,0.23438607,True
2025-10-29 18:30:00+00:00,TCS.NS,2925.187744140625,UP,3,2,1,UP,STAY,0.3506111,0.38037735,0.2690115,False
2025-10-29 18:30:00+00:00,BHARTIARTL.NS,2040.618408203125,DOWN,3,0,1,DOWN,STAY,0.30751655,0.37894595,0.31353748,False
2025-10-29 18:30:00+00:00,SBIN.NS,917.8064575195312,STAY,3,1,1,STAY,STAY,0.33061507,0.39440352,0.27498144,True
2025-10-29 18:30:00+00:00,ITC.NS,399.2765197753906,STAY,3,1,1,STAY,STAY,0.2957543,0.41783127,0.28641447,True
2025-10-29 18:30:00+00:00,TMPV.NS,409.0567626953125,DOWN,3,0,2,DOWN,UP,0.18983817,0.30239654,0.50776523,False
2025-10-30 18:30:00+00:00,INFY.NS,1450.9034423828125,STAY,3,1,0,STAY,DOWN,0.34094018,0.33868164,0.32037824,False
2025-10-30 18:30:00+00:00,ITC.NS,400.8021545410156,DOWN,3,0,1,DOWN,STAY,0.28516462,0.3657532,0.34908214,False
2025-10-30 18:30:00+00:00,HDFCBANK.NS,971.2362670898438,UP,3,2,2,UP,UP,0.3086461,0.34118423,0.35016966,True
2025-10-30 18:30:00+00:00,TMPV.NS,406.6269226074219,UP,3,2,2,UP,UP,0.22198945,0.2536156,0.5243949,True
2025-10-30 18:30:00+00:00,LT.NS,3991.909423828125,DOWN,3,0,0,DOWN,DOWN,0.39557332,0.35808554,0.2463411,True
2025-10-30 18:30:00+00:00,SBIN.NS,920.4095458984376,UP,3,2,1,UP,STAY,0.35250157,0.3662941,0.2812043,False
2025-10-30 18:30:00+00:00,BHARTIARTL.NS,2028.9649658203125,UP,3,2,1,UP,STAY,0.33315894,0.37027428,0.29656675,False
2025-10-30 18:30:00+00:00,ICICIBANK.NS,1334.0533447265625,STAY,3,1,1,STAY,STAY,0.2180082,0.42550793,0.35648382,True
2025-10-30 18:30:00+00:00,RELIANCE.NS,1479.5592041015625,STAY,3,1,0,STAY,DOWN,0.35371688,0.3363524,0.3099307,False
2025-10-30 18:30:00+00:00,TCS.NS,2947.064208984375,DOWN,3,0,1,DOWN,STAY,0.3000532,0.39165172,0.30829507,False
2025-11-02 18:30:00+00:00,TCS.NS,2907.35888671875,DOWN,3,0,1,DOWN,STAY,0.34380183,0.361727,0.29447123,False
2025-11-02 18:30:00+00:00,HDFCBANK.NS,976.499267578125,DOWN,3,0,1,DOWN,STAY,0.22457214,0.4862499,0.28917792,False
2025-11-02 18:30:00+00:00,TMPV.NS,413.5693054199219,DOWN,3,0,1,DOWN,STAY,0.21673355,0.39223555,0.39103097,False
2025-11-02 18:30:00+00:00,BHARTIARTL.NS,2048.22265625,UP,3,2,0,UP,DOWN,0.38606343,0.33783823,0.27609834,False
2025-11-02 18:30:00+00:00,SBIN.NS,932.8847045898438,UP,3,2,0,UP,DOWN,0.36492842,0.3523232,0.28274834,False
2025-11-02 18:30:00+00:00,ITC.NS,394.6997680664063,DOWN,3,0,1,DOWN,STAY,0.29725116,0.3664719,0.33627692,False
2025-11-02 18:30:00+00:00,INFY.NS,1454.0355224609375,DOWN,3,0,0,DOWN,DOWN,0.34988606,0.3343304,0.31578356,True
2025-11-02 18:30:00+00:00,ICICIBANK.NS,1335.14404296875,DOWN,3,0,1,DOWN,STAY,0.28627628,0.37562925,0.33809453,False
2025-11-02 18:30:00+00:00,RELIANCE.NS,1477.866943359375,DOWN,3,0,0,DOWN,DOWN,0.39991376,0.3136013,0.28648493,True
2025-11-02 18:30:00+00:00,LT.NS,3941.9970703125,DOWN,3,0,1,DOWN,STAY,0.26963064,0.5036016,0.22676772,False
2025-11-03 18:30:00+00:00,ITC.NS,389.8845825195313,STAY,3,1,1,STAY,STAY,0.27140516,0.47254366,0.25605115,True
2025-11-03 18:30:00+00:00,RELIANCE.NS,1466.3203125,UP,3,2,0,UP,DOWN,0.36325392,0.35445732,0.28228873,False
2025-11-03 18:30:00+00:00,HDFCBANK.NS,969.2196655273438,STAY,3,1,1,STAY,STAY,0.2416497,0.47873238,0.27961794,True
2025-11-03 18:30:00+00:00,INFY.NS,1436.808349609375,STAY,3,1,2,STAY,UP,0.3084674,0.3447733,0.3467593,False
2025-11-03 18:30:00+00:00,TMPV.NS,403.15570068359375,STAY,3,1,2,STAY,UP,0.24159785,0.3095974,0.44880477,False
2025-11-03 18:30:00+00:00,ICICIBANK.NS,1325.7235107421875,DOWN,3,0,1,DOWN,STAY,0.20828304,0.50629944,0.28541753,False
2025-11-03 18:30:00+00:00,SBIN.NS,940.644775390625,STAY,3,1,0,STAY,DOWN,0.4066356,0.32329214,0.27007222,False
2025-11-03 18:30:00+00:00,TCS.NS,2881.723876953125,UP,3,2,0,UP,DOWN,0.34513298,0.33878335,0.31608364,False
2025-11-03 18:30:00+00:00,LT.NS,3886.439697265625,DOWN,3,0,1,DOWN,STAY,0.3488035,0.45614138,0.19505508,False
2025-11-03 18:30:00+00:00,BHARTIARTL.NS,2087.0341796875,DOWN,3,0,2,DOWN,UP,0.23951133,0.35772827,0.4027604,False
2025-11-05 18:30:00+00:00,ITC.NS,388.5496826171875,DOWN,3,0,1,DOWN,STAY,0.2568436,0.47681585,0.2663405,False
2025-11-05 18:30:00+00:00,SBIN.NS,943.739013671875,DOWN,3,0,0,DOWN,DOWN,0.4619396,0.2243393,0.31372106,True
2025-11-05 18:30:00+00:00,TCS.NS,2901.6728515625,DOWN,3,0,1,DOWN,STAY,0.31300873,0.39117524,0.295816,False
2025-11-05 18:30:00+00:00,HDFCBANK.NS,968.6294555664062,STAY,3,1,1,STAY,STAY,0.24385278,0.45852697,0.29762024,True
2025-11-05 18:30:00+00:00,LT.NS,3844.053955078125,STAY,3,1,0,STAY,DOWN,0.43084052,0.34183574,0.22732379,False
2025-11-05 18:30:00+00:00,BHARTIARTL.NS,2068.86279296875,DOWN,3,0,1,DOWN,STAY,0.27677834,0.39098576,0.33223593,False
2025-11-05 18:30:00+00:00,INFY.NS,1435.6336669921875,UP,3,2,2,UP,UP,0.33252382,0.33098012,0.33649603,True
2025-11-05 18:30:00+00:00,ICICIBANK.NS,1309.3614501953125,UP,3,2,1,UP,STAY,0.2312997,0.4598116,0.30888876,False
2025-11-05 18:30:00+00:00,TMPV.NS,404.4945983886719,DOWN,3,0,2,DOWN,UP,0.24043678,0.35741192,0.40215126,False
2025-11-05 18:30:00+00:00,RELIANCE.NS,1489.2144775390625,DOWN,3,0,1,DOWN,STAY,0.24173367,0.42459685,0.33366948,False
2025-11-06 18:30:00+00:00,SBIN.NS,938.92578125,STAY,3,1,0,STAY,DOWN,0.39615843,0.2398377,0.36400384,False
2025-11-06 18:30:00+00:00,ITC.NS,385.2601318359375,STAY,3,1,1,STAY,STAY,0.20435049,0.5163937,0.27925578,True
2025-11-06 18:30:00+00:00,RELIANCE.NS,1471.19775390625,UP,3,2,1,UP,STAY,0.319794,0.3971183,0.2830877,False
2025-11-06 18:30:00+00:00,LT.NS,3844.945068359375,UP,3,2,0,UP,DOWN,0.48044044,0.32038963,0.19916992,False
2025-11-06 18:30:00+00:00,ICICIBANK.NS,1331.7724609375,STAY,3,1,1,STAY,STAY,0.25591365,0.4548967,0.28918973,True
2025-11-06 18:30:00+00:00,HDFCBANK.NS,966.317626953125,STAY,3,1,1,STAY,STAY,0.23395576,0.47904518,0.28699908,True
2025-11-06 18:30:00+00:00,BHARTIARTL.NS,1976.327392578125,UP,3,2,0,UP,DOWN,0.38464567,0.35175595,0.26359835,False
2025-11-06 18:30:00+00:00,TMPV.NS,402.3623046875,UP,3,2,2,UP,UP,0.20284174,0.3944638,0.4026945,True
2025-11-06 18:30:00+00:00,INFY.NS,1445.5198974609375,UP,3,2,1,UP,STAY,0.36063167,0.3713975,0.26797086,False
2025-11-06 18:30:00+00:00,TCS.NS,2883.265869140625,UP,3,2,1,UP,STAY,0.32965457,0.38855824,0.28178716,False
2025-11-09 18:30:00+00:00,TMPV.NS,407.0732116699219,DOWN,3,0,2,DOWN,UP,0.25704566,0.30627254,0.43668187,False
2025-11-09 18:30:00+00:00,RELIANCE.NS,1482.44580078125,STAY,3,1,1,STAY,STAY,0.3097,0.4220016,0.26829833,True
2025-11-09 18:30:00+00:00,BHARTIARTL.NS,1994.6962890625,UP,3,2,1,UP,STAY,0.28303567,0.45931694,0.25764737,False
2025-11-09 18:30:00+00:00,HDFCBANK.NS,968.4818725585938,UP,3,2,1,UP,STAY,0.2407198,0.46244743,0.2968327,False
2025-11-09 18:30:00+00:00,ITC.NS,386.69036865234375,STAY,3,1,1,STAY,STAY,0.21947399,0.5120472,0.26847884,True
2025-11-09 18:30:00+00:00,TCS.NS,2915.4541015625,UP,3,2,1,UP,STAY,0.2701703,0.42228034,0.30754936,False
2025-11-09 18:30:00+00:00,SBIN.NS,934.3090209960938,STAY,3,1,0,STAY,DOWN,0.35131693,0.3413166,0.30736646,False
2025-11-09 18:30:00+00:00,ICICIBANK.NS,1336.730712890625,UP,3,2,1,UP,STAY,0.29595128,0.48011908,0.2239297,False
2025-11-09 18:30:00+00:00,LT.NS,3880.596923828125,UP,3,2,0,UP,DOWN,0.43634233,0.33364362,0.23001403,False
2025-11-09 18:30:00+00:00,INFY.NS,1481.4425048828125,UP,3,2,1,UP,STAY,0.2415769,0.4082114,0.3502117,False
2025-11-10 18:30:00+00:00,HDFCBANK.NS,975.564697265625,STAY,3,1,1,STAY,STAY,0.17341046,0.54810464,0.2784849,True
2025-11-10 18:30:00+00:00,RELIANCE.NS,1486.5269775390625,UP,3,2,0,UP,DOWN,0.3798043,0.35220087,0.26799482,False
2025-11-10 18:30:00+00:00,TMPV.NS,404.2466735839844,DOWN,3,0,2,DOWN,UP,0.26105338,0.31016153,0.4287851,False
2025-11-10 18:30:00+00:00,SBIN.NS,936.4209594726562,STAY,3,1,0,STAY,DOWN,0.44703665,0.26711136,0.28585196,False
2025-11-10 18:30:00+00:00,TCS.NS,2936.46337890625,UP,3,2,1,UP,STAY,0.2360197,0.45580876,0.30817148,False
2025-11-10 18:30:00+00:00,BHARTIARTL.NS,2016.9166259765625,UP,3,2,1,UP,STAY,0.3310258,0.35905603,0.30991814,False
2025-11-10 18:30:00+00:00,LT.NS,3916.74365234375,STAY,3,1,0,STAY,DOWN,0.40328166,0.34366566,0.25305265,False
2025-11-10 18:30:00+00:00,INFY.NS,1497.88671875,UP,3,2,1,UP,STAY,0.21656932,0.40837604,0.3750547,False
2025-11-10 18:30:00+00:00,ICICIBANK.NS,1346.944580078125,STAY,3,1,1,STAY,STAY,0.26121062,0.45502698,0.2837624,True
2025-11-10 18:30:00+00:00,ITC.NS,387.929931640625,STAY,3,1,1,STAY,STAY,0.21879375,0.48520356,0.29600272,True
2025-11-11 18:30:00+00:00,SBIN.NS,940.2028198242188,STAY,3,1,0,STAY,DOWN,0.39403784,0.35466018,0.25130197,False
2025-11-11 18:30:00+00:00,ITC.NS,388.0729370117188,STAY,3,1,1,STAY,STAY,0.23610348,0.46251425,0.3013823,True
2025-11-11 18:30:00+00:00,LT.NS,3916.34765625,UP,3,2,1,UP,STAY,0.33428845,0.42010412,0.24560744,False
2025-11-11 18:30:00+00:00,ICICIBANK.NS,1347.53955078125,UP,3,2,1,UP,STAY,0.33524975,0.389841,0.27490923,False
2025-11-11 18:30:00+00:00,RELIANCE.NS,1504.5435791015625,STAY,3,1,1,STAY,STAY,0.25819984,0.43750614,0.30429405,True
2025-11-11 18:30:00+00:00,TMPV.NS,398.8414916992188,DOWN,3,0,2,DOWN,UP,0.31955403,0.2760953,0.4043507,False
2025-11-11 18:30:00+00:00,HDFCBANK.NS,973.4005126953124,STAY,3,1,1,STAY,STAY,0.23648615,0.48712415,0.2763897,True
2025-11-11 18:30:00+00:00,TCS.NS,3018.18701171875,DOWN,3,0,2,DOWN,UP,0.21683125,0.31041217,0.4727566,False
2025-11-11 18:30:00+00:00,INFY.NS,1518.8333740234375,DOWN,3,0,2,DOWN,UP,0.29508677,0.34947312,0.3554401,False
2025-11-11 18:30:00+00:00,BHARTIARTL.NS,2048.025146484375,UP,3,2,2,UP,UP,0.24079369,0.35973635,0.39947,True
2025-11-12 18:30:00+00:00,TCS.NS,2993.033935546875,STAY,3,1,1,STAY,STAY,0.19752716,0.54970264,0.25277022,True
2025-11-12 18:30:00+00:00,BHARTIARTL.NS,2065.801513671875,STAY,3,1,1,STAY,STAY,0.27435365,0.4383878,0.28725854,True
2025-11-12 18:30:00+00:00,ICICIBANK.NS,1374.3138427734375,DOWN,3,0,1,DOWN,STAY,0.17687654,0.5191633,0.30396008,False
2025-11-12 18:30:00+00:00,TMPV.NS,394.6760559082031,DOWN,3,0,2,DOWN,UP,0.30674195,0.2814034,0.4118546,False
2025-11-12 18:30:00+00:00,RELIANCE.NS,1503.9464111328125,UP,3,2,1,UP,STAY,0.27669975,0.42602208,0.29727817,False
2025-11-12 18:30:00+00:00,LT.NS,3963.7841796875,STAY,3,1,2,STAY,UP,0.33416653,0.32023308,0.34560034,False
2025-11-12 18:30:00+00:00,SBIN.NS,937.1085815429688,UP,3,2,0,UP,DOWN,0.40248087,0.3109976,0.28652146,False
2025-11-12 18:30:00+00:00,ITC.NS,386.83343505859375,UP,3,2,1,UP,STAY,0.22292712,0.48745227,0.28962064,False
2025-11-12 18:30:00+00:00,HDFCBANK.NS,970.596923828125,STAY,3,1,1,STAY,STAY,0.2041398,0.50725996,0.2886002,True
2025-11-12 18:30:00+00:00,INFY.NS,1509.14306640625,DOWN,3,0,1,DOWN,STAY,0.29291022,0.38689283,0.32019696,False
2025-11-13 18:30:00+00:00,TCS.NS,2993.322998046875,STAY,3,1,1,STAY,STAY,0.31983563,0.37849632,0.30166808,True
2025-11-13 18:30:00+00:00,TMPV.NS,387.9815979003906,DOWN,3,0,2,DOWN,UP,0.27487805,0.25706977,0.46805212,False
2025-11-13 18:30:00+00:00,LT.NS,3965.665771484375,UP,3,2,0,UP,DOWN,0.39398667,0.3561995,0.2498139,False
2025-11-13 18:30:00+00:00,INFY.NS,1470.9691162109375,STAY,3,1,2,STAY,UP,0.2886022,0.31653184,0.39486596,False
2025-11-13 18:30:00+00:00,SBIN.NS,950.7133178710938,UP,3,2,1,UP,STAY,0.34431708,0.367573,0.2881099,False
2025-11-13 18:30:00+00:00,RELIANCE.NS,1511.9095458984375,STAY,3,1,1,STAY,STAY,0.27969348,0.45695958,0.26334694,True
2025-11-13 18:30:00+00:00,BHARTIARTL.NS,2074.5908203125,UP,3,2,1,UP,STAY,0.26068848,0.4625709,0.27674058,False
2025-11-13 18:30:00+00:00,ICICIBANK.NS,1361.521728515625,STAY,3,1,1,STAY,STAY,0.2091867,0.48205283,0.3087605,True
2025-11-13 18:30:00+00:00,HDFCBANK.NS,973.4988403320312,UP,3,2,1,UP,STAY,0.21030165,0.42877564,0.36092272,False
2025-11-13 18:30:00+00:00,ITC.NS,389.1694641113281,STAY,3,1,1,STAY,STAY,0.23531309,0.47545207,0.28923485,True
2025-11-16 18:30:00+00:00,SBIN.NS,956.1159057617188,STAY,3,1,0,STAY,DOWN,0.40264216,0.34842297,0.24893491,False
2025-11-16 18:30:00+00:00,INFY.NS,1475.66748046875,DOWN,3,0,0,DOWN,DOWN,0.41984907,0.2837371,0.2964139,True
2025-11-16 18:30:00+00:00,TCS.NS,2989.660888671875,STAY,3,1,1,STAY,STAY,0.29163343,0.40517586,0.30319068,True
2025-11-16 18:30:00+00:00,BHARTIARTL.NS,2085.94775390625,UP,3,2,1,UP,STAY,0.29053798,0.42727914,0.28218293,False
2025-11-16 18:30:00+00:00,ICICIBANK.NS,1367.4715576171875,STAY,3,1,1,STAY,STAY,0.25723705,0.44638884,0.29637414,True
2025-11-16 18:30:00+00:00,RELIANCE.NS,1511.3123779296875,STAY,3,1,1,STAY,STAY,0.26851565,0.44615015,0.28533423,True
2025-11-16 18:30:00+00:00,ITC.NS,388.1683044433594,STAY,3,1,1,STAY,STAY,0.24046333,0.51086986,0.24866678,True
2025-11-16 18:30:00+00:00,HDFCBANK.NS,980.3357543945312,STAY,3,1,1,STAY,STAY,0.2292424,0.4602159,0.31054172,True
2025-11-16 18:30:00+00:00,LT.NS,3988.740478515625,DOWN,3,0,1,DOWN,STAY,0.36110824,0.37632263,0.26256907,False
2025-11-16 18:30:00+00:00,TMPV.NS,369.6337890625,STAY,3,1,2,STAY,UP,0.12899499,0.20037806,0.67062694,False
2025-11-17 18:30:00+00:00,ICICIBANK.NS,1361.9183349609375,UP,3,2,1,UP,STAY,0.29060325,0.43654126,0.27285546,False
2025-11-17 18:30:00+00:00,LT.NS,3960.912353515625,UP,3,2,0,UP,DOWN,0.39236125,0.33529016,0.27234858,False
2025-11-17 18:30:00+00:00,INFY.NS,1454.91650390625,UP,3,2,0,UP,DOWN,0.34728852,0.31620038,0.3365111,False
2025-11-17 18:30:00+00:00,RELIANCE.NS,1512.4072265625,STAY,3,1,1,STAY,STAY,0.26044023,0.4212291,0.31833065,True
2025-11-17 18:30:00+00:00,HDFCBANK.NS,976.302490234375,STAY,3,1,1,STAY,STAY,0.26992434,0.4308191,0.29925653,True
2025-11-17 18:30:00+00:00,ITC.NS,386.9764404296875,DOWN,3,0,1,DOWN,STAY,0.24546061,0.40923902,0.3453003,False
2025-11-17 18:30:00+00:00,SBIN.NS,955.2318725585938,UP,3,2,0,UP,DOWN,0.42578015,0.3189017,0.2553181,False
2025-11-17 18:30:00+00:00,TMPV.NS,368.2452697753906,DOWN,3,0,2,DOWN,UP,0.29590875,0.13220038,0.5718909,False
2025-11-17 18:30:00+00:00,BHARTIARTL.NS,2122.488037109375,STAY,3,1,1,STAY,STAY,0.20571326,0.44428542,0.35000134,True
2025-11-17 18:30:00+00:00,TCS.NS,2975.10888671875,UP,3,2,1,UP,STAY,0.28647748,0.3790821,0.33444035,False
2025-11-18 18:30:00+00:00,RELIANCE.NS,1511.9095458984375,UP,3,2,1,UP,STAY,0.22574694,0.4653587,0.3088943,False
2025-11-18 18:30:00+00:00,TMPV.NS,357.8812866210937,STAY,3,1,2,STAY,UP,0.20598288,0.19431396,0.59970313,False
2025-11-18 18:30:00+00:00,BHARTIARTL.NS,2132.956298828125,STAY,3,1,1,STAY,STAY,0.26781857,0.40378004,0.32840145,True
2025-11-18 18:30:00+00:00,HDFCBANK.NS,978.41748046875,UP,3,2,1,UP,STAY,0.2693448,0.38268405,0.34797117,False
2025-11-18 18:30:00+00:00,ITC.NS,384.7833862304688,STAY,3,1,1,STAY,STAY,0.22358973,0.45372674,0.32268354,True
2025-11-18 18:30:00+00:00,LT.NS,3980.718994140625,STAY,3,1,1,STAY,STAY,0.29294848,0.35746908,0.3495824,True
2025-11-18 18:30:00+00:00,INFY.NS,1508.4578857421875,STAY,3,1,2,STAY,UP,0.22380139,0.37676838,0.39943022,False
2025-11-18 18:30:00+00:00,ICICIBANK.NS,1371.5372314453125,STAY,3,1,1,STAY,STAY,0.23675713,0.48740056,0.27584237,True
2025-11-18 18:30:00+00:00,SBIN.NS,965.3494873046876,STAY,3,1,0,STAY,DOWN,0.3815391,0.3699455,0.24851538,False
2025-11-18 18:30:00+00:00,TCS.NS,3033.510009765625,STAY,3,1,2,STAY,UP,0.28192943,0.358971,0.35909957,False
2025-11-19 18:30:00+00:00,SBIN.NS,964.1707153320312,DOWN,3,0,0,DOWN,DOWN,0.39736143,0.36495498,0.23768356,True
2025-11-19 18:30:00+00:00,LT.NS,3998.3466796875,STAY,3,1,0,STAY,DOWN,0.396153,0.3433779,0.26046914,False
2025-11-19 18:30:00+00:00,ICICIBANK.NS,1371.4381103515625,DOWN,3,0,1,DOWN,STAY,0.2739056,0.44914812,0.2769463,False
2025-11-19 18:30:00+00:00,TCS.NS,3030.715576171875,STAY,3,1,1,STAY,STAY,0.26686049,0.4600756,0.27306393,True
2025-11-19 18:30:00+00:00,INFY.NS,1503.955322265625,UP,3,2,1,UP,STAY,0.27290952,0.37237707,0.3547134,False
2025-11-19 18:30:00+00:00,HDFCBANK.NS,992.4356689453124,DOWN,3,0,1,DOWN,STAY,0.18913446,0.5349448,0.27592075,False
2025-11-19 18:30:00+00:00,RELIANCE.NS,1541.9705810546875,STAY,3,1,2,STAY,UP,0.27098867,0.34307384,0.3859375,False
2025-11-19 18:30:00+00:00,BHARTIARTL.NS,2131.474853515625,STAY,3,1,0,STAY,DOWN,0.40234897,0.3650948,0.23255624,False
2025-11-19 18:30:00+00:00,ITC.NS,386.5950317382813,UP,3,2,1,UP,STAY,0.29362655,0.38872996,0.3176435,False
2025-11-19 18:30:00+00:00,TMPV.NS,356.83990478515625,UP,3,2,2,UP,UP,0.20425667,0.2388512,0.5568921,True
2025-11-20 18:30:00+00:00,TCS.NS,3036.30517578125,STAY,3,1,1,STAY,STAY,0.2695409,0.38955814,0.340901,True
2025-11-20 18:30:00+00:00,RELIANCE.NS,1539.4820556640625,DOWN,3,0,1,DOWN,STAY,0.25476408,0.40612242,0.3391135,False
2025-11-20 18:30:00+00:00,ICICIBANK.NS,1358.0509033203125,STAY,3,1,1,STAY,STAY,0.30833125,0.35742614,0.3342426,True
2025-11-20 18:30:00+00:00,INFY.NS,1512.2752685546875,STAY,3,1,1,STAY,STAY,0.2762544,0.37138513,0.3523605,True
2025-11-20 18:30:00+00:00,TMPV.NS,359.2697448730469,DOWN,3,0,2,DOWN,UP,0.16018915,0.226756,0.6130549,False
2025-11-20 18:30:00+00:00,LT.NS,3985.967529296875,STAY,3,1,0,STAY,DOWN,0.44896045,0.33818185,0.21285768,False
2025-11-20 18:30:00+00:00,SBIN.NS,955.3792114257812,STAY,3,1,1,STAY,STAY,0.31438985,0.3908948,0.29471532,True
2025-11-20 18:30:00+00:00,HDFCBANK.NS,981.8114013671876,STAY,3,1,1,STAY,STAY,0.25002164,0.4654055,0.28457284,True
2025-11-20 18:30:00+00:00,BHARTIARTL.NS,2135.820068359375,STAY,3,1,1,STAY,STAY,0.3737072,0.38029015,0.24600261,True
2025-11-20 18:30:00+00:00,ITC.NS,388.8834228515625,DOWN,3,0,1,DOWN,STAY,0.31853262,0.3755874,0.30587992,False
2025-11-23 18:30:00+00:00,TCS.NS,3027.24609375,DOWN,3,0,1,DOWN,STAY,0.2888897,0.3614103,0.3497,False
2025-11-23 18:30:00+00:00,INFY.NS,1515.2117919921875,DOWN,3,0,1,DOWN,STAY,0.31879285,0.35845044,0.32275665,False
2025-11-23 18:30:00+00:00,ICICIBANK.NS,1356.960205078125,DOWN,3,0,1,DOWN,STAY,0.26954788,0.42404315,0.30640897,False
2025-11-23 18:30:00+00:00,ITC.NS,384.7833862304688,DOWN,3,0,1,DOWN,STAY,0.29015228,0.43399313,0.27585456,False
2025-11-23 18:30:00+00:00,RELIANCE.NS,1528.831298828125,STAY,3,1,1,STAY,STAY,0.24480666,0.4459505,0.30924287,True
2025-11-23 18:30:00+00:00,BHARTIARTL.NS,2125.35205078125,STAY,3,1,1,STAY,STAY,0.2720364,0.43512917,0.29283446,True
2025-11-23 18:30:00+00:00,LT.NS,3974.47998046875,STAY,3,1,0,STAY,DOWN,0.49669087,0.30129242,0.20201671,False
2025-11-23 18:30:00+00:00,TMPV.NS,355.35223388671875,DOWN,3,0,2,DOWN,UP,0.16830035,0.38584957,0.4458501,False
2025-11-23 18:30:00+00:00,SBIN.NS,953.4146118164062,UP,3,2,2,UP,UP,0.31204915,0.31730896,0.3706419,True
2025-11-23 18:30:00+00:00,HDFCBANK.NS,982.8934936523438,DOWN,3,0,1,DOWN,STAY,0.2369125,0.4247276,0.33835992,False
2025-11-24 18:30:00+00:00,RELIANCE.NS,1532.61376953125,UP,3,2,1,UP,STAY,0.33142722,0.3601185,0.30845422,False
2025-11-24 18:30:00+00:00,TCS.NS,3006.044189453125,UP,3,2,1,UP,STAY,0.25867367,0.45413107,0.28719527,False
2025-11-24 18:30:00+00:00,ITC.NS,382.1612548828125,STAY,3,1,1,STAY,STAY,0.2553992,0.4110478,0.33355302,True
2025-11-24 18:30:00+00:00,SBIN.NS,966.1844482421876,STAY,3,1,1,STAY,STAY,0.3129817,0.3768968,0.31012154,True
2025-11-24 18:30:00+00:00,LT.NS,3958.040283203125,UP,3,2,0,UP,DOWN,0.47980225,0.2902982,0.22989963,False
2025-11-24 18:30:00+00:00,HDFCBANK.NS,973.6956176757812,UP,3,2,1,UP,STAY,0.26043817,0.4343916,0.30517024,False
2025-11-24 18:30:00+00:00,TMPV.NS,349.5503845214844,UP,3,2,2,UP,UP,0.15029022,0.29983202,0.54987776,True
2025-11-24 18:30:00+00:00,INFY.NS,1498.1802978515625,UP,3,2,1,UP,STAY,0.33280385,0.378762,0.28843415,False
2025-11-24 18:30:00+00:00,BHARTIARTL.NS,2134.73388671875,DOWN,3,0,1,DOWN,STAY,0.29244798,0.42535043,0.28220162,False
2025-11-24 18:30:00+00:00,ICICIBANK.NS,1346.4488525390625,UP,3,2,1,UP,STAY,0.28929695,0.4286492,0.28205386,False
2025-11-25 18:30:00+00:00,LT.NS,4022.708740234375,STAY,3,1,1,STAY,STAY,0.35629496,0.40261748,0.2410875,True
2025-11-25 18:30:00+00:00,ITC.NS,383.5915222167969,STAY,3,1,1,STAY,STAY,0.2440936,0.42357966,0.33232677,True
2025-11-25 18:30:00+00:00,HDFCBANK.NS,987.5662231445312,UP,3,2,1,UP,STAY,0.22837812,0.4386036,0.3330183,False
2025-11-25 18:30:00+00:00,RELIANCE.NS,1562.6748046875,STAY,3,1,1,STAY,STAY,0.25994048,0.43039593,0.30966356,True
2025-11-25 18:30:00+00:00,INFY.NS,1524.902099609375,UP,3,2,1,UP,STAY,0.3569458,0.36346784,0.27958634,False
2025-11-25 18:30:00+00:00,ICICIBANK.NS,1363.5050048828125,UP,3,2,1,UP,STAY,0.25736412,0.4555573,0.2870786,False
2025-11-25 18:30:00+00:00,SBIN.NS,966.4791870117188,DOWN,3,0,0,DOWN,DOWN,0.3477077,0.31645298,0.33583936,True
2025-11-25 18:30:00+00:00,TCS.NS,3048.158935546875,DOWN,3,0,1,DOWN,STAY,0.28524452,0.43114293,0.2836125,False
2025-11-25 18:30:00+00:00,TMPV.NS,356.29443359375,STAY,3,1,2,STAY,UP,0.18214384,0.28281152,0.5350446,False
2025-11-25 18:30:00+00:00,BHARTIARTL.NS,2100.366455078125,DOWN,3,0,2,DOWN,UP,0.27228266,0.35607293,0.37164444,False
2025-11-26 18:30:00+00:00,LT.NS,4041.822021484375,STAY,3,1,0,STAY,DOWN,0.41335168,0.3509527,0.23569559,False
2025-11-26 18:30:00+00:00,SBIN.NS,955.624755859375,UP,3,2,0,UP,DOWN,0.33880574,0.32807133,0.33312297,False
2025-11-26 18:30:00+00:00,TMPV.NS,354.8563537597656,STAY,3,1,2,STAY,UP,0.23411614,0.22269194,0.5431919,False
2025-11-26 18:30:00+00:00,HDFCBANK.NS,993.0750732421876,STAY,3,1,1,STAY,STAY,0.23022364,0.43579122,0.33398515,True
2025-11-26 18:30:00+00:00,INFY.NS,1533.2220458984375,STAY,3,1,1,STAY,STAY,0.32112947,0.38536814,0.29350236,True
2025-11-26 18:30:00+00:00,BHARTIARTL.NS,2089.3056640625,DOWN,3,0,1,DOWN,STAY,0.24632168,0.5223095,0.23136885,False
2025-11-26 18:30:00+00:00,TCS.NS,3022.81298828125,STAY,3,1,1,STAY,STAY,0.27856106,0.40376714,0.3176718,True
2025-11-26 18:30:00+00:00,RELIANCE.NS,1556.2047119140625,STAY,3,1,1,STAY,STAY,0.26941392,0.45636955,0.27421656,True
2025-11-26 18:30:00+00:00,ITC.NS,385.4985046386719,STAY,3,1,1,STAY,STAY,0.32960373,0.33946732,0.33092895,True
2025-11-26 18:30:00+00:00,ICICIBANK.NS,1380.5611572265625,STAY,3,1,2,STAY,UP,0.19206163,0.39859575,0.4093426,False
2025-11-27 18:30:00+00:00,BHARTIARTL.NS,2075.479736328125,DOWN,3,0,1,DOWN,STAY,0.27705452,0.41613328,0.30681223,False
2025-11-27 18:30:00+00:00,TCS.NS,3023.68017578125,STAY,3,1,1,STAY,STAY,0.2671178,0.39679837,0.3360839,True
2025-11-27 18:30:00+00:00,ITC.NS,385.4508361816406,STAY,3,1,1,STAY,STAY,0.29724,0.41213867,0.2906213,True
2025-11-27 18:30:00+00:00,TMPV.NS,353.86456298828125,UP,3,2,2,UP,UP,0.18301855,0.2643928,0.5525887,True
2025-11-27 18:30:00+00:00,ICICIBANK.NS,1377.189697265625,STAY,3,1,1,STAY,STAY,0.24444455,0.448832,0.30672342,True
2025-11-27 18:30:00+00:00,HDFCBANK.NS,991.2059936523438,DOWN,3,0,1,DOWN,STAY,0.23540507,0.4578354,0.30675954,False
2025-11-27 18:30:00+00:00,RELIANCE.NS,1560.285888671875,STAY,3,1,1,STAY,STAY,0.3369283,0.4453349,0.21773677,True
2025-11-27 18:30:00+00:00,LT.NS,4030.2353515625,STAY,3,1,0,STAY,DOWN,0.423095,0.3484687,0.22843628,False
2025-11-27 18:30:00+00:00,SBIN.NS,961.6658935546876,DOWN,3,0,2,DOWN,UP,0.33482966,0.26828417,0.3968862,False
2025-11-27 18:30:00+00:00,INFY.NS,1527.055419921875,STAY,3,1,1,STAY,STAY,0.25751573,0.39064378,0.35184047,True
2025-11-30 18:30:00+00:00,ITC.NS,385.4508361816406,DOWN,3,0,2,DOWN,UP,0.2830709,0.33625618,0.3806729,False
2025-11-30 18:30:00+00:00,HDFCBANK.NS,985.7954711914062,DOWN,3,0,1,DOWN,STAY,0.24898158,0.47494888,0.2760695,False
2025-11-30 18:30:00+00:00,RELIANCE.NS,1558.892333984375,DOWN,3,0,1,DOWN,STAY,0.33800727,0.41111216,0.25088057,False
2025-11-30 18:30:00+00:00,INFY.NS,1530.872802734375,STAY,3,1,1,STAY,STAY,0.31468377,0.38061917,0.30469707,True
2025-11-30 18:30:00+00:00,LT.NS,4033.80029296875,DOWN,3,0,0,DOWN,DOWN,0.510929,0.28868365,0.20038734,True
2025-11-30 18:30:00+00:00,TMPV.NS,360.8069763183594,DOWN,3,0,2,DOWN,UP,0.27203494,0.26267168,0.46529335,False
2025-11-30 18:30:00+00:00,BHARTIARTL.NS,2063.7275390625,UP,3,2,1,UP,STAY,0.28805912,0.4055866,0.30635434,False
2025-11-30 18:30:00+00:00,TCS.NS,3019.72900390625,STAY,3,1,1,STAY,STAY,0.33763695,0.36426812,0.29809496,True
2025-11-30 18:30:00+00:00,SBIN.NS,955.870361328125,DOWN,3,0,0,DOWN,DOWN,0.3831721,0.31277847,0.3040494,True
2025-11-30 18:30:00+00:00,ICICIBANK.NS,1378.478759765625,DOWN,3,0,1,DOWN,STAY,0.2943982,0.417631,0.28797084,False
2025-12-01 18:30:00+00:00,ITC.NS,382.3043212890625,STAY,3,1,2,STAY,UP,0.23293294,0.37006953,0.39699757,False
2025-12-01 18:30:00+00:00,ICICIBANK.NS,1361.521728515625,UP,3,2,1,UP,STAY,0.2505893,0.4246373,0.3247734,False
2025-12-01 18:30:00+00:00,TMPV.NS,358.7738647460937,DOWN,3,0,2,DOWN,UP,0.2557704,0.18120238,0.5630272,False
2025-12-01 18:30:00+00:00,TCS.NS,3021.945556640625,UP,3,2,1,UP,STAY,0.28293052,0.36673892,0.35033053,False
2025-12-01 18:30:00+00:00,SBIN.NS,950.1730346679688,DOWN,3,0,1,DOWN,STAY,0.29091087,0.3718831,0.33720607,False
2025-12-01 18:30:00+00:00,BHARTIARTL.NS,2077.849853515625,DOWN,3,0,1,DOWN,STAY,0.30546528,0.4166691,0.27786562,False
2025-12-01 18:30:00+00:00,INFY.NS,1527.9364013671875,UP,3,2,1,UP,STAY,0.34629104,0.35267827,0.30103073,False
2025-12-01 18:30:00+00:00,HDFCBANK.NS,973.6956176757812,UP,3,2,1,UP,STAY,0.27522355,0.3983157,0.32646078,False
2025-12-01 18:30:00+00:00,LT.NS,3991.513427734375,DOWN,3,0,0,DOWN,DOWN,0.4248507,0.317985,0.25716433,True
2025-12-01 18:30:00+00:00,RELIANCE.NS,1539.1834716796875,STAY,3,1,1,STAY,STAY,0.31011263,0.40335575,0.2865316,True
2025-12-02 18:30:00+00:00,LT.NS,3949.424560546875,STAY,3,1,0,STAY,DOWN,0.36090884,0.35454056,0.2845506,False
2025-12-02 18:30:00+00:00,INFY.NS,1545.261474609375,UP,3,2,1,UP,STAY,0.26110837,0.42734692,0.31154466,False
2025-12-02 18:30:00+00:00,RELIANCE.NS,1531.718017578125,STAY,3,1,1,STAY,STAY,0.256046,0.4606669,0.28328708,True
2025-12-02 18:30:00+00:00,TCS.NS,3064.638427734375,UP,3,2,2,UP,UP,0.28268328,0.31554648,0.40177026,True
2025-12-02 18:30:00+00:00,BHARTIARTL.NS,2060.073486328125,UP,3,2,1,UP,STAY,0.2659681,0.4361611,0.29787078,False
2025-12-02 18:30:00+00:00,ITC.NS,381.875244140625,UP,3,2,2,UP,UP,0.2780599,0.35931918,0.36262098,True
2025-12-02 18:30:00+00:00,HDFCBANK.NS,984.2214965820312,STAY,3,1,1,STAY,STAY,0.18612833,0.47135717,0.34251446,True
2025-12-02 18:30:00+00:00,TMPV.NS,353.9141845703125,STAY,3,1,2,STAY,UP,0.19574058,0.24616508,0.5580943,False
2025-12-02 18:30:00+00:00,SBIN.NS,934.2107543945312,STAY,3,1,2,STAY,UP,0.35364163,0.28591958,0.36043882,False
2025-12-02 18:30:00+00:00,ICICIBANK.NS,1379.8670654296875,STAY,3,1,1,STAY,STAY,0.22978327,0.4748425,0.29537427,True
2025-12-03 18:30:00+00:00,SBIN.NS,931.31298828125,UP,3,2,0,UP,DOWN,0.381934,0.27977902,0.33828697,False
2025-12-03 18:30:00+00:00,ICICIBANK.NS,1375.1070556640625,STAY,3,1,1,STAY,STAY,0.27229688,0.43868926,0.28901383,True
2025-12-03 18:30:00+00:00,RELIANCE.NS,1528.53271484375,STAY,3,1,0,STAY,DOWN,0.3538114,0.32440424,0.32178435,False
2025-12-03 18:30:00+00:00,TMPV.NS,353.5174865722656,DOWN,3,0,2,DOWN,UP,0.30605084,0.20127802,0.49267107,False
2025-12-03 18:30:00+00:00,BHARTIARTL.NS,2077.65234375,STAY,3,1,1,STAY,STAY,0.28419816,0.4184997,0.2973021,True
2025-12-03 18:30:00+00:00,LT.NS,3945.067138671875,UP,3,2,0,UP,DOWN,0.39573932,0.3553212,0.24893947,False
2025-12-03 18:30:00+00:00,ITC.NS,384.3066101074219,STAY,3,1,2,STAY,UP,0.3100499,0.34477535,0.34517482,False
2025-12-03 18:30:00+00:00,HDFCBANK.NS,980.9752197265624,UP,3,2,1,UP,STAY,0.28393602,0.39746022,0.31860372,False
2025-12-03 18:30:00+00:00,INFY.NS,1563.7611083984375,UP,3,2,1,UP,STAY,0.2649052,0.40020895,0.33488578,False
2025-12-03 18:30:00+00:00,TCS.NS,3112.053466796875,STAY,3,1,1,STAY,STAY,0.25118038,0.411591,0.33722863,True
2025-12-04 18:30:00+00:00,SBIN.NS,954.2987060546876,DOWN,3,0,1,DOWN,STAY,0.29175973,0.3863328,0.32190746,False
2025-12-04 18:30:00+00:00,ITC.NS,386.1182861328125,DOWN,3,0,2,DOWN,UP,0.2186202,0.34057266,0.44080713,False
2025-12-04 18:30:00+00:00,ICICIBANK.NS,1380.858642578125,STAY,3,1,1,STAY,STAY,0.26192725,0.4026096,0.33546314,True
2025-12-04 18:30:00+00:00,LT.NS,3999.138916015625,DOWN,3,0,0,DOWN,DOWN,0.41904843,0.27946493,0.30148664,True
2025-12-04 18:30:00+00:00,INFY.NS,1581.9671630859375,STAY,3,1,1,STAY,STAY,0.29814824,0.40013117,0.30172062,True
2025-12-04 18:30:00+00:00,TCS.NS,3120.72705078125,STAY,3,1,1,STAY,STAY,0.29117045,0.3975,0.3113295,True
2025-12-04 18:30:00+00:00,BHARTIARTL.NS,2082.590087890625,DOWN,3,0,1,DOWN,STAY,0.25894675,0.43852606,0.3025272,False
2025-12-04 18:30:00+00:00,HDFCBANK.NS,986.9759521484376,STAY,3,1,1,STAY,STAY,0.27234688,0.4475303,0.2801228,True
2025-12-04 18:30:00+00:00,TMPV.NS,350.69091796875,DOWN,3,0,2,DOWN,UP,0.25911734,0.2355461,0.5053365,False
2025-12-04 18:30:00+00:00,RELIANCE.NS,1533.5096435546875,STAY,3,1,1,STAY,STAY,0.33227637,0.35445043,0.31327322,True
2025-12-07 18:30:00+00:00,ITC.NS,383.5915222167969,STAY,3,1,1,STAY,STAY,0.260863,0.3889786,0.35015842,True
2025-12-07 18:30:00+00:00,LT.NS,3958.040283203125,STAY,3,1,1,STAY,STAY,0.37355596,0.38020173,0.24624227,True
2025-12-07 18:30:00+00:00,INFY.NS,1576.681640625,DOWN,3,0,1,DOWN,STAY,0.28808093,0.3772184,0.33470073,False
2025-12-07 18:30:00+00:00,RELIANCE.NS,1535.898681640625,DOWN,3,0,1,DOWN,STAY,0.33513206,0.3571561,0.30771184,False
2025-12-07 18:30:00+00:00,TMPV.NS,345.4345092773437,DOWN,3,0,2,DOWN,UP,0.1785949,0.2796131,0.54179204,False
2025-12-07 18:30:00+00:00,HDFCBANK.NS,986.7791748046876,DOWN,3,0,1,DOWN,STAY,0.29456103,0.44077826,0.26466072,False
2025-12-07 18:30:00+00:00,BHARTIARTL.NS,2060.27099609375,STAY,3,1,1,STAY,STAY,0.24868882,0.4630276,0.2882836,True
2025-12-07 18:30:00+00:00,ICICIBANK.NS,1377.98291015625,DOWN,3,0,1,DOWN,STAY,0.28664538,0.41169846,0.30165613,False
2025-12-07 18:30:00+00:00,TCS.NS,3119.088623046875,DOWN,3,0,1,DOWN,STAY,0.25412536,0.45161614,0.2942585,False
2025-12-07 18:30:00+00:00,SBIN.NS,939.466064453125,STAY,3,1,1,STAY,STAY,0.3437009,0.35860354,0.29769555,True
2025-12-08 18:30:00+00:00,TCS.NS,3091.912109375,DOWN,3,0,1,DOWN,STAY,0.2838985,0.3855855,0.33051604,False
2025-12-08 18:30:00+00:00,BHARTIARTL.NS,2063.7275390625,DOWN,3,0,1,DOWN,STAY,0.29537016,0.460992,0.24363783,False
2025-12-08 18:30:00+00:00,TMPV.NS,341.8641357421875,STAY,3,1,2,STAY,UP,0.3030752,0.253942,0.44298273,False
2025-12-08 18:30:00+00:00,RELIANCE.NS,1522.3612060546875,STAY,3,1,1,STAY,STAY,0.30348402,0.405124,0.29139194,True
2025-12-08 18:30:00+00:00,LT.NS,3958.832763671875,STAY,3,1,2,STAY,UP,0.34952486,0.29741022,0.3530649,False
2025-12-08 18:30:00+00:00,HDFCBANK.NS,980.8768310546876,DOWN,3,0,1,DOWN,STAY,0.27814233,0.44719982,0.27465785,False
2025-12-08 18:30:00+00:00,INFY.NS,1565.1314697265625,DOWN,3,0,1,DOWN,STAY,0.29372883,0.36886448,0.33740667,False
2025-12-08 18:30:00+00:00,ICICIBANK.NS,1363.7032470703125,DOWN,3,0,1,DOWN,STAY,0.30776834,0.38697988,0.30525172,False
2025-12-08 18:30:00+00:00,SBIN.NS,942.3638305664062,STAY,3,1,1,STAY,STAY,0.29478243,0.37789702,0.32732055,True
2025-12-08 18:30:00+00:00,ITC.NS,382.399658203125,UP,3,2,1,UP,STAY,0.31252947,0.34669197,0.34077853,False
2025-12-09 18:30:00+00:00,TCS.NS,3073.5048828125,STAY,3,1,1,STAY,STAY,0.24204367,0.44649896,0.3114574,True
2025-12-09 18:30:00+00:00,HDFCBANK.NS,973.6956176757812,UP,3,2,1,UP,STAY,0.21807283,0.42051136,0.36141577,False
2025-12-09 18:30:00+00:00,ITC.NS,384.4019775390625,STAY,3,1,1,STAY,STAY,0.26560146,0.36917228,0.36522624,True
2025-12-09 18:30:00+00:00,TMPV.NS,340.5748291015625,UP,3,2,2,UP,UP,0.30733553,0.2337647,0.45889977,True
2025-12-09 18:30:00+00:00,BHARTIARTL.NS,2041.3095703125,DOWN,3,0,1,DOWN,STAY,0.23299372,0.4115166,0.35548964,False
2025-12-09 18:30:00+00:00,SBIN.NS,942.7567749023438,STAY,3,1,1,STAY,STAY,0.33951217,0.36727205,0.29321578,True
2025-12-09 18:30:00+00:00,LT.NS,3952.692626953125,STAY,3,1,0,STAY,DOWN,0.39059165,0.35240057,0.25700775,False
2025-12-09 18:30:00+00:00,RELIANCE.NS,1529.8267822265625,UP,3,2,1,UP,STAY,0.35093537,0.36075166,0.28831297,False
2025-12-09 18:30:00+00:00,INFY.NS,1551.2322998046875,UP,3,2,1,UP,STAY,0.2799756,0.39825463,0.3217698,False
2025-12-09 18:30:00+00:00,ICICIBANK.NS,1352.2001953125,STAY,3,1,1,STAY,STAY,0.2830321,0.40655813,0.3104098,True
2025-12-10 18:30:00+00:00,BHARTIARTL.NS,2027.68115234375,UP,3,2,1,UP,STAY,0.23268306,0.44532716,0.3219898,False
2025-12-10 18:30:00+00:00,ICICIBANK.NS,1348.63037109375,STAY,3,1,1,STAY,STAY,0.24419546,0.45638385,0.29942068,True
2025-12-10 18:30:00+00:00,LT.NS,3965.170654296875,UP,3,2,0,UP,DOWN,0.47139147,0.3551145,0.17349401,False
2025-12-10 18:30:00+00:00,TMPV.NS,343.798095703125,STAY,3,1,2,STAY,UP,0.29250687,0.27895066,0.42854246,False
2025-12-10 18:30:00+00:00,ITC.NS,384.1636047363281,DOWN,3,0,1,DOWN,STAY,0.32830277,0.36089802,0.31079918,False
2025-12-10 18:30:00+00:00,RELIANCE.NS,1537.889404296875,UP,3,2,1,UP,STAY,0.25796005,0.4049846,0.33705533,False
2025-12-10 18:30:00+00:00,INFY.NS,1564.1527099609375,STAY,3,1,1,STAY,STAY,0.3253208,0.40000832,0.27467084,True
2025-12-10 18:30:00+00:00,HDFCBANK.NS,984.0247802734376,STAY,3,1,1,STAY,STAY,0.21540548,0.5249435,0.25965106,True
2025-12-10 18:30:00+00:00,SBIN.NS,946.1947631835938,STAY,3,1,1,STAY,STAY,0.3164173,0.36491707,0.3186656,True
2025-12-10 18:30:00+00:00,TCS.NS,3076.10693359375,UP,3,2,1,UP,STAY,0.29054603,0.38164255,0.32781142,False
2025-12-11 18:30:00+00:00,ITC.NS,381.4938354492188,UP,3,2,2,UP,UP,0.268451,0.3645834,0.36696556,True
2025-12-11 18:30:00+00:00,SBIN.NS,946.0965576171876,STAY,3,1,1,STAY,STAY,0.32236907,0.39422485,0.28340614,True
2025-12-11 18:30:00+00:00,BHARTIARTL.NS,2057.505615234375,DOWN,3,0,1,DOWN,STAY,0.2708272,0.38943517,0.33973765,False
2025-12-11 18:30:00+00:00,LT.NS,4034.69189453125,STAY,3,1,1,STAY,STAY,0.3073642,0.38713703,0.30549878,True
2025-12-11 18:30:00+00:00,TCS.NS,3103.669189453125,STAY,3,1,1,STAY,STAY,0.25183922,0.39141214,0.35674867,True
2025-12-11 18:30:00+00:00,HDFCBANK.NS,985.2052612304688,DOWN,3,0,1,DOWN,STAY,0.25019726,0.47877657,0.2710262,False
2025-12-11 18:30:00+00:00,TMPV.NS,344.5915222167969,STAY,3,1,2,STAY,UP,0.35500637,0.19952312,0.44547045,False
2025-12-11 18:30:00+00:00,ICICIBANK.NS,1354.5802001953125,STAY,3,1,2,STAY,UP,0.21586664,0.37748247,0.40665087,False
2025-12-11 18:30:00+00:00,RELIANCE.NS,1549.3365478515625,STAY,3,1,1,STAY,STAY,0.2902133,0.46094465,0.248842,True
2025-12-11 18:30:00+00:00,INFY.NS,1564.348388671875,UP,3,2,1,UP,STAY,0.3042951,0.40192834,0.29377654,False
2025-12-14 18:30:00+00:00,SBIN.NS,950.1239624023438,DOWN,3,0,1,DOWN,STAY,0.2675757,0.40094882,0.33147544,False
2025-12-14 18:30:00+00:00,ICICIBANK.NS,1353.786865234375,STAY,3,1,1,STAY,STAY,0.24957281,0.40193608,0.3484911,True
2025-12-14 18:30:00+00:00,RELIANCE.NS,1549.037841796875,DOWN,3,0,1,DOWN,STAY,0.30690902,0.42878062,0.26431036,False
2025-12-14 18:30:00+00:00,LT.NS,4052.7158203125,DOWN,3,0,1,DOWN,STAY,0.31580958,0.42860818,0.2555822,False
2025-12-14 18:30:00+00:00,INFY.NS,1572.766357421875,DOWN,3,0,1,DOWN,STAY,0.31380403,0.38243902,0.30375692,False
2025-12-14 18:30:00+00:00,ITC.NS,383.5915222167969,STAY,3,1,2,STAY,UP,0.2589315,0.34493816,0.39613038,False
2025-12-14 18:30:00+00:00,BHARTIARTL.NS,2043.97607421875,UP,3,2,1,UP,STAY,0.2765644,0.45554194,0.26789364,False
2025-12-14 18:30:00+00:00,TMPV.NS,344.2939758300781,STAY,3,1,2,STAY,UP,0.28516325,0.17527525,0.5395615,False
2025-12-14 18:30:00+00:00,HDFCBANK.NS,979.89306640625,STAY,3,1,1,STAY,STAY,0.23499034,0.47404203,0.2909676,True
2025-12-14 18:30:00+00:00,TCS.NS,3113.017333984375,DOWN,3,0,1,DOWN,STAY,0.2921175,0.4161574,0.29172504,False
2025-12-15 18:30:00+00:00,LT.NS,4024.491455078125,STAY,3,1,1,STAY,STAY,0.32352656,0.42183635,0.25463706,True
2025-12-15 18:30:00+00:00,TMPV.NS,342.60797119140625,STAY,3,1,2,STAY,UP,0.30688038,0.19303131,0.5000883,False
2025-12-15 18:30:00+00:00,ITC.NS,383.0194091796875,STAY,3,1,2,STAY,UP,0.31630236,0.29366788,0.3900298,False
2025-12-15 18:30:00+00:00,INFY.NS,1559.1607666015625,UP,3,2,1,UP,STAY,0.33366945,0.40183666,0.26449388,False
2025-12-15 18:30:00+00:00,TCS.NS,3088.828125,STAY,3,1,1,STAY,STAY,0.33380994,0.362562,0.3036281,True
2025-12-15 18:30:00+00:00,BHARTIARTL.NS,2075.87451171875,STAY,3,1,1,STAY,STAY,0.2516439,0.46264362,0.28571254,True
2025-12-15 18:30:00+00:00,RELIANCE.NS,1535.201904296875,STAY,3,1,1,STAY,STAY,0.26818535,0.4216064,0.3102083,True
2025-12-15 18:30:00+00:00,ICICIBANK.NS,1354.5802001953125,DOWN,3,0,1,DOWN,STAY,0.2663748,0.37212178,0.36150342,False
2025-12-15 18:30:00+00:00,SBIN.NS,944.1319580078124,UP,3,2,1,UP,STAY,0.26840937,0.41345856,0.318132,False
2025-12-15 18:30:00+00:00,HDFCBANK.NS,978.1223754882812,DOWN,3,0,1,DOWN,STAY,0.23533972,0.41884196,0.34581834,False
2025-12-16 18:30:00+00:00,TMPV.NS,343.5005798339844,STAY,3,1,2,STAY,UP,0.30323273,0.1951121,0.50165516,False
2025-12-16 18:30:00+00:00,TCS.NS,3101.067138671875,UP,3,2,2,UP,UP,0.32746363,0.28683552,0.38570085,True
2025-12-16 18:30:00+00:00,RELIANCE.NS,1537.292236328125,STAY,3,1,1,STAY,STAY,0.2558561,0.4385219,0.30562207,True
2025-12-16 18:30:00+00:00,BHARTIARTL.NS,2081.800048828125,DOWN,3,0,1,DOWN,STAY,0.3471038,0.38649535,0.26640084,False
2025-12-16 18:30:00+00:00,ICICIBANK.NS,1341.0938720703125,STAY,3,1,1,STAY,STAY,0.24782415,0.4146558,0.33752003,True
2025-12-16 18:30:00+00:00,ITC.NS,381.2077941894531,STAY,3,1,1,STAY,STAY,0.30369994,0.36087465,0.3354254,True
2025-12-16 18:30:00+00:00,INFY.NS,1568.0679931640625,UP,3,2,1,UP,STAY,0.30678058,0.3880276,0.30519179,False
2025-12-16 18:30:00+00:00,SBIN.NS,958.5716552734376,STAY,3,1,1,STAY,STAY,0.2394531,0.45070902,0.3098379,True
2025-12-16 18:30:00+00:00,LT.NS,4023.104736328125,DOWN,3,0,1,DOWN,STAY,0.35765404,0.40767318,0.23467278,False
2025-12-16 18:30:00+00:00,HDFCBANK.NS,967.989990234375,STAY,3,1,1,STAY,STAY,0.2118022,0.45386028,0.33433753,True
2025-12-17 18:30:00+00:00,RELIANCE.NS,1537.292236328125,UP,3,2,1,UP,STAY,0.28613386,0.43596497,0.2779011,False
2025-12-17 18:30:00+00:00,ITC.NS,381.7798767089844,STAY,3,1,1,STAY,STAY,0.32577688,0.35712427,0.3170989,True
2025-12-17 18:30:00+00:00,LT.NS,3992.107666015625,UP,3,2,0,UP,DOWN,0.43225524,0.38460317,0.18314153,False
2025-12-17 18:30:00+00:00,INFY.NS,1592.3427734375,UP,3,2,1,UP,STAY,0.23969147,0.50077575,0.25953278,False
2025-12-17 18:30:00+00:00,TCS.NS,3161.78173828125,STAY,3,1,2,STAY,UP,0.24882166,0.36516428,0.38601404,False
2025-12-17 18:30:00+00:00,TMPV.NS,342.955078125,UP,3,2,2,UP,UP,0.26357323,0.19086377,0.545563,True
2025-12-17 18:30:00+00:00,ICICIBANK.NS,1345.4571533203125,STAY,3,1,1,STAY,STAY,0.23740682,0.4703762,0.29221705,True
2025-12-17 18:30:00+00:00,SBIN.NS,960.2415771484376,STAY,3,1,1,STAY,STAY,0.23152675,0.4461637,0.32230952,True
2025-12-17 18:30:00+00:00,BHARTIARTL.NS,2065.9990234375,STAY,3,1,1,STAY,STAY,0.2420704,0.42512494,0.3328046,True
2025-12-17 18:30:00+00:00,HDFCBANK.NS,963.7599487304688,UP,3,2,1,UP,STAY,0.22390857,0.50841945,0.26767197,False
2025-12-18 18:30:00+00:00,RELIANCE.NS,1557.8968505859375,UP,3,2,1,UP,STAY,0.23726903,0.41278803,0.34994292,False
2025-12-18 18:30:00+00:00,INFY.NS,1603.9906005859375,UP,3,2,1,UP,STAY,0.2624701,0.44507706,0.29245284,False
2025-12-18 18:30:00+00:00,BHARTIARTL.NS,2071.6279296875,UP,3,2,1,UP,STAY,0.26662925,0.37514895,0.35822183,False
2025-12-18 18:30:00+00:00,TMPV.NS,349.74871826171875,UP,3,2,2,UP,UP,0.24845305,0.23570338,0.5158436,True
2025-12-18 18:30:00+00:00,TCS.NS,3162.938232421875,UP,3,2,1,UP,STAY,0.23543379,0.40091357,0.36365262,False
2025-12-18 18:30:00+00:00,ICICIBANK.NS,1342.7796630859375,UP,3,2,1,UP,STAY,0.22735554,0.42418763,0.34845686,False
2025-12-18 18:30:00+00:00,SBIN.NS,962.94287109375,DOWN,3,0,1,DOWN,STAY,0.27606365,0.47726357,0.2466727,False
2025-12-18 18:30:00+00:00,ITC.NS,382.399658203125,STAY,3,1,2,STAY,UP,0.30099988,0.32762694,0.37137318,False
2025-12-18 18:30:00+00:00,HDFCBANK.NS,969.465576171875,STAY,3,1,1,STAY,STAY,0.1845377,0.44072795,0.37473434,True
2025-12-18 18:30:00+00:00,LT.NS,4034.097412109375,STAY,3,1,0,STAY,DOWN,0.49540737,0.3303243,0.17426832,False
2025-12-21 18:30:00+00:00,ITC.NS,383.9729309082031,UP,3,2,2,UP,UP,0.307264,0.30937007,0.38336587,True
2025-12-21 18:30:00+00:00,HDFCBANK.NS,971.6298217773438,UP,3,2,1,UP,STAY,0.19617076,0.44434476,0.35948443,False
2025-12-21 18:30:00+00:00,INFY.NS,1653.8125,DOWN,3,0,2,DOWN,UP,0.28610703,0.34335345,0.3705395,False
2025-12-21 18:30:00+00:00,TMPV.NS,356.1952514648437,UP,3,2,2,UP,UP,0.31555352,0.20141476,0.48303166,True
2025-12-21 18:30:00+00:00,RELIANCE.NS,1568.1495361328125,STAY,3,1,1,STAY,STAY,0.21389663,0.41213924,0.37396413,True
2025-12-21 18:30:00+00:00,TCS.NS,3204.281982421875,STAY,3,1,1,STAY,STAY,0.2507985,0.4250225,0.32417902,True
2025-12-21 18:30:00+00:00,SBIN.NS,957.0491333007812,STAY,3,1,1,STAY,STAY,0.2795366,0.4322138,0.28824955,True
2025-12-21 18:30:00+00:00,BHARTIARTL.NS,2120.907958984375,DOWN,3,0,1,DOWN,STAY,0.23616517,0.40264866,0.36118615,False
2025-12-21 18:30:00+00:00,ICICIBANK.NS,1357.059326171875,STAY,3,1,1,STAY,STAY,0.21602698,0.39963838,0.38433462,True
2025-12-21 18:30:00+00:00,LT.NS,4033.008056640625,STAY,3,1,1,STAY,STAY,0.3009373,0.40766224,0.29140043,True
2025-12-22 18:30:00+00:00,HDFCBANK.NS,980.3849487304688,STAY,3,1,1,STAY,STAY,0.21827708,0.45170182,0.33002108,True
2025-12-22 18:30:00+00:00,INFY.NS,1632.9637451171875,STAY,3,1,1,STAY,STAY,0.2674911,0.41099682,0.3215121,True
2025-12-22 18:30:00+00:00,ICICIBANK.NS,1351.605224609375,STAY,3,1,2,STAY,UP,0.27303174,0.36029685,0.3666714,False
2025-12-22 18:30:00+00:00,RELIANCE.NS,1563.4710693359375,DOWN,3,0,1,DOWN,STAY,0.3155479,0.40908784,0.27536428,False
2025-12-22 18:30:00+00:00,BHARTIARTL.NS,2096.5146484375,STAY,3,1,1,STAY,STAY,0.21928607,0.49310827,0.28760567,True
2025-12-22 18:30:00+00:00,SBIN.NS,954.691650390625,STAY,3,1,1,STAY,STAY,0.28094792,0.4020316,0.31702045,True
2025-12-22 18:30:00+00:00,LT.NS,4019.539794921875,STAY,3,1,0,STAY,DOWN,0.45932487,0.368905,0.17177016,False
2025-12-22 18:30:00+00:00,ITC.NS,388.40667724609375,STAY,3,1,2,STAY,UP,0.22535376,0.34172538,0.4329208,False
2025-12-22 18:30:00+00:00,TCS.NS,3189.92236328125,STAY,3,1,1,STAY,STAY,0.2392793,0.47854105,0.2821797,True
2025-12-22 18:30:00+00:00,TMPV.NS,360.26153564453125,DOWN,3,0,2,DOWN,UP,0.3068577,0.2651956,0.42794666,False
2025-12-23 18:30:00+00:00,BHARTIARTL.NS,2097.304931640625,DOWN,3,0,1,DOWN,STAY,0.29857606,0.38872623,0.3126977,False
2025-12-23 18:30:00+00:00,ICICIBANK.NS,1348.43212890625,DOWN,3,0,1,DOWN,STAY,0.29693344,0.388097,0.31496957,False
2025-12-23 18:30:00+00:00,ITC.NS,387.6915588378906,DOWN,3,0,2,DOWN,UP,0.2556119,0.36142558,0.38296252,False
2025-12-23 18:30:00+00:00,HDFCBANK.NS,980.9752197265624,DOWN,3,0,1,DOWN,STAY,0.3193686,0.41233462,0.2682968,False
2025-12-23 18:30:00+00:00,SBIN.NS,951.7938842773438,STAY,3,1,1,STAY,STAY,0.24500951,0.40222973,0.35276073,True
2025-12-23 18:30:00+00:00,TMPV.NS,356.2448425292969,STAY,3,1,2,STAY,UP,0.24080943,0.23815405,0.5210365,False
2025-12-23 18:30:00+00:00,RELIANCE.NS,1551.0286865234375,STAY,3,1,1,STAY,STAY,0.32214245,0.42565808,0.25219944,True
2025-12-23 18:30:00+00:00,TCS.NS,3198.595947265625,DOWN,3,0,2,DOWN,UP,0.25928432,0.36914977,0.37156594,False
2025-12-23 18:30:00+00:00,LT.NS,4014.39013671875,STAY,3,1,1,STAY,STAY,0.34612894,0.44343963,0.21043138,True
2025-12-23 18:30:00+00:00,INFY.NS,1628.16748046875,STAY,3,1,1,STAY,STAY,0.2597324,0.436819,0.3034486,True
2025-12-25 18:30:00+00:00,TMPV.NS,355.8481140136719,STAY,3,1,2,STAY,UP,0.30227944,0.33407927,0.36364135,False
2025-12-25 18:30:00+00:00,HDFCBANK.NS,975.9581909179688,STAY,3,1,1,STAY,STAY,0.24817218,0.4517125,0.30011538,True
2025-12-25 18:30:00+00:00,RELIANCE.NS,1552.0240478515625,DOWN,3,0,1,DOWN,STAY,0.25241157,0.43485907,0.3127294,False
2025-12-25 18:30:00+00:00,INFY.NS,1621.0220947265625,DOWN,3,0,1,DOWN,STAY,0.21649218,0.53141314,0.25209472,False
2025-12-25 18:30:00+00:00,TCS.NS,3161.0107421875,DOWN,3,0,1,DOWN,STAY,0.2924681,0.41105893,0.2964729,False
2025-12-25 18:30:00+00:00,ICICIBANK.NS,1339.110595703125,DOWN,3,0,1,DOWN,STAY,0.21858639,0.46166295,0.31975064,False
2025-12-25 18:30:00+00:00,LT.NS,4008.15087890625,STAY,3,1,1,STAY,STAY,0.31377414,0.4068591,0.27936682,True
2025-12-25 18:30:00+00:00,BHARTIARTL.NS,2079.232177734375,DOWN,3,0,1,DOWN,STAY,0.23659119,0.3884766,0.3749322,False
2025-12-25 18:30:00+00:00,ITC.NS,385.3554992675781,STAY,3,1,2,STAY,UP,0.23546927,0.3449144,0.41961634,False
2025-12-25 18:30:00+00:00,SBIN.NS,949.1907348632812,STAY,3,1,1,STAY,STAY,0.30000538,0.35715893,0.3428357,True
2025-12-28 18:30:00+00:00,ITC.NS,383.8775634765625,STAY,3,1,1,STAY,STAY,0.3004314,0.3520241,0.3475445,True
2025-12-28 18:30:00+00:00,SBIN.NS,947.962890625,UP,3,2,1,UP,STAY,0.3153034,0.3598511,0.32484555,False
2025-12-28 18:30:00+00:00,RELIANCE.NS,1538.4866943359375,STAY,3,1,1,STAY,STAY,0.29270548,0.44339734,0.2638972,True
2025-12-28 18:30:00+00:00,LT.NS,3999.634033203125,STAY,3,1,0,STAY,DOWN,0.56043607,0.29935998,0.14020394,False
2025-12-28 18:30:00+00:00,TCS.NS,3133.544677734375,STAY,3,1,1,STAY,STAY,0.27725065,0.44402856,0.27872077,True
2025-12-28 18:30:00+00:00,ICICIBANK.NS,1332.070068359375,STAY,3,1,1,STAY,STAY,0.20963885,0.48434275,0.30601844,True
2025-12-28 18:30:00+00:00,TMPV.NS,355.6497802734375,UP,3,2,2,UP,UP,0.31059283,0.25605023,0.43335694,True
2025-12-28 18:30:00+00:00,INFY.NS,1609.863525390625,DOWN,3,0,1,DOWN,STAY,0.2933141,0.40781164,0.29887426,False
2025-12-28 18:30:00+00:00,HDFCBANK.NS,975.564697265625,STAY,3,1,1,STAY,STAY,0.25338906,0.42632654,0.32028437,True
2025-12-28 18:30:00+00:00,BHARTIARTL.NS,2055.728271484375,UP,3,2,1,UP,STAY,0.2971958,0.3622495,0.3405547,False
2025-12-29 18:30:00+00:00,TMPV.NS,358.7738647460937,UP,3,2,2,UP,UP,0.19554713,0.29509604,0.5093568,True
2025-12-29 18:30:00+00:00,TCS.NS,3129.01513671875,DOWN,3,0,1,DOWN,STAY,0.31217033,0.36779958,0.32003006,False
2025-12-29 18:30:00+00:00,BHARTIARTL.NS,2073.701904296875,STAY,3,1,2,STAY,UP,0.2856332,0.3115143,0.40285245,False
2025-12-29 18:30:00+00:00,ICICIBANK.NS,1331.276611328125,STAY,3,1,1,STAY,STAY,0.2102273,0.39746162,0.39231107,True
2025-12-29 18:30:00+00:00,LT.NS,4012.805419921875,UP,3,2,0,UP,DOWN,0.43613562,0.3918303,0.17203408,False
2025-12-29 18:30:00+00:00,HDFCBANK.NS,974.7777709960938,STAY,3,1,2,STAY,UP,0.24705316,0.37534198,0.37760487,False
2025-12-29 18:30:00+00:00,INFY.NS,1587.2528076171875,STAY,3,1,1,STAY,STAY,0.34519967,0.38301185,0.2717885,True
2025-12-29 18:30:00+00:00,ITC.NS,381.9705810546875,UP,3,2,2,UP,UP,0.27972966,0.34195158,0.3783188,True
2025-12-29 18:30:00+00:00,SBIN.NS,956.2141723632812,UP,3,2,1,UP,STAY,0.23511323,0.38539544,0.3794913,False
2025-12-29 18:30:00+00:00,RELIANCE.NS,1532.71337890625,UP,3,2,1,UP,STAY,0.29250684,0.37691247,0.33058062,False
2025-12-30 18:30:00+00:00,TCS.NS,3089.887939453125,UP,3,2,2,UP,UP,0.27842233,0.35504484,0.36653286,True
2025-12-30 18:30:00+00:00,RELIANCE.NS,1563.172607421875,STAY,3,1,1,STAY,STAY,0.22737642,0.40975165,0.3628719,True
2025-12-30 18:30:00+00:00,HDFCBANK.NS,975.0728759765624,STAY,3,1,1,STAY,STAY,0.2643575,0.42046437,0.31517813,True
2025-12-30 18:30:00+00:00,TMPV.NS,364.3277893066406,STAY,3,1,2,STAY,UP,0.2677927,0.30573592,0.4264714,False
2025-12-30 18:30:00+00:00,ICICIBANK.NS,1331.67333984375,STAY,3,1,1,STAY,STAY,0.22685948,0.45431733,0.31882322,True
2025-12-30 18:30:00+00:00,ITC.NS,384.2589721679688,DOWN,3,0,2,DOWN,UP,0.2808529,0.2874361,0.43171093,False
2025-12-30 18:30:00+00:00,BHARTIARTL.NS,2079.429931640625,STAY,3,1,1,STAY,STAY,0.27737823,0.4060281,0.31659365,True
2025-12-30 18:30:00+00:00,LT.NS,4044.000732421875,UP,3,2,0,UP,DOWN,0.41535816,0.34818286,0.23645906,False
2025-12-30 18:30:00+00:00,SBIN.NS,964.8092651367188,STAY,3,1,1,STAY,STAY,0.2308649,0.40154555,0.36758956,True
2025-12-30 18:30:00+00:00,INFY.NS,1581.1842041015625,UP,3,2,1,UP,STAY,0.34946185,0.36439875,0.2861394,False
2025-12-31 18:30:00+00:00,LT.NS,4100.35009765625,UP,3,2,1,UP,STAY,0.35191625,0.39200038,0.25608337,False
2025-12-31 18:30:00+00:00,HDFCBANK.NS,975.023681640625,UP,3,2,1,UP,STAY,0.25530562,0.4003583,0.34433612,False
2025-12-31 18:30:00+00:00,BHARTIARTL.NS,2084.170166015625,STAY,3,1,1,STAY,STAY,0.25952485,0.3957792,0.34469593,True
2025-12-31 18:30:00+00:00,TCS.NS,3110.31884765625,UP,3,2,1,UP,STAY,0.2691846,0.46932316,0.26149228,False
2025-12-31 18:30:00+00:00,INFY.NS,1595.2791748046875,UP,3,2,1,UP,STAY,0.28139746,0.3931473,0.32545525,False
2025-12-31 18:30:00+00:00,TMPV.NS,364.526123046875,UP,3,2,2,UP,UP,0.27516997,0.29037058,0.4344594,True
2025-12-31 18:30:00+00:00,ITC.NS,346.9295959472656,DOWN,3,0,2,DOWN,UP,0.25318605,0.3625279,0.38428605,False
2025-12-31 18:30:00+00:00,ICICIBANK.NS,1326.8143310546875,UP,3,2,2,UP,UP,0.24217126,0.37069494,0.38713378,True
2025-12-31 18:30:00+00:00,RELIANCE.NS,1568.3485107421875,UP,3,2,1,UP,STAY,0.2866569,0.459273,0.25407007,False
2025-12-31 18:30:00+00:00,SBIN.NS,967.3140869140624,UP,3,2,2,UP,UP,0.25060594,0.33165765,0.41773644,True
2026-01-01 18:30:00+00:00,TCS.NS,3132.773681640625,DOWN,3,0,0,DOWN,DOWN,0.36324754,0.34494415,0.29180828,True
2026-01-01 18:30:00+00:00,INFY.NS,1605.6546630859375,DOWN,3,0,1,DOWN,STAY,0.31801018,0.3647295,0.31726032,False
2026-01-01 18:30:00+00:00,TMPV.NS,367.3031311035156,UP,3,2,2,UP,UP,0.25833145,0.36594453,0.37572405,True
2026-01-01 18:30:00+00:00,SBIN.NS,981.2626953125,UP,3,2,1,UP,STAY,0.25446868,0.44852486,0.29700652,False
2026-01-01 18:30:00+00:00,BHARTIARTL.NS,2080.121337890625,STAY,3,1,1,STAY,STAY,0.2746784,0.40983817,0.31548342,True
2026-01-01 18:30:00+00:00,HDFCBANK.NS,985.3035888671876,DOWN,3,0,1,DOWN,STAY,0.22715528,0.49978706,0.2730577,False
2026-01-01 18:30:00+00:00,ITC.NS,333.77130126953125,STAY,3,1,2,STAY,UP,0.37266478,0.24401431,0.38332093,False
2026-01-01 18:30:00+00:00,ICICIBANK.NS,1344.06884765625,UP,3,2,1,UP,STAY,0.24690416,0.43450907,0.3185867,False
2026-01-01 18:30:00+00:00,RELIANCE.NS,1584.9718017578125,DOWN,3,0,1,DOWN,STAY,0.27206197,0.47002044,0.25791758,False
2026-01-01 18:30:00+00:00,LT.NS,4123.1279296875,STAY,3,1,1,STAY,STAY,0.3249441,0.4580354,0.21702048,True
2026-01-04 18:30:00+00:00,ICICIBANK.NS,1360.0341796875,UP,3,2,1,UP,STAY,0.22890499,0.4510516,0.3200434,False
2026-01-04 18:30:00+00:00,BHARTIARTL.NS,2078.83740234375,STAY,3,1,1,STAY,STAY,0.28599253,0.40766314,0.30634433,True
2026-01-04 18:30:00+00:00,TMPV.NS,370.4767761230469,DOWN,3,0,1,DOWN,STAY,0.27769253,0.37256977,0.34973767,False
2026-01-04 18:30:00+00:00,SBIN.NS,987.7457885742188,UP,3,2,1,UP,STAY,0.24002336,0.40692133,0.35305533,False
2026-01-04 18:30:00+00:00,ITC.NS,333.4376220703125,DOWN,3,0,2,DOWN,UP,0.32922906,0.25827822,0.4124927,False
2026-01-04 18:30:00+00:00,LT.NS,4110.25341796875,STAY,3,1,1,STAY,STAY,0.40876472,0.4120105,0.1792248,True
2026-01-04 18:30:00+00:00,RELIANCE.NS,1570.8370361328125,DOWN,3,0,1,DOWN,STAY,0.32108983,0.3842071,0.29470304,False
2026-01-04 18:30:00+00:00,HDFCBANK.NS,961.5957641601562,DOWN,3,0,1,DOWN,STAY,0.24413481,0.45714715,0.29871798,False
2026-01-04 18:30:00+00:00,INFY.NS,1572.374755859375,STAY,3,1,1,STAY,STAY,0.2786634,0.42736402,0.29397258,True
2026-01-04 18:30:00+00:00,TCS.NS,3099.428955078125,UP,3,2,1,UP,STAY,0.22569004,0.4435913,0.3307186,False
2026-01-05 18:30:00+00:00,SBIN.NS,1000.8594360351562,DOWN,3,0,2,DOWN,UP,0.26446292,0.35279396,0.38274318,False
2026-01-05 18:30:00+00:00,TCS.NS,3137.688720703125,UP,3,2,1,UP,STAY,0.25550443,0.37301108,0.3714845,False
2026-01-05 18:30:00+00:00,ITC.NS,326.5248107910156,STAY,3,1,2,STAY,UP,0.15845984,0.27059695,0.57094324,False
2026-01-05 18:30:00+00:00,HDFCBANK.NS,946.544677734375,DOWN,3,0,1,DOWN,STAY,0.2533018,0.43693957,0.3097586,False
2026-01-05 18:30:00+00:00,RELIANCE.NS,1500.6614990234375,STAY,3,1,1,STAY,STAY,0.31952852,0.36730266,0.31316882,True
2026-01-05 18:30:00+00:00,TMPV.NS,365.8650207519531,DOWN,3,0,2,DOWN,UP,0.2597054,0.23760977,0.50268483,False
2026-01-05 18:30:00+00:00,LT.NS,4100.54833984375,STAY,3,1,0,STAY,DOWN,0.42491305,0.34064052,0.23444648,False
2026-01-05 18:30:00+00:00,INFY.NS,1578.0518798828125,UP,3,2,1,UP,STAY,0.3548593,0.41678348,0.22835723,False
2026-01-05 18:30:00+00:00,ICICIBANK.NS,1399.4022216796875,UP,3,2,1,UP,STAY,0.18433054,0.42036805,0.39530143,False
2026-01-05 18:30:00+00:00,BHARTIARTL.NS,2079.133544921875,DOWN,3,0,2,DOWN,UP,0.2579365,0.34756532,0.39449817,False
2026-01-06 18:30:00+00:00,BHARTIARTL.NS,2058.2958984375,DOWN,3,0,1,DOWN,STAY,0.22534826,0.47275627,0.3018954,False
2026-01-06 18:30:00+00:00,INFY.NS,1604.2843017578125,DOWN,3,0,1,DOWN,STAY,0.3131682,0.39032224,0.2965096,False
2026-01-06 18:30:00+00:00,ITC.NS,325.3805847167969,STAY,3,1,2,STAY,UP,0.21077551,0.36881888,0.42040563,False
2026-01-06 18:30:00+00:00,TMPV.NS,360.3607177734375,DOWN,3,0,2,DOWN,UP,0.31913105,0.24778305,0.43308595,False
2026-01-06 18:30:00+00:00,ICICIBANK.NS,1415.7642822265625,UP,3,2,1,UP,STAY,0.27728444,0.41601047,0.30670515,False
2026-01-06 18:30:00+00:00,HDFCBANK.NS,933.608642578125,STAY,3,1,1,STAY,STAY,0.19521932,0.4919812,0.3127995,True
2026-01-06 18:30:00+00:00,LT.NS,4116.7900390625,DOWN,3,0,1,DOWN,STAY,0.33582917,0.43535924,0.22881156,False
2026-01-06 18:30:00+00:00,TCS.NS,3176.044921875,DOWN,3,0,1,DOWN,STAY,0.22849311,0.39535603,0.37615088,False
2026-01-06 18:30:00+00:00,RELIANCE.NS,1497.277099609375,DOWN,3,0,1,DOWN,STAY,0.25737828,0.48119858,0.2614232,False
2026-01-06 18:30:00+00:00,SBIN.NS,989.3175048828124,DOWN,3,0,1,DOWN,STAY,0.255918,0.37508687,0.3689951,False
2026-01-07 18:30:00+00:00,HDFCBANK.NS,931.296875,DOWN,3,0,1,DOWN,STAY,0.22515005,0.43185824,0.3429917,False
2026-01-07 18:30:00+00:00,INFY.NS,1579.128662109375,STAY,3,1,1,STAY,STAY,0.30428323,0.39617786,0.29953888,True
2026-01-07 18:30:00+00:00,SBIN.NS,980.3294677734376,STAY,3,1,1,STAY,STAY,0.28568837,0.3600539,0.3542577,True
2026-01-07 18:30:00+00:00,TCS.NS,3087.671142578125,STAY,3,1,1,STAY,STAY,0.29349893,0.37434247,0.33215863,True
2026-01-07 18:30:00+00:00,BHARTIARTL.NS,2040.618408203125,DOWN,3,0,1,DOWN,STAY,0.24271585,0.4729149,0.28436932,False
2026-01-07 18:30:00+00:00,ICICIBANK.NS,1423.00341796875,DOWN,3,0,1,DOWN,STAY,0.30528545,0.4149703,0.27974427,False
2026-01-07 18:30:00+00:00,TMPV.NS,356.4927978515625,DOWN,3,0,2,DOWN,UP,0.35997605,0.22448273,0.41554117,False
2026-01-07 18:30:00+00:00,LT.NS,3989.43359375,STAY,3,1,1,STAY,STAY,0.32763317,0.5567687,0.115598135,True
2026-01-07 18:30:00+00:00,RELIANCE.NS,1463.831787109375,STAY,3,1,0,STAY,DOWN,0.38756225,0.24242184,0.3700159,False
2026-01-07 18:30:00+00:00,ITC.NS,325.0468444824219,DOWN,3,0,2,DOWN,UP,0.17444016,0.3375874,0.48797247,False
2026-01-08 18:30:00+00:00,ICICIBANK.NS,1392.56005859375,UP,3,2,1,UP,STAY,0.26239207,0.4216064,0.3160015,False
2026-01-08 18:30:00+00:00,SBIN.NS,982.7852172851562,UP,3,2,1,UP,STAY,0.30003408,0.3640444,0.33592153,False
2026-01-08 18:30:00+00:00,TCS.NS,3091.43017578125,UP,3,2,1,UP,STAY,0.25956708,0.41059566,0.32983726,False
2026-01-08 18:30:00+00:00,ITC.NS,321.47125244140625,STAY,3,1,2,STAY,UP,0.1838042,0.37186047,0.4443353,False
2026-01-08 18:30:00+00:00,BHARTIARTL.NS,2001.905517578125,UP,3,2,1,UP,STAY,0.2509666,0.47804597,0.27098745,False
2026-01-08 18:30:00+00:00,INFY.NS,1579.91162109375,DOWN,3,0,1,DOWN,STAY,0.27850956,0.39044994,0.3310405,False
2026-01-08 18:30:00+00:00,HDFCBANK.NS,923.72216796875,STAY,3,1,2,STAY,UP,0.16526505,0.39923123,0.43550372,False
2026-01-08 18:30:00+00:00,RELIANCE.NS,1468.51025390625,UP,3,2,1,UP,STAY,0.2978245,0.35306594,0.34910953,False
2026-01-08 18:30:00+00:00,LT.NS,3986.2646484375,STAY,3,1,1,STAY,STAY,0.33053276,0.5131308,0.15633644,True
2026-01-08 18:30:00+00:00,TMPV.NS,351.23638916015625,DOWN,3,0,2,DOWN,UP,0.28921795,0.20324503,0.507537,False
2026-01-11 18:30:00+00:00,ICICIBANK.NS,1401.286376953125,UP,3,2,1,UP,STAY,0.27958187,0.41117713,0.30924103,False
2026-01-11 18:30:00+00:00,TCS.NS,3122.076416015625,UP,3,2,1,UP,STAY,0.31781644,0.35076046,0.33142313,False
2026-01-11 18:30:00+00:00,BHARTIARTL.NS,2018.595458984375,DOWN,3,0,1,DOWN,STAY,0.30975878,0.39170408,0.29853716,False
2026-01-11 18:30:00+00:00,INFY.NS,1562.09716796875,STAY,3,1,0,STAY,DOWN,0.35407165,0.33597967,0.3099487,False
2026-01-11 18:30:00+00:00,HDFCBANK.NS,921.7055053710938,STAY,3,1,1,STAY,STAY,0.21913323,0.42518175,0.355685,True
2026-01-11 18:30:00+00:00,SBIN.NS,997.1758422851562,UP,3,2,1,UP,STAY,0.27867454,0.40167728,0.31964818,False
2026-01-11 18:30:00+00:00,ITC.NS,322.6631164550781,DOWN,3,0,1,DOWN,STAY,0.17337956,0.44124126,0.38537923,False
2026-01-11 18:30:00+00:00,TMPV.NS,347.6659851074219,STAY,3,1,2,STAY,UP,0.3918276,0.21152022,0.39665216,False
2026-01-11 18:30:00+00:00,LT.NS,3980.124755859375,DOWN,3,0,1,DOWN,STAY,0.37633586,0.49197936,0.13168482,False
2026-01-11 18:30:00+00:00,RELIANCE.NS,1476.373779296875,DOWN,3,0,0,DOWN,DOWN,0.39289266,0.30974832,0.29735902,True
2026-01-12 18:30:00+00:00,ICICIBANK.NS,1424.9866943359375,DOWN,3,0,1,DOWN,STAY,0.31479833,0.36978355,0.31541812,False
2026-01-12 18:30:00+00:00,INFY.NS,1565.1314697265625,STAY,3,1,1,STAY,STAY,0.3271518,0.3443878,0.3284604,True
2026-01-12 18:30:00+00:00,HDFCBANK.NS,922.0989990234376,DOWN,3,0,1,DOWN,STAY,0.20843582,0.46423298,0.3273312,False
2026-01-12 18:30:00+00:00,BHARTIARTL.NS,2001.7080078125,STAY,3,1,1,STAY,STAY,0.29699054,0.42316696,0.27984253,True
2026-01-12 18:30:00+00:00,RELIANCE.NS,1446.11376953125,STAY,3,1,1,STAY,STAY,0.30570826,0.34929276,0.344999,True
2026-01-12 18:30:00+00:00,TCS.NS,3149.446044921875,DOWN,3,0,1,DOWN,STAY,0.2560268,0.41859856,0.3253746,False
2026-01-12 18:30:00+00:00,SBIN.NS,1010.2402954101562,STAY,3,1,1,STAY,STAY,0.23822218,0.46537903,0.29639876,True
2026-01-12 18:30:00+00:00,TMPV.NS,346.8725891113281,STAY,3,1,0,STAY,DOWN,0.40339294,0.22685689,0.3697502,False
2026-01-12 18:30:00+00:00,ITC.NS,319.1351928710937,STAY,3,1,1,STAY,STAY,0.14288943,0.4308541,0.4262565,True
2026-01-12 18:30:00+00:00,LT.NS,3849.797607421875,DOWN,3,0,1,DOWN,STAY,0.41460916,0.4303936,0.15499723,False
2026-01-13 18:30:00+00:00,HDFCBANK.NS,910.3926391601562,STAY,3,1,1,STAY,STAY,0.20649159,0.40679806,0.38671038,True
2026-01-13 18:30:00+00:00,INFY.NS,1565.91455078125,STAY,3,1,1,STAY,STAY,0.33942348,0.35576606,0.30481043,True
2026-01-13 18:30:00+00:00,BHARTIARTL.NS,1997.3626708984373,STAY,3,1,1,STAY,STAY,0.30712745,0.36698925,0.3258833,True
2026-01-13 18:30:00+00:00,TCS.NS,3076.684814453125,STAY,3,1,2,STAY,UP,0.3292611,0.31872573,0.3520132,False
2026-01-13 18:30:00+00:00,LT.NS,3828.40673828125,STAY,3,1,1,STAY,STAY,0.38926524,0.44717157,0.16356315,True
2026-01-13 18:30:00+00:00,ICICIBANK.NS,1406.5421142578125,STAY,3,1,1,STAY,STAY,0.28109974,0.4004986,0.3184017,True
2026-01-13 18:30:00+00:00,SBIN.NS,1010.14208984375,STAY,3,1,1,STAY,STAY,0.26145393,0.3775802,0.36096588,True
2026-01-13 18:30:00+00:00,RELIANCE.NS,1452.086181640625,STAY,3,1,0,STAY,DOWN,0.37090087,0.31166422,0.31743488,False
2026-01-13 18:30:00+00:00,TMPV.NS,346.92218017578125,STAY,3,1,2,STAY,UP,0.3718926,0.23052588,0.39758155,False
2026-01-13 18:30:00+00:00,ITC.NS,319.182861328125,STAY,3,1,1,STAY,STAY,0.18222848,0.46274891,0.3550226,True
2026-01-14 18:30:00+00:00,TCS.NS,3076.684814453125,UP,3,2,1,UP,STAY,0.2341993,0.40991443,0.35588628,False
2026-01-14 18:30:00+00:00,ICICIBANK.NS,1406.5421142578125,DOWN,3,0,2,DOWN,UP,0.17269611,0.38369834,0.44360557,False
2026-01-14 18:30:00+00:00,LT.NS,3828.40673828125,STAY,3,1,1,STAY,STAY,0.3259895,0.44987902,0.22413142,True
2026-01-14 18:30:00+00:00,ITC.NS,319.182861328125,DOWN,3,0,2,DOWN,UP,0.12351165,0.4150222,0.46146613,False
2026-01-14 18:30:00+00:00,RELIANCE.NS,1452.086181640625,STAY,3,1,2,STAY,UP,0.2366571,0.3397274,0.42361555,False
2026-01-14 18:30:00+00:00,BHARTIARTL.NS,1997.3626708984373,STAY,3,1,1,STAY,STAY,0.24520601,0.38409132,0.37070265,True
2026-01-14 18:30:00+00:00,SBIN.NS,1010.14208984375,UP,3,2,2,UP,UP,0.18760176,0.32117477,0.4912235,True
2026-01-14 18:30:00+00:00,INFY.NS,1565.91455078125,UP,3,2,1,UP,STAY,0.21375827,0.41445065,0.37179106,False
2026-01-14 18:30:00+00:00,HDFCBANK.NS,910.3926391601562,UP,3,2,2,UP,UP,0.20020686,0.31975895,0.4800342,True
2026-01-14 18:30:00+00:00,TMPV.NS,346.92218017578125,UP,3,2,2,UP,UP,0.31352326,0.23912989,0.4473469,True
2026-01-18 18:30:00+00:00,ICICIBANK.NS,1369.05810546875,STAY,3,1,1,STAY,STAY,0.3073501,0.36365956,0.32899037,True
2026-01-18 18:30:00+00:00,BHARTIARTL.NS,1985.01806640625,DOWN,3,0,1,DOWN,STAY,0.26678726,0.39088607,0.34232664,False
2026-01-18 18:30:00+00:00,LT.NS,3832.367919921875,DOWN,3,0,0,DOWN,DOWN,0.44667023,0.38742,0.16590978,True
2026-01-18 18:30:00+00:00,SBIN.NS,1020.0142211914062,STAY,3,1,1,STAY,STAY,0.27543756,0.4563266,0.26823583,True
2026-01-18 18:30:00+00:00,INFY.NS,1645.59033203125,DOWN,3,0,1,DOWN,STAY,0.25173113,0.46840212,0.27986678,False
2026-01-18 18:30:00+00:00,TCS.NS,3104.258056640625,DOWN,3,0,1,DOWN,STAY,0.32991293,0.3495773,0.32050976,False
2026-01-18 18:30:00+00:00,ITC.NS,317.7049255371094,DOWN,3,0,1,DOWN,STAY,0.17747748,0.48133808,0.3411844,False
2026-01-18 18:30:00+00:00,TMPV.NS,341.1698913574219,DOWN,3,0,2,DOWN,UP,0.2595669,0.13513431,0.60529876,False
2026-01-18 18:30:00+00:00,HDFCBANK.NS,912.8027954101562,STAY,3,1,1,STAY,STAY,0.24924265,0.42940924,0.32134813,True
2026-01-18 18:30:00+00:00,RELIANCE.NS,1407.0941162109375,DOWN,3,0,2,DOWN,UP,0.20437987,0.3191724,0.47644764,False
2026-01-19 18:30:00+00:00,ITC.NS,311.12579345703125,STAY,3,1,1,STAY,STAY,0.20129636,0.44005448,0.35864916,True
2026-01-19 18:30:00+00:00,TCS.NS,3044.10791015625,UP,3,2,0,UP,DOWN,0.35961416,0.2841644,0.35622147,False
2026-01-19 18:30:00+00:00,ICICIBANK.NS,1364.29833984375,DOWN,3,0,1,DOWN,STAY,0.28343934,0.3828056,0.33375508,False
2026-01-19 18:30:00+00:00,BHARTIARTL.NS,1971.1920166015625,STAY,3,1,1,STAY,STAY,0.24730128,0.3915687,0.36113006,True
2026-01-19 18:30:00+00:00,SBIN.NS,1018.0496215820312,DOWN,3,0,2,DOWN,UP,0.290946,0.3399846,0.3690694,False
2026-01-19 18:30:00+00:00,INFY.NS,1623.7628173828125,STAY,3,1,1,STAY,STAY,0.2825871,0.37781677,0.3395961,True
2026-01-19 18:30:00+00:00,RELIANCE.NS,1387.5843505859375,UP,3,2,1,UP,STAY,0.2556929,0.3731621,0.37114495,False
2026-01-19 18:30:00+00:00,LT.NS,3773.6416015625,DOWN,3,0,1,DOWN,STAY,0.29037684,0.4639179,0.24570523,False
2026-01-19 18:30:00+00:00,TMPV.NS,335.07049560546875,STAY,3,1,2,STAY,UP,0.19526733,0.15972814,0.6450046,False
2026-01-19 18:30:00+00:00,HDFCBANK.NS,916.049072265625,DOWN,3,0,1,DOWN,STAY,0.25158703,0.45973864,0.28867432,False
2026-01-20 18:30:00+00:00,BHARTIARTL.NS,1971.290771484375,STAY,3,1,1,STAY,STAY,0.31279162,0.36770144,0.3195069,True
2026-01-20 18:30:00+00:00,INFY.NS,1619.358154296875,UP,3,2,2,UP,UP,0.3014998,0.33653012,0.3619701,True
2026-01-20 18:30:00+00:00,ICICIBANK.NS,1337.7222900390625,STAY,3,1,2,STAY,UP,0.33255112,0.32405692,0.34339198,False
2026-01-20 18:30:00+00:00,TMPV.NS,336.458984375,UP,3,2,2,UP,UP,0.26900518,0.13377127,0.5972236,True
2026-01-20 18:30:00+00:00,ITC.NS,309.6478881835937,STAY,3,1,1,STAY,STAY,0.20069191,0.434873,0.36443502,True
2026-01-20 18:30:00+00:00,HDFCBANK.NS,905.3755493164062,STAY,3,1,1,STAY,STAY,0.19778897,0.42368144,0.37852958,True
2026-01-20 18:30:00+00:00,SBIN.NS,1010.4368286132812,UP,3,2,1,UP,STAY,0.31758833,0.35284004,0.32957163,False
2026-01-20 18:30:00+00:00,TCS.NS,3064.027099609375,UP,3,2,1,UP,STAY,0.30363116,0.37631005,0.32005882,False
2026-01-20 18:30:00+00:00,LT.NS,3730.067138671875,UP,3,2,1,UP,STAY,0.22734532,0.51597524,0.25667948,False
2026-01-20 18:30:00+00:00,RELIANCE.NS,1398.1356201171875,STAY,3,1,0,STAY,DOWN,0.41175,0.36070696,0.22754309,False
2026-01-21 18:30:00+00:00,LT.NS,3757.10302734375,DOWN,3,0,1,DOWN,STAY,0.33025977,0.40589935,0.26384088,False
2026-01-21 18:30:00+00:00,ITC.NS,309.7432556152344,STAY,3,1,1,STAY,STAY,0.19028786,0.4705117,0.33920047,True
2026-01-21 18:30:00+00:00,SBIN.NS,1029.7879638671875,DOWN,3,0,1,DOWN,STAY,0.26929408,0.41060767,0.3200983,False
2026-01-21 18:30:00+00:00,HDFCBANK.NS,903.75244140625,STAY,3,1,1,STAY,STAY,0.19671176,0.45638686,0.34690142,True
2026-01-21 18:30:00+00:00,TMPV.NS,344.4427185058594,DOWN,3,0,2,DOWN,UP,0.32304645,0.21644633,0.46050718,False
2026-01-21 18:30:00+00:00,TCS.NS,3091.305419921875,STAY,3,1,0,STAY,DOWN,0.3468392,0.3412316,0.3119292,False
2026-01-21 18:30:00+00:00,RELIANCE.NS,1396.0452880859375,DOWN,3,0,1,DOWN,STAY,0.34559557,0.3821475,0.27225694,False
2026-01-21 18:30:00+00:00,INFY.NS,1628.265380859375,STAY,3,1,1,STAY,STAY,0.30281487,0.35655558,0.34062955,True
2026-01-21 18:30:00+00:00,ICICIBANK.NS,1334.2515869140625,STAY,3,1,0,STAY,DOWN,0.35950455,0.31612638,0.32436907,False
2026-01-21 18:30:00+00:00,BHARTIARTL.NS,1977.31494140625,DOWN,3,0,2,DOWN,UP,0.28770474,0.34559065,0.36670458,False
2026-01-22 18:30:00+00:00,ITC.NS,308.36065673828125,DOWN,3,0,2,DOWN,UP,0.18388975,0.40042523,0.415685,False
2026-01-22 18:30:00+00:00,LT.NS,3707.586669921875,UP,3,2,1,UP,STAY,0.2949393,0.49745533,0.20760539,False
2026-01-22 18:30:00+00:00,RELIANCE.NS,1379.720703125,STAY,3,1,1,STAY,STAY,0.31457052,0.37437445,0.311055,True
2026-01-22 18:30:00+00:00,SBIN.NS,1011.271728515625,UP,3,2,1,UP,STAY,0.3243166,0.35669947,0.31898394,False
2026-01-22 18:30:00+00:00,ICICIBANK.NS,1332.169189453125,UP,3,2,0,UP,DOWN,0.36803952,0.33086404,0.3010964,False
2026-01-22 18:30:00+00:00,INFY.NS,1635.4107666015625,UP,3,2,0,UP,DOWN,0.4558335,0.28993893,0.25422758,False
2026-01-22 18:30:00+00:00,TMPV.NS,341.6162109375,DOWN,3,0,2,DOWN,UP,0.41944915,0.15691593,0.4236349,False
2026-01-22 18:30:00+00:00,TCS.NS,3103.178466796875,STAY,3,1,0,STAY,DOWN,0.39093003,0.3196207,0.28944927,False
2026-01-22 18:30:00+00:00,BHARTIARTL.NS,1960.032470703125,DOWN,3,0,2,DOWN,UP,0.2786034,0.35293344,0.36846313,False
2026-01-22 18:30:00+00:00,HDFCBANK.NS,901.1947021484376,UP,3,2,1,UP,STAY,0.2227348,0.43914336,0.33812177,False
2026-01-26 18:30:00+00:00,RELIANCE.NS,1374.146484375,UP,3,2,1,UP,STAY,0.302843,0.37832597,0.31883106,False
2026-01-26 18:30:00+00:00,ICICIBANK.NS,1350.0186767578125,STAY,3,1,1,STAY,STAY,0.29303333,0.39327383,0.3136928,True
2026-01-26 18:30:00+00:00,INFY.NS,1647.05859375,DOWN,3,0,1,DOWN,STAY,0.24818014,0.3798097,0.3720101,False
2026-01-26 18:30:00+00:00,BHARTIARTL.NS,1948.873046875,DOWN,3,0,2,DOWN,UP,0.24188949,0.3779063,0.38020426,False
2026-01-26 18:30:00+00:00,ITC.NS,303.83154296875,UP,3,2,1,UP,STAY,0.17476158,0.4211408,0.40409765,False
2026-01-26 18:30:00+00:00,SBIN.NS,1034.5030517578125,UP,3,2,2,UP,UP,0.29614228,0.35039604,0.3534617,True
2026-01-26 18:30:00+00:00,TCS.NS,3098.762939453125,UP,3,2,1,UP,STAY,0.27682927,0.36255547,0.36061525,False
2026-01-26 18:30:00+00:00,TMPV.NS,337.7482604980469,STAY,3,1,2,STAY,UP,0.31174004,0.14916971,0.5390903,False
2026-01-26 18:30:00+00:00,LT.NS,3751.1611328125,STAY,3,1,1,STAY,STAY,0.35054305,0.4467816,0.20267537,True
2026-01-26 18:30:00+00:00,HDFCBANK.NS,911.3272094726562,UP,3,2,1,UP,STAY,0.2572114,0.44847998,0.29430863,False
2026-01-27 18:30:00+00:00,ICICIBANK.NS,1356.2659912109375,UP,3,2,0,UP,DOWN,0.37397954,0.3009634,0.32505703,False
2026-01-27 18:30:00+00:00,SBIN.NS,1044.6697998046875,STAY,3,1,1,STAY,STAY,0.28584468,0.38356638,0.33058897,True
2026-01-27 18:30:00+00:00,ITC.NS,306.2153015136719,DOWN,3,0,1,DOWN,STAY,0.21607447,0.4260666,0.3578589,False
2026-01-27 18:30:00+00:00,TMPV.NS,337.64910888671875,UP,3,2,2,UP,UP,0.31287622,0.13196208,0.5551617,True
2026-01-27 18:30:00+00:00,RELIANCE.NS,1390.2718505859375,STAY,3,1,1,STAY,STAY,0.3360882,0.37593946,0.2879723,True
2026-01-27 18:30:00+00:00,INFY.NS,1631.2017822265625,STAY,3,1,2,STAY,UP,0.2987845,0.34733915,0.35387632,False
2026-01-27 18:30:00+00:00,LT.NS,3757.301025390625,UP,3,2,1,UP,STAY,0.34075263,0.39558673,0.26366058,False
2026-01-27 18:30:00+00:00,BHARTIARTL.NS,1933.3680419921875,UP,3,2,2,UP,UP,0.27509785,0.3416142,0.383288,True
2026-01-27 18:30:00+00:00,TCS.NS,3140.073486328125,DOWN,3,0,1,DOWN,STAY,0.23352318,0.4103491,0.35612774,False
2026-01-27 18:30:00+00:00,HDFCBANK.NS,917.524658203125,STAY,3,1,1,STAY,STAY,0.2593284,0.447449,0.29322258,True
2026-01-28 18:30:00+00:00,ICICIBANK.NS,1372.0330810546875,DOWN,3,0,1,DOWN,STAY,0.27396742,0.3757036,0.35032898,False
2026-01-28 18:30:00+00:00,INFY.NS,1624.35009765625,DOWN,3,0,2,DOWN,UP,0.3063709,0.34481078,0.3488183,False
2026-01-28 18:30:00+00:00,BHARTIARTL.NS,1943.44140625,STAY,3,1,2,STAY,UP,0.2687662,0.35461316,0.37662068,False
2026-01-28 18:30:00+00:00,HDFCBANK.NS,920.2791137695312,DOWN,3,0,1,DOWN,STAY,0.27782238,0.4414109,0.2807667,False
2026-01-28 18:30:00+00:00,TMPV.NS,348.9057006835937,STAY,3,1,2,STAY,UP,0.19528687,0.22548008,0.57923305,False
2026-01-28 18:30:00+00:00,LT.NS,3894.857421875,STAY,3,1,1,STAY,STAY,0.1951665,0.6329703,0.17186327,True
2026-01-28 18:30:00+00:00,ITC.NS,303.7839050292969,UP,3,2,1,UP,STAY,0.20125009,0.4617368,0.3370131,False
2026-01-28 18:30:00+00:00,TCS.NS,3085.41796875,DOWN,3,0,0,DOWN,DOWN,0.3467796,0.32995385,0.32326654,True
2026-01-28 18:30:00+00:00,RELIANCE.NS,1384.59814453125,STAY,3,1,0,STAY,DOWN,0.35835245,0.34495202,0.29669547,False
2026-01-28 18:30:00+00:00,SBIN.NS,1047.3218994140625,UP,3,2,1,UP,STAY,0.3402593,0.34903914,0.31070152,False
2026-01-29 18:30:00+00:00,ICICIBANK.NS,1343.672119140625,STAY,3,1,0,STAY,DOWN,0.35034806,0.3224575,0.32719445,False
2026-01-29 18:30:00+00:00,TMPV.NS,347.17010498046875,UP,3,2,2,UP,UP,0.33599168,0.14291354,0.5210948,True
2026-01-29 18:30:00+00:00,ITC.NS,307.1687927246094,DOWN,3,0,1,DOWN,STAY,0.17323755,0.42895284,0.39780957,False
2026-01-29 18:30:00+00:00,HDFCBANK.NS,914.1307983398438,STAY,3,1,1,STAY,STAY,0.26135373,0.4458873,0.29275903,True
2026-01-29 18:30:00+00:00,INFY.NS,1606.241943359375,DOWN,3,0,2,DOWN,UP,0.29667282,0.34884393,0.35448322,False
2026-01-29 18:30:00+00:00,TCS.NS,3065.302734375,UP,3,2,1,UP,STAY,0.33065325,0.33726776,0.332079,False
2026-01-29 18:30:00+00:00,BHARTIARTL.NS,1944.2313232421875,STAY,3,1,0,STAY,DOWN,0.34238032,0.3423619,0.3152578,False
2026-01-29 18:30:00+00:00,SBIN.NS,1058.078125,DOWN,3,0,1,DOWN,STAY,0.3125451,0.36904195,0.31841296,False
2026-01-29 18:30:00+00:00,LT.NS,3894.263427734375,STAY,3,1,1,STAY,STAY,0.24994092,0.47608882,0.27397022,True
2026-01-29 18:30:00+00:00,RELIANCE.NS,1388.9779052734375,STAY,3,1,0,STAY,DOWN,0.4350768,0.30481339,0.2601098,False
2026-02-01 18:30:00+00:00,INFY.NS,1594.8875732421875,UP,3,2,0,UP,DOWN,0.42199066,0.30493936,0.27306998,False
2026-02-01 18:30:00+00:00,RELIANCE.NS,1384.0009765625,UP,3,2,0,UP,DOWN,0.39253995,0.31490266,0.29255733,False
2026-02-01 18:30:00+00:00,TMPV.NS,359.9143981933594,UP,3,2,2,UP,UP,0.21110123,0.2523473,0.5365515,True
2026-02-01 18:30:00+00:00,TCS.NS,3110.1455078125,UP,3,2,1,UP,STAY,0.30486304,0.41761926,0.27751765,False
2026-02-01 18:30:00+00:00,ICICIBANK.NS,1341.4906005859375,UP,3,2,2,UP,UP,0.3018017,0.33808738,0.36011088,True
2026-02-01 18:30:00+00:00,ITC.NS,300.06524658203125,UP,3,2,2,UP,UP,0.2703678,0.24481851,0.48481375,True
2026-02-01 18:30:00+00:00,SBIN.NS,1010.4859008789062,UP,3,2,2,UP,UP,0.36328635,0.2577237,0.37898993,True
2026-02-01 18:30:00+00:00,HDFCBANK.NS,912.9994506835938,UP,3,2,1,UP,STAY,0.2843059,0.43902326,0.2766708,False
2026-02-01 18:30:00+00:00,BHARTIARTL.NS,1940.972412109375,UP,3,2,1,UP,STAY,0.30870077,0.3534782,0.33782104,False
2026-02-01 18:30:00+00:00,LT.NS,3883.369873046875,UP,3,2,1,UP,STAY,0.3214867,0.47174376,0.20676947,False
2026-02-02 18:30:00+00:00,ITC.NS,301.924560546875,UP,3,2,2,UP,UP,0.2728479,0.25230634,0.4748458,True
2026-02-02 18:30:00+00:00,SBIN.NS,1045.3572998046875,STAY,3,1,2,STAY,UP,0.35223678,0.25071466,0.39704853,False
2026-02-02 18:30:00+00:00,TCS.NS,3164.80078125,DOWN,3,0,1,DOWN,STAY,0.24465702,0.41287956,0.34246337,False
2026-02-02 18:30:00+00:00,TMPV.NS,368.9891052246094,UP,3,2,0,UP,DOWN,0.5869797,0.14654818,0.2664722,False
2026-02-02 18:30:00+00:00,LT.NS,3999.733154296875,UP,3,2,1,UP,STAY,0.36493397,0.4340099,0.20105614,False
2026-02-02 18:30:00+00:00,HDFCBANK.NS,933.2643432617188,STAY,3,1,1,STAY,STAY,0.27797413,0.400954,0.32107186,True
2026-02-02 18:30:00+00:00,ICICIBANK.NS,1378.08203125,UP,3,2,2,UP,UP,0.26126772,0.3539227,0.38480955,True
2026-02-02 18:30:00+00:00,BHARTIARTL.NS,1972.4759521484373,UP,3,2,1,UP,STAY,0.28646016,0.3665618,0.34697804,False
2026-02-02 18:30:00+00:00,INFY.NS,1620.9241943359375,DOWN,3,0,2,DOWN,UP,0.28834286,0.3551683,0.35648885,False
2026-02-02 18:30:00+00:00,RELIANCE.NS,1430.4859619140625,UP,3,2,2,UP,UP,0.2925466,0.29652718,0.4109262,True
2026-02-03 18:30:00+00:00,ITC.NS,305.5264587402344,DOWN,3,0,2,DOWN,UP,0.25653952,0.27887422,0.4645863,False
2026-02-03 18:30:00+00:00,TCS.NS,2942.84375,STAY,3,1,2,STAY,UP,0.33434904,0.30427408,0.36137688,False
2026-02-03 18:30:00+00:00,INFY.NS,1503.2701416015625,DOWN,3,0,2,DOWN,UP,0.29738262,0.2180511,0.48456627,False
2026-02-03 18:30:00+00:00,HDFCBANK.NS,937.5927124023438,STAY,3,1,1,STAY,STAY,0.2320956,0.4874961,0.2804083,True
2026-02-03 18:30:00+00:00,BHARTIARTL.NS,2000.6217041015625,DOWN,3,0,1,DOWN,STAY,0.31640005,0.4158285,0.2677715,False
2026-02-03 18:30:00+00:00,RELIANCE.NS,1450.095458984375,DOWN,3,0,2,DOWN,UP,0.31636408,0.32032067,0.36331522,False
2026-02-03 18:30:00+00:00,ICICIBANK.NS,1396.625732421875,DOWN,3,0,1,DOWN,STAY,0.25215328,0.49575502,0.2520917,False
2026-02-03 18:30:00+00:00,LT.NS,4047.566162109375,DOWN,3,0,1,DOWN,STAY,0.31246868,0.47770023,0.20983107,False
2026-02-03 18:30:00+00:00,TMPV.NS,372.3611755371094,STAY,3,1,2,STAY,UP,0.3483765,0.19739896,0.4542245,False
2026-02-03 18:30:00+00:00,SBIN.NS,1049.2864990234375,STAY,3,1,2,STAY,UP,0.28878966,0.35234123,0.35886908,False
2026-02-04 18:30:00+00:00,RELIANCE.NS,1436.757080078125,UP,3,2,1,UP,STAY,0.30570936,0.37036902,0.32392162,False
2026-02-04 18:30:00+00:00,TMPV.NS,371.0718383789063,DOWN,3,0,2,DOWN,UP,0.39972496,0.19608591,0.4041891,False
2026-02-04 18:30:00+00:00,TCS.NS,2935.38623046875,DOWN,3,0,0,DOWN,DOWN,0.4040454,0.21728896,0.37866563,True
2026-02-04 18:30:00+00:00,ITC.NS,301.9732666015625,UP,3,2,2,UP,UP,0.26904443,0.26263174,0.46832383,True
2026-02-04 18:30:00+00:00,BHARTIARTL.NS,1967.6368408203125,UP,3,2,1,UP,STAY,0.34604406,0.36361796,0.29033792,False
2026-02-04 18:30:00+00:00,INFY.NS,1488.00048828125,DOWN,3,0,0,DOWN,DOWN,0.401394,0.22056784,0.3780381,True
2026-02-04 18:30:00+00:00,ICICIBANK.NS,1384.8251953125,UP,3,2,1,UP,STAY,0.337429,0.35794058,0.3046305,False
2026-02-04 18:30:00+00:00,LT.NS,4023.996337890625,STAY,3,1,1,STAY,STAY,0.40350845,0.4263759,0.1701156,True
2026-02-04 18:30:00+00:00,HDFCBANK.NS,934.248046875,DOWN,3,0,1,DOWN,STAY,0.29155707,0.40186673,0.30657616,False
2026-02-04 18:30:00+00:00,SBIN.NS,1054.49267578125,DOWN,3,0,0,DOWN,DOWN,0.35937873,0.29774362,0.3428777,True
2026-02-05 18:30:00+00:00,TCS.NS,2886.422119140625,STAY,3,1,2,STAY,UP,0.2936864,0.2071414,0.4991722,False
2026-02-05 18:30:00+00:00,RELIANCE.NS,1444.123046875,UP,3,2,1,UP,STAY,0.33189845,0.34723887,0.3208627,False
2026-02-05 18:30:00+00:00,BHARTIARTL.NS,2013.0650634765625,STAY,3,1,1,STAY,STAY,0.24493293,0.4100427,0.3450244,True
2026-02-05 18:30:00+00:00,SBIN.NS,1047.5184326171875,UP,3,2,2,UP,UP,0.34459516,0.30256695,0.3528379,True
2026-02-05 18:30:00+00:00,HDFCBANK.NS,925.7879638671876,STAY,3,1,1,STAY,STAY,0.26288816,0.4316948,0.305417,True
2026-02-05 18:30:00+00:00,LT.NS,4028.749755859375,UP,3,2,1,UP,STAY,0.41099855,0.41444322,0.17455816,False
2026-02-05 18:30:00+00:00,ITC.NS,317.1595153808594,DOWN,3,0,2,DOWN,UP,0.19319391,0.30018044,0.50662565,False
2026-02-05 18:30:00+00:00,ICICIBANK.NS,1394.344970703125,DOWN,3,0,1,DOWN,STAY,0.34857383,0.38030398,0.27112216,False
2026-02-05 18:30:00+00:00,INFY.NS,1475.177978515625,DOWN,3,0,2,DOWN,UP,0.31110585,0.19011933,0.49877486,False
2026-02-05 18:30:00+00:00,TMPV.NS,366.4601135253906,UP,3,2,2,UP,UP,0.29054275,0.2211576,0.4882997,True
2026-02-08 18:30:00+00:00,RELIANCE.NS,1454.873291015625,STAY,3,1,0,STAY,DOWN,0.35523647,0.33669296,0.30807057,False
2026-02-08 18:30:00+00:00,SBIN.NS,1125.708984375,STAY,3,1,1,STAY,STAY,0.3379947,0.3494583,0.312547,True
2026-02-08 18:30:00+00:00,TMPV.NS,374.2951049804688,UP,3,2,0,UP,DOWN,0.41606605,0.22255066,0.36138326,False
2026-02-08 18:30:00+00:00,ICICIBANK.NS,1384.626953125,UP,3,2,1,UP,STAY,0.28757954,0.39985585,0.3125646,False
2026-02-08 18:30:00+00:00,BHARTIARTL.NS,2012.8675537109373,DOWN,3,0,1,DOWN,STAY,0.27558944,0.38611695,0.33829358,False
2026-02-08 18:30:00+00:00,TCS.NS,2892.8984375,UP,3,2,2,UP,UP,0.26229677,0.30460542,0.4330978,True
2026-02-08 18:30:00+00:00,ITC.NS,314.23907470703125,STAY,3,1,2,STAY,UP,0.27680814,0.1843508,0.53884107,False
2026-02-08 18:30:00+00:00,LT.NS,4073.809814453125,UP,3,2,1,UP,STAY,0.3448668,0.47561532,0.17951784,False
2026-02-08 18:30:00+00:00,INFY.NS,1465.4876708984375,STAY,3,1,2,STAY,UP,0.23581918,0.21142758,0.5527532,False
2026-02-08 18:30:00+00:00,HDFCBANK.NS,922.0006103515624,DOWN,3,0,1,DOWN,STAY,0.27867612,0.4277428,0.29358113,False
2026-02-09 18:30:00+00:00,TMPV.NS,376.2290649414063,UP,3,2,0,UP,DOWN,0.40854046,0.24153857,0.349921,False
2026-02-09 18:30:00+00:00,TCS.NS,2928.61572265625,DOWN,3,0,2,DOWN,UP,0.30119827,0.32268015,0.37612158,False
2026-02-09 18:30:00+00:00,SBIN.NS,1123.8426513671875,UP,3,2,0,UP,DOWN,0.5030062,0.2162365,0.28075725,False
2026-02-09 18:30:00+00:00,LT.NS,4128.673828125,STAY,3,1,0,STAY,DOWN,0.4694464,0.42608887,0.1044647,False
2026-02-09 18:30:00+00:00,RELIANCE.NS,1451.7874755859375,UP,3,2,0,UP,DOWN,0.4249592,0.2842044,0.29083645,False
2026-02-09 18:30:00+00:00,HDFCBANK.NS,917.2295532226562,DOWN,3,0,1,DOWN,STAY,0.32305703,0.38096583,0.29597715,False
2026-02-09 18:30:00+00:00,BHARTIARTL.NS,1986.302001953125,STAY,3,1,1,STAY,STAY,0.29037237,0.36161345,0.3480142,True
2026-02-09 18:30:00+00:00,ITC.NS,312.876220703125,DOWN,3,0,2,DOWN,UP,0.24106301,0.2817538,0.47718322,False
2026-02-09 18:30:00+00:00,INFY.NS,1466.0750732421875,DOWN,3,0,2,DOWN,UP,0.2745703,0.2578446,0.46758518,False
2026-02-09 18:30:00+00:00,ICICIBANK.NS,1394.7415771484375,STAY,3,1,2,STAY,UP,0.29637432,0.3468574,0.35676825,False
2026-02-10 18:30:00+00:00,ITC.NS,309.80975341796875,STAY,3,1,2,STAY,UP,0.24835797,0.25037685,0.5012652,False
2026-02-10 18:30:00+00:00,TCS.NS,2855.21875,DOWN,3,0,2,DOWN,UP,0.28648525,0.22439772,0.489117,False
2026-02-10 18:30:00+00:00,BHARTIARTL.NS,1987.0919189453125,STAY,3,1,1,STAY,STAY,0.29768932,0.36304995,0.33926076,True
2026-02-10 18:30:00+00:00,ICICIBANK.NS,1394.344970703125,UP,3,2,1,UP,STAY,0.27139327,0.4153581,0.31324863,False
2026-02-10 18:30:00+00:00,TMPV.NS,381.5350646972656,STAY,3,1,2,STAY,UP,0.317095,0.3040173,0.37888768,False
2026-02-10 18:30:00+00:00,RELIANCE.NS,1461.9405517578125,DOWN,3,0,1,DOWN,STAY,0.29140294,0.4127201,0.29587695,False
2026-02-10 18:30:00+00:00,SBIN.NS,1161.9556884765625,UP,3,2,0,UP,DOWN,0.39260042,0.33444455,0.27295506,False
2026-02-10 18:30:00+00:00,LT.NS,4130.06005859375,STAY,3,1,1,STAY,STAY,0.40784013,0.4700534,0.12210651,True
2026-02-10 18:30:00+00:00,HDFCBANK.NS,912.0157470703124,DOWN,3,0,1,DOWN,STAY,0.31380245,0.43118218,0.2550154,False
2026-02-10 18:30:00+00:00,INFY.NS,1440.7236328125,DOWN,3,0,2,DOWN,UP,0.27456075,0.19748104,0.5279582,False
2026-02-11 18:30:00+00:00,BHARTIARTL.NS,1989.462158203125,STAY,3,1,1,STAY,STAY,0.3368687,0.34854016,0.3145911,True
2026-02-11 18:30:00+00:00,SBIN.NS,1171.2874755859375,UP,3,2,0,UP,DOWN,0.49096572,0.24949792,0.2595364,False
2026-02-11 18:30:00+00:00,INFY.NS,1356.64306640625,DOWN,3,0,2,DOWN,UP,0.19550462,0.23349905,0.57099634,False
2026-02-11 18:30:00+00:00,RELIANCE.NS,1442.231689453125,DOWN,3,0,1,DOWN,STAY,0.33957285,0.3426037,0.31782344,False
2026-02-11 18:30:00+00:00,HDFCBANK.NS,905.6215209960938,DOWN,3,0,1,DOWN,STAY,0.2703755,0.41819942,0.3114251,False
2026-02-11 18:30:00+00:00,TMPV.NS,380.29534912109375,DOWN,3,0,2,DOWN,UP,0.30057272,0.31104037,0.3883869,False
2026-02-11 18:30:00+00:00,ITC.NS,309.0309753417969,DOWN,3,0,2,DOWN,UP,0.2804916,0.19830173,0.5212067,False
2026-02-11 18:30:00+00:00,TCS.NS,2698.514404296875,DOWN,3,0,2,DOWN,UP,0.17734839,0.23239112,0.5902605,False
2026-02-11 18:30:00+00:00,LT.NS,4145.41015625,STAY,3,1,0,STAY,DOWN,0.45666614,0.44571173,0.0976221,False
2026-02-11 18:30:00+00:00,ICICIBANK.NS,1418.045166015625,DOWN,3,0,1,DOWN,STAY,0.23228915,0.44556105,0.32214975,False
2026-02-12 18:30:00+00:00,ICICIBANK.NS,1402.77392578125,STAY,3,1,1,STAY,STAY,0.2947404,0.40476808,0.30049157,True
2026-02-12 18:30:00+00:00,SBIN.NS,1177.377685546875,UP,3,2,0,UP,DOWN,0.41995555,0.18673512,0.3933093,False
2026-02-12 18:30:00+00:00,TMPV.NS,377.1216735839844,DOWN,3,0,2,DOWN,UP,0.24998191,0.19836749,0.5516506,False
2026-02-12 18:30:00+00:00,BHARTIARTL.NS,1979.783935546875,UP,3,2,1,UP,STAY,0.33113825,0.35464126,0.3142205,False
2026-02-12 18:30:00+00:00,HDFCBANK.NS,889.1932373046875,UP,3,2,1,UP,STAY,0.2824226,0.43133593,0.2862415,False
2026-02-12 18:30:00+00:00,TCS.NS,2641.700439453125,UP,3,2,2,UP,UP,0.20853534,0.16680028,0.62466437,True
2026-02-12 18:30:00+00:00,ITC.NS,305.4291076660156,UP,3,2,2,UP,UP,0.38285777,0.21767922,0.39946303,True
2026-02-12 18:30:00+00:00,RELIANCE.NS,1413.0665283203125,UP,3,2,0,UP,DOWN,0.41469577,0.28295454,0.3023497,False
2026-02-12 18:30:00+00:00,LT.NS,4133.5263671875,UP,3,2,0,UP,DOWN,0.4320166,0.42732155,0.14066184,False
2026-02-12 18:30:00+00:00,INFY.NS,1340.1009521484375,STAY,3,1,2,STAY,UP,0.20222807,0.23619024,0.5615817,False
2026-02-15 18:30:00+00:00,INFY.NS,1336.6751708984375,UP,3,2,2,UP,UP,0.19202799,0.28090033,0.52707165,True
2026-02-15 18:30:00+00:00,ICICIBANK.NS,1399.7989501953125,STAY,3,1,1,STAY,STAY,0.27140158,0.43593284,0.29266557,True
2026-02-15 18:30:00+00:00,TMPV.NS,374.1463317871094,UP,3,2,2,UP,UP,0.20897497,0.26353467,0.5274904,True
2026-02-15 18:30:00+00:00,LT.NS,4160.859375,UP,3,2,1,UP,STAY,0.34210467,0.4902598,0.16763546,False
2026-02-15 18:30:00+00:00,ITC.NS,309.5177307128906,UP,3,2,1,UP,STAY,0.23454686,0.4258972,0.33955592,False
2026-02-15 18:30:00+00:00,SBIN.NS,1186.70947265625,STAY,3,1,0,STAY,DOWN,0.57200307,0.25106812,0.17692882,False
2026-02-15 18:30:00+00:00,RELIANCE.NS,1430.4859619140625,DOWN,3,0,2,DOWN,UP,0.30402645,0.33839154,0.35758203,False
2026-02-15 18:30:00+00:00,TCS.NS,2655.830322265625,STAY,3,1,2,STAY,UP,0.16137506,0.33002478,0.5086002,False
2026-02-15 18:30:00+00:00,BHARTIARTL.NS,2004.177001953125,STAY,3,1,1,STAY,STAY,0.26020455,0.4370288,0.30276668,True
2026-02-15 18:30:00+00:00,HDFCBANK.NS,910.7368774414062,STAY,3,1,1,STAY,STAY,0.28825223,0.44680473,0.264943,True
2026-02-16 18:30:00+00:00,RELIANCE.NS,1416.450927734375,UP,3,2,1,UP,STAY,0.34536123,0.3962291,0.25840965,False
2026-02-16 18:30:00+00:00,INFY.NS,1361.73291015625,DOWN,3,0,2,DOWN,UP,0.21877351,0.22146387,0.55976266,False
2026-02-16 18:30:00+00:00,ITC.NS,316.8188171386719,UP,3,2,2,UP,UP,0.17666286,0.39768398,0.42565316,True
2026-02-16 18:30:00+00:00,TCS.NS,2666.427490234375,DOWN,3,0,2,DOWN,UP,0.21213312,0.31586683,0.472,False
2026-02-16 18:30:00+00:00,HDFCBANK.NS,910.6385498046876,STAY,3,1,1,STAY,STAY,0.3276898,0.4830884,0.1892218,True
2026-02-16 18:30:00+00:00,SBIN.NS,1191.9156494140625,STAY,3,1,0,STAY,DOWN,0.494229,0.33291465,0.1728563,False
2026-02-16 18:30:00+00:00,ICICIBANK.NS,1395.7332763671875,STAY,3,1,1,STAY,STAY,0.3024567,0.42548087,0.27206242,True
2026-02-16 18:30:00+00:00,BHARTIARTL.NS,1995.1900634765625,STAY,3,1,1,STAY,STAY,0.33308986,0.36476302,0.30214706,True
2026-02-16 18:30:00+00:00,LT.NS,4238.40185546875,UP,3,2,0,UP,DOWN,0.52097267,0.3981652,0.08086212,False
2026-02-16 18:30:00+00:00,TMPV.NS,379.7002868652344,STAY,3,1,2,STAY,UP,0.24844317,0.29843545,0.4531214,False
2026-02-17 18:30:00+00:00,BHARTIARTL.NS,1996.6715087890625,DOWN,3,0,1,DOWN,STAY,0.23100284,0.4045546,0.3644426,False
2026-02-17 18:30:00+00:00,RELIANCE.NS,1434.666748046875,DOWN,3,0,1,DOWN,STAY,0.2670477,0.4092527,0.32369965,False
2026-02-17 18:30:00+00:00,INFY.NS,1344.603515625,STAY,3,1,2,STAY,UP,0.21912026,0.27226257,0.5086171,False
2026-02-17 18:30:00+00:00,SBIN.NS,1197.3182373046875,DOWN,3,0,0,DOWN,DOWN,0.5740887,0.20531274,0.22059858,True
2026-02-17 18:30:00+00:00,LT.NS,4284.05615234375,DOWN,3,0,0,DOWN,DOWN,0.48761883,0.42065254,0.09172862,True
2026-02-17 18:30:00+00:00,ICICIBANK.NS,1396.4273681640625,DOWN,3,0,1,DOWN,STAY,0.2455778,0.46043268,0.29398948,False
2026-02-17 18:30:00+00:00,TMPV.NS,379.7002868652344,DOWN,3,0,2,DOWN,UP,0.22208531,0.23615293,0.54176176,False
2026-02-17 18:30:00+00:00,TCS.NS,2644.349609375,DOWN,3,0,2,DOWN,UP,0.15145664,0.31311652,0.53542686,False
2026-02-17 18:30:00+00:00,ITC.NS,323.6331787109375,DOWN,3,0,2,DOWN,UP,0.17654422,0.3240922,0.49936363,False
2026-02-17 18:30:00+00:00,HDFCBANK.NS,909.6548461914062,DOWN,3,0,1,DOWN,STAY,0.26241696,0.446152,0.291431,False
2026-02-18 18:30:00+00:00,LT.NS,4239.09521484375,UP,4,2,1,UP,STAY,0.2594322,0.47843394,0.26213384,False
2026-02-18 18:30:00+00:00,TCS.NS,2627.66845703125,STAY,4,1,2,STAY,UP,0.3150021,0.2670745,0.41792342,False
2026-02-18 18:30:00+00:00,HDFCBANK.NS,900.702880859375,STAY,4,1,1,STAY,STAY,0.24768132,0.46585193,0.28646675,True
2026-02-18 18:30:00+00:00,SBIN.NS,1184.3519287109375,UP,4,2,0,UP,DOWN,0.44375458,0.3375019,0.21874353,False
2026-02-18 18:30:00+00:00,INFY.NS,1341.471435546875,DOWN,4,0,2,DOWN,UP,0.2895115,0.20751318,0.50297534,False
2026-02-18 18:30:00+00:00,ITC.NS,317.3542175292969,STAY,4,1,2,STAY,UP,0.29753107,0.22708455,0.47538444,False
2026-02-18 18:30:00+00:00,BHARTIARTL.NS,1963.884033203125,DOWN,4,0,1,DOWN,STAY,0.30372092,0.35621473,0.34006438,False
2026-02-18 18:30:00+00:00,TMPV.NS,372.6091003417969,UP,4,2,2,UP,UP,0.3969592,0.17840026,0.42464054,True
2026-02-18 18:30:00+00:00,ICICIBANK.NS,1377.189697265625,STAY,4,1,2,STAY,UP,0.27255237,0.3567091,0.3707385,False
2026-02-18 18:30:00+00:00,RELIANCE.NS,1403.0130615234375,UP,4,2,2,UP,UP,0.34516704,0.30944595,0.34538707,True
2026-02-19 18:30:00+00:00,TCS.NS,2635.81298828125,STAY,4,1,2,STAY,UP,0.24267848,0.33111566,0.42620587,False
2026-02-19 18:30:00+00:00,LT.NS,4338.22705078125,UP,4,2,1,UP,STAY,0.23020582,0.6536882,0.116106026,False
2026-02-19 18:30:00+00:00,INFY.NS,1324.5377197265625,DOWN,4,0,2,DOWN,UP,0.2933035,0.24337988,0.4633166,False
2026-02-19 18:30:00+00:00,ITC.NS,318.32769775390625,STAY,4,1,1,STAY,STAY,0.2894924,0.45268482,0.25782272,True
2026-02-19 18:30:00+00:00,HDFCBANK.NS,897.0138549804688,UP,4,2,1,UP,STAY,0.29533604,0.41997695,0.28468695,False
2026-02-19 18:30:00+00:00,BHARTIARTL.NS,1952.8232421875,UP,4,2,0,UP,DOWN,0.34027764,0.33844578,0.32127658,False
2026-02-19 18:30:00+00:00,SBIN.NS,1194.5677490234375,UP,4,2,1,UP,STAY,0.40051183,0.4380476,0.1614405,False
2026-02-19 18:30:00+00:00,ICICIBANK.NS,1382.8419189453125,STAY,4,1,1,STAY,STAY,0.3040359,0.40505472,0.2909094,True
2026-02-19 18:30:00+00:00,RELIANCE.NS,1412.8675537109375,UP,4,2,1,UP,STAY,0.33567896,0.35378563,0.31053537,False
2026-02-19 18:30:00+00:00,TMPV.NS,374.8901672363281,UP,4,2,2,UP,UP,0.2844667,0.23126647,0.48426676,True
2026-02-22 18:30:00+00:00,LT.NS,4375.3642578125,DOWN,4,0,1,DOWN,STAY,0.32173833,0.5705356,0.10772608,False
2026-02-22 18:30:00+00:00,HDFCBANK.NS,908.5726928710938,DOWN,4,0,1,DOWN,STAY,0.26012802,0.48257366,0.2572983,False
2026-02-22 18:30:00+00:00,TMPV.NS,376.82415771484375,DOWN,4,0,2,DOWN,UP,0.34111667,0.22080384,0.43807945,False
2026-02-22 18:30:00+00:00,SBIN.NS,1206.0606689453125,STAY,4,1,0,STAY,DOWN,0.5486497,0.32586777,0.12548248,False
2026-02-22 18:30:00+00:00,BHARTIARTL.NS,1972.4759521484373,DOWN,4,0,1,DOWN,STAY,0.2765043,0.4279348,0.29556093,False
2026-02-22 18:30:00+00:00,ICICIBANK.NS,1387.7010498046875,DOWN,4,0,0,DOWN,DOWN,0.3574803,0.35573122,0.28678855,True
2026-02-22 18:30:00+00:00,TCS.NS,2626.0986328125,DOWN,4,0,2,DOWN,UP,0.31501597,0.3202474,0.36473668,False
2026-02-22 18:30:00+00:00,INFY.NS,1299.3822021484375,DOWN,4,0,2,DOWN,UP,0.2702372,0.3079657,0.4217971,False
2026-02-22 18:30:00+00:00,RELIANCE.NS,1421.4278564453125,STAY,4,1,1,STAY,STAY,0.34184596,0.39039022,0.26776382,True
2026-02-22 18:30:00+00:00,ITC.NS,316.7701416015625,DOWN,4,0,2,DOWN,UP,0.2627882,0.35220334,0.38500845,False
2026-02-23 18:30:00+00:00,ICICIBANK.NS,1373.2230224609375,UP,4,2,1,UP,STAY,0.30337715,0.3762136,0.32040924,False
2026-02-23 18:30:00+00:00,INFY.NS,1248.4835205078125,UP,4,2,2,UP,UP,0.26008224,0.2840007,0.45591703,True
2026-02-23 18:30:00+00:00,BHARTIARTL.NS,1916.8756103515625,DOWN,4,0,0,DOWN,DOWN,0.38000956,0.34715304,0.27283743,True
2026-02-23 18:30:00+00:00,HDFCBANK.NS,895.6858520507812,STAY,4,1,1,STAY,STAY,0.28844354,0.42521217,0.28634426,True
2026-02-23 18:30:00+00:00,SBIN.NS,1201.640380859375,DOWN,4,0,0,DOWN,DOWN,0.4881057,0.23865074,0.27324364,True
2026-02-23 18:30:00+00:00,TCS.NS,2525.423095703125,UP,4,2,2,UP,UP,0.25711942,0.35959503,0.3832855,True
2026-02-23 18:30:00+00:00,RELIANCE.NS,1422.2242431640625,DOWN,4,0,2,DOWN,UP,0.29940614,0.33954012,0.3610537,False
2026-02-23 18:30:00+00:00,TMPV.NS,374.4438781738281,UP,4,2,2,UP,UP,0.35594094,0.19532254,0.44873658,True
2026-02-23 18:30:00+00:00,LT.NS,4218.00146484375,UP,4,2,1,UP,STAY,0.2472805,0.5695372,0.18318228,False
2026-02-23 18:30:00+00:00,ITC.NS,314.9205322265625,DOWN,4,0,2,DOWN,UP,0.32586446,0.32788578,0.34624976,False
2026-02-24 18:30:00+00:00,SBIN.NS,1178.85107421875,UP,4,2,0,UP,DOWN,0.44187328,0.22303472,0.33509198,False
2026-02-24 18:30:00+00:00,TMPV.NS,378.70849609375,UP,4,2,2,UP,UP,0.30909145,0.23490837,0.45600015,True
2026-02-24 18:30:00+00:00,ICICIBANK.NS,1388.791748046875,STAY,4,1,1,STAY,STAY,0.31310937,0.3827693,0.30412132,True
2026-02-24 18:30:00+00:00,TCS.NS,2579.980224609375,UP,4,2,2,UP,UP,0.26619667,0.2829402,0.4508631,True
2026-02-24 18:30:00+00:00,LT.NS,4256.9208984375,STAY,4,1,1,STAY,STAY,0.23565087,0.5422307,0.22211844,True
2026-02-24 18:30:00+00:00,RELIANCE.NS,1392.063720703125,UP,4,2,2,UP,UP,0.3230665,0.32077765,0.3561559,True
2026-02-24 18:30:00+00:00,ITC.NS,311.2699890136719,STAY,4,1,2,STAY,UP,0.28909922,0.33356333,0.37733743,False
2026-02-24 18:30:00+00:00,INFY.NS,1262.7742919921875,STAY,4,1,2,STAY,UP,0.22128671,0.22864111,0.55007213,False
2026-02-24 18:30:00+00:00,BHARTIARTL.NS,1889.6187744140625,UP,4,2,2,UP,UP,0.34688628,0.30099013,0.35212353,True
2026-02-24 18:30:00+00:00,HDFCBANK.NS,892.8330078125,DOWN,4,0,1,DOWN,STAY,0.25334004,0.45338294,0.29327706,False
2026-02-25 18:30:00+00:00,HDFCBANK.NS,883.9794311523438,DOWN,4,0,1,DOWN,STAY,0.26285258,0.40056667,0.33658075,False
2026-02-25 18:30:00+00:00,TMPV.NS,388.3286743164063,DOWN,4,0,2,DOWN,UP,0.21672134,0.28929362,0.4939851,False
2026-02-25 18:30:00+00:00,ICICIBANK.NS,1393.155029296875,DOWN,4,0,2,DOWN,UP,0.29648075,0.3410376,0.36248162,False
2026-02-25 18:30:00+00:00,LT.NS,4245.037109375,STAY,4,1,1,STAY,STAY,0.26714793,0.482762,0.25009003,True
2026-02-25 18:30:00+00:00,RELIANCE.NS,1400.3255615234375,DOWN,4,0,2,DOWN,UP,0.31065238,0.33952364,0.349824,False
2026-02-25 18:30:00+00:00,ITC.NS,309.8584289550781,DOWN,4,0,2,DOWN,UP,0.31192452,0.33632433,0.35175115,False
2026-02-25 18:30:00+00:00,TCS.NS,2598.03515625,STAY,4,1,1,STAY,STAY,0.35561523,0.3987619,0.2456229,True
2026-02-25 18:30:00+00:00,SBIN.NS,1188.084716796875,DOWN,4,0,0,DOWN,DOWN,0.40250984,0.29564595,0.30184418,True
2026-02-25 18:30:00+00:00,INFY.NS,1261.7955322265625,UP,4,2,1,UP,STAY,0.28286946,0.4000019,0.3171286,False
2026-02-25 18:30:00+00:00,BHARTIARTL.NS,1905.6173095703125,DOWN,4,0,0,DOWN,DOWN,0.37103453,0.35034272,0.27862275,True
2026-02-26 18:30:00+00:00,RELIANCE.NS,1387.48486328125,DOWN,4,0,0,DOWN,DOWN,0.3469591,0.31364647,0.3393944,True
2026-02-26 18:30:00+00:00,TMPV.NS,379.5019226074219,DOWN,4,0,2,DOWN,UP,0.37430048,0.2483162,0.37738332,False
2026-02-26 18:30:00+00:00,BHARTIARTL.NS,1855.942626953125,STAY,4,1,0,STAY,DOWN,0.33759227,0.33543602,0.32697174,False
2026-02-26 18:30:00+00:00,SBIN.NS,1180.4227294921875,DOWN,4,0,0,DOWN,DOWN,0.40068322,0.2351158,0.364201,True
2026-02-26 18:30:00+00:00,INFY.NS,1272.5625,DOWN,4,0,0,DOWN,DOWN,0.38334724,0.30522445,0.31142828,True
2026-02-26 18:30:00+00:00,TCS.NS,2587.92822265625,DOWN,4,0,0,DOWN,DOWN,0.41270536,0.28333172,0.30396292,True
2026-02-26 18:30:00+00:00,ICICIBANK.NS,1367.3724365234375,STAY,4,1,1,STAY,STAY,0.26043218,0.4134169,0.32615092,True
2026-02-26 18:30:00+00:00,LT.NS,4236.91650390625,DOWN,4,0,1,DOWN,STAY,0.31654474,0.49979594,0.1836593,False
2026-02-26 18:30:00+00:00,HDFCBANK.NS,873.3060302734375,DOWN,4,0,1,DOWN,STAY,0.2818617,0.38780996,0.33032832,False
2026-02-26 18:30:00+00:00,ITC.NS,305.2830810546875,STAY,4,1,2,STAY,UP,0.33543637,0.3060502,0.3585134,False
2026-03-01 18:30:00+00:00,RELIANCE.NS,1351.75,DOWN,4,0,1,DOWN,STAY,0.30343938,0.35605437,0.3405063,False
2026-03-01 18:30:00+00:00,ICICIBANK.NS,1362.5133056640625,DOWN,4,0,1,DOWN,STAY,0.32202733,0.37575543,0.30221725,False
2026-03-01 18:30:00+00:00,TCS.NS,2564.4765625,DOWN,4,0,1,DOWN,STAY,0.3029899,0.35011873,0.3468914,False
2026-03-01 18:30:00+00:00,LT.NS,4027.36328125,DOWN,4,0,1,DOWN,STAY,0.27854386,0.49500906,0.22644703,False
2026-03-01 18:30:00+00:00,ITC.NS,306.548583984375,DOWN,4,0,2,DOWN,UP,0.24447027,0.33655563,0.41897413,False
2026-03-01 18:30:00+00:00,TMPV.NS,367.5510559082031,DOWN,4,0,2,DOWN,UP,0.29417664,0.21913314,0.48669025,False
2026-03-01 18:30:00+00:00,BHARTIARTL.NS,1849.9183349609373,UP,4,2,2,UP,UP,0.29304883,0.29943117,0.40752003,True
2026-03-01 18:30:00+00:00,SBIN.NS,1168.831787109375,DOWN,4,0,2,DOWN,UP,0.35283136,0.19913855,0.44803008,False
2026-03-01 18:30:00+00:00,HDFCBANK.NS,865.0918579101562,DOWN,4,0,1,DOWN,STAY,0.2578603,0.45782503,0.28431466,False
2026-03-01 18:30:00+00:00,INFY.NS,1261.5997314453125,UP,4,2,2,UP,UP,0.3126676,0.31058007,0.37675235,True
2026-03-03 18:30:00+00:00,RELIANCE.NS,1338.8099365234375,UP,4,2,2,UP,UP,0.2430805,0.26452222,0.49239728,True
2026-03-03 18:30:00+00:00,HDFCBANK.NS,854.5167846679688,UP,4,2,1,UP,STAY,0.24742953,0.4086498,0.34392062,False
2026-03-03 18:30:00+00:00,INFY.NS,1279.7078857421875,STAY,4,1,0,STAY,DOWN,0.39815924,0.29064456,0.31119618,False
2026-03-03 18:30:00+00:00,LT.NS,3845.044189453125,UP,4,2,0,UP,DOWN,0.38783762,0.34379,0.26837236,False
2026-03-03 18:30:00+00:00,ICICIBANK.NS,1353.9852294921875,DOWN,4,0,1,DOWN,STAY,0.30065835,0.3835935,0.31574818,False
2026-03-03 18:30:00+00:00,BHARTIARTL.NS,1882.2119140625,STAY,4,1,2,STAY,UP,0.28402305,0.3116879,0.40428904,False
2026-03-03 18:30:00+00:00,TMPV.NS,348.3106689453125,UP,4,2,2,UP,UP,0.34570822,0.20246127,0.45183054,True
2026-03-03 18:30:00+00:00,SBIN.NS,1153.704345703125,STAY,4,1,2,STAY,UP,0.3526779,0.22930022,0.4180219,False
2026-03-03 18:30:00+00:00,ITC.NS,303.6768493652344,STAY,4,1,1,STAY,STAY,0.2628313,0.38476887,0.35239986,True
2026-03-03 18:30:00+00:00,TCS.NS,2539.2587890625,STAY,4,1,0,STAY,DOWN,0.35625958,0.32567072,0.3180697,False
2026-03-04 18:30:00+00:00,LT.NS,3999.634033203125,DOWN,4,0,0,DOWN,DOWN,0.38641834,0.3386335,0.27494812,True
2026-03-04 18:30:00+00:00,ICICIBANK.NS,1346.2503662109375,DOWN,4,0,1,DOWN,STAY,0.2784287,0.43218255,0.28938872,False
2026-03-04 18:30:00+00:00,INFY.NS,1278.141845703125,STAY,4,1,2,STAY,UP,0.34093395,0.3031163,0.35594976,False
2026-03-04 18:30:00+00:00,TCS.NS,2530.427490234375,DOWN,4,0,1,DOWN,STAY,0.25821832,0.43052834,0.3112533,False
2026-03-04 18:30:00+00:00,HDFCBANK.NS,863.4686889648438,DOWN,4,0,1,DOWN,STAY,0.2834129,0.42982468,0.28676248,False
2026-03-04 18:30:00+00:00,TMPV.NS,352.2281494140625,DOWN,4,0,2,DOWN,UP,0.3160275,0.18343152,0.500541,False
2026-03-04 18:30:00+00:00,ITC.NS,303.23876953125,DOWN,4,0,1,DOWN,STAY,0.2673781,0.37045467,0.36216724,False
2026-03-04 18:30:00+00:00,BHARTIARTL.NS,1883.2982177734373,DOWN,4,0,2,DOWN,UP,0.27763104,0.21002121,0.51234776,False
2026-03-04 18:30:00+00:00,RELIANCE.NS,1383.005615234375,UP,4,2,2,UP,UP,0.26009908,0.26889813,0.47100285,True
2026-03-04 18:30:00+00:00,SBIN.NS,1148.79296875,DOWN,4,0,2,DOWN,UP,0.3569747,0.25609806,0.38692728,False
2026-03-05 18:30:00+00:00,LT.NS,3911.593994140625,DOWN,4,0,2,DOWN,UP,0.3251495,0.3242974,0.35055307,False
2026-03-05 18:30:00+00:00,TMPV.NS,347.8643493652344,DOWN,4,0,2,DOWN,UP,0.26799774,0.24548294,0.48651934,False
2026-03-05 18:30:00+00:00,RELIANCE.NS,1398.334716796875,UP,4,2,2,UP,UP,0.29747808,0.24713571,0.45538625,True
2026-03-05 18:30:00+00:00,BHARTIARTL.NS,1847.5482177734373,STAY,4,1,2,STAY,UP,0.3454597,0.22594859,0.42859167,False
2026-03-05 18:30:00+00:00,ICICIBANK.NS,1302.419921875,DOWN,4,0,0,DOWN,DOWN,0.3644495,0.30156723,0.33398324,True
2026-03-05 18:30:00+00:00,TCS.NS,2509.625244140625,DOWN,4,0,1,DOWN,STAY,0.29760286,0.36054316,0.34185395,False
2026-03-05 18:30:00+00:00,SBIN.NS,1122.7620849609375,DOWN,4,0,2,DOWN,UP,0.35301957,0.24442989,0.40255058,False
2026-03-05 18:30:00+00:00,INFY.NS,1280.686767578125,UP,4,2,0,UP,DOWN,0.4496966,0.3128312,0.23747227,False
2026-03-05 18:30:00+00:00,ITC.NS,301.48651123046875,DOWN,4,0,2,DOWN,UP,0.2883615,0.29347646,0.41816202,False
2026-03-05 18:30:00+00:00,HDFCBANK.NS,843.10546875,DOWN,4,0,0,DOWN,DOWN,0.34201324,0.33359826,0.32438847,True
2026-03-08 18:30:00+00:00,ITC.NS,297.8846435546875,UP,4,2,2,UP,UP,0.28249148,0.29069448,0.4268141,True
2026-03-08 18:30:00+00:00,RELIANCE.NS,1417.4462890625,DOWN,4,0,2,DOWN,UP,0.31306908,0.29972643,0.38720453,False
2026-03-08 18:30:00+00:00,HDFCBANK.NS,827.0215454101562,UP,4,2,2,UP,UP,0.27615535,0.27445698,0.44938767,True
2026-03-08 18:30:00+00:00,BHARTIARTL.NS,1843.4990234375,DOWN,4,0,2,DOWN,UP,0.28771552,0.23521715,0.4770673,False
2026-03-08 18:30:00+00:00,INFY.NS,1287.14697265625,DOWN,4,0,0,DOWN,DOWN,0.48512328,0.28639987,0.2284768,True
2026-03-08 18:30:00+00:00,TCS.NS,2479.99169921875,DOWN,4,0,1,DOWN,STAY,0.28939986,0.3605593,0.35004085,False
2026-03-08 18:30:00+00:00,ICICIBANK.NS,1267.7125244140625,UP,4,2,2,UP,UP,0.275626,0.23751138,0.48686263,True
2026-03-08 18:30:00+00:00,LT.NS,3804.93603515625,UP,4,2,1,UP,STAY,0.3255058,0.3564782,0.318016,False
2026-03-08 18:30:00+00:00,TMPV.NS,329.26861572265625,UP,4,2,2,UP,UP,0.34404638,0.20973015,0.44622344,True
2026-03-08 18:30:00+00:00,SBIN.NS,1079.050048828125,UP,4,2,2,UP,UP,0.39150864,0.14393204,0.46455932,True
2026-03-09 18:30:00+00:00,BHARTIARTL.NS,1827.4017333984373,DOWN,4,0,2,DOWN,UP,0.29722476,0.28069267,0.4220826,False
2026-03-09 18:30:00+00:00,TMPV.NS,342.36004638671875,DOWN,4,0,2,DOWN,UP,0.33144093,0.20464815,0.4639109,False
2026-03-09 18:30:00+00:00,ICICIBANK.NS,1300.9324951171875,DOWN,4,0,0,DOWN,DOWN,0.39490283,0.2735067,0.33159053,True
2026-03-09 18:30:00+00:00,SBIN.NS,1092.5074462890625,DOWN,4,0,2,DOWN,UP,0.33318764,0.18283284,0.48397958,False
2026-03-09 18:30:00+00:00,TCS.NS,2465.9599609375,DOWN,4,0,2,DOWN,UP,0.3028879,0.34051785,0.3565943,False
2026-03-09 18:30:00+00:00,ITC.NS,300.8537292480469,STAY,4,1,1,STAY,STAY,0.2915329,0.40811762,0.30034944,True
2026-03-09 18:30:00+00:00,RELIANCE.NS,1402.3162841796875,DOWN,4,0,2,DOWN,UP,0.2686606,0.30507034,0.42626902,False
2026-03-09 18:30:00+00:00,HDFCBANK.NS,835.629150390625,DOWN,4,0,1,DOWN,STAY,0.26205438,0.46007273,0.27787292,False
2026-03-09 18:30:00+00:00,INFY.NS,1268.1578369140625,DOWN,4,0,0,DOWN,DOWN,0.5087717,0.25297078,0.23825753,True
2026-03-09 18:30:00+00:00,LT.NS,3838.5078125,DOWN,4,0,2,DOWN,UP,0.34218565,0.27906206,0.37875232,False
2026-03-10 18:30:00+00:00,BHARTIARTL.NS,1784.5411376953125,STAY,4,1,2,STAY,UP,0.31400076,0.2966827,0.38931662,False
2026-03-10 18:30:00+00:00,HDFCBANK.NS,820.38134765625,STAY,4,1,2,STAY,UP,0.32487842,0.2838395,0.39128205,False
2026-03-10 18:30:00+00:00,RELIANCE.NS,1383.8017578125,STAY,4,1,2,STAY,UP,0.33405048,0.2423205,0.42362908,False
2026-03-10 18:30:00+00:00,ITC.NS,300.8050842285156,DOWN,4,0,1,DOWN,STAY,0.3121125,0.34538996,0.34249756,False
2026-03-10 18:30:00+00:00,ICICIBANK.NS,1283.777099609375,DOWN,4,0,2,DOWN,UP,0.3232079,0.26142886,0.41536316,False
2026-03-10 18:30:00+00:00,LT.NS,3801.667724609375,DOWN,4,0,2,DOWN,UP,0.24068065,0.292003,0.46731636,False
2026-03-10 18:30:00+00:00,SBIN.NS,1071.781005859375,DOWN,4,0,2,DOWN,UP,0.24678825,0.1456275,0.60758424,False
2026-03-10 18:30:00+00:00,TCS.NS,2418.6640625,DOWN,4,0,1,DOWN,STAY,0.1662231,0.42467338,0.40910354,False
2026-03-10 18:30:00+00:00,INFY.NS,1249.2667236328125,DOWN,4,0,1,DOWN,STAY,0.30301178,0.3652432,0.33174497,False
2026-03-10 18:30:00+00:00,TMPV.NS,332.591064453125,DOWN,4,0,2,DOWN,UP,0.36324015,0.1555093,0.48125055,False
2026-03-11 18:30:00+00:00,RELIANCE.NS,1385.7926025390625,DOWN,4,0,2,DOWN,UP,0.37112096,0.22117065,0.4077084,False
2026-03-11 18:30:00+00:00,ICICIBANK.NS,1255.9119873046875,DOWN,4,0,2,DOWN,UP,0.25858805,0.2433854,0.49802655,False
2026-03-11 18:30:00+00:00,LT.NS,3683.521728515625,DOWN,4,0,1,DOWN,STAY,0.23766916,0.43325275,0.32907808,False
2026-03-11 18:30:00+00:00,ITC.NS,296.0350341796875,DOWN,4,0,2,DOWN,UP,0.25262493,0.3216084,0.4257667,False
2026-03-11 18:30:00+00:00,INFY.NS,1238.9891357421875,DOWN,4,0,0,DOWN,DOWN,0.3815532,0.32737035,0.29107642,True
2026-03-11 18:30:00+00:00,TMPV.NS,321.8799133300781,DOWN,4,0,2,DOWN,UP,0.2927988,0.2894832,0.41771808,False
2026-03-11 18:30:00+00:00,SBIN.NS,1065.9854736328125,DOWN,4,0,2,DOWN,UP,0.30423233,0.18366738,0.5121003,False
2026-03-11 18:30:00+00:00,HDFCBANK.NS,819.2008666992188,DOWN,4,0,1,DOWN,STAY,0.30339968,0.34946528,0.34713504,False
2026-03-11 18:30:00+00:00,TCS.NS,2396.5859375,DOWN,4,0,1,DOWN,STAY,0.2384626,0.39962575,0.36191165,False
2026-03-11 18:30:00+00:00,BHARTIARTL.NS,1778.9119873046875,STAY,4,1,2,STAY,UP,0.38243216,0.23402503,0.38354284,False
2026-03-12 18:30:00+00:00,TCS.NS,2365.284423828125,STAY,4,1,1,STAY,STAY,0.19303966,0.40385213,0.40310824,True
2026-03-12 18:30:00+00:00,SBIN.NS,1028.4619140625,UP,4,2,2,UP,UP,0.31195444,0.14805487,0.53999066,True
2026-03-12 18:30:00+00:00,BHARTIARTL.NS,1780.98583984375,DOWN,4,0,2,DOWN,UP,0.33636597,0.26453954,0.39909446,False
2026-03-12 18:30:00+00:00,HDFCBANK.NS,803.7071533203125,UP,4,2,2,UP,UP,0.2560454,0.24181946,0.50213516,True
2026-03-12 18:30:00+00:00,ITC.NS,293.455322265625,UP,4,2,2,UP,UP,0.26257777,0.33767548,0.39974678,True
2026-03-12 18:30:00+00:00,TMPV.NS,311.5158996582031,STAY,4,1,2,STAY,UP,0.26729673,0.3091857,0.42351753,False
2026-03-12 18:30:00+00:00,LT.NS,3405.73486328125,UP,4,2,2,UP,UP,0.24124162,0.3147627,0.44399565,True
2026-03-12 18:30:00+00:00,INFY.NS,1221.8597412109375,STAY,4,1,1,STAY,STAY,0.28016567,0.36555886,0.3542755,True
2026-03-12 18:30:00+00:00,RELIANCE.NS,1374.3455810546875,UP,4,2,2,UP,UP,0.35408446,0.269234,0.37668154,True
2026-03-12 18:30:00+00:00,ICICIBANK.NS,1244.3099365234375,UP,4,2,2,UP,UP,0.25191557,0.28836134,0.45972311,True
2026-03-15 18:30:00+00:00,INFY.NS,1223.3280029296875,DOWN,4,0,0,DOWN,DOWN,0.4155472,0.28115988,0.30329293,True
2026-03-15 18:30:00+00:00,RELIANCE.NS,1388.6793212890625,STAY,4,1,2,STAY,UP,0.31810433,0.26264137,0.4192543,False
2026-03-15 18:30:00+00:00,TMPV.NS,311.8134155273437,UP,4,2,2,UP,UP,0.3037222,0.20072994,0.49554783,True
2026-03-15 18:30:00+00:00,HDFCBANK.NS,826.9231567382812,UP,4,2,2,UP,UP,0.30842018,0.29378504,0.3977948,True
2026-03-15 18:30:00+00:00,BHARTIARTL.NS,1766.5673828125,UP,4,2,2,UP,UP,0.32684958,0.27888033,0.39427006,True
2026-03-15 18:30:00+00:00,SBIN.NS,1047.8131103515625,STAY,4,1,2,STAY,UP,0.31999207,0.17108916,0.50891876,False
2026-03-15 18:30:00+00:00,ITC.NS,300.0749816894531,DOWN,4,0,2,DOWN,UP,0.2698987,0.3322887,0.39781255,False
2026-03-15 18:30:00+00:00,TCS.NS,2364.0087890625,DOWN,4,0,2,DOWN,UP,0.18892778,0.27845612,0.53261614,False
2026-03-15 18:30:00+00:00,ICICIBANK.NS,1262.258544921875,UP,4,2,2,UP,UP,0.24951106,0.26187304,0.48861587,True
2026-03-15 18:30:00+00:00,LT.NS,3435.8408203125,UP,4,2,2,UP,UP,0.24684906,0.25727347,0.49587744,True
2026-03-16 18:30:00+00:00,INFY.NS,1206.785888671875,UP,4,2,0,UP,DOWN,0.36459184,0.2712572,0.36415094,False
2026-03-16 18:30:00+00:00,SBIN.NS,1045.8485107421875,STAY,4,1,2,STAY,UP,0.32541376,0.21420173,0.46038455,False
2026-03-16 18:30:00+00:00,TCS.NS,2346.837158203125,UP,4,2,2,UP,UP,0.19594216,0.32960305,0.47445476,True
2026-03-16 18:30:00+00:00,ITC.NS,296.76513671875,STAY,4,1,2,STAY,UP,0.2706838,0.34641853,0.38289768,False
2026-03-16 18:30:00+00:00,TMPV.NS,316.5739440917969,UP,4,2,2,UP,UP,0.2192055,0.34364906,0.43714547,True
2026-03-16 18:30:00+00:00,BHARTIARTL.NS,1804.2926025390625,UP,4,2,2,UP,UP,0.30651546,0.2635253,0.42995924,True
2026-03-16 18:30:00+00:00,HDFCBANK.NS,831.5958251953125,STAY,4,1,2,STAY,UP,0.2506041,0.32124916,0.42814678,False
2026-03-16 18:30:00+00:00,LT.NS,3508.531005859375,UP,4,2,2,UP,UP,0.1731708,0.31379306,0.5130361,True
2026-03-16 18:30:00+00:00,RELIANCE.NS,1391.167724609375,UP,4,2,2,UP,UP,0.31549972,0.27112302,0.41337729,True
2026-03-16 18:30:00+00:00,ICICIBANK.NS,1277.9263916015625,STAY,4,1,0,STAY,DOWN,0.4036776,0.32046375,0.2758587,False
2026-03-17 18:30:00+00:00,HDFCBANK.NS,829.333251953125,DOWN,4,0,1,DOWN,STAY,0.3268269,0.3444063,0.3287668,False
2026-03-17 18:30:00+00:00,ITC.NS,295.986328125,DOWN,4,0,2,DOWN,UP,0.28240693,0.32490814,0.3926849,False
2026-03-17 18:30:00+00:00,LT.NS,3573.001220703125,DOWN,4,0,2,DOWN,UP,0.22351862,0.37119758,0.4052838,False
2026-03-17 18:30:00+00:00,RELIANCE.NS,1401.6195068359375,DOWN,4,0,2,DOWN,UP,0.29404134,0.33040148,0.3755572,False
2026-03-17 18:30:00+00:00,TMPV.NS,322.0782775878906,DOWN,4,0,0,DOWN,DOWN,0.35942113,0.34264728,0.2979316,True
2026-03-17 18:30:00+00:00,SBIN.NS,1050.8582763671875,DOWN,4,0,2,DOWN,UP,0.30661198,0.24077295,0.4526151,False
2026-03-17 18:30:00+00:00,BHARTIARTL.NS,1832.339599609375,DOWN,4,0,1,DOWN,STAY,0.32774583,0.33857045,0.3336838,False
2026-03-17 18:30:00+00:00,TCS.NS,2395.01611328125,DOWN,4,0,1,DOWN,STAY,0.3195457,0.3823197,0.29813465,False
2026-03-17 18:30:00+00:00,INFY.NS,1240.261474609375,DOWN,4,0,0,DOWN,DOWN,0.36734018,0.27086928,0.36179057,True
2026-03-17 18:30:00+00:00,ICICIBANK.NS,1278.521484375,DOWN,4,0,0,DOWN,DOWN,0.39568385,0.32331595,0.2810002,True
2026-03-18 18:30:00+00:00,ITC.NS,290.0968017578125,UP,4,2,2,UP,UP,0.25197256,0.31793943,0.430088,True
2026-03-18 18:30:00+00:00,SBIN.NS,1030.3282470703125,UP,4,2,2,UP,UP,0.36574998,0.17692438,0.45732564,True
2026-03-18 18:30:00+00:00,RELIANCE.NS,1378.4267578125,UP,4,2,2,UP,UP,0.31717783,0.30102158,0.38180053,True
2026-03-18 18:30:00+00:00,INFY.NS,1194.9422607421875,UP,4,2,0,UP,DOWN,0.40322983,0.22435074,0.37241948,False
2026-03-18 18:30:00+00:00,LT.NS,3401.278564453125,STAY,4,1,2,STAY,UP,0.24540307,0.2914824,0.4631145,False
2026-03-18 18:30:00+00:00,TCS.NS,2311.806640625,UP,4,2,1,UP,STAY,0.26471126,0.38452572,0.35076302,False
2026-03-18 18:30:00+00:00,BHARTIARTL.NS,1804.2926025390625,UP,4,2,0,UP,DOWN,0.4137724,0.25699756,0.32923007,False
2026-03-18 18:30:00+00:00,HDFCBANK.NS,785.2130126953125,DOWN,4,0,2,DOWN,UP,0.2899161,0.30552146,0.4045624,False
2026-03-18 18:30:00+00:00,TMPV.NS,306.75537109375,UP,4,2,2,UP,UP,0.37518507,0.24386553,0.3809494,True
2026-03-18 18:30:00+00:00,ICICIBANK.NS,1239.6490478515625,STAY,4,1,2,STAY,UP,0.2607235,0.22721396,0.5120625,False
2026-03-19 18:30:00+00:00,HDFCBANK.NS,767.7518310546875,DOWN,4,0,2,DOWN,UP,0.27833116,0.19481741,0.5268515,False
2026-03-19 18:30:00+00:00,TMPV.NS,311.5158996582031,DOWN,4,0,2,DOWN,UP,0.31102902,0.24349184,0.44547912,False
2026-03-19 18:30:00+00:00,ICICIBANK.NS,1234.9884033203125,DOWN,4,0,2,DOWN,UP,0.3434272,0.24389026,0.41268253,False
2026-03-19 18:30:00+00:00,SBIN.NS,1039.26708984375,DOWN,4,0,2,DOWN,UP,0.3305519,0.31480864,0.35463947,False
2026-03-19 18:30:00+00:00,RELIANCE.NS,1407.8905029296875,STAY,4,1,2,STAY,UP,0.26712018,0.30030409,0.43257573,False
2026-03-19 18:30:00+00:00,BHARTIARTL.NS,1823.1551513671875,DOWN,4,0,2,DOWN,UP,0.334857,0.31647572,0.34866726,False
2026-03-19 18:30:00+00:00,LT.NS,3401.57568359375,DOWN,4,0,2,DOWN,UP,0.21335834,0.23045832,0.5561834,False
2026-03-19 18:30:00+00:00,INFY.NS,1229.2987060546875,STAY,4,1,0,STAY,DOWN,0.41810468,0.20196219,0.37993312,False
2026-03-19 18:30:00+00:00,TCS.NS,2345.7578125,STAY,4,1,2,STAY,UP,0.31245512,0.28505874,0.40248615,False
2026-03-19 18:30:00+00:00,ITC.NS,291.9950866699219,DOWN,4,0,2,DOWN,UP,0.2236954,0.37364873,0.40265584,False
2026-03-22 18:30:00+00:00,TMPV.NS,302.7386779785156,UP,4,2,1,UP,STAY,0.28128472,0.3960712,0.32264408,False
2026-03-22 18:30:00+00:00,BHARTIARTL.NS,1773.5791015625,STAY,4,1,0,STAY,DOWN,0.44375333,0.20810302,0.34814367,False
2026-03-22 18:30:00+00:00,INFY.NS,1230.1796875,UP,4,2,2,UP,UP,0.3684579,0.2416071,0.38993502,True
2026-03-22 18:30:00+00:00,LT.NS,3310.0693359375,UP,4,2,2,UP,UP,0.15013397,0.38838923,0.46147686,True
2026-03-22 18:30:00+00:00,HDFCBANK.NS,732.04248046875,UP,4,2,2,UP,UP,0.23990385,0.28875133,0.47134483,True
2026-03-22 18:30:00+00:00,RELIANCE.NS,1401.3209228515625,STAY,4,1,2,STAY,UP,0.29084367,0.30067176,0.40848464,False
2026-03-22 18:30:00+00:00,TCS.NS,2339.085205078125,UP,4,2,2,UP,UP,0.30590397,0.33914438,0.3549516,True
2026-03-22 18:30:00+00:00,ICICIBANK.NS,1212.4781494140625,UP,4,2,1,UP,STAY,0.27107096,0.3772457,0.35168338,False
2026-03-22 18:30:00+00:00,SBIN.NS,1013.6292724609376,STAY,4,1,2,STAY,UP,0.32029212,0.31692386,0.362784,False
2026-03-22 18:30:00+00:00,ITC.NS,282.7470397949219,STAY,4,1,2,STAY,UP,0.2798541,0.2131966,0.5069493,False
2026-03-23 18:30:00+00:00,ICICIBANK.NS,1240.7398681640625,UP,4,2,2,UP,UP,0.33307242,0.30970913,0.3572184,True
2026-03-23 18:30:00+00:00,HDFCBANK.NS,752.454833984375,UP,4,2,2,UP,UP,0.27579558,0.31406415,0.4101403,True
2026-03-23 18:30:00+00:00,TCS.NS,2353.803955078125,DOWN,4,0,0,DOWN,DOWN,0.3599187,0.33230475,0.30777648,True
2026-03-23 18:30:00+00:00,TMPV.NS,308.6397399902344,UP,4,2,1,UP,STAY,0.2726092,0.39238128,0.3350095,False
2026-03-23 18:30:00+00:00,ITC.NS,283.5258178710937,UP,4,2,2,UP,UP,0.27939066,0.19642025,0.52418905,True
2026-03-23 18:30:00+00:00,LT.NS,3482.782470703125,UP,4,2,2,UP,UP,0.27205524,0.30481973,0.42312503,True
2026-03-23 18:30:00+00:00,BHARTIARTL.NS,1779.7020263671875,UP,4,2,2,UP,UP,0.37815195,0.22807379,0.39377427,True
2026-03-23 18:30:00+00:00,INFY.NS,1251.224365234375,STAY,4,1,2,STAY,UP,0.36076385,0.27482376,0.36441243,False
2026-03-23 18:30:00+00:00,RELIANCE.NS,1405.302490234375,STAY,4,1,1,STAY,STAY,0.33283907,0.3527798,0.31438106,True
2026-03-23 18:30:00+00:00,SBIN.NS,1012.5487670898438,UP,4,2,0,UP,DOWN,0.37723127,0.25013328,0.37263542,False
2026-03-24 18:30:00+00:00,TMPV.NS,315.334228515625,DOWN,4,0,0,DOWN,DOWN,0.46742952,0.2796766,0.25289392,True
2026-03-24 18:30:00+00:00,ITC.NS,287.8578186035156,STAY,4,1,2,STAY,UP,0.35424784,0.2503863,0.3953659,False
2026-03-24 18:30:00+00:00,HDFCBANK.NS,769.5717163085938,DOWN,4,0,0,DOWN,DOWN,0.4509838,0.27016342,0.2788528,True
2026-03-24 18:30:00+00:00,INFY.NS,1252.00732421875,DOWN,4,0,0,DOWN,DOWN,0.387094,0.24874942,0.36415657,True
2026-03-24 18:30:00+00:00,ICICIBANK.NS,1249.1688232421875,DOWN,4,0,0,DOWN,DOWN,0.38669845,0.2934187,0.3198828,True
2026-03-24 18:30:00+00:00,SBIN.NS,1041.821044921875,DOWN,4,0,0,DOWN,DOWN,0.40071914,0.20966919,0.38961166,True
2026-03-24 18:30:00+00:00,TCS.NS,2332.80517578125,UP,4,2,1,UP,STAY,0.25744522,0.38798973,0.35456505,False
2026-03-24 18:30:00+00:00,RELIANCE.NS,1406.596435546875,DOWN,4,0,1,DOWN,STAY,0.32607314,0.37224728,0.30167958,False
2026-03-24 18:30:00+00:00,BHARTIARTL.NS,1812.0943603515625,STAY,4,1,2,STAY,UP,0.29216328,0.27651665,0.43132004,False
2026-03-24 18:30:00+00:00,LT.NS,3614.000732421875,DOWN,4,0,1,DOWN,STAY,0.36831555,0.3983812,0.23330328,False
2026-03-26 18:30:00+00:00,HDFCBANK.NS,743.8963623046875,DOWN,4,0,0,DOWN,DOWN,0.37522992,0.28445926,0.34031078,True
2026-03-26 18:30:00+00:00,TMPV.NS,300.70556640625,DOWN,4,0,2,DOWN,UP,0.35344487,0.27966323,0.36689192,False
2026-03-26 18:30:00+00:00,LT.NS,3529.625,DOWN,4,0,2,DOWN,UP,0.2535272,0.36572164,0.3807512,False
2026-03-26 18:30:00+00:00,BHARTIARTL.NS,1820.9825439453125,DOWN,4,0,2,DOWN,UP,0.3075005,0.26193443,0.43056506,False
2026-03-26 18:30:00+00:00,SBIN.NS,1001.4487915039062,DOWN,4,0,2,DOWN,UP,0.37918144,0.1613787,0.45943978,False
2026-03-26 18:30:00+00:00,ITC.NS,286.88433837890625,DOWN,4,0,2,DOWN,UP,0.35674864,0.2377732,0.4054782,False
2026-03-26 18:30:00+00:00,ICICIBANK.NS,1223.4854736328125,DOWN,4,0,2,DOWN,UP,0.35942912,0.22560418,0.41496667,False
2026-03-26 18:30:00+00:00,INFY.NS,1242.806396484375,DOWN,4,0,2,DOWN,UP,0.33761585,0.2331778,0.4292064,False
2026-03-26 18:30:00+00:00,TCS.NS,2344.97265625,DOWN,4,0,2,DOWN,UP,0.24998306,0.32643637,0.42358056,False
2026-03-26 18:30:00+00:00,RELIANCE.NS,1341.8956298828125,STAY,4,1,2,STAY,UP,0.34238526,0.24521351,0.41240123,False
2026-03-29 18:30:00+00:00,SBIN.NS,962.058837890625,UP,4,2,2,UP,UP,0.26984087,0.26404876,0.46611044,True
2026-03-29 18:30:00+00:00,TMPV.NS,293.7631530761719,UP,4,2,2,UP,UP,0.2029462,0.31752363,0.47953022,True
2026-03-29 18:30:00+00:00,INFY.NS,1224.1109619140625,UP,4,2,0,UP,DOWN,0.4361027,0.20225538,0.36164197,False
2026-03-29 18:30:00+00:00,HDFCBANK.NS,719.6473999023438,UP,4,2,0,UP,DOWN,0.38996255,0.26989958,0.3401378,False
2026-03-29 18:30:00+00:00,TCS.NS,2314.652099609375,UP,4,2,2,UP,UP,0.3242578,0.30534765,0.37039453,True
2026-03-29 18:30:00+00:00,LT.NS,3470.205322265625,UP,4,2,2,UP,UP,0.27523878,0.3618838,0.36287746,True
2026-03-29 18:30:00+00:00,RELIANCE.NS,1337.7149658203125,UP,4,2,2,UP,UP,0.33608276,0.22128926,0.44262797,True
2026-03-29 18:30:00+00:00,BHARTIARTL.NS,1760.2469482421875,STAY,4,1,2,STAY,UP,0.32404536,0.21415141,0.4618032,False
2026-03-29 18:30:00+00:00,ITC.NS,280.0699768066406,UP,4,2,2,UP,UP,0.27523297,0.21307018,0.5116969,True
2026-03-29 18:30:00+00:00,ICICIBANK.NS,1195.8187255859375,UP,4,2,2,UP,UP,0.35705793,0.22730598,0.4156361,True
2026-03-31 18:30:00+00:00,HDFCBANK.NS,730.17333984375,UP,4,2,2,UP,UP,0.28928474,0.35402882,0.35668647,True
2026-03-31 18:30:00+00:00,LT.NS,3572.60498046875,STAY,4,1,1,STAY,STAY,0.36276996,0.4444949,0.19273515,True
2026-03-31 18:30:00+00:00,TCS.NS,2363.02734375,UP,4,2,2,UP,UP,0.28028417,0.25881916,0.46089673,True
2026-03-31 18:30:00+00:00,SBIN.NS,999.7789306640624,STAY,4,1,2,STAY,UP,0.32453388,0.2749126,0.40055355,False
2026-03-31 18:30:00+00:00,BHARTIARTL.NS,1759.7530517578125,STAY,4,1,2,STAY,UP,0.35256305,0.18050672,0.46693018,False
2026-03-31 18:30:00+00:00,ITC.NS,283.9638977050781,STAY,4,1,1,STAY,STAY,0.2769253,0.37134972,0.35172498,True
2026-03-31 18:30:00+00:00,TMPV.NS,300.4576416015625,STAY,4,1,2,STAY,UP,0.30254275,0.28440824,0.41304904,False
2026-03-31 18:30:00+00:00,ICICIBANK.NS,1202.561767578125,STAY,4,1,2,STAY,UP,0.33009115,0.25845373,0.4114551,False
2026-03-31 18:30:00+00:00,RELIANCE.NS,1362.8984375,DOWN,4,0,2,DOWN,UP,0.3462571,0.26438028,0.3893626,False
2026-03-31 18:30:00+00:00,INFY.NS,1248.6793212890625,UP,4,2,2,UP,UP,0.30941778,0.27453762,0.4160446,True
2026-04-01 18:30:00+00:00,ICICIBANK.NS,1205.635986328125,UP,4,2,0,UP,DOWN,0.39026853,0.26352638,0.3462051,False
2026-04-01 18:30:00+00:00,RELIANCE.NS,1344.2845458984375,DOWN,4,0,2,DOWN,UP,0.31267577,0.25690195,0.43042228,False
2026-04-01 18:30:00+00:00,ITC.NS,285.0834045410156,UP,4,2,2,UP,UP,0.3464679,0.27184013,0.38169193,True
2026-04-01 18:30:00+00:00,TCS.NS,2404.730224609375,UP,4,2,1,UP,STAY,0.25119865,0.40734887,0.3414525,False
2026-04-01 18:30:00+00:00,BHARTIARTL.NS,1767.4560546875,STAY,4,1,0,STAY,DOWN,0.40438455,0.22271091,0.37290448,False
2026-04-01 18:30:00+00:00,INFY.NS,1273.247802734375,STAY,4,1,0,STAY,DOWN,0.38500622,0.2758796,0.33911413,False
2026-04-01 18:30:00+00:00,HDFCBANK.NS,738.6826171875,UP,4,2,1,UP,STAY,0.26919878,0.39230257,0.33849865,False
2026-04-01 18:30:00+00:00,TMPV.NS,300.8047180175781,UP,4,2,2,UP,UP,0.30017248,0.32856628,0.37126127,True
2026-04-01 18:30:00+00:00,SBIN.NS,1000.3683471679688,UP,4,2,0,UP,DOWN,0.3904969,0.27200484,0.33749828,False
2026-04-01 18:30:00+00:00,LT.NS,3578.151123046875,UP,4,2,1,UP,STAY,0.19810899,0.49202406,0.30986696,False
2026-04-05 18:30:00+00:00,LT.NS,3691.642333984375,STAY,4,1,1,STAY,STAY,0.16983372,0.57981926,0.250347,True
2026-04-05 18:30:00+00:00,ITC.NS,287.0303649902344,UP,4,2,1,UP,STAY,0.3044657,0.3858049,0.30972937,False
2026-04-05 18:30:00+00:00,HDFCBANK.NS,758.45556640625,STAY,4,1,1,STAY,STAY,0.313233,0.42860866,0.2581584,True
2026-04-05 18:30:00+00:00,INFY.NS,1278.5333251953125,UP,4,2,1,UP,STAY,0.2599788,0.40816122,0.33185992,False
2026-04-05 18:30:00+00:00,TCS.NS,2427.4951171875,UP,4,2,2,UP,UP,0.22848468,0.37657484,0.3949405,True
2026-04-05 18:30:00+00:00,TMPV.NS,304.8710021972656,STAY,4,1,2,STAY,UP,0.30344823,0.30949017,0.38706157,False
2026-04-05 18:30:00+00:00,BHARTIARTL.NS,1770.5177001953125,UP,4,2,2,UP,UP,0.31519204,0.301862,0.38294595,True
2026-04-05 18:30:00+00:00,RELIANCE.NS,1298.6953125,STAY,4,1,2,STAY,UP,0.3227112,0.24243651,0.43485236,False
2026-04-05 18:30:00+00:00,SBIN.NS,1014.4642333984376,STAY,4,1,1,STAY,STAY,0.32399997,0.34230417,0.3336959,True
2026-04-05 18:30:00+00:00,ICICIBANK.NS,1221.10546875,UP,4,2,0,UP,DOWN,0.34629598,0.3205513,0.33315274,False
2026-04-06 18:30:00+00:00,TMPV.NS,306.1603088378906,UP,4,2,0,UP,DOWN,0.45162356,0.22838545,0.31999093,False
2026-04-06 18:30:00+00:00,ITC.NS,290.5348815917969,UP,4,2,2,UP,UP,0.25207457,0.36374256,0.3841829,True
2026-04-06 18:30:00+00:00,LT.NS,3687.284912109375,UP,4,2,1,UP,STAY,0.19965032,0.450101,0.3502487,False
2026-04-06 18:30:00+00:00,SBIN.NS,1012.1558227539062,UP,4,2,0,UP,DOWN,0.39469126,0.21489576,0.39041296,False
2026-04-06 18:30:00+00:00,INFY.NS,1311.0301513671875,UP,4,2,1,UP,STAY,0.2973311,0.36135516,0.34131378,False
2026-04-06 18:30:00+00:00,RELIANCE.NS,1298.5958251953125,UP,4,2,2,UP,UP,0.28452078,0.21045004,0.5050292,True
2026-04-06 18:30:00+00:00,HDFCBANK.NS,759.4392700195312,UP,4,2,0,UP,DOWN,0.49053496,0.2709692,0.23849586,False
2026-04-06 18:30:00+00:00,BHARTIARTL.NS,1807.5516357421875,UP,4,2,2,UP,UP,0.3107053,0.31820172,0.37109298,True
2026-04-06 18:30:00+00:00,ICICIBANK.NS,1235.0875244140625,UP,4,2,2,UP,UP,0.33700272,0.2549371,0.40806013,True
2026-04-06 18:30:00+00:00,TCS.NS,2492.1591796875,UP,4,2,1,UP,STAY,0.2233295,0.4735866,0.30308396,False
2026-04-07 18:30:00+00:00,RELIANCE.NS,1341.5970458984375,DOWN,4,0,2,DOWN,UP,0.30079573,0.25606665,0.4431376,False
2026-04-07 18:30:00+00:00,BHARTIARTL.NS,1838.4625244140625,STAY,4,1,1,STAY,STAY,0.29406336,0.37755346,0.32838315,True
2026-04-07 18:30:00+00:00,TMPV.NS,331.9960021972656,STAY,4,1,0,STAY,DOWN,0.39286762,0.22007899,0.38705334,False
2026-04-07 18:30:00+00:00,HDFCBANK.NS,802.82177734375,DOWN,4,0,0,DOWN,DOWN,0.4829151,0.33453724,0.18254767,True
2026-04-07 18:30:00+00:00,LT.NS,3967.1513671875,DOWN,4,0,1,DOWN,STAY,0.38201576,0.4733143,0.14466998,False
2026-04-07 18:30:00+00:00,ITC.NS,294.4288024902344,STAY,4,1,1,STAY,STAY,0.26399598,0.42081124,0.31519276,True
2026-04-07 18:30:00+00:00,INFY.NS,1317.68603515625,DOWN,4,0,0,DOWN,DOWN,0.39558825,0.33008984,0.27432194,True
2026-04-07 18:30:00+00:00,ICICIBANK.NS,1298.2550048828125,DOWN,4,0,0,DOWN,DOWN,0.4969802,0.24793902,0.25508076,True
2026-04-07 18:30:00+00:00,TCS.NS,2511.195068359375,UP,4,2,1,UP,STAY,0.27416623,0.38488278,0.340951,False
2026-04-07 18:30:00+00:00,SBIN.NS,1042.656005859375,DOWN,4,0,0,DOWN,DOWN,0.3503536,0.34863696,0.30100948,True
2026-04-08 18:30:00+00:00,TCS.NS,2540.436279296875,DOWN,4,0,1,DOWN,STAY,0.38821605,0.41000772,0.20177618,False
2026-04-08 18:30:00+00:00,TMPV.NS,330.5083312988281,UP,4,2,2,UP,UP,0.3308843,0.1818947,0.487221,True
2026-04-08 18:30:00+00:00,LT.NS,3858.512451171875,UP,4,2,1,UP,STAY,0.20302494,0.46796083,0.32901427,False
2026-04-08 18:30:00+00:00,RELIANCE.NS,1323.87890625,UP,4,2,2,UP,UP,0.29783309,0.29327443,0.4088925,True
2026-04-08 18:30:00+00:00,ICICIBANK.NS,1270.58837890625,UP,4,2,2,UP,UP,0.3608636,0.25396878,0.38516763,True
2026-04-08 18:30:00+00:00,INFY.NS,1303.395263671875,DOWN,4,0,0,DOWN,DOWN,0.37726924,0.26449868,0.35823205,True
2026-04-08 18:30:00+00:00,HDFCBANK.NS,784.72119140625,UP,4,2,2,UP,UP,0.29829115,0.35057688,0.35113198,True
2026-04-08 18:30:00+00:00,SBIN.NS,1022.5189819335938,UP,4,2,2,UP,UP,0.28369096,0.27431548,0.44199356,True
2026-04-08 18:30:00+00:00,ITC.NS,294.9642028808594,STAY,4,1,2,STAY,UP,0.3249559,0.33317462,0.34186944,False
2026-04-08 18:30:00+00:00,BHARTIARTL.NS,1836.2899169921875,UP,4,2,1,UP,STAY,0.3011374,0.3707037,0.3281589,False
2026-04-09 18:30:00+00:00,RELIANCE.NS,1343.9859619140625,DOWN,4,0,2,DOWN,UP,0.28676593,0.301323,0.41191104,False
2026-04-09 18:30:00+00:00,SBIN.NS,1047.8131103515625,STAY,4,1,2,STAY,UP,0.2792052,0.33538106,0.3854137,False
2026-04-09 18:30:00+00:00,ICICIBANK.NS,1310.848876953125,UP,4,2,1,UP,STAY,0.23873888,0.41693395,0.34432718,False
2026-04-09 18:30:00+00:00,HDFCBANK.NS,797.1161499023438,DOWN,4,0,1,DOWN,STAY,0.27442777,0.48433313,0.24123915,False
2026-04-09 18:30:00+00:00,INFY.NS,1265.12353515625,DOWN,4,0,2,DOWN,UP,0.39088282,0.19861716,0.41050002,False
2026-04-09 18:30:00+00:00,BHARTIARTL.NS,1846.758056640625,STAY,4,1,2,STAY,UP,0.24823274,0.33032545,0.42144182,False
2026-04-09 18:30:00+00:00,TCS.NS,2476.94970703125,DOWN,4,0,2,DOWN,UP,0.34405002,0.29456174,0.3613882,False
2026-04-09 18:30:00+00:00,ITC.NS,296.1810607910156,DOWN,4,0,2,DOWN,UP,0.2713955,0.36359242,0.36501208,False
2026-04-09 18:30:00+00:00,LT.NS,3921.59619140625,STAY,4,1,1,STAY,STAY,0.28590444,0.52484787,0.18924771,True
2026-04-09 18:30:00+00:00,TMPV.NS,339.78143310546875,UP,4,2,2,UP,UP,0.36307517,0.2700327,0.36689213,True
2026-04-12 18:30:00+00:00,RELIANCE.NS,1309.0474853515625,UP,4,2,2,UP,UP,0.35699943,0.23579666,0.4072039,True
2026-04-12 18:30:00+00:00,BHARTIARTL.NS,1847.64697265625,DOWN,4,0,2,DOWN,UP,0.2986044,0.3236836,0.377712,False
2026-04-12 18:30:00+00:00,HDFCBANK.NS,781.7699584960938,UP,4,2,1,UP,STAY,0.2698009,0.42142642,0.30877265,False
2026-04-12 18:30:00+00:00,TMPV.NS,342.6575622558594,UP,4,2,2,UP,UP,0.30675745,0.25182676,0.44141582,True
2026-04-12 18:30:00+00:00,LT.NS,3916.050537109375,UP,4,2,1,UP,STAY,0.1945127,0.64036167,0.16512561,False
2026-04-12 18:30:00+00:00,ICICIBANK.NS,1339.8046875,STAY,4,1,0,STAY,DOWN,0.3741157,0.32244956,0.30343467,False
2026-04-12 18:30:00+00:00,ITC.NS,290.72955322265625,UP,4,2,2,UP,UP,0.27999958,0.33246377,0.38753662,True
2026-04-12 18:30:00+00:00,INFY.NS,1249.756103515625,UP,4,2,2,UP,UP,0.39153185,0.19832283,0.41014537,True
2026-04-12 18:30:00+00:00,SBIN.NS,1044.7188720703125,UP,4,2,1,UP,STAY,0.34702715,0.39517024,0.25780267,False
2026-04-12 18:30:00+00:00,TCS.NS,2426.2197265625,UP,4,2,2,UP,UP,0.31599128,0.20900922,0.47499955,True
2026-04-14 18:30:00+00:00,ITC.NS,294.0393981933594,STAY,4,1,1,STAY,STAY,0.24980865,0.4109506,0.3392407,True
2026-04-14 18:30:00+00:00,ICICIBANK.NS,1336.829833984375,STAY,4,1,0,STAY,DOWN,0.3926349,0.2956515,0.31171358,False
2026-04-14 18:30:00+00:00,RELIANCE.NS,1337.9140625,STAY,4,1,2,STAY,UP,0.26782835,0.24300517,0.48916653,False
2026-04-14 18:30:00+00:00,TCS.NS,2506.975830078125,UP,4,2,0,UP,DOWN,0.38406992,0.26982617,0.34610394,False
2026-04-14 18:30:00+00:00,HDFCBANK.NS,796.72265625,DOWN,4,0,1,DOWN,STAY,0.32704508,0.43806142,0.23489346,False
2026-04-14 18:30:00+00:00,INFY.NS,1277.6524658203125,UP,4,2,0,UP,DOWN,0.4553486,0.20816047,0.3364909,False
2026-04-14 18:30:00+00:00,SBIN.NS,1052.528076171875,STAY,4,1,0,STAY,DOWN,0.3833467,0.28090355,0.33574978,False
2026-04-14 18:30:00+00:00,LT.NS,4036.87060546875,UP,4,2,1,UP,STAY,0.27023697,0.50440514,0.22535789,False
2026-04-14 18:30:00+00:00,BHARTIARTL.NS,1832.6357421875,DOWN,4,0,2,DOWN,UP,0.30926263,0.30482113,0.38591626,False
2026-04-14 18:30:00+00:00,TMPV.NS,354.9555358886719,STAY,4,1,0,STAY,DOWN,0.37885848,0.25481644,0.36632505,False
2026-04-15 18:30:00+00:00,BHARTIARTL.NS,1817.7235107421875,STAY,4,1,2,STAY,UP,0.29934257,0.26019087,0.44046655,False
2026-04-15 18:30:00+00:00,HDFCBANK.NS,782.5077514648438,UP,4,2,0,UP,DOWN,0.3717508,0.3398766,0.28837264,False
2026-04-15 18:30:00+00:00,SBIN.NS,1048.255126953125,UP,4,2,0,UP,DOWN,0.3647754,0.2952827,0.33994198,False
2026-04-15 18:30:00+00:00,LT.NS,4079.949462890625,DOWN,4,0,1,DOWN,STAY,0.20319417,0.55568624,0.24111962,False
2026-04-15 18:30:00+00:00,TMPV.NS,353.3686828613281,UP,4,2,2,UP,UP,0.3187982,0.23839222,0.44280955,True
2026-04-15 18:30:00+00:00,INFY.NS,1291.2579345703125,STAY,4,1,0,STAY,DOWN,0.4642195,0.2270212,0.30875924,False
2026-04-15 18:30:00+00:00,RELIANCE.NS,1337.1177978515625,UP,4,2,2,UP,UP,0.33751696,0.25315604,0.40932703,True
2026-04-15 18:30:00+00:00,ITC.NS,295.35357666015625,UP,4,2,2,UP,UP,0.29262942,0.33629888,0.37107167,True
2026-04-15 18:30:00+00:00,ICICIBANK.NS,1334.2515869140625,STAY,4,1,0,STAY,DOWN,0.44395167,0.2591927,0.29685563,False
2026-04-15 18:30:00+00:00,TCS.NS,2528.56298828125,STAY,4,1,2,STAY,UP,0.31484744,0.33246875,0.35268378,False
2026-04-16 18:30:00+00:00,RELIANCE.NS,1358.7178955078125,STAY,4,1,2,STAY,UP,0.27676803,0.2662316,0.4570004,False
2026-04-16 18:30:00+00:00,HDFCBANK.NS,786.8853759765625,DOWN,4,0,1,DOWN,STAY,0.28683913,0.35981265,0.35334823,False
2026-04-16 18:30:00+00:00,ICICIBANK.NS,1335.540771484375,UP,4,2,2,UP,UP,0.34488416,0.30104002,0.35407585,True
2026-04-16 18:30:00+00:00,BHARTIARTL.NS,1823.9451904296875,STAY,4,1,2,STAY,UP,0.32208836,0.2963982,0.38151342,False
2026-04-16 18:30:00+00:00,SBIN.NS,1061.1231689453125,UP,4,2,1,UP,STAY,0.30969518,0.35224864,0.33805624,False
2026-04-16 18:30:00+00:00,LT.NS,4056.47900390625,DOWN,4,0,1,DOWN,STAY,0.2221104,0.41683358,0.36105603,False
2026-04-16 18:30:00+00:00,TCS.NS,2533.07666015625,STAY,4,1,1,STAY,STAY,0.30845565,0.36492586,0.32661843,True
2026-04-16 18:30:00+00:00,INFY.NS,1290.7685546875,STAY,4,1,2,STAY,UP,0.32517326,0.19430274,0.48052397,False
2026-04-16 18:30:00+00:00,ITC.NS,298.6634216308594,DOWN,4,0,2,DOWN,UP,0.17712705,0.36850032,0.4543726,False
2026-04-16 18:30:00+00:00,TMPV.NS,357.137451171875,DOWN,4,0,0,DOWN,DOWN,0.38453245,0.3530893,0.26237822,True
2026-04-19 18:30:00+00:00,TCS.NS,2531.212646484375,UP,4,2,2,UP,UP,0.31466633,0.33768237,0.34765127,True
2026-04-19 18:30:00+00:00,BHARTIARTL.NS,1823.1551513671875,STAY,4,1,1,STAY,STAY,0.26574075,0.39078215,0.34347713,True
2026-04-19 18:30:00+00:00,ITC.NS,296.9111633300781,UP,4,2,1,UP,STAY,0.25486174,0.4161246,0.32901362,False
2026-04-19 18:30:00+00:00,LT.NS,4011.815185546875,UP,4,2,1,UP,STAY,0.24448773,0.52133244,0.23417984,False
2026-04-19 18:30:00+00:00,SBIN.NS,1088.2344970703125,STAY,4,1,0,STAY,DOWN,0.34277236,0.32358468,0.333643,False
2026-04-19 18:30:00+00:00,TMPV.NS,352.7736511230469,STAY,4,1,2,STAY,UP,0.29831374,0.31379607,0.38789022,False
2026-04-19 18:30:00+00:00,HDFCBANK.NS,782.5077514648438,UP,4,2,0,UP,DOWN,0.3410642,0.3318988,0.32703695,False
2026-04-19 18:30:00+00:00,ICICIBANK.NS,1344.862060546875,UP,4,2,0,UP,DOWN,0.40091327,0.29839686,0.30068988,False
2026-04-19 18:30:00+00:00,INFY.NS,1284.7977294921875,STAY,4,1,2,STAY,UP,0.33396307,0.23935814,0.4266788,False
2026-04-19 18:30:00+00:00,RELIANCE.NS,1357.0257568359375,DOWN,4,0,2,DOWN,UP,0.32641184,0.2988421,0.37474605,False
2026-04-20 18:30:00+00:00,ITC.NS,301.4378356933594,DOWN,4,0,1,DOWN,STAY,0.19060735,0.43034494,0.37904766,False
2026-04-20 18:30:00+00:00,TCS.NS,2561.532958984375,DOWN,4,0,2,DOWN,UP,0.254116,0.3681577,0.37772626,False
2026-04-20 18:30:00+00:00,INFY.NS,1285.385009765625,DOWN,4,0,2,DOWN,UP,0.29808044,0.30038047,0.40153912,False
2026-04-20 18:30:00+00:00,LT.NS,4035.97900390625,DOWN,4,0,1,DOWN,STAY,0.19819136,0.61806804,0.18374062,False
2026-04-20 18:30:00+00:00,SBIN.NS,1092.1636962890625,DOWN,4,0,2,DOWN,UP,0.35109568,0.22407426,0.42483002,False
2026-04-20 18:30:00+00:00,BHARTIARTL.NS,1831.944580078125,DOWN,4,0,1,DOWN,STAY,0.2761045,0.3672469,0.35664865,False
2026-04-20 18:30:00+00:00,RELIANCE.NS,1347.07177734375,UP,4,2,2,UP,UP,0.25066072,0.2878975,0.4614418,True
2026-04-20 18:30:00+00:00,HDFCBANK.NS,798.5425415039062,DOWN,4,0,1,DOWN,STAY,0.35842958,0.41951415,0.22205625,False
2026-04-20 18:30:00+00:00,ICICIBANK.NS,1376.79296875,DOWN,4,0,0,DOWN,DOWN,0.33672124,0.33448312,0.32879564,True
2026-04-20 18:30:00+00:00,TMPV.NS,352.97198486328125,UP,4,2,1,UP,STAY,0.3068222,0.35670853,0.3364693,False
2026-04-21 18:30:00+00:00,RELIANCE.NS,1355.8311767578125,DOWN,4,0,1,DOWN,STAY,0.28794593,0.42510685,0.2869472,False
2026-04-21 18:30:00+00:00,ITC.NS,297.3978881835937,STAY,4,1,2,STAY,UP,0.21952675,0.36283386,0.4176394,False
2026-04-21 18:30:00+00:00,TMPV.NS,358.873046875,DOWN,4,0,0,DOWN,DOWN,0.38406312,0.28217402,0.33376285,True
2026-04-21 18:30:00+00:00,INFY.NS,1241.729736328125,DOWN,4,0,2,DOWN,UP,0.41045424,0.17467132,0.4148744,False
2026-04-21 18:30:00+00:00,TCS.NS,2490.883544921875,DOWN,4,0,0,DOWN,DOWN,0.4015651,0.218163,0.3802719,True
2026-04-21 18:30:00+00:00,HDFCBANK.NS,786.8853759765625,DOWN,4,0,1,DOWN,STAY,0.27376541,0.36460853,0.3616261,False
2026-04-21 18:30:00+00:00,ICICIBANK.NS,1356.166748046875,DOWN,4,0,2,DOWN,UP,0.3048297,0.296537,0.3986333,False
2026-04-21 18:30:00+00:00,LT.NS,3982.20458984375,UP,4,2,1,UP,STAY,0.1975746,0.5349378,0.26748765,False
2026-04-21 18:30:00+00:00,BHARTIARTL.NS,1806.2677001953125,UP,4,2,2,UP,UP,0.31781292,0.2870464,0.39514068,True
2026-04-21 18:30:00+00:00,SBIN.NS,1083.76513671875,DOWN,4,0,0,DOWN,DOWN,0.3482354,0.31076643,0.3409981,True
2026-04-22 18:30:00+00:00,ICICIBANK.NS,1336.730712890625,DOWN,4,0,2,DOWN,UP,0.33678097,0.29706812,0.36615092,False
2026-04-22 18:30:00+00:00,ITC.NS,297.20318603515625,DOWN,4,0,1,DOWN,STAY,0.26198915,0.44309598,0.2949148,False
2026-04-22 18:30:00+00:00,BHARTIARTL.NS,1818.3160400390625,DOWN,4,0,2,DOWN,UP,0.32204846,0.3217698,0.35618177,False
2026-04-22 18:30:00+00:00,LT.NS,4014.88525390625,DOWN,4,0,1,DOWN,STAY,0.3512482,0.46339944,0.18535236,False
2026-04-22 18:30:00+00:00,RELIANCE.NS,1337.21728515625,DOWN,4,0,1,DOWN,STAY,0.2676795,0.40981773,0.3225028,False
2026-04-22 18:30:00+00:00,HDFCBANK.NS,771.5883178710938,STAY,4,1,0,STAY,DOWN,0.38754538,0.30224997,0.31020463,False
2026-04-22 18:30:00+00:00,TMPV.NS,349.05450439453125,STAY,4,1,2,STAY,UP,0.2924685,0.24061963,0.46691188,False
2026-04-22 18:30:00+00:00,INFY.NS,1214.32275390625,DOWN,4,0,2,DOWN,UP,0.32200745,0.19465348,0.4833391,False
2026-04-22 18:30:00+00:00,SBIN.NS,1074.875244140625,UP,4,2,0,UP,DOWN,0.3517629,0.31722784,0.33100924,False
2026-04-22 18:30:00+00:00,TCS.NS,2474.496826171875,DOWN,4,0,2,DOWN,UP,0.34428108,0.25050557,0.40521336,False
2026-04-23 18:30:00+00:00,ICICIBANK.NS,1315.1129150390625,DOWN,4,0,2,DOWN,UP,0.2830068,0.2547502,0.46224308,False
2026-04-23 18:30:00+00:00,ITC.NS,293.6013488769531,UP,4,2,2,UP,UP,0.28334895,0.35213706,0.364514,True
2026-04-23 18:30:00+00:00,BHARTIARTL.NS,1791.9478759765625,STAY,4,1,0,STAY,DOWN,0.34911743,0.34215897,0.30872363,False
2026-04-23 18:30:00+00:00,LT.NS,3975.47021484375,UP,4,2,2,UP,UP,0.24220523,0.37271857,0.38507622,True
2026-04-23 18:30:00+00:00,SBIN.NS,1081.60400390625,UP,4,2,2,UP,UP,0.3269947,0.30595177,0.3670535,True
2026-04-23 18:30:00+00:00,TCS.NS,2351.939453125,UP,4,2,0,UP,DOWN,0.37550187,0.2730457,0.35145247,False
2026-04-23 18:30:00+00:00,HDFCBANK.NS,772.0802001953125,UP,4,2,2,UP,UP,0.31198543,0.2995151,0.38849947,True
2026-04-23 18:30:00+00:00,INFY.NS,1130.144287109375,UP,4,2,2,UP,UP,0.2979144,0.2436929,0.45839274,True
2026-04-23 18:30:00+00:00,RELIANCE.NS,1321.6890869140625,UP,4,2,1,UP,STAY,0.34032047,0.35007578,0.30960378,False
2026-04-23 18:30:00+00:00,TMPV.NS,347.6164245605469,UP,4,2,2,UP,UP,0.2594512,0.2571933,0.48335552,True
2026-04-26 18:30:00+00:00,TMPV.NS,351.43475341796875,DOWN,4,0,2,DOWN,UP,0.3297731,0.2461529,0.42407402,False
2026-04-26 18:30:00+00:00,TCS.NS,2401.6884765625,STAY,4,1,0,STAY,DOWN,0.4383193,0.16165483,0.40002593,False
2026-04-26 18:30:00+00:00,SBIN.NS,1092.1636962890625,DOWN,4,0,0,DOWN,DOWN,0.3869428,0.29615203,0.31690514,True
2026-04-26 18:30:00+00:00,LT.NS,4014.39013671875,STAY,4,1,2,STAY,UP,0.26889572,0.36391592,0.36718833,False
2026-04-26 18:30:00+00:00,HDFCBANK.NS,776.9496459960938,DOWN,4,0,2,DOWN,UP,0.30692285,0.280105,0.4129721,False
2026-04-26 18:30:00+00:00,BHARTIARTL.NS,1797.478271484375,UP,4,2,1,UP,STAY,0.30141762,0.35676324,0.3418191,False
2026-04-26 18:30:00+00:00,ICICIBANK.NS,1303.114013671875,DOWN,4,0,2,DOWN,UP,0.32356367,0.30488434,0.37155193,False
2026-04-26 18:30:00+00:00,RELIANCE.NS,1359.51416015625,UP,4,2,2,UP,UP,0.23435694,0.3035356,0.46210745,True
2026-04-26 18:30:00+00:00,ITC.NS,295.7916564941406,STAY,4,1,1,STAY,STAY,0.2686758,0.44242144,0.28890273,True
2026-04-26 18:30:00+00:00,INFY.NS,1145.5118408203125,DOWN,4,0,2,DOWN,UP,0.25741723,0.23754564,0.5050371,False
2026-04-27 18:30:00+00:00,LT.NS,3998.643798828125,UP,4,2,1,UP,STAY,0.24704158,0.40465772,0.34830076,False
2026-04-27 18:30:00+00:00,TMPV.NS,347.9139404296875,UP,4,2,2,UP,UP,0.30886295,0.25312352,0.43801352,True
2026-04-27 18:30:00+00:00,ITC.NS,296.3757629394531,UP,4,2,1,UP,STAY,0.29939494,0.38261464,0.31799045,False
2026-04-27 18:30:00+00:00,RELIANCE.NS,1382.5078125,UP,4,2,2,UP,UP,0.2643922,0.26331475,0.47229308,True
2026-04-27 18:30:00+00:00,ICICIBANK.NS,1281.1988525390625,DOWN,4,0,2,DOWN,UP,0.306595,0.257865,0.43554002,False
2026-04-27 18:30:00+00:00,BHARTIARTL.NS,1820.8837890625,UP,4,2,1,UP,STAY,0.24821322,0.43978193,0.31200483,False
2026-04-27 18:30:00+00:00,INFY.NS,1127.697265625,UP,4,2,2,UP,UP,0.28967804,0.27196944,0.43835256,True
2026-04-27 18:30:00+00:00,SBIN.NS,1071.9775390625,STAY,4,1,2,STAY,UP,0.34811106,0.2592328,0.3926562,False
2026-04-27 18:30:00+00:00,TCS.NS,2398.8427734375,UP,4,2,0,UP,DOWN,0.46316049,0.17938702,0.35745245,False
2026-04-27 18:30:00+00:00,HDFCBANK.NS,769.817626953125,STAY,4,1,2,STAY,UP,0.32658866,0.30767348,0.3657379,False
2026-04-28 18:30:00+00:00,ICICIBANK.NS,1270.290771484375,DOWN,4,0,2,DOWN,UP,0.30287763,0.24050717,0.45661518,False
2026-04-28 18:30:00+00:00,BHARTIARTL.NS,1864.6331787109373,STAY,4,1,1,STAY,STAY,0.27047294,0.39581957,0.33370748,True
2026-04-28 18:30:00+00:00,SBIN.NS,1067.655517578125,DOWN,4,0,2,DOWN,UP,0.35359818,0.2565641,0.3898377,False
2026-04-28 18:30:00+00:00,LT.NS,4056.47900390625,DOWN,4,0,1,DOWN,STAY,0.26215205,0.380886,0.35696197,False
2026-04-28 18:30:00+00:00,ITC.NS,307.86279296875,STAY,4,1,2,STAY,UP,0.19561772,0.29637197,0.5080103,False
2026-04-28 18:30:00+00:00,TMPV.NS,349.79833984375,DOWN,4,0,2,DOWN,UP,0.24533829,0.2506432,0.50401855,False
2026-04-28 18:30:00+00:00,HDFCBANK.NS,766.3253784179688,DOWN,4,0,2,DOWN,UP,0.320683,0.24765772,0.4316593,False
2026-04-28 18:30:00+00:00,RELIANCE.NS,1418.83984375,STAY,4,1,2,STAY,UP,0.3365803,0.25656623,0.40685347,False
2026-04-28 18:30:00+00:00,TCS.NS,2428.280029296875,STAY,4,1,2,STAY,UP,0.35139024,0.21851131,0.43009844,False
2026-04-28 18:30:00+00:00,INFY.NS,1142.7711181640625,UP,4,2,2,UP,UP,0.31584755,0.27656716,0.4075853,True
2026-04-29 18:30:00+00:00,HDFCBANK.NS,759.1441650390625,STAY,4,1,2,STAY,UP,0.3637593,0.25631365,0.37992704,False
2026-04-29 18:30:00+00:00,BHARTIARTL.NS,1863.349365234375,STAY,4,1,1,STAY,STAY,0.31626004,0.3601434,0.3235966,True
2026-04-29 18:30:00+00:00,SBIN.NS,1049.5321044921875,STAY,4,1,2,STAY,UP,0.35176137,0.1951929,0.45304567,False
2026-04-29 18:30:00+00:00,LT.NS,3975.173095703125,STAY,4,1,2,STAY,UP,0.31910548,0.3144684,0.36642605,False
2026-04-29 18:30:00+00:00,RELIANCE.NS,1424.215087890625,STAY,4,1,2,STAY,UP,0.29308435,0.2811658,0.42574984,False
2026-04-29 18:30:00+00:00,ICICIBANK.NS,1252.8380126953125,STAY,4,1,2,STAY,UP,0.28120592,0.24812101,0.47067308,False
2026-04-29 18:30:00+00:00,ITC.NS,306.548583984375,STAY,4,1,1,STAY,STAY,0.22085306,0.46005005,0.31909686,True
2026-04-29 18:30:00+00:00,TMPV.NS,338.74005126953125,STAY,4,1,2,STAY,UP,0.31533724,0.18329325,0.5013695,False
2026-04-29 18:30:00+00:00,TCS.NS,2427.4951171875,STAY,4,1,2,STAY,UP,0.3564705,0.2568298,0.3866997,False
2026-04-29 18:30:00+00:00,INFY.NS,1156.768310546875,STAY,4,1,2,STAY,UP,0.31463143,0.32729754,0.35807103,False
2026-04-30 18:30:00+00:00,ITC.NS,306.548583984375,DOWN,4,0,2,DOWN,UP,0.1693463,0.32100052,0.5096532,False
2026-04-30 18:30:00+00:00,INFY.NS,1156.768310546875,DOWN,4,0,2,DOWN,UP,0.20817746,0.23526128,0.55656123,False
2026-04-30 18:30:00+00:00,TMPV.NS,338.74005126953125,STAY,4,1,2,STAY,UP,0.30192208,0.16783297,0.53024495,False
2026-04-30 18:30:00+00:00,LT.NS,3975.173095703125,UP,4,2,2,UP,UP,0.29829988,0.26352882,0.4381713,True
2026-04-30 18:30:00+00:00,RELIANCE.NS,1424.215087890625,UP,4,2,2,UP,UP,0.28567037,0.31328198,0.40104762,True
2026-04-30 18:30:00+00:00,SBIN.NS,1049.5321044921875,STAY,4,1,2,STAY,UP,0.27131104,0.23999037,0.48869854,False
2026-04-30 18:30:00+00:00,ICICIBANK.NS,1252.8380126953125,UP,4,2,2,UP,UP,0.33282846,0.32389975,0.34327182,True
2026-04-30 18:30:00+00:00,TCS.NS,2427.4951171875,DOWN,4,0,2,DOWN,UP,0.24572109,0.24324879,0.51103014,False
2026-04-30 18:30:00+00:00,HDFCBANK.NS,759.1441650390625,UP,4,2,2,UP,UP,0.3048077,0.27721244,0.41797993,True
2026-04-30 18:30:00+00:00,BHARTIARTL.NS,1863.349365234375,DOWN,4,0,2,DOWN,UP,0.2450999,0.34038493,0.41451517,False
2026-05-04 18:30:00+00:00,ITC.NS,303.19012451171875,STAY,4,1,2,STAY,UP,0.27522856,0.3289549,0.39581653,False
2026-05-04 18:30:00+00:00,TMPV.NS,337.3515625,UP,4,2,2,UP,UP,0.3348615,0.19674847,0.46839008,True
2026-05-04 18:30:00+00:00,TCS.NS,2381.76953125,STAY,4,1,2,STAY,UP,0.35073087,0.25812966,0.3911395,False
2026-05-04 18:30:00+00:00,INFY.NS,1153.1466064453125,DOWN,4,0,2,DOWN,UP,0.30064237,0.32001635,0.3793413,False
2026-05-04 18:30:00+00:00,SBIN.NS,1041.133544921875,UP,4,2,2,UP,UP,0.36852592,0.2140468,0.4174273,True
2026-05-04 18:30:00+00:00,LT.NS,4015.28125,DOWN,4,0,1,DOWN,STAY,0.27591968,0.39522687,0.32885352,False
2026-05-04 18:30:00+00:00,BHARTIARTL.NS,1783.65234375,UP,4,2,2,UP,UP,0.33314568,0.3121734,0.354681,True
2026-05-04 18:30:00+00:00,HDFCBANK.NS,759.734375,UP,4,2,2,UP,UP,0.29771262,0.2778446,0.42444274,True
2026-05-04 18:30:00+00:00,ICICIBANK.NS,1240.839111328125,UP,4,2,1,UP,STAY,0.2503869,0.40707645,0.34253663,False
2026-05-04 18:30:00+00:00,RELIANCE.NS,1456.864013671875,DOWN,4,0,0,DOWN,DOWN,0.37050453,0.31537256,0.31412292,True
2026-05-05 18:30:00+00:00,RELIANCE.NS,1431.2823486328125,STAY,4,1,0,STAY,DOWN,0.3482508,0.33101746,0.3207318,False
2026-05-05 18:30:00+00:00,TMPV.NS,355.2034606933594,STAY,4,1,2,STAY,UP,0.28656584,0.2742296,0.43920457,False
2026-05-05 18:30:00+00:00,INFY.NS,1142.4774169921875,STAY,4,1,2,STAY,UP,0.3073749,0.30908942,0.38353565,False
2026-05-05 18:30:00+00:00,TCS.NS,2389.71728515625,DOWN,4,0,2,DOWN,UP,0.33981538,0.26393786,0.3962468,False
2026-05-05 18:30:00+00:00,BHARTIARTL.NS,1810.9091796875,STAY,4,1,1,STAY,STAY,0.30964553,0.3884639,0.30189055,True
2026-05-05 18:30:00+00:00,HDFCBANK.NS,783.58984375,STAY,4,1,2,STAY,UP,0.2599749,0.29646614,0.44355893,False
2026-05-05 18:30:00+00:00,ICICIBANK.NS,1268.8033447265625,STAY,4,1,1,STAY,STAY,0.2893705,0.387815,0.3228145,True
2026-05-05 18:30:00+00:00,ITC.NS,302.4599914550781,DOWN,4,0,2,DOWN,UP,0.28869852,0.31451714,0.39678434,False
2026-05-05 18:30:00+00:00,SBIN.NS,1076.5943603515625,STAY,4,1,2,STAY,UP,0.28576955,0.30316296,0.4110675,False
2026-05-05 18:30:00+00:00,LT.NS,3969.726318359375,STAY,4,1,1,STAY,STAY,0.26798818,0.38778147,0.34423038,True
2026-05-06 18:30:00+00:00,TMPV.NS,356.29443359375,DOWN,4,0,2,DOWN,UP,0.27454382,0.24321622,0.48224,False
2026-05-06 18:30:00+00:00,ICICIBANK.NS,1268.3074951171875,DOWN,4,0,1,DOWN,STAY,0.32665458,0.35423934,0.31910607,False
2026-05-06 18:30:00+00:00,TCS.NS,2356.35498046875,STAY,4,1,0,STAY,DOWN,0.37565562,0.26286045,0.3614839,False
2026-05-06 18:30:00+00:00,HDFCBANK.NS,783.0979614257812,DOWN,4,0,2,DOWN,UP,0.22595178,0.32340235,0.45064586,False
2026-05-06 18:30:00+00:00,BHARTIARTL.NS,1803.8974609375,STAY,4,1,1,STAY,STAY,0.28936973,0.42353094,0.28709936,True
2026-05-06 18:30:00+00:00,INFY.NS,1138.07275390625,UP,4,2,2,UP,UP,0.36782476,0.25124353,0.38093176,True
2026-05-06 18:30:00+00:00,RELIANCE.NS,1429.590087890625,STAY,4,1,1,STAY,STAY,0.27289116,0.3805122,0.34659663,True
2026-05-06 18:30:00+00:00,SBIN.NS,1072.6651611328125,DOWN,4,0,2,DOWN,UP,0.27272364,0.2926948,0.4345815,False
2026-05-06 18:30:00+00:00,ITC.NS,299.2474975585937,STAY,4,1,2,STAY,UP,0.31137782,0.31812966,0.37049255,False
2026-05-06 18:30:00+00:00,LT.NS,3984.0859375,DOWN,4,0,2,DOWN,UP,0.29987568,0.33234724,0.36777705,False
2026-05-07 18:30:00+00:00,TCS.NS,2349.486083984375,STAY,4,1,2,STAY,UP,0.3376442,0.21224311,0.45011264,False
2026-05-07 18:30:00+00:00,ITC.NS,299.29620361328125,DOWN,4,0,1,DOWN,STAY,0.30737883,0.36228657,0.3303346,False
2026-05-07 18:30:00+00:00,TMPV.NS,352.52569580078125,DOWN,4,0,2,DOWN,UP,0.24411988,0.29763475,0.45824534,False
2026-05-07 18:30:00+00:00,HDFCBANK.NS,768.145263671875,DOWN,4,0,2,DOWN,UP,0.24138865,0.24610582,0.51250553,False
2026-05-07 18:30:00+00:00,SBIN.NS,1001.2523193359376,DOWN,4,0,2,DOWN,UP,0.3025483,0.20609243,0.49135926,False
2026-05-07 18:30:00+00:00,BHARTIARTL.NS,1811.6993408203125,DOWN,4,0,2,DOWN,UP,0.3111609,0.33578932,0.35304984,False
2026-05-07 18:30:00+00:00,ICICIBANK.NS,1254.226318359375,STAY,4,1,1,STAY,STAY,0.3061883,0.3672905,0.32652125,True
2026-05-07 18:30:00+00:00,INFY.NS,1154.2232666015625,STAY,4,1,0,STAY,DOWN,0.4348675,0.26349947,0.301633,False
2026-05-07 18:30:00+00:00,RELIANCE.NS,1428.5947265625,DOWN,4,0,1,DOWN,STAY,0.31349477,0.38482207,0.30168316,False
2026-05-07 18:30:00+00:00,LT.NS,3936.05517578125,DOWN,4,0,1,DOWN,STAY,0.25743,0.43212837,0.31044167,False
2026-05-10 18:30:00+00:00,SBIN.NS,956.3615112304688,STAY,4,1,2,STAY,UP,0.37362182,0.16910562,0.45727253,False
2026-05-10 18:30:00+00:00,TCS.NS,2348.014404296875,DOWN,4,0,2,DOWN,UP,0.3543468,0.21640843,0.42924473,False
2026-05-10 18:30:00+00:00,RELIANCE.NS,1381.81103515625,DOWN,4,0,2,DOWN,UP,0.37047562,0.2498955,0.3796289,False
2026-05-10 18:30:00+00:00,HDFCBANK.NS,751.2251586914062,DOWN,4,0,2,DOWN,UP,0.30934283,0.28042167,0.41023546,False
2026-05-10 18:30:00+00:00,ICICIBANK.NS,1255.8128662109375,DOWN,4,0,2,DOWN,UP,0.26566324,0.3577687,0.376568,False
2026-05-10 18:30:00+00:00,TMPV.NS,343.1534423828125,DOWN,4,0,2,DOWN,UP,0.3149143,0.24897614,0.43610954,False
2026-05-10 18:30:00+00:00,LT.NS,3902.0869140625,DOWN,4,0,1,DOWN,STAY,0.31488684,0.37770972,0.3074034,False
2026-05-10 18:30:00+00:00,BHARTIARTL.NS,1737.9278564453125,STAY,4,1,2,STAY,UP,0.36692291,0.23990871,0.39316833,False
2026-05-10 18:30:00+00:00,ITC.NS,297.7386169433594,DOWN,4,0,1,DOWN,STAY,0.3055813,0.39091846,0.30350024,False
2026-05-10 18:30:00+00:00,INFY.NS,1152.0699462890625,DOWN,4,0,0,DOWN,DOWN,0.3726142,0.26862133,0.35876447,True
2026-05-11 18:30:00+00:00,TCS.NS,2257.151611328125,DOWN,4,0,2,DOWN,UP,0.33722842,0.2327697,0.43000183,False
2026-05-11 18:30:00+00:00,HDFCBANK.NS,738.2399291992188,STAY,4,1,2,STAY,UP,0.3578615,0.24962352,0.39251494,False
2026-05-11 18:30:00+00:00,BHARTIARTL.NS,1734.965087890625,UP,4,2,2,UP,UP,0.3445324,0.27278486,0.38268274,True
2026-05-11 18:30:00+00:00,RELIANCE.NS,1357.722412109375,STAY,4,1,2,STAY,UP,0.31411967,0.1899307,0.4959497,False
2026-05-11 18:30:00+00:00,LT.NS,3819.196533203125,UP,4,2,2,UP,UP,0.3184693,0.31956556,0.36196515,True
2026-05-11 18:30:00+00:00,ITC.NS,292.7252197265625,UP,4,2,2,UP,UP,0.22429974,0.38712594,0.3885743,True
2026-05-11 18:30:00+00:00,INFY.NS,1116.1473388671875,DOWN,4,0,0,DOWN,DOWN,0.42023116,0.23612574,0.34364313,True
2026-05-11 18:30:00+00:00,SBIN.NS,957.3438110351562,STAY,4,1,2,STAY,UP,0.25831962,0.1427559,0.5989245,False
2026-05-11 18:30:00+00:00,ICICIBANK.NS,1229.93115234375,STAY,4,1,2,STAY,UP,0.23959483,0.36801195,0.3923932,False
2026-05-11 18:30:00+00:00,TMPV.NS,334.0787353515625,STAY,4,1,2,STAY,UP,0.36261937,0.17677233,0.46060827,False
2026-05-12 18:30:00+00:00,BHARTIARTL.NS,1766.9622802734375,UP,4,2,2,UP,UP,0.34548095,0.26629975,0.38821936,True
2026-05-12 18:30:00+00:00,TMPV.NS,334.0787353515625,UP,4,2,2,UP,UP,0.33455884,0.2216241,0.44381708,True
2026-05-12 18:30:00+00:00,ITC.NS,296.3757629394531,UP,4,2,1,UP,STAY,0.25465313,0.5028966,0.24245024,False
2026-05-12 18:30:00+00:00,INFY.NS,1099.3115234375,DOWN,4,0,2,DOWN,UP,0.26951057,0.31485072,0.41563877,False
2026-05-12 18:30:00+00:00,LT.NS,3877.923095703125,UP,4,2,2,UP,UP,0.3134306,0.31893596,0.36763343,True
2026-05-12 18:30:00+00:00,SBIN.NS,952.9234619140624,UP,4,2,2,UP,UP,0.18290567,0.22989427,0.58720005,True
2026-05-12 18:30:00+00:00,HDFCBANK.NS,737.4037475585938,UP,4,2,2,UP,UP,0.24309069,0.31536722,0.44154212,True
2026-05-12 18:30:00+00:00,RELIANCE.NS,1352.54638671875,STAY,4,1,2,STAY,UP,0.27275935,0.20295537,0.5242853,False
2026-05-12 18:30:00+00:00,TCS.NS,2230.167236328125,DOWN,4,0,2,DOWN,UP,0.20124139,0.34835035,0.45040822,False
2026-05-12 18:30:00+00:00,ICICIBANK.NS,1225.2703857421875,UP,4,2,0,UP,DOWN,0.3591085,0.33432227,0.30656925,False
2026-05-13 18:30:00+00:00,INFY.NS,1071.8067626953125,UP,4,2,2,UP,UP,0.27898723,0.2941484,0.42686442,True
2026-05-13 18:30:00+00:00,BHARTIARTL.NS,1860.09033203125,UP,4,2,0,UP,DOWN,0.38673857,0.29742467,0.31583676,False
2026-05-13 18:30:00+00:00,RELIANCE.NS,1355.5325927734375,DOWN,4,0,2,DOWN,UP,0.3604052,0.27909142,0.36050335,False
2026-05-13 18:30:00+00:00,SBIN.NS,962.5499877929688,STAY,4,1,2,STAY,UP,0.32075012,0.29412264,0.38512728,False
2026-05-13 18:30:00+00:00,TCS.NS,2203.8701171875,UP,4,2,2,UP,UP,0.22453514,0.24636368,0.5291012,True
2026-05-13 18:30:00+00:00,TMPV.NS,335.96307373046875,UP,4,2,2,UP,UP,0.3499157,0.21940532,0.43067896,True
2026-05-13 18:30:00+00:00,HDFCBANK.NS,757.0291748046875,STAY,4,1,2,STAY,UP,0.3525595,0.26901013,0.3784304,False
2026-05-13 18:30:00+00:00,ITC.NS,299.0528259277344,UP,4,2,1,UP,STAY,0.24151558,0.519833,0.23865142,False
2026-05-13 18:30:00+00:00,ICICIBANK.NS,1235.5833740234375,STAY,4,1,0,STAY,DOWN,0.37435436,0.3395753,0.28607035,False
2026-05-13 18:30:00+00:00,LT.NS,3902.284912109375,DOWN,4,0,1,DOWN,STAY,0.31352812,0.3796185,0.30685344,False
2026-05-14 18:30:00+00:00,RELIANCE.NS,1330.24951171875,STAY,4,1,2,STAY,UP,0.32758597,0.2416317,0.4307823,False
2026-05-14 18:30:00+00:00,SBIN.NS,963.2000122070312,DOWN,4,0,2,DOWN,UP,0.28370973,0.29473835,0.4215519,False
2026-05-14 18:30:00+00:00,HDFCBANK.NS,755.0125122070312,STAY,4,1,2,STAY,UP,0.3603481,0.21574482,0.42390704,False
2026-05-14 18:30:00+00:00,ICICIBANK.NS,1234.095947265625,UP,4,2,0,UP,DOWN,0.42329115,0.30257875,0.27413005,False
2026-05-14 18:30:00+00:00,INFY.NS,1095.2984619140625,UP,4,2,0,UP,DOWN,0.44847402,0.20515537,0.34637064,False
2026-05-14 18:30:00+00:00,TMPV.NS,353.6166381835937,DOWN,4,0,2,DOWN,UP,0.3112349,0.2822561,0.406509,False
2026-05-14 18:30:00+00:00,TCS.NS,2221.532470703125,UP,4,2,2,UP,UP,0.25397274,0.22789967,0.5181276,True
2026-05-14 18:30:00+00:00,BHARTIARTL.NS,1881.7181396484373,UP,4,2,0,UP,DOWN,0.42392734,0.24352865,0.332544,False
2026-05-14 18:30:00+00:00,LT.NS,3871.188720703125,STAY,4,1,1,STAY,STAY,0.33588845,0.38561657,0.278495,True
2026-05-14 18:30:00+00:00,ITC.NS,301.2431640625,STAY,4,1,1,STAY,STAY,0.27558076,0.4532552,0.27116406,True
2026-05-17 18:30:00+00:00,RELIANCE.NS,1329.7518310546875,DOWN,4,0,2,DOWN,UP,0.28290138,0.22452374,0.49257487,False
2026-05-17 18:30:00+00:00,SBIN.NS,939.4000244140624,UP,4,2,2,UP,UP,0.24166451,0.16971031,0.5886252,True
2026-05-17 18:30:00+00:00,TMPV.NS,350.2445983886719,UP,4,2,2,UP,UP,0.27794692,0.21307254,0.5089805,True
2026-05-17 18:30:00+00:00,LT.NS,3879.903564453125,STAY,4,1,0,STAY,DOWN,0.4648273,0.2714643,0.26370844,False
2026-05-17 18:30:00+00:00,INFY.NS,1118.3006591796875,UP,4,2,0,UP,DOWN,0.5428511,0.20152915,0.2556198,False
2026-05-17 18:30:00+00:00,TCS.NS,2240.3720703125,UP,4,2,0,UP,DOWN,0.37856787,0.26602912,0.35540307,False
2026-05-17 18:30:00+00:00,HDFCBANK.NS,756.143798828125,DOWN,4,0,2,DOWN,UP,0.32527176,0.2795564,0.39517188,False
2026-05-17 18:30:00+00:00,ITC.NS,301.924560546875,STAY,4,1,1,STAY,STAY,0.29422426,0.3942763,0.31149948,True
2026-05-17 18:30:00+00:00,ICICIBANK.NS,1240.6407470703125,DOWN,4,0,0,DOWN,DOWN,0.36868215,0.35272634,0.27859148,True
2026-05-17 18:30:00+00:00,BHARTIARTL.NS,1914.01171875,DOWN,4,0,0,DOWN,DOWN,0.3907316,0.2602183,0.34905007,True
2026-05-18 18:30:00+00:00,BHARTIARTL.NS,1889.7174072265625,STAY,4,1,2,STAY,UP,0.33434892,0.3081095,0.35754153,False
2026-05-18 18:30:00+00:00,INFY.NS,1171.5484619140625,STAY,4,1,0,STAY,DOWN,0.49461395,0.25701255,0.24837355,False
2026-05-18 18:30:00+00:00,ICICIBANK.NS,1230.4268798828125,STAY,4,1,0,STAY,DOWN,0.35717484,0.34564266,0.29718247,False
2026-05-18 18:30:00+00:00,SBIN.NS,948.7999877929688,STAY,4,1,2,STAY,UP,0.27323478,0.34261996,0.38414523,False
2026-05-18 18:30:00+00:00,HDFCBANK.NS,750.044677734375,STAY,4,1,2,STAY,UP,0.2753213,0.25943458,0.4652441,False
2026-05-18 18:30:00+00:00,TMPV.NS,358.2283935546875,STAY,4,1,2,STAY,UP,0.28750193,0.27151832,0.44097975,False
2026-05-18 18:30:00+00:00,LT.NS,3883.07275390625,STAY,4,1,2,STAY,UP,0.30483228,0.32219678,0.37297094,False
2026-05-18 18:30:00+00:00,ITC.NS,302.0705871582031,DOWN,4,0,2,DOWN,UP,0.2410633,0.37862897,0.3803077,False
2026-05-18 18:30:00+00:00,TCS.NS,2283.448974609375,STAY,4,1,0,STAY,DOWN,0.398082,0.27679306,0.32512492,False
2026-05-18 18:30:00+00:00,RELIANCE.NS,1316.6124267578125,UP,4,2,2,UP,UP,0.2511927,0.26446867,0.4843386,True
2026-05-19 18:30:00+00:00,TMPV.NS,358.2779846191406,STAY,4,1,2,STAY,UP,0.28241566,0.34321898,0.37436536,False
2026-05-19 18:30:00+00:00,HDFCBANK.NS,747.1427001953125,STAY,4,1,2,STAY,UP,0.32291913,0.29120985,0.385871,False
2026-05-19 18:30:00+00:00,LT.NS,3872.872314453125,STAY,4,1,0,STAY,DOWN,0.36776036,0.3313563,0.30088338,False
2026-05-19 18:30:00+00:00,INFY.NS,1168.4161376953125,DOWN,4,0,2,DOWN,UP,0.37398213,0.21423583,0.4117821,False
2026-05-19 18:30:00+00:00,BHARTIARTL.NS,1881.224365234375,DOWN,4,0,2,DOWN,UP,0.32482892,0.28293914,0.39223197,False
2026-05-19 18:30:00+00:00,RELIANCE.NS,1353.442138671875,DOWN,4,0,2,DOWN,UP,0.30279806,0.25387195,0.44332996,False
2026-05-19 18:30:00+00:00,TCS.NS,2283.7431640625,STAY,4,1,2,STAY,UP,0.31226635,0.28109637,0.4066373,False
2026-05-19 18:30:00+00:00,ITC.NS,299.3935241699219,STAY,4,1,1,STAY,STAY,0.24641925,0.40331778,0.35026303,True
2026-05-19 18:30:00+00:00,ICICIBANK.NS,1226.9561767578125,STAY,4,1,1,STAY,STAY,0.32698944,0.39737043,0.27564013,True
2026-05-19 18:30:00+00:00,SBIN.NS,950.9000244140624,STAY,4,1,1,STAY,STAY,0.31714657,0.37170935,0.3111441,True
2026-05-20 18:30:00+00:00,TMPV.NS,358.3771667480469,UP,4,2,2,UP,UP,0.3096558,0.24585693,0.4444873,True
2026-05-20 18:30:00+00:00,ICICIBANK.NS,1232.41015625,UP,4,2,1,UP,STAY,0.32531047,0.38696542,0.28772408,False
2026-05-20 18:30:00+00:00,SBIN.NS,950.9000244140624,STAY,4,1,1,STAY,STAY,0.31473866,0.36318693,0.3220744,True
2026-05-20 18:30:00+00:00,ITC.NS,299.8802490234375,DOWN,4,0,2,DOWN,UP,0.23458254,0.3633287,0.4020887,False
2026-05-20 18:30:00+00:00,INFY.NS,1156.180908203125,DOWN,4,0,2,DOWN,UP,0.3092214,0.31183642,0.37894216,False
2026-05-20 18:30:00+00:00,HDFCBANK.NS,746.7984008789062,UP,4,2,2,UP,UP,0.30782047,0.23628643,0.45589313,True
2026-05-20 18:30:00+00:00,TCS.NS,2283.546875,STAY,4,1,2,STAY,UP,0.37496635,0.2418088,0.38322482,False
2026-05-20 18:30:00+00:00,BHARTIARTL.NS,1861.8680419921875,DOWN,4,0,0,DOWN,DOWN,0.40441832,0.24910693,0.34647477,True
2026-05-20 18:30:00+00:00,LT.NS,3890.5,UP,4,2,0,UP,DOWN,0.42770243,0.33963957,0.232658,False
2026-05-20 18:30:00+00:00,RELIANCE.NS,1343.388671875,STAY,4,1,2,STAY,UP,0.31007248,0.26204288,0.42788467,False
2026-05-21 18:30:00+00:00,RELIANCE.NS,1348.26611328125,UP,4,2,1,UP,STAY,0.3124753,0.36154467,0.32598004,False
2026-05-21 18:30:00+00:00,BHARTIARTL.NS,1848.1407470703125,STAY,4,1,1,STAY,STAY,0.33322692,0.34394658,0.3228265,True
2026-05-21 18:30:00+00:00,ICICIBANK.NS,1253.73046875,UP,4,2,1,UP,STAY,0.28490147,0.43150413,0.28359443,False
2026-05-21 18:30:00+00:00,SBIN.NS,949.2000122070312,UP,4,2,2,UP,UP,0.2886023,0.3503948,0.36100295,True
2026-05-21 18:30:00+00:00,HDFCBANK.NS,754.3239135742188,UP,4,2,1,UP,STAY,0.31824747,0.36226544,0.31948715,False
2026-05-21 18:30:00+00:00,INFY.NS,1149.622802734375,DOWN,4,0,2,DOWN,UP,0.32486436,0.30868915,0.36644652,False
2026-05-21 18:30:00+00:00,TCS.NS,2273.83251953125,UP,4,2,2,UP,UP,0.298955,0.28897095,0.41207406,True
2026-05-21 18:30:00+00:00,ITC.NS,293.6986999511719,UP,4,2,2,UP,UP,0.24399197,0.3220169,0.43399116,True
2026-05-21 18:30:00+00:00,TMPV.NS,360.3607177734375,UP,4,2,2,UP,UP,0.3337821,0.26299483,0.40322304,True
2026-05-21 18:30:00+00:00,LT.NS,3926.60009765625,UP,4,2,1,UP,STAY,0.2920073,0.4368759,0.27111673,False
2026-05-24 18:30:00+00:00,SBIN.NS,969.5999755859376,STAY,4,1,0,STAY,DOWN,0.40977263,0.27853322,0.31169415,False
2026-05-24 18:30:00+00:00,ICICIBANK.NS,1281.0006103515625,DOWN,4,0,1,DOWN,STAY,0.29101652,0.4163538,0.29262963,False
2026-05-24 18:30:00+00:00,LT.NS,4033.39990234375,STAY,4,1,1,STAY,STAY,0.24104665,0.42082033,0.338133,True
2026-05-24 18:30:00+00:00,HDFCBANK.NS,774.0476684570312,DOWN,4,0,1,DOWN,STAY,0.27952495,0.4057955,0.3146795,False
2026-05-24 18:30:00+00:00,INFY.NS,1143.75,STAY,4,1,2,STAY,UP,0.23648843,0.30196926,0.4615423,False
2026-05-24 18:30:00+00:00,TMPV.NS,370.1792602539063,UP,4,2,2,UP,UP,0.2628594,0.32168332,0.4154573,True
2026-05-24 18:30:00+00:00,BHARTIARTL.NS,1851.49853515625,DOWN,4,0,0,DOWN,DOWN,0.3552636,0.34484097,0.29989544,True
2026-05-24 18:30:00+00:00,RELIANCE.NS,1360.7086181640625,DOWN,4,0,1,DOWN,STAY,0.26509458,0.41610217,0.3188032,False
2026-05-24 18:30:00+00:00,ITC.NS,295.8890075683594,DOWN,4,0,1,DOWN,STAY,0.28799352,0.39496285,0.31704366,False
2026-05-24 18:30:00+00:00,TCS.NS,2295.61328125,DOWN,4,0,2,DOWN,UP,0.24368933,0.34039167,0.41591904,False
2026-05-25 18:30:00+00:00,BHARTIARTL.NS,1823.9451904296875,STAY,4,1,0,STAY,DOWN,0.36377746,0.3079789,0.32824364,False
2026-05-25 18:30:00+00:00,TCS.NS,2263.78759765625,STAY,4,1,2,STAY,UP,0.36754775,0.23355176,0.39890048,False
2026-05-25 18:30:00+00:00,HDFCBANK.NS,766.22705078125,DOWN,4,0,2,DOWN,UP,0.29151994,0.33393493,0.3745451,False
2026-05-25 18:30:00+00:00,SBIN.NS,968.5,STAY,4,1,0,STAY,DOWN,0.35419682,0.2971684,0.3486348,False
2026-05-25 18:30:00+00:00,LT.NS,4037.800048828125,STAY,4,1,1,STAY,STAY,0.26975593,0.4442335,0.28601053,True
2026-05-25 18:30:00+00:00,TMPV.NS,382.4276428222656,UP,4,2,0,UP,DOWN,0.4267844,0.19748648,0.37572905,False
2026-05-25 18:30:00+00:00,ICICIBANK.NS,1268.4066162109375,DOWN,4,0,1,DOWN,STAY,0.35882407,0.37352943,0.26764655,False
2026-05-25 18:30:00+00:00,ITC.NS,293.6499938964844,DOWN,4,0,1,DOWN,STAY,0.2681027,0.37836358,0.35353377,False
2026-05-25 18:30:00+00:00,INFY.NS,1142.966796875,DOWN,4,0,0,DOWN,DOWN,0.44275576,0.23827878,0.31896546,True
2026-05-25 18:30:00+00:00,RELIANCE.NS,1350.0579833984375,STAY,4,1,2,STAY,UP,0.29464236,0.34970957,0.3556481,False
2026-05-26 18:30:00+00:00,ITC.NS,291.95001220703125,STAY,4,1,2,STAY,UP,0.26921976,0.30966252,0.42111772,False
2026-05-26 18:30:00+00:00,BHARTIARTL.NS,1829.1793212890625,STAY,4,1,2,STAY,UP,0.30149388,0.30294183,0.39556435,False
2026-05-26 18:30:00+00:00,LT.NS,4047.5,STAY,4,1,1,STAY,STAY,0.36718056,0.45951727,0.17330222,True
2026-05-26 18:30:00+00:00,SBIN.NS,967.7999877929688,STAY,4,1,2,STAY,UP,0.3349066,0.27896994,0.38612348,False
2026-05-26 18:30:00+00:00,TMPV.NS,397.6513671875,STAY,4,1,2,STAY,UP,0.36341706,0.1919721,0.44461083,False
2026-05-26 18:30:00+00:00,ICICIBANK.NS,1262.0601806640625,STAY,4,1,1,STAY,STAY,0.32021776,0.36347967,0.3163026,True
2026-05-26 18:30:00+00:00,TCS.NS,2271.744140625,STAY,4,1,2,STAY,UP,0.31734705,0.27024573,0.41240728,False
2026-05-26 18:30:00+00:00,INFY.NS,1135.3321533203125,STAY,4,1,2,STAY,UP,0.31759438,0.24551556,0.4368901,False
2026-05-26 18:30:00+00:00,HDFCBANK.NS,746.3065185546875,STAY,4,1,2,STAY,UP,0.31116298,0.2290468,0.45979023,False
2026-05-26 18:30:00+00:00,RELIANCE.NS,1344.2845458984375,STAY,4,1,2,STAY,UP,0.32976598,0.3259661,0.34426796,False
2026-05-27 18:30:00+00:00,BHARTIARTL.NS,1829.1793212890625,DOWN,4,0,0,DOWN,DOWN,0.3938558,0.27057412,0.33557007,True
2026-05-27 18:30:00+00:00,TMPV.NS,397.6513671875,DOWN,4,0,2,DOWN,UP,0.35285556,0.10639777,0.5407466,False
2026-05-27 18:30:00+00:00,HDFCBANK.NS,746.3065185546875,DOWN,4,0,2,DOWN,UP,0.25191996,0.36629838,0.38178164,False
2026-05-27 18:30:00+00:00,RELIANCE.NS,1344.2845458984375,DOWN,4,0,2,DOWN,UP,0.25289682,0.30687577,0.4402274,False
2026-05-27 18:30:00+00:00,ITC.NS,291.95001220703125,DOWN,4,0,2,DOWN,UP,0.1973059,0.29255652,0.51013756,False
2026-05-27 18:30:00+00:00,TCS.NS,2271.744140625,DOWN,4,0,2,DOWN,UP,0.29649764,0.26470345,0.4387989,False
2026-05-27 18:30:00+00:00,ICICIBANK.NS,1262.0601806640625,DOWN,4,0,2,DOWN,UP,0.23646168,0.35733387,0.40620443,False
2026-05-27 18:30:00+00:00,LT.NS,4047.5,UP,4,2,1,UP,STAY,0.31852967,0.47265983,0.20881043,False
2026-05-27 18:30:00+00:00,SBIN.NS,967.7999877929688,STAY,4,1,2,STAY,UP,0.25974533,0.32469732,0.41555732,False
2026-05-27 18:30:00+00:00,INFY.NS,1135.3321533203125,STAY,4,1,2,STAY,UP,0.24151261,0.21783048,0.54065686,False
2026-05-31 18:30:00+00:00,TMPV.NS,381.7333984375,UP,4,2,2,UP,UP,0.34471586,0.23035868,0.4249255,True
2026-05-31 18:30:00+00:00,ICICIBANK.NS,1229.3360595703125,DOWN,4,0,1,DOWN,STAY,0.3167853,0.44572386,0.23749085,False
2026-05-31 18:30:00+00:00,HDFCBANK.NS,730.6160278320312,UP,4,2,1,UP,STAY,0.33909103,0.3621171,0.2987918,False
2026-05-31 18:30:00+00:00,SBIN.NS,954.0999755859376,STAY,4,1,0,STAY,DOWN,0.37491724,0.3409202,0.28416252,False
2026-05-31 18:30:00+00:00,BHARTIARTL.NS,1788.0963134765625,STAY,4,1,1,STAY,STAY,0.34889928,0.37284952,0.27825117,True
2026-05-31 18:30:00+00:00,RELIANCE.NS,1313.9249267578125,STAY,4,1,0,STAY,DOWN,0.36737233,0.3671483,0.26547933,False
2026-05-31 18:30:00+00:00,LT.NS,4010.800048828125,STAY,4,1,1,STAY,STAY,0.40169698,0.47122663,0.12707634,True
2026-05-31 18:30:00+00:00,TCS.NS,2284.8720703125,UP,4,2,2,UP,UP,0.30286822,0.25114822,0.44598356,True
2026-05-31 18:30:00+00:00,INFY.NS,1177.02978515625,UP,4,2,2,UP,UP,0.2958056,0.21585588,0.48833853,True
2026-05-31 18:30:00+00:00,ITC.NS,279.6499938964844,UP,4,2,2,UP,UP,0.2210092,0.31520665,0.46378416,True
2026-06-01 18:30:00+00:00,HDFCBANK.NS,736.0757446289062,UP,4,2,0,UP,DOWN,0.379452,0.31720564,0.30334237,False
2026-06-01 18:30:00+00:00,TCS.NS,2433.556884765625,DOWN,4,0,0,DOWN,DOWN,0.48368728,0.26968658,0.2466262,True
2026-06-01 18:30:00+00:00,INFY.NS,1243.8831787109375,DOWN,4,0,0,DOWN,DOWN,0.5418858,0.28892356,0.16919063,True
2026-06-01 18:30:00+00:00,ITC.NS,283.25,DOWN,4,0,1,DOWN,STAY,0.23753448,0.39263356,0.36983195,False
2026-06-01 18:30:00+00:00,LT.NS,4000.89990234375,DOWN,4,0,1,DOWN,STAY,0.3383541,0.4705536,0.19109233,False
2026-06-01 18:30:00+00:00,RELIANCE.NS,1308.5498046875,STAY,4,1,0,STAY,DOWN,0.4206681,0.2883021,0.29102978,False
2026-06-01 18:30:00+00:00,TMPV.NS,386.9898071289063,UP,4,2,0,UP,DOWN,0.38961738,0.2957073,0.3146753,False
2026-06-01 18:30:00+00:00,BHARTIARTL.NS,1791.651611328125,UP,4,2,2,UP,UP,0.33148876,0.3036436,0.36486766,True
2026-06-01 18:30:00+00:00,SBIN.NS,956.6500244140624,UP,4,2,2,UP,UP,0.33229724,0.3308694,0.33683333,True
2026-06-01 18:30:00+00:00,ICICIBANK.NS,1216.3455810546875,UP,4,2,2,UP,UP,0.32550234,0.32284594,0.35165173,True
2026-06-02 18:30:00+00:00,INFY.NS,1196.7039794921875,DOWN,4,0,2,DOWN,UP,0.26870683,0.21218224,0.5191109,False
2026-06-02 18:30:00+00:00,LT.NS,3953.199951171875,STAY,4,1,1,STAY,STAY,0.3366373,0.4676395,0.19572324,True
2026-06-02 18:30:00+00:00,ITC.NS,277.0,UP,4,2,2,UP,UP,0.24000984,0.3106539,0.44933623,True
2026-06-02 18:30:00+00:00,TMPV.NS,394.8743896484375,STAY,4,1,0,STAY,DOWN,0.40798756,0.28190202,0.31011036,False
2026-06-02 18:30:00+00:00,TCS.NS,2229.475830078125,STAY,4,1,2,STAY,UP,0.35699403,0.26881528,0.37419075,False
2026-06-02 18:30:00+00:00,BHARTIARTL.NS,1801.4285888671875,STAY,4,1,2,STAY,UP,0.28465617,0.35579064,0.3595532,False
2026-06-02 18:30:00+00:00,RELIANCE.NS,1307.15625,DOWN,4,0,1,DOWN,STAY,0.34628403,0.35686675,0.29684922,False
2026-06-02 18:30:00+00:00,ICICIBANK.NS,1231.6168212890625,UP,4,2,1,UP,STAY,0.29299545,0.41091678,0.2960878,False
2026-06-02 18:30:00+00:00,HDFCBANK.NS,741.3878784179688,STAY,4,1,1,STAY,STAY,0.28231356,0.38057402,0.3371124,True
2026-06-02 18:30:00+00:00,SBIN.NS,970.4500122070312,UP,4,2,2,UP,UP,0.23875616,0.35532945,0.40591443,True
2026-06-03 18:30:00+00:00,ITC.NS,280.29998779296875,STAY,4,1,1,STAY,STAY,0.29071134,0.40538362,0.303905,True
2026-06-03 18:30:00+00:00,ICICIBANK.NS,1241.2357177734375,UP,4,2,1,UP,STAY,0.33962882,0.38966805,0.27070314,False
2026-06-03 18:30:00+00:00,RELIANCE.NS,1297.699951171875,DOWN,4,0,0,DOWN,DOWN,0.38098988,0.33097216,0.28803802,True
2026-06-03 18:30:00+00:00,SBIN.NS,979.25,STAY,4,1,1,STAY,STAY,0.28515297,0.36464122,0.35020584,True
2026-06-03 18:30:00+00:00,LT.NS,3942.10009765625,STAY,4,1,1,STAY,STAY,0.37608355,0.43751612,0.18640035,True
2026-06-03 18:30:00+00:00,HDFCBANK.NS,741.9288940429688,DOWN,4,0,1,DOWN,STAY,0.30913335,0.3566983,0.3341683,False
2026-06-03 18:30:00+00:00,TCS.NS,2228.77978515625,DOWN,4,0,0,DOWN,DOWN,0.42464238,0.21872135,0.3566363,True
2026-06-03 18:30:00+00:00,TMPV.NS,396.4116516113281,STAY,4,1,0,STAY,DOWN,0.39278552,0.2815779,0.3256366,False
2026-06-03 18:30:00+00:00,INFY.NS,1175.855224609375,STAY,4,1,2,STAY,UP,0.31047323,0.2309529,0.4585739,False
2026-06-03 18:30:00+00:00,BHARTIARTL.NS,1796.293212890625,DOWN,4,0,0,DOWN,DOWN,0.37252682,0.3443159,0.28315735,True
2026-06-04 18:30:00+00:00,RELIANCE.NS,1291.0,DOWN,4,0,1,DOWN,STAY,0.33636558,0.34270027,0.32093412,False
2026-06-04 18:30:00+00:00,HDFCBANK.NS,734.8952026367188,DOWN,4,0,1,DOWN,STAY,0.24145553,0.39880067,0.3597438,False
2026-06-04 18:30:00+00:00,LT.NS,3953.199951171875,DOWN,4,0,0,DOWN,DOWN,0.39797795,0.39464703,0.20737503,True
2026-06-04 18:30:00+00:00,ITC.NS,280.70001220703125,STAY,4,1,2,STAY,UP,0.33011097,0.3168835,0.35300553,False
2026-06-04 18:30:00+00:00,TCS.NS,2186.9091796875,DOWN,4,0,0,DOWN,DOWN,0.3991454,0.2617896,0.33906505,True
2026-06-04 18:30:00+00:00,ICICIBANK.NS,1251.548828125,DOWN,4,0,1,DOWN,STAY,0.28105387,0.39104328,0.32790285,False
2026-06-04 18:30:00+00:00,INFY.NS,1172.1357421875,DOWN,4,0,2,DOWN,UP,0.3410522,0.27705562,0.38189214,False
2026-06-04 18:30:00+00:00,BHARTIARTL.NS,1775.8504638671875,UP,4,2,2,UP,UP,0.32600662,0.30039257,0.37360087,True
2026-06-04 18:30:00+00:00,TMPV.NS,394.5272521972656,DOWN,4,0,0,DOWN,DOWN,0.4171142,0.24275494,0.34013084,True
2026-06-04 18:30:00+00:00,SBIN.NS,977.7000122070312,STAY,4,1,2,STAY,UP,0.31592053,0.29272234,0.39135715,False
2026-06-07 18:30:00+00:00,RELIANCE.NS,1263.300048828125,STAY,4,1,1,STAY,STAY,0.26145372,0.40468755,0.3338587,True
2026-06-07 18:30:00+00:00,LT.NS,3875.5,UP,4,2,0,UP,DOWN,0.42251083,0.40013227,0.17735694,False
2026-06-07 18:30:00+00:00,BHARTIARTL.NS,1790.7628173828125,DOWN,4,0,1,DOWN,STAY,0.3044016,0.37676552,0.3188329,False
2026-06-07 18:30:00+00:00,TCS.NS,2139.668212890625,STAY,4,1,2,STAY,UP,0.30524018,0.30415383,0.390606,False
2026-06-07 18:30:00+00:00,TMPV.NS,385.7996826171875,STAY,4,1,2,STAY,UP,0.29920864,0.19858868,0.5022027,False
2026-06-07 18:30:00+00:00,INFY.NS,1162.4453125,DOWN,4,0,0,DOWN,DOWN,0.3962792,0.2710942,0.3326266,True
2026-06-07 18:30:00+00:00,SBIN.NS,981.9500122070312,UP,4,2,2,UP,UP,0.26955476,0.338916,0.39152923,True
2026-06-07 18:30:00+00:00,HDFCBANK.NS,726.6319580078125,STAY,4,1,1,STAY,STAY,0.3350514,0.36020374,0.3047449,True
2026-06-07 18:30:00+00:00,ICICIBANK.NS,1239.748291015625,UP,4,2,1,UP,STAY,0.3642847,0.38527912,0.25043625,False
2026-06-07 18:30:00+00:00,ITC.NS,279.45001220703125,STAY,4,1,1,STAY,STAY,0.2904698,0.36312678,0.34640345,True
2026-06-08 18:30:00+00:00,INFY.NS,1155.300048828125,DOWN,4,0,0,DOWN,DOWN,0.41222087,0.23407307,0.35370606,True
2026-06-08 18:30:00+00:00,HDFCBANK.NS,726.3367919921875,UP,4,2,2,UP,UP,0.26947328,0.34995973,0.380567,True
2026-06-08 18:30:00+00:00,TCS.NS,2139.2705078125,STAY,4,1,2,STAY,UP,0.26028728,0.2677456,0.47196713,False
2026-06-08 18:30:00+00:00,ITC.NS,280.0,UP,4,2,1,UP,STAY,0.27442777,0.4020194,0.32355282,False
2026-06-08 18:30:00+00:00,RELIANCE.NS,1269.199951171875,DOWN,4,0,1,DOWN,STAY,0.3295874,0.34788105,0.32253155,False
2026-06-08 18:30:00+00:00,SBIN.NS,1002.7000122070312,STAY,4,1,1,STAY,STAY,0.2710081,0.37022832,0.35876358,True
2026-06-08 18:30:00+00:00,ICICIBANK.NS,1264.3409423828125,UP,4,2,1,UP,STAY,0.2702921,0.37562084,0.35408702,False
2026-06-08 18:30:00+00:00,BHARTIARTL.NS,1776.6405029296875,DOWN,4,0,0,DOWN,DOWN,0.34869346,0.332419,0.31888753,True
2026-06-08 18:30:00+00:00,TMPV.NS,384.6095275878906,DOWN,4,0,2,DOWN,UP,0.3027851,0.24641573,0.45079917,False
2026-06-08 18:30:00+00:00,LT.NS,3900.60009765625,STAY,4,1,0,STAY,DOWN,0.41490313,0.3600029,0.22509396,False
2026-06-09 18:30:00+00:00,LT.NS,3917.5,DOWN,4,0,1,DOWN,STAY,0.3517028,0.4031152,0.24518205,False
2026-06-09 18:30:00+00:00,ICICIBANK.NS,1282.488037109375,UP,4,2,1,UP,STAY,0.2753246,0.4307592,0.29391623,False
2026-06-09 18:30:00+00:00,INFY.NS,1145.300048828125,DOWN,4,0,0,DOWN,DOWN,0.42501876,0.2151927,0.3597885,True
2026-06-09 18:30:00+00:00,HDFCBANK.NS,734.698486328125,STAY,4,1,1,STAY,STAY,0.28783527,0.3780457,0.33411902,True
2026-06-09 18:30:00+00:00,BHARTIARTL.NS,1753.1363525390625,STAY,4,1,1,STAY,STAY,0.30205497,0.37046638,0.32747865,True
2026-06-09 18:30:00+00:00,TCS.NS,2142.154541015625,DOWN,4,0,0,DOWN,DOWN,0.37535816,0.25628844,0.36835337,True
2026-06-09 18:30:00+00:00,RELIANCE.NS,1258.800048828125,STAY,4,1,1,STAY,STAY,0.33304834,0.36802968,0.29892197,True
2026-06-09 18:30:00+00:00,TMPV.NS,377.8655090332031,DOWN,4,0,2,DOWN,UP,0.3169862,0.23567775,0.44733608,False
2026-06-09 18:30:00+00:00,SBIN.NS,1003.25,STAY,4,1,1,STAY,STAY,0.27572662,0.46622157,0.25805184,True
2026-06-09 18:30:00+00:00,ITC.NS,283.6499938964844,STAY,4,1,1,STAY,STAY,0.22335972,0.4186435,0.35799682,True
2026-06-10 18:30:00+00:00,TMPV.NS,372.8074340820313,UP,4,2,2,UP,UP,0.30242234,0.21177302,0.48580468,True
2026-06-10 18:30:00+00:00,INFY.NS,1114.5999755859375,STAY,4,1,0,STAY,DOWN,0.4298055,0.20136498,0.36882958,False
2026-06-10 18:30:00+00:00,ITC.NS,282.3999938964844,UP,4,2,1,UP,STAY,0.29354456,0.38151038,0.3249451,False
2026-06-10 18:30:00+00:00,HDFCBANK.NS,732.485107421875,UP,4,2,1,UP,STAY,0.26476967,0.38266438,0.3525659,False
2026-06-10 18:30:00+00:00,SBIN.NS,1000.7000122070312,UP,4,2,1,UP,STAY,0.2816107,0.40397665,0.31441268,False
2026-06-10 18:30:00+00:00,ICICIBANK.NS,1305.9898681640625,UP,4,2,1,UP,STAY,0.2827525,0.4059986,0.3112489,False
2026-06-10 18:30:00+00:00,LT.NS,3862.0,UP,4,2,1,UP,STAY,0.37026805,0.44324854,0.18648346,False
2026-06-10 18:30:00+00:00,TCS.NS,2123.95458984375,UP,4,2,0,UP,DOWN,0.36104992,0.3013003,0.3376498,False
2026-06-10 18:30:00+00:00,BHARTIARTL.NS,1760.4443359375,UP,4,2,2,UP,UP,0.29013178,0.3322241,0.37764412,True
2026-06-10 18:30:00+00:00,RELIANCE.NS,1263.0,UP,4,2,0,UP,DOWN,0.3870861,0.3182103,0.29470357,False
2026-06-11 18:30:00+00:00,TMPV.NS,386.79144287109375,UP,4,2,2,UP,UP,0.33104968,0.26569134,0.40325895,True
2026-06-11 18:30:00+00:00,SBIN.NS,1017.1500244140624,STAY,4,1,1,STAY,STAY,0.30200952,0.4316228,0.2663676,True
2026-06-11 18:30:00+00:00,HDFCBANK.NS,759.8819580078125,UP,4,2,1,UP,STAY,0.25913605,0.4034557,0.33740827,False
2026-06-11 18:30:00+00:00,INFY.NS,1116.4000244140625,UP,4,2,2,UP,UP,0.34940055,0.2733816,0.37721786,True
2026-06-11 18:30:00+00:00,BHARTIARTL.NS,1799.8485107421875,UP,4,2,1,UP,STAY,0.3329479,0.35476816,0.3122839,False
2026-06-11 18:30:00+00:00,ICICIBANK.NS,1329.5909423828125,DOWN,4,0,2,DOWN,UP,0.29897228,0.33650059,0.36452714,False
2026-06-11 18:30:00+00:00,TCS.NS,2149.61376953125,STAY,4,1,2,STAY,UP,0.35811096,0.2827196,0.35916942,False
2026-06-11 18:30:00+00:00,RELIANCE.NS,1293.0,UP,4,2,0,UP,DOWN,0.38435715,0.3392738,0.276369,False
2026-06-11 18:30:00+00:00,LT.NS,4049.300048828125,UP,4,2,1,UP,STAY,0.30864683,0.38302046,0.30833274,False
2026-06-11 18:30:00+00:00,ITC.NS,285.1000061035156,UP,4,2,1,UP,STAY,0.25379798,0.41938457,0.32681748,False
2026-06-14 18:30:00+00:00,HDFCBANK.NS,764.7022094726562,UP,4,2,1,UP,STAY,0.25647676,0.375816,0.36770722,False
2026-06-14 18:30:00+00:00,RELIANCE.NS,1307.0,UP,4,2,1,UP,STAY,0.27489617,0.44697928,0.2781245,False
2026-06-14 18:30:00+00:00,INFY.NS,1134.9000244140625,UP,4,2,2,UP,UP,0.3328155,0.32492968,0.34225485,True
2026-06-14 18:30:00+00:00,TCS.NS,2150.21044921875,UP,4,2,0,UP,DOWN,0.368896,0.26744425,0.36365977,False
2026-06-14 18:30:00+00:00,ITC.NS,287.8999938964844,UP,4,2,1,UP,STAY,0.29914418,0.42025372,0.2806021,False
2026-06-14 18:30:00+00:00,SBIN.NS,1020.8499755859376,DOWN,4,0,0,DOWN,DOWN,0.4008692,0.31822866,0.28090215,True
2026-06-14 18:30:00+00:00,ICICIBANK.NS,1316.501220703125,UP,4,2,1,UP,STAY,0.3605859,0.37033495,0.26907915,False
2026-06-14 18:30:00+00:00,BHARTIARTL.NS,1818.3160400390625,UP,4,2,1,UP,STAY,0.25143957,0.4628597,0.2857008,False
2026-06-14 18:30:00+00:00,TMPV.NS,393.1387939453125,DOWN,4,0,2,DOWN,UP,0.31856552,0.24766922,0.4337652,False
2026-06-14 18:30:00+00:00,LT.NS,4169.7998046875,STAY,4,1,2,STAY,UP,0.33107752,0.32414392,0.34477857,False
2026-06-15 18:30:00+00:00,SBIN.NS,1015.2999877929688,UP,4,2,1,UP,STAY,0.3429995,0.35184383,0.30515668,False
2026-06-15 18:30:00+00:00,BHARTIARTL.NS,1829.9693603515625,UP,4,2,1,UP,STAY,0.33144003,0.40173697,0.26682296,False
2026-06-15 18:30:00+00:00,TCS.NS,2187.0087890625,UP,4,2,1,UP,STAY,0.25306353,0.4252336,0.32170287,False
2026-06-15 18:30:00+00:00,RELIANCE.NS,1328.800048828125,STAY,4,1,1,STAY,STAY,0.30435064,0.40691942,0.28872994,True
2026-06-15 18:30:00+00:00,HDFCBANK.NS,772.1294555664062,STAY,4,1,1,STAY,STAY,0.2594395,0.42212233,0.3184382,True
2026-06-15 18:30:00+00:00,INFY.NS,1143.5999755859375,UP,4,2,2,UP,UP,0.2751895,0.34282365,0.3819869,True
2026-06-15 18:30:00+00:00,ITC.NS,291.6499938964844,STAY,4,1,1,STAY,STAY,0.26251045,0.4491834,0.28830618,True
2026-06-15 18:30:00+00:00,TMPV.NS,390.3618469238281,DOWN,4,0,2,DOWN,UP,0.3044958,0.21501836,0.4804859,False
2026-06-15 18:30:00+00:00,LT.NS,4186.39990234375,UP,4,2,1,UP,STAY,0.2597702,0.37474698,0.3654828,False
2026-06-15 18:30:00+00:00,ICICIBANK.NS,1323.145263671875,STAY,4,1,1,STAY,STAY,0.3146376,0.38261786,0.30274454,True
2026-06-16 18:30:00+00:00,ITC.NS,290.75,STAY,4,1,1,STAY,STAY,0.25321636,0.37620437,0.3705792,True
2026-06-16 18:30:00+00:00,SBIN.NS,1026.5,UP,4,2,1,UP,STAY,0.33304167,0.3646806,0.3022778,False
2026-06-16 18:30:00+00:00,RELIANCE.NS,1332.699951171875,STAY,4,1,1,STAY,STAY,0.26481384,0.42969432,0.30549186,True
2026-06-16 18:30:00+00:00,TMPV.NS,357.98046875,UP,4,2,2,UP,UP,0.3159291,0.18226163,0.50180924,True
2026-06-16 18:30:00+00:00,BHARTIARTL.NS,1852.38720703125,STAY,4,1,1,STAY,STAY,0.2991753,0.4190222,0.28180256,True
2026-06-16 18:30:00+00:00,INFY.NS,1157.699951171875,DOWN,4,0,2,DOWN,UP,0.3362282,0.2538988,0.40987298,False
2026-06-16 18:30:00+00:00,HDFCBANK.NS,774.2935791015625,UP,4,2,1,UP,STAY,0.29659954,0.42266914,0.28073135,False
2026-06-16 18:30:00+00:00,TCS.NS,2210.8779296875,DOWN,4,0,1,DOWN,STAY,0.33738783,0.38428593,0.27832624,False
2026-06-16 18:30:00+00:00,LT.NS,4207.7001953125,STAY,4,1,1,STAY,STAY,0.31353977,0.41458097,0.2718792,True
2026-06-16 18:30:00+00:00,ICICIBANK.NS,1325.6243896484375,STAY,4,1,1,STAY,STAY,0.30235228,0.39256087,0.30508682,True
2026-06-17 18:30:00+00:00,BHARTIARTL.NS,1851.49853515625,UP,4,2,2,UP,UP,0.29662213,0.30829486,0.395083,True
2026-06-17 18:30:00+00:00,TCS.NS,2191.285400390625,DOWN,4,0,0,DOWN,DOWN,0.36955237,0.29158106,0.33886656,True
2026-06-17 18:30:00+00:00,LT.NS,4190.0,STAY,4,1,1,STAY,STAY,0.36293164,0.39129564,0.24577272,True
2026-06-17 18:30:00+00:00,HDFCBANK.NS,786.0,DOWN,4,0,1,DOWN,STAY,0.29009336,0.39948866,0.31041804,False
2026-06-17 18:30:00+00:00,SBIN.NS,1042.699951171875,DOWN,4,0,1,DOWN,STAY,0.32422686,0.40697834,0.26879483,False
2026-06-17 18:30:00+00:00,ICICIBANK.NS,1331.078369140625,STAY,4,1,1,STAY,STAY,0.3115833,0.39591753,0.29249915,True
2026-06-17 18:30:00+00:00,RELIANCE.NS,1328.0999755859375,DOWN,4,0,1,DOWN,STAY,0.3398402,0.36697316,0.29318666,False
2026-06-17 18:30:00+00:00,ITC.NS,291.1499938964844,STAY,4,1,1,STAY,STAY,0.28045014,0.42619082,0.29335907,True
2026-06-17 18:30:00+00:00,INFY.NS,1127.5,DOWN,4,0,0,DOWN,DOWN,0.41436967,0.19479777,0.39083254,True
2026-06-17 18:30:00+00:00,TMPV.NS,361.6499938964844,DOWN,4,0,2,DOWN,UP,0.423493,0.14789805,0.42860892,False
2026-06-18 18:30:00+00:00,HDFCBANK.NS,779.7999877929688,UP,4,2,0,UP,DOWN,0.36975187,0.36776733,0.26248083,False
2026-06-18 18:30:00+00:00,TMPV.NS,359.5,UP,4,2,2,UP,UP,0.2676886,0.227865,0.50444645,True
2026-06-18 18:30:00+00:00,BHARTIARTL.NS,1887.051025390625,STAY,4,1,0,STAY,DOWN,0.3558629,0.3309804,0.31315672,False
2026-06-18 18:30:00+00:00,LT.NS,4209.39990234375,STAY,4,1,1,STAY,STAY,0.40322924,0.4346884,0.16208234,True
2026-06-18 18:30:00+00:00,TCS.NS,2113.412353515625,STAY,4,1,0,STAY,DOWN,0.40007326,0.2616749,0.3382518,False
2026-06-18 18:30:00+00:00,ICICIBANK.NS,1335.2431640625,STAY,4,1,1,STAY,STAY,0.30385178,0.4158059,0.2803423,True
2026-06-18 18:30:00+00:00,SBIN.NS,1035.0999755859375,UP,4,2,0,UP,DOWN,0.3639463,0.3635817,0.27247205,False
2026-06-18 18:30:00+00:00,ITC.NS,292.5,STAY,4,1,1,STAY,STAY,0.2713057,0.3974208,0.3312735,True
2026-06-18 18:30:00+00:00,INFY.NS,1051.4000244140625,UP,4,2,2,UP,UP,0.3052742,0.20910357,0.48562226,True
2026-06-18 18:30:00+00:00,RELIANCE.NS,1309.5,UP,4,2,0,UP,DOWN,0.37847427,0.31782687,0.3036989,False
2026-06-21 18:30:00+00:00,TMPV.NS,361.5,DOWN,4,0,2,DOWN,UP,0.36951098,0.23321576,0.3972732,False
2026-06-21 18:30:00+00:00,TCS.NS,2116.197021484375,DOWN,4,0,2,DOWN,UP,0.36766243,0.19449835,0.43783927,False
2026-06-21 18:30:00+00:00,SBIN.NS,1040.75,DOWN,4,0,1,DOWN,STAY,0.3407435,0.38488927,0.27436727,False
2026-06-21 18:30:00+00:00,LT.NS,4201.2998046875,DOWN,4,0,1,DOWN,STAY,0.2925132,0.49931833,0.20816848,False
2026-06-21 18:30:00+00:00,BHARTIARTL.NS,1892.7789306640625,DOWN,4,0,1,DOWN,STAY,0.36588538,0.42474574,0.20936881,False
2026-06-21 18:30:00+00:00,ICICIBANK.NS,1341.0938720703125,DOWN,4,0,2,DOWN,UP,0.2995857,0.33526292,0.36515138,False
2026-06-21 18:30:00+00:00,ITC.NS,291.25,STAY,4,1,1,STAY,STAY,0.2507568,0.4199403,0.32930288,True
2026-06-21 18:30:00+00:00,HDFCBANK.NS,786.4000244140625,DOWN,4,0,1,DOWN,STAY,0.3075192,0.43975434,0.2527265,False
2026-06-21 18:30:00+00:00,RELIANCE.NS,1326.5,DOWN,4,0,1,DOWN,STAY,0.2844641,0.38434663,0.3311893,False
2026-06-21 18:30:00+00:00,INFY.NS,1065.4000244140625,DOWN,4,0,2,DOWN,UP,0.31638908,0.24167521,0.44193566,False
2026-06-22 18:30:00+00:00,BHARTIARTL.NS,1877.96533203125,DOWN,4,0,1,DOWN,STAY,0.3723436,0.3821124,0.24554399,False
2026-06-22 18:30:00+00:00,LT.NS,4179.39990234375,STAY,4,1,1,STAY,STAY,0.22672214,0.5914346,0.18184325,True
2026-06-22 18:30:00+00:00,SBIN.NS,1024.199951171875,UP,4,2,0,UP,DOWN,0.3665711,0.31905055,0.31437835,False
2026-06-22 18:30:00+00:00,ICICIBANK.NS,1327.11181640625,UP,4,2,1,UP,STAY,0.325148,0.387295,0.28755704,False
2026-06-22 18:30:00+00:00,TMPV.NS,354.54998779296875,DOWN,4,0,0,DOWN,DOWN,0.40866575,0.19684203,0.39449218,True
2026-06-22 18:30:00+00:00,ITC.NS,290.0,STAY,4,1,1,STAY,STAY,0.24670833,0.43485546,0.31843618,True
2026-06-22 18:30:00+00:00,HDFCBANK.NS,774.6500244140625,UP,4,2,1,UP,STAY,0.3263141,0.36645588,0.30723003,False
2026-06-22 18:30:00+00:00,INFY.NS,1029.300048828125,UP,4,2,2,UP,UP,0.29889816,0.21964997,0.4814519,True
2026-06-22 18:30:00+00:00,RELIANCE.NS,1309.5,STAY,4,1,1,STAY,STAY,0.32375863,0.3796739,0.29656744,True
2026-06-22 18:30:00+00:00,TCS.NS,2048.368896484375,UP,4,2,0,UP,DOWN,0.37232962,0.27262205,0.35504833,False
2026-06-23 18:30:00+00:00,BHARTIARTL.NS,1853.9674072265625,DOWN,4,0,1,DOWN,STAY,0.2879465,0.3678556,0.3441979,False
2026-06-23 18:30:00+00:00,ITC.NS,290.3500061035156,STAY,4,1,1,STAY,STAY,0.2430951,0.40725493,0.34965,True
2026-06-23 18:30:00+00:00,LT.NS,4181.7001953125,UP,4,2,1,UP,STAY,0.27967075,0.5388691,0.18146016,False
2026-06-23 18:30:00+00:00,INFY.NS,1056.5999755859375,DOWN,4,0,2,DOWN,UP,0.27296826,0.23292047,0.49411127,False
2026-06-23 18:30:00+00:00,TCS.NS,2097.49951171875,DOWN,4,0,0,DOWN,DOWN,0.4590278,0.2058069,0.3351653,True
2026-06-23 18:30:00+00:00,SBIN.NS,1034.5999755859375,UP,4,2,1,UP,STAY,0.308473,0.41925353,0.27227345,False
2026-06-23 18:30:00+00:00,RELIANCE.NS,1313.5999755859375,STAY,4,1,1,STAY,STAY,0.33261025,0.38194275,0.28544697,True
2026-06-23 18:30:00+00:00,ICICIBANK.NS,1362.11669921875,UP,4,2,1,UP,STAY,0.26342437,0.45925677,0.27731884,False
2026-06-23 18:30:00+00:00,TMPV.NS,349.70001220703125,UP,4,2,2,UP,UP,0.36720398,0.21441111,0.41838485,True
2026-06-23 18:30:00+00:00,HDFCBANK.NS,793.2000122070312,STAY,4,1,1,STAY,STAY,0.2695277,0.46047163,0.27000064,True
2026-06-24 18:30:00+00:00,LT.NS,4216.39990234375,STAY,4,1,1,STAY,STAY,0.21762328,0.5186886,0.26368812,True
2026-06-24 18:30:00+00:00,HDFCBANK.NS,796.2999877929688,STAY,4,1,1,STAY,STAY,0.3063533,0.4065457,0.28710097,True
2026-06-24 18:30:00+00:00,RELIANCE.NS,1318.0999755859375,STAY,4,1,0,STAY,DOWN,0.36972567,0.3480974,0.28217694,False
2026-06-24 18:30:00+00:00,TMPV.NS,353.20001220703125,STAY,4,1,2,STAY,UP,0.35170045,0.27360502,0.37469456,False
2026-06-24 18:30:00+00:00,ITC.NS,290.0,STAY,4,1,1,STAY,STAY,0.24456424,0.39844054,0.35699525,True
2026-06-24 18:30:00+00:00,TCS.NS,2083.27734375,STAY,4,1,0,STAY,DOWN,0.50663453,0.21618006,0.2771854,False
2026-06-24 18:30:00+00:00,ICICIBANK.NS,1375.9005126953125,STAY,4,1,1,STAY,STAY,0.2805945,0.44196966,0.27743587,True
2026-06-24 18:30:00+00:00,BHARTIARTL.NS,1827.6978759765625,STAY,4,1,1,STAY,STAY,0.3461153,0.36640313,0.28748155,True
2026-06-24 18:30:00+00:00,SBIN.NS,1045.4000244140625,STAY,4,1,1,STAY,STAY,0.302132,0.38472554,0.31314248,True
2026-06-24 18:30:00+00:00,INFY.NS,1041.199951171875,STAY,4,1,2,STAY,UP,0.35172102,0.19411893,0.45416006,False
2026-06-25 18:30:00+00:00,BHARTIARTL.NS,1827.6978759765625,DOWN,4,0,1,DOWN,STAY,0.32027575,0.36684546,0.31287882,False
2026-06-25 18:30:00+00:00,SBIN.NS,1045.4000244140625,DOWN,4,0,2,DOWN,UP,0.24207611,0.29112127,0.46680266,False
2026-06-25 18:30:00+00:00,RELIANCE.NS,1318.0999755859375,DOWN,4,0,2,DOWN,UP,0.27449003,0.35089034,0.37461963,False
2026-06-25 18:30:00+00:00,ICICIBANK.NS,1375.9005126953125,STAY,4,1,2,STAY,UP,0.29797238,0.34634745,0.35568017,False
2026-06-25 18:30:00+00:00,TMPV.NS,353.20001220703125,DOWN,4,0,2,DOWN,UP,0.29212475,0.26980948,0.4380658,False
2026-06-25 18:30:00+00:00,INFY.NS,1041.199951171875,STAY,4,1,2,STAY,UP,0.22634105,0.24283697,0.530822,False
2026-06-25 18:30:00+00:00,HDFCBANK.NS,796.2999877929688,STAY,4,1,2,STAY,UP,0.23430012,0.3611389,0.40456095,False
2026-06-25 18:30:00+00:00,LT.NS,4216.39990234375,DOWN,4,0,1,DOWN,STAY,0.3369245,0.54429936,0.11877616,False
2026-06-25 18:30:00+00:00,TCS.NS,2083.27734375,STAY,4,1,2,STAY,UP,0.3278946,0.2572198,0.41488558,False
2026-06-25 18:30:00+00:00,ITC.NS,290.0,STAY,4,1,2,STAY,UP,0.18903622,0.28075713,0.5302066,False
2026-06-29 18:30:00+00:00,BHARTIARTL.NS,1828.9818115234373,UP,4,2,1,UP,STAY,0.31718633,0.3590062,0.3238075,False
2026-06-29 18:30:00+00:00,SBIN.NS,1026.9000244140625,UP,4,2,2,UP,UP,0.3352542,0.32847518,0.3362706,True
2026-06-29 18:30:00+00:00,LT.NS,4143.39990234375,DOWN,4,0,1,DOWN,STAY,0.32204762,0.49241254,0.18553989,False
2026-06-29 18:30:00+00:00,HDFCBANK.NS,797.9500122070312,STAY,4,1,1,STAY,STAY,0.33875006,0.38702485,0.27422512,True
2026-06-29 18:30:00+00:00,RELIANCE.NS,1293.9000244140625,UP,4,2,1,UP,STAY,0.3386259,0.34035403,0.32102007,False
2026-06-29 18:30:00+00:00,INFY.NS,1000.4000244140624,DOWN,4,0,2,DOWN,UP,0.28090745,0.26645252,0.45264,False
2026-06-29 18:30:00+00:00,ICICIBANK.NS,1363.7032470703125,STAY,4,1,1,STAY,STAY,0.25093192,0.42852506,0.320543,True
2026-06-29 18:30:00+00:00,TCS.NS,2020.422119140625,DOWN,4,0,2,DOWN,UP,0.34221733,0.23447382,0.42330888,False
2026-06-29 18:30:00+00:00,TMPV.NS,352.20001220703125,DOWN,4,0,2,DOWN,UP,0.2829118,0.32478297,0.39230523,False
2026-06-29 18:30:00+00:00,ITC.NS,286.95001220703125,UP,4,2,2,UP,UP,0.20473996,0.37628478,0.41897526,True
2026-06-30 18:30:00+00:00,TMPV.NS,347.79998779296875,DOWN,4,0,2,DOWN,UP,0.37777948,0.21050073,0.4117198,False
2026-06-30 18:30:00+00:00,ITC.NS,290.29998779296875,STAY,4,1,1,STAY,STAY,0.20449936,0.43466476,0.3608359,True
2026-06-30 18:30:00+00:00,RELIANCE.NS,1308.0,STAY,4,1,1,STAY,STAY,0.25580075,0.45915034,0.28504887,True
2026-06-30 18:30:00+00:00,LT.NS,4092.60009765625,DOWN,4,0,1,DOWN,STAY,0.34797665,0.49584445,0.15617886,False
2026-06-30 18:30:00+00:00,INFY.NS,985.2999877929688,UP,4,2,2,UP,UP,0.17984514,0.26447946,0.55567545,True
2026-06-30 18:30:00+00:00,BHARTIARTL.NS,1847.7457275390625,STAY,4,1,1,STAY,STAY,0.2947489,0.3602089,0.34504226,True
2026-06-30 18:30:00+00:00,ICICIBANK.NS,1368.264892578125,UP,4,2,1,UP,STAY,0.3496569,0.3658083,0.2845348,False
2026-06-30 18:30:00+00:00,TCS.NS,1971.788818359375,UP,4,2,2,UP,UP,0.22616695,0.19640508,0.577428,True
2026-06-30 18:30:00+00:00,SBIN.NS,1047.4000244140625,STAY,4,1,1,STAY,STAY,0.24169317,0.435483,0.32282385,True
2026-06-30 18:30:00+00:00,HDFCBANK.NS,796.1500244140625,STAY,4,1,1,STAY,STAY,0.2851778,0.36965045,0.34517172,True
2026-07-01 18:30:00+00:00,SBIN.NS,1051.5999755859375,DOWN,4,0,1,DOWN,STAY,0.26559123,0.38026536,0.3541434,False
2026-07-01 18:30:00+00:00,ITC.NS,289.8999938964844,STAY,4,1,2,STAY,UP,0.23894888,0.36979213,0.39125898,False
2026-07-01 18:30:00+00:00,HDFCBANK.NS,795.9000244140625,UP,4,2,1,UP,STAY,0.2819373,0.36943036,0.3486324,False
2026-07-01 18:30:00+00:00,INFY.NS,1040.9000244140625,UP,4,2,0,UP,DOWN,0.34758362,0.3128484,0.339568,False
2026-07-01 18:30:00+00:00,TCS.NS,2056.82275390625,UP,4,2,0,UP,DOWN,0.41698432,0.25803292,0.3249828,False
2026-07-01 18:30:00+00:00,BHARTIARTL.NS,1851.6959228515625,UP,4,2,1,UP,STAY,0.3543743,0.36311516,0.2825106,False
2026-07-01 18:30:00+00:00,ICICIBANK.NS,1388.2960205078125,UP,4,2,1,UP,STAY,0.29631174,0.40830258,0.29538575,False
2026-07-01 18:30:00+00:00,RELIANCE.NS,1303.5,STAY,4,1,1,STAY,STAY,0.28879765,0.38954476,0.3216576,True
2026-07-01 18:30:00+00:00,TMPV.NS,345.95001220703125,DOWN,4,0,0,DOWN,DOWN,0.3657333,0.2989481,0.33531857,True
2026-07-01 18:30:00+00:00,LT.NS,4059.39990234375,DOWN,4,0,1,DOWN,STAY,0.18554403,0.6824639,0.13199209,False
2026-07-02 18:30:00+00:00,TCS.NS,2082.083984375,DOWN,4,0,2,DOWN,UP,0.33420506,0.27765387,0.38814107,False
2026-07-02 18:30:00+00:00,LT.NS,4026.60009765625,STAY,4,1,1,STAY,STAY,0.31038913,0.56396145,0.12564944,True
2026-07-02 18:30:00+00:00,INFY.NS,1047.199951171875,STAY,4,1,0,STAY,DOWN,0.45437536,0.20882937,0.3367952,False
2026-07-02 18:30:00+00:00,ITC.NS,289.95001220703125,DOWN,4,0,1,DOWN,STAY,0.21997601,0.45082423,0.32919973,False
2026-07-02 18:30:00+00:00,BHARTIARTL.NS,1886.656005859375,UP,4,2,1,UP,STAY,0.29511422,0.37633777,0.328548,False
2026-07-02 18:30:00+00:00,HDFCBANK.NS,801.0499877929688,UP,4,2,1,UP,STAY,0.279959,0.38124737,0.33879364,False
2026-07-02 18:30:00+00:00,RELIANCE.NS,1304.0,UP,4,2,1,UP,STAY,0.26615822,0.4418132,0.2920286,False
2026-07-02 18:30:00+00:00,SBIN.NS,1040.0,STAY,4,1,1,STAY,STAY,0.31108195,0.3672403,0.32167774,True
2026-07-02 18:30:00+00:00,TMPV.NS,344.1000061035156,UP,4,2,0,UP,DOWN,0.42431152,0.27203053,0.30365795,False
2026-07-02 18:30:00+00:00,ICICIBANK.NS,1399.6007080078125,UP,4,2,1,UP,STAY,0.2979737,0.44676787,0.2552584,False
2026-07-05 18:30:00+00:00,RELIANCE.NS,1321.300048828125,DOWN,4,0,1,DOWN,STAY,0.24858858,0.46369192,0.28771946,False
2026-07-05 18:30:00+00:00,TMPV.NS,347.04998779296875,DOWN,4,0,2,DOWN,UP,0.35046566,0.27412844,0.37540594,False
2026-07-05 18:30:00+00:00,ICICIBANK.NS,1414.9710693359375,DOWN,4,0,1,DOWN,STAY,0.33915552,0.44788948,0.212955,False
2026-07-05 18:30:00+00:00,BHARTIARTL.NS,1901.7657470703125,STAY,4,1,1,STAY,STAY,0.22772466,0.42779338,0.34448195,True
2026-07-05 18:30:00+00:00,SBIN.NS,1037.699951171875,STAY,4,1,1,STAY,STAY,0.33019555,0.36612365,0.3036808,True
2026-07-05 18:30:00+00:00,ITC.NS,288.25,STAY,4,1,2,STAY,UP,0.20150144,0.3350864,0.46341217,False
2026-07-05 18:30:00+00:00,HDFCBANK.NS,829.8499755859375,STAY,4,1,1,STAY,STAY,0.26499742,0.3973235,0.3376791,True
2026-07-05 18:30:00+00:00,INFY.NS,1042.199951171875,UP,4,2,0,UP,DOWN,0.34300074,0.31554434,0.34145492,False
2026-07-05 18:30:00+00:00,TCS.NS,2046.3798828125,UP,4,2,2,UP,UP,0.35424346,0.2511595,0.39459702,True
2026-07-05 18:30:00+00:00,LT.NS,4041.0,DOWN,4,0,1,DOWN,STAY,0.33141747,0.46155798,0.20702459,False
2026-07-06 18:30:00+00:00,LT.NS,3991.89990234375,DOWN,4,0,1,DOWN,STAY,0.23664252,0.61757374,0.14578375,False
2026-07-06 18:30:00+00:00,HDFCBANK.NS,829.2999877929688,DOWN,4,0,2,DOWN,UP,0.3361717,0.30706158,0.35676676,False
2026-07-06 18:30:00+00:00,TCS.NS,2084.669921875,DOWN,4,0,2,DOWN,UP,0.35089424,0.26531798,0.38378772,False
2026-07-06 18:30:00+00:00,INFY.NS,1071.800048828125,STAY,4,1,2,STAY,UP,0.32016867,0.30102494,0.37880644,False
2026-07-06 18:30:00+00:00,BHARTIARTL.NS,1901.8646240234373,DOWN,4,0,1,DOWN,STAY,0.30616882,0.37758926,0.31624195,False
2026-07-06 18:30:00+00:00,ITC.NS,288.75,DOWN,4,0,2,DOWN,UP,0.28813356,0.31156334,0.40030313,False
2026-07-06 18:30:00+00:00,ICICIBANK.NS,1402.873046875,DOWN,4,0,1,DOWN,STAY,0.25717875,0.48823297,0.25458834,False
2026-07-06 18:30:00+00:00,SBIN.NS,1038.0999755859375,DOWN,4,0,2,DOWN,UP,0.292997,0.34922403,0.357779,False
2026-07-06 18:30:00+00:00,TMPV.NS,342.29998779296875,DOWN,4,0,0,DOWN,DOWN,0.40871766,0.30433217,0.2869501,True
2026-07-06 18:30:00+00:00,RELIANCE.NS,1308.4000244140625,DOWN,4,0,1,DOWN,STAY,0.29443738,0.37479302,0.3307696,False
2026-07-07 18:30:00+00:00,BHARTIARTL.NS,1864.6331787109373,UP,4,2,2,UP,UP,0.32178208,0.3364895,0.34172842,True
2026-07-07 18:30:00+00:00,SBIN.NS,1016.9000244140624,UP,4,2,2,UP,UP,0.30303878,0.33300743,0.36395383,True
2026-07-07 18:30:00+00:00,ICICIBANK.NS,1369.05810546875,STAY,4,1,0,STAY,DOWN,0.3585633,0.35847542,0.2829613,False
2026-07-07 18:30:00+00:00,TCS.NS,2046.2803955078125,STAY,4,1,0,STAY,DOWN,0.40308905,0.22640201,0.37050897,False
2026-07-07 18:30:00+00:00,INFY.NS,1069.300048828125,DOWN,4,0,2,DOWN,UP,0.3093134,0.26272815,0.4279584,False
2026-07-07 18:30:00+00:00,HDFCBANK.NS,810.2999877929688,UP,4,2,1,UP,STAY,0.27995586,0.37058693,0.3494572,False
2026-07-07 18:30:00+00:00,ITC.NS,280.6499938964844,STAY,4,1,2,STAY,UP,0.2898024,0.28502378,0.42517382,False
2026-07-07 18:30:00+00:00,LT.NS,3892.10009765625,STAY,4,1,1,STAY,STAY,0.26005018,0.5711396,0.16881023,True
2026-07-07 18:30:00+00:00,RELIANCE.NS,1275.9000244140625,STAY,4,1,0,STAY,DOWN,0.3541014,0.32486632,0.32103226,False
2026-07-07 18:30:00+00:00,TMPV.NS,332.04998779296875,STAY,4,1,2,STAY,UP,0.29736868,0.28248262,0.42014873,False
2026-07-08 18:30:00+00:00,ICICIBANK.NS,1369.1572265625,UP,4,2,1,UP,STAY,0.32734087,0.3416479,0.33101127,False
2026-07-08 18:30:00+00:00,HDFCBANK.NS,817.5499877929688,UP,4,2,1,UP,STAY,0.24017283,0.41221103,0.3476161,False
2026-07-08 18:30:00+00:00,RELIANCE.NS,1279.800048828125,UP,4,2,0,UP,DOWN,0.34837025,0.3126648,0.33896497,False
2026-07-08 18:30:00+00:00,ITC.NS,282.04998779296875,STAY,4,1,2,STAY,UP,0.237267,0.38009733,0.38263568,False
2026-07-08 18:30:00+00:00,INFY.NS,1050.800048828125,UP,4,2,2,UP,UP,0.21501741,0.28770635,0.49727628,True
2026-07-08 18:30:00+00:00,TMPV.NS,331.5,UP,4,2,2,UP,UP,0.35044137,0.26616752,0.3833911,True
2026-07-08 18:30:00+00:00,LT.NS,3886.0,UP,4,2,1,UP,STAY,0.18960373,0.65093154,0.15946472,False
2026-07-08 18:30:00+00:00,SBIN.NS,1022.0999755859376,UP,4,2,1,UP,STAY,0.2846791,0.4357186,0.27960232,False
2026-07-08 18:30:00+00:00,BHARTIARTL.NS,1907.0986328125,DOWN,4,0,1,DOWN,STAY,0.26889446,0.40472636,0.3263792,False
2026-07-08 18:30:00+00:00,TCS.NS,2038.323974609375,UP,4,2,0,UP,DOWN,0.4326817,0.21382459,0.35349366,False
2026-07-09 18:30:00+00:00,ITC.NS,281.75,DOWN,4,0,1,DOWN,STAY,0.25712216,0.4314937,0.31138408,False
2026-07-09 18:30:00+00:00,TCS.NS,2057.717529296875,UP,4,2,2,UP,UP,0.31116554,0.26730114,0.42153335,True
2026-07-09 18:30:00+00:00,SBIN.NS,1036.0,STAY,4,1,1,STAY,STAY,0.30434164,0.4128443,0.28281412,True
2026-07-09 18:30:00+00:00,INFY.NS,1068.0,UP,4,2,0,UP,DOWN,0.34532812,0.34448987,0.31018198,False
2026-07-09 18:30:00+00:00,HDFCBANK.NS,824.9500122070312,DOWN,4,0,1,DOWN,STAY,0.23238885,0.46691385,0.30069727,False
2026-07-09 18:30:00+00:00,TMPV.NS,337.95001220703125,UP,4,2,2,UP,UP,0.35115287,0.2561725,0.39267465,True
2026-07-09 18:30:00+00:00,ICICIBANK.NS,1389.48583984375,UP,4,2,1,UP,STAY,0.24781585,0.47607592,0.27610824,False
2026-07-09 18:30:00+00:00,LT.NS,3945.800048828125,STAY,4,1,1,STAY,STAY,0.28069872,0.59627306,0.123028226,True
2026-07-09 18:30:00+00:00,BHARTIARTL.NS,1896.53173828125,DOWN,4,0,1,DOWN,STAY,0.22191216,0.45047116,0.32761672,False
2026-07-09 18:30:00+00:00,RELIANCE.NS,1307.800048828125,DOWN,4,0,1,DOWN,STAY,0.24176179,0.42333648,0.33490172,False
2026-07-12 18:30:00+00:00,SBIN.NS,1037.0,DOWN,4,0,0,DOWN,DOWN,0.36641955,0.33239585,0.30118456,True
2026-07-12 18:30:00+00:00,TCS.NS,2169.604248046875,UP,4,2,0,UP,DOWN,0.4542728,0.28231612,0.26341107,False
2026-07-12 18:30:00+00:00,ITC.NS,279.6499938964844,DOWN,4,0,1,DOWN,STAY,0.1624482,0.4546018,0.38294998,False
2026-07-12 18:30:00+00:00,BHARTIARTL.NS,1878.1629638671875,UP,4,2,1,UP,STAY,0.30463192,0.37321916,0.32214895,False
2026-07-12 18:30:00+00:00,HDFCBANK.NS,817.9500122070312,DOWN,4,0,1,DOWN,STAY,0.31855264,0.40124178,0.2802056,False
2026-07-12 18:30:00+00:00,TMPV.NS,342.25,DOWN,4,0,0,DOWN,DOWN,0.46136138,0.18191452,0.35672414,True
2026-07-12 18:30:00+00:00,LT.NS,3928.5,DOWN,4,0,1,DOWN,STAY,0.25905466,0.65498525,0.08596009,False
2026-07-12 18:30:00+00:00,ICICIBANK.NS,1397.716552734375,STAY,4,1,1,STAY,STAY,0.28078339,0.42248487,0.29673177,True
2026-07-12 18:30:00+00:00,INFY.NS,1102.5999755859375,DOWN,4,0,1,DOWN,STAY,0.3212954,0.34610835,0.33259624,False
2026-07-12 18:30:00+00:00,RELIANCE.NS,1296.9000244140625,STAY,4,1,1,STAY,STAY,0.3372116,0.4082091,0.2545793,True
2026-07-13 18:30:00+00:00,BHARTIARTL.NS,1912.431640625,DOWN,4,0,1,DOWN,STAY,0.2593944,0.42965075,0.31095484,False
2026-07-13 18:30:00+00:00,TMPV.NS,333.3500061035156,STAY,4,1,0,STAY,DOWN,0.4249704,0.20704664,0.36798292,False
2026-07-13 18:30:00+00:00,HDFCBANK.NS,809.4000244140625,UP,4,2,1,UP,STAY,0.34779358,0.36177516,0.2904313,False
2026-07-13 18:30:00+00:00,ITC.NS,275.54998779296875,STAY,4,1,1,STAY,STAY,0.19319034,0.4215494,0.38526028,True
2026-07-13 18:30:00+00:00,INFY.NS,1092.9000244140625,DOWN,4,0,2,DOWN,UP,0.2658962,0.29898754,0.43511626,False
2026-07-13 18:30:00+00:00,TCS.NS,2188.60009765625,STAY,4,1,0,STAY,DOWN,0.40128475,0.28955334,0.3091619,False
2026-07-13 18:30:00+00:00,LT.NS,3848.699951171875,DOWN,4,0,1,DOWN,STAY,0.21448424,0.6655291,0.119986646,False
2026-07-13 18:30:00+00:00,ICICIBANK.NS,1395.9315185546875,UP,4,2,1,UP,STAY,0.29621428,0.36720482,0.3365809,False
2026-07-13 18:30:00+00:00,SBIN.NS,1015.4000244140624,UP,4,2,2,UP,UP,0.34254694,0.24970019,0.4077529,True
2026-07-13 18:30:00+00:00,RELIANCE.NS,1293.0,STAY,4,1,2,STAY,UP,0.27656233,0.3536255,0.36981216,False
2026-07-14 18:30:00+00:00,TCS.NS,2189.199951171875,UP,4,2,2,UP,UP,0.37873212,0.2152537,0.40601414,True
2026-07-14 18:30:00+00:00,ITC.NS,276.6499938964844,UP,4,2,1,UP,STAY,0.22557448,0.39360532,0.38082018,False
2026-07-14 18:30:00+00:00,SBIN.NS,1030.0999755859375,STAY,4,1,1,STAY,STAY,0.30692,0.34971347,0.34336653,True
2026-07-14 18:30:00+00:00,INFY.NS,1076.300048828125,UP,4,2,2,UP,UP,0.29009518,0.28939807,0.42050672,True
2026-07-14 18:30:00+00:00,LT.NS,3783.89990234375,STAY,4,1,1,STAY,STAY,0.22337751,0.5948695,0.18175304,True
2026-07-14 18:30:00+00:00,RELIANCE.NS,1295.5,STAY,4,1,1,STAY,STAY,0.30427003,0.38439494,0.31133506,True
2026-07-14 18:30:00+00:00,HDFCBANK.NS,815.4500122070312,DOWN,4,0,1,DOWN,STAY,0.26413938,0.44371244,0.2921482,False
2026-07-14 18:30:00+00:00,ICICIBANK.NS,1404.3604736328125,STAY,4,1,1,STAY,STAY,0.30133379,0.38873628,0.30992994,True
2026-07-14 18:30:00+00:00,BHARTIARTL.NS,1894.4578857421875,STAY,4,1,1,STAY,STAY,0.26792857,0.43922076,0.29285067,True
2026-07-14 18:30:00+00:00,TMPV.NS,333.0,STAY,4,1,2,STAY,UP,0.33239022,0.22519743,0.44241235,False
2026-07-15 18:30:00+00:00,BHARTIARTL.NS,1897.914306640625,DOWN,4,0,1,DOWN,STAY,0.32751948,0.37140173,0.30107877,False
2026-07-15 18:30:00+00:00,TCS.NS,2201.0,UP,4,2,0,UP,DOWN,0.36727822,0.3311322,0.30158964,False
2026-07-15 18:30:00+00:00,TMPV.NS,331.79998779296875,UP,4,2,2,UP,UP,0.31539926,0.23819242,0.44640836,True
2026-07-15 18:30:00+00:00,LT.NS,3775.60009765625,UP,4,2,1,UP,STAY,0.26749018,0.6074048,0.12510502,False
2026-07-15 18:30:00+00:00,ITC.NS,279.3500061035156,STAY,4,1,1,STAY,STAY,0.23903805,0.48306736,0.27789462,True
2026-07-15 18:30:00+00:00,SBIN.NS,1031.199951171875,UP,4,2,1,UP,STAY,0.2542158,0.44782567,0.29795846,False
2026-07-15 18:30:00+00:00,ICICIBANK.NS,1406.34375,UP,4,2,1,UP,STAY,0.2977118,0.3687895,0.3334987,False
2026-07-15 18:30:00+00:00,HDFCBANK.NS,808.2999877929688,UP,4,2,1,UP,STAY,0.31295764,0.39961722,0.28742513,False
2026-07-15 18:30:00+00:00,RELIANCE.NS,1296.5999755859375,UP,4,2,1,UP,STAY,0.30305576,0.3735775,0.3233668,False
2026-07-15 18:30:00+00:00,INFY.NS,1082.4000244140625,UP,4,2,0,UP,DOWN,0.43001652,0.29772702,0.2722565,False
2026-07-16 18:30:00+00:00,ICICIBANK.NS,1432.2257080078125,UP,4,2,1,UP,STAY,0.25862625,0.46537015,0.2760036,False
2026-07-16 18:30:00+00:00,HDFCBANK.NS,819.5999755859375,DOWN,4,0,1,DOWN,STAY,0.23184301,0.49488515,0.2732718,False
2026-07-16 18:30:00+00:00,LT.NS,3814.5,UP,4,2,1,UP,STAY,0.31035817,0.5361737,0.15346815,False
2026-07-16 18:30:00+00:00,RELIANCE.NS,1327.199951171875,STAY,4,1,2,STAY,UP,0.27921617,0.34136146,0.37942237,False
2026-07-16 18:30:00+00:00,TMPV.NS,335.6000061035156,STAY,4,1,1,STAY,STAY,0.33662394,0.33943936,0.32393667,True
2026-07-16 18:30:00+00:00,TCS.NS,2269.0,DOWN,4,0,0,DOWN,DOWN,0.45334044,0.2983882,0.24827129,True
2026-07-16 18:30:00+00:00,SBIN.NS,1044.300048828125,UP,4,2,1,UP,STAY,0.26645055,0.41220844,0.32134098,False
2026-07-16 18:30:00+00:00,ITC.NS,280.70001220703125,UP,4,2,1,UP,STAY,0.23938619,0.43003833,0.33057544,False
2026-07-16 18:30:00+00:00,BHARTIARTL.NS,1885.075927734375,UP,4,2,1,UP,STAY,0.30967754,0.36780363,0.3225188,False
2026-07-16 18:30:00+00:00,INFY.NS,1096.5,DOWN,4,0,0,DOWN,DOWN,0.36570075,0.26891205,0.36538714,True
2026-07-19 18:30:00+00:00,LT.NS,3838.800048828125,STAY,4,1,0,STAY,DOWN,0.44457164,0.39021128,0.16521709,False
2026-07-19 18:30:00+00:00,BHARTIARTL.NS,1915.98681640625,STAY,4,1,1,STAY,STAY,0.24963944,0.43425858,0.31610194,True
2026-07-19 18:30:00+00:00,RELIANCE.NS,1323.0999755859375,DOWN,4,0,1,DOWN,STAY,0.26372537,0.41354394,0.32273066,False
2026-07-19 18:30:00+00:00,HDFCBANK.NS,777.5999755859375,DOWN,4,0,1,DOWN,STAY,0.27706134,0.4146943,0.30824435,False
2026-07-19 18:30:00+00:00,TCS.NS,2251.10009765625,DOWN,4,0,1,DOWN,STAY,0.36342448,0.41171765,0.2248579,False
2026-07-19 18:30:00+00:00,TMPV.NS,336.45001220703125,DOWN,4,0,0,DOWN,DOWN,0.37430942,0.3212318,0.30445874,True
2026-07-19 18:30:00+00:00,SBIN.NS,1060.0,DOWN,4,0,1,DOWN,STAY,0.24059817,0.41224366,0.34715813,False
2026-07-19 18:30:00+00:00,ICICIBANK.NS,1447.99267578125,STAY,4,1,1,STAY,STAY,0.28601342,0.4199442,0.2940424,True
2026-07-19 18:30:00+00:00,INFY.NS,1087.0999755859375,DOWN,4,0,2,DOWN,UP,0.2896721,0.29618755,0.41414034,False
2026-07-19 18:30:00+00:00,ITC.NS,282.70001220703125,DOWN,4,0,1,DOWN,STAY,0.21438168,0.44724417,0.33837414,False
2026-07-20 18:30:00+00:00,RELIANCE.NS,1303.699951171875,DOWN,4,0,2,DOWN,UP,0.31460327,0.33196202,0.35343474,False
2026-07-20 18:30:00+00:00,ICICIBANK.NS,1450.868408203125,DOWN,4,0,0,DOWN,DOWN,0.35709855,0.3219794,0.32092202,True
2026-07-20 18:30:00+00:00,HDFCBANK.NS,761.4500122070312,DOWN,4,0,2,DOWN,UP,0.35143465,0.24850939,0.40005594,False
2026-07-20 18:30:00+00:00,SBIN.NS,1044.4000244140625,DOWN,4,0,1,DOWN,STAY,0.30036736,0.38534337,0.31428933,False
2026-07-20 18:30:00+00:00,TMPV.NS,333.79998779296875,DOWN,4,0,2,DOWN,UP,0.27001464,0.2924846,0.43750075,False
2026-07-20 18:30:00+00:00,BHARTIARTL.NS,1924.1837158203125,STAY,4,1,1,STAY,STAY,0.25671822,0.4378692,0.30541256,True
2026-07-20 18:30:00+00:00,LT.NS,3846.60009765625,DOWN,4,0,0,DOWN,DOWN,0.40367457,0.3665805,0.229745,True
2026-07-20 18:30:00+00:00,TCS.NS,2221.10009765625,DOWN,4,0,2,DOWN,UP,0.3041928,0.33475333,0.36105385,False
2026-07-20 18:30:00+00:00,ITC.NS,281.0,STAY,4,1,1,STAY,STAY,0.24717264,0.45632386,0.2965035,True
2026-07-20 18:30:00+00:00,INFY.NS,1073.5,DOWN,4,0,0,DOWN,DOWN,0.42285314,0.2204758,0.35667112,True
2026-07-21 18:30:00+00:00,INFY.NS,1052.0999755859375,STAY,4,1,2,STAY,UP,0.35247988,0.21216896,0.43535113,False
2026-07-21 18:30:00+00:00,BHARTIARTL.NS,1924.7762451171875,DOWN,4,0,1,DOWN,STAY,0.32218194,0.36306,0.31475806,False
2026-07-21 18:30:00+00:00,ITC.NS,280.79998779296875,STAY,4,1,2,STAY,UP,0.24595597,0.37370357,0.38034043,False
2026-07-21 18:30:00+00:00,RELIANCE.NS,1288.5999755859375,DOWN,4,0,1,DOWN,STAY,0.31593534,0.37917376,0.30489093,False
2026-07-21 18:30:00+00:00,ICICIBANK.NS,1428.6556396484375,STAY,4,1,1,STAY,STAY,0.3050113,0.42160818,0.27338055,True
2026-07-21 18:30:00+00:00,HDFCBANK.NS,753.1500244140625,DOWN,4,0,1,DOWN,STAY,0.2604067,0.38333002,0.3562633,False
2026-07-21 18:30:00+00:00,TMPV.NS,327.70001220703125,DOWN,4,0,2,DOWN,UP,0.2953323,0.24371055,0.4609571,False
2026-07-21 18:30:00+00:00,LT.NS,3817.39990234375,DOWN,4,0,1,DOWN,STAY,0.36042014,0.4120263,0.22755359,False
2026-07-21 18:30:00+00:00,SBIN.NS,1025.0,DOWN,4,0,2,DOWN,UP,0.32493833,0.33577046,0.3392912,False
2026-07-21 18:30:00+00:00,TCS.NS,2208.300048828125,UP,4,2,2,UP,UP,0.28824115,0.3072402,0.40451866,True
2026-07-22 18:30:00+00:00,HDFCBANK.NS,747.25,DOWN,4,0,1,DOWN,STAY,0.26035142,0.38202158,0.35762697,False
2026-07-22 18:30:00+00:00,INFY.NS,1047.4000244140625,DOWN,4,0,0,DOWN,DOWN,0.39886644,0.2107563,0.3903773,True
2026-07-22 18:30:00+00:00,RELIANCE.NS,1272.199951171875,STAY,4,1,2,STAY,UP,0.31527558,0.32351482,0.36120957,False
2026-07-22 18:30:00+00:00,ICICIBANK.NS,1422.606689453125,STAY,4,1,1,STAY,STAY,0.29247135,0.41015506,0.29737353,True
2026-07-22 18:30:00+00:00,TMPV.NS,324.29998779296875,STAY,4,1,2,STAY,UP,0.25770813,0.29654878,0.44574305,False
2026-07-22 18:30:00+00:00,SBIN.NS,1012.5999755859376,STAY,4,1,2,STAY,UP,0.3430415,0.30647635,0.35048208,False
2026-07-22 18:30:00+00:00,ITC.NS,281.29998779296875,UP,4,2,2,UP,UP,0.20093882,0.34548312,0.45357808,True
2026-07-22 18:30:00+00:00,TCS.NS,2242.89990234375,UP,4,2,1,UP,STAY,0.31926838,0.34519517,0.33553648,False
2026-07-22 18:30:00+00:00,BHARTIARTL.NS,1907.0,STAY,4,1,1,STAY,STAY,0.3063487,0.40235803,0.29129323,True
2026-07-22 18:30:00+00:00,LT.NS,3792.39990234375,STAY,4,1,0,STAY,DOWN,0.44042307,0.3830835,0.17649345,False
2026-07-23 18:30:00+00:00,LT.NS,3785.60009765625,UP,4,2,1,UP,STAY,0.36922017,0.49522242,0.13555749,False
2026-07-23 18:30:00+00:00,ITC.NS,283.45001220703125,UP,4,2,2,UP,UP,0.23653018,0.35084844,0.41262135,True
2026-07-23 18:30:00+00:00,INFY.NS,1040.9000244140625,UP,4,2,2,UP,UP,0.4014684,0.17221047,0.42632115,True
2026-07-23 18:30:00+00:00,SBIN.NS,1015.0,UP,4,2,0,UP,DOWN,0.34660208,0.32752106,0.32587683,False
2026-07-23 18:30:00+00:00,TMPV.NS,323.79998779296875,UP,4,2,2,UP,UP,0.27358973,0.32357284,0.40283746,True
2026-07-23 18:30:00+00:00,RELIANCE.NS,1278.0,STAY,4,1,1,STAY,STAY,0.32081074,0.3731009,0.30608836,True
2026-07-23 18:30:00+00:00,TCS.NS,2254.300048828125,UP,4,2,1,UP,STAY,0.35540664,0.3846738,0.25991958,False
2026-07-23 18:30:00+00:00,HDFCBANK.NS,742.7999877929688,STAY,4,1,1,STAY,STAY,0.24864212,0.38961422,0.3617437,True
2026-07-23 18:30:00+00:00,ICICIBANK.NS,1420.9208984375,UP,4,2,1,UP,STAY,0.28729525,0.37802768,0.3346771,False
2026-07-23 18:30:00+00:00,BHARTIARTL.NS,1898.199951171875,STAY,4,1,1,STAY,STAY,0.30135587,0.37472525,0.32391885,True
2026-07-26 18:30:00+00:00,BHARTIARTL.NS,1905.300048828125,STAY,4,1,1,STAY,STAY,0.27717954,0.38166663,0.3411539,True
2026-07-26 18:30:00+00:00,ICICIBANK.NS,1433.6138916015625,DOWN,4,0,1,DOWN,STAY,0.29944253,0.42725122,0.27330628,False
2026-07-26 18:30:00+00:00,INFY.NS,1079.199951171875,UP,4,2,2,UP,UP,0.28252518,0.22922377,0.48825103,True
2026-07-26 18:30:00+00:00,ITC.NS,285.8500061035156,STAY,4,1,2,STAY,UP,0.2295353,0.3784052,0.3920595,False
2026-07-26 18:30:00+00:00,LT.NS,3806.0,UP,4,2,1,UP,STAY,0.3953966,0.4235733,0.18103014,False
2026-07-26 18:30:00+00:00,RELIANCE.NS,1280.0,DOWN,4,0,0,DOWN,DOWN,0.37166202,0.36297074,0.26536727,True
2026-07-26 18:30:00+00:00,SBIN.NS,1020.5999755859376,DOWN,4,0,1,DOWN,STAY,0.2996217,0.4286242,0.27175403,False
2026-07-26 18:30:00+00:00,TCS.NS,2295.60009765625,UP,4,2,1,UP,STAY,0.36433262,0.3910096,0.2446578,False
2026-07-26 18:30:00+00:00,TMPV.NS,327.6499938964844,DOWN,4,0,2,DOWN,UP,0.26355445,0.3362777,0.40016785,False
2026-07-26 18:30:00+00:00,HDFCBANK.NS,739.5499877929688,DOWN,4,0,2,DOWN,UP,0.28066227,0.34868824,0.37064952,False
2026-07-27 18:30:00+00:00,RELIANCE.NS,1267.699951171875,UP,4,2,0,UP,DOWN,0.37631398,0.35300148,0.27068457,False
2026-07-27 18:30:00+00:00,TCS.NS,2398.0,UP,4,2,1,UP,STAY,0.38957393,0.44045448,0.16997154,False
2026-07-27 18:30:00+00:00,ICICIBANK.NS,1418.8385009765625,STAY,4,1,1,STAY,STAY,0.29521352,0.40138295,0.3034036,True
2026-07-27 18:30:00+00:00,SBIN.NS,1013.2000122070312,STAY,4,1,0,STAY,DOWN,0.3600662,0.31923544,0.32069838,False
2026-07-27 18:30:00+00:00,ITC.NS,284.6499938964844,UP,4,2,2,UP,UP,0.26769143,0.33216146,0.4001471,True
2026-07-27 18:30:00+00:00,HDFCBANK.NS,735.4000244140625,UP,4,2,2,UP,UP,0.26307294,0.3223274,0.41459966,True
2026-07-27 18:30:00+00:00,BHARTIARTL.NS,1901.800048828125,UP,4,2,1,UP,STAY,0.32266638,0.34752905,0.3298046,False
2026-07-27 18:30:00+00:00,INFY.NS,1105.699951171875,UP,4,2,2,UP,UP,0.33505628,0.29322937,0.37171435,True
2026-07-27 18:30:00+00:00,TMPV.NS,324.3999938964844,UP,4,2,2,UP,UP,0.2798109,0.2647837,0.4554054,True
2026-07-27 18:30:00+00:00,LT.NS,3832.0,UP,4,2,1,UP,STAY,0.29553935,0.4649791,0.23948158,False
2026-07-28 18:30:00+00:00,TCS.NS,2446.60009765625,DOWN,4,0,0,DOWN,DOWN,0.43224287,0.37441564,0.19334148,True
2026-07-28 18:30:00+00:00,ITC.NS,286.25,STAY,4,1,1,STAY,STAY,0.24820335,0.38702574,0.36477095,True
2026-07-28 18:30:00+00:00,HDFCBANK.NS,748.2000122070312,UP,4,2,1,UP,STAY,0.17931311,0.47318277,0.34750414,False
2026-07-28 18:30:00+00:00,RELIANCE.NS,1275.9000244140625,UP,4,2,1,UP,STAY,0.33620086,0.3493239,0.3144752,False
2026-07-28 18:30:00+00:00,SBIN.NS,1013.7000122070312,UP,4,2,1,UP,STAY,0.29973257,0.35077715,0.3494903,False
2026-07-28 18:30:00+00:00,LT.NS,3931.39990234375,STAY,4,1,1,STAY,STAY,0.3057082,0.45807874,0.23621306,True
2026-07-28 18:30:00+00:00,INFY.NS,1155.5999755859375,STAY,4,1,0,STAY,DOWN,0.53576076,0.2562163,0.20802297,False
2026-07-28 18:30:00+00:00,BHARTIARTL.NS,1950.199951171875,STAY,4,1,1,STAY,STAY,0.24056658,0.41538242,0.34405097,True
2026-07-28 18:30:00+00:00,TMPV.NS,329.79998779296875,UP,4,2,2,UP,UP,0.29733083,0.28767714,0.41499197,True
2026-07-28 18:30:00+00:00,ICICIBANK.NS,1425.879150390625,STAY,4,1,1,STAY,STAY,0.2874898,0.40214044,0.31036973,True
2026-07-29 18:30:00+00:00,BHARTIARTL.NS,1956.800048828125,UP,4,2,1,UP,STAY,0.25945008,0.45118147,0.28936842,False
2026-07-29 18:30:00+00:00,INFY.NS,1155.0999755859375,DOWN,4,0,0,DOWN,DOWN,0.42187187,0.2473293,0.33079883,True
2026-07-29 18:30:00+00:00,TMPV.NS,334.20001220703125,UP,4,2,2,UP,UP,0.2647086,0.36319554,0.3720958,True
2026-07-29 18:30:00+00:00,ICICIBANK.NS,1421.91259765625,STAY,4,1,1,STAY,STAY,0.32224554,0.36073518,0.31701925,True
2026-07-29 18:30:00+00:00,RELIANCE.NS,1292.9000244140625,UP,4,2,1,UP,STAY,0.29623455,0.3614873,0.34227818,False
2026-07-29 18:30:00+00:00,TCS.NS,2431.800048828125,DOWN,4,0,1,DOWN,STAY,0.31367627,0.44164976,0.24467397,False
2026-07-29 18:30:00+00:00,ITC.NS,285.04998779296875,DOWN,4,0,1,DOWN,STAY,0.25089064,0.39166877,0.35744062,False
2026-07-29 18:30:00+00:00,HDFCBANK.NS,753.9500122070312,DOWN,4,0,1,DOWN,STAY,0.31809607,0.38527018,0.29663375,False
2026-07-29 18:30:00+00:00,SBIN.NS,1025.300048828125,STAY,4,1,1,STAY,STAY,0.2988022,0.40741512,0.29378265,True
2026-07-29 18:30:00+00:00,LT.NS,3937.699951171875,STAY,4,1,1,STAY,STAY,0.3571901,0.43316904,0.2096408,True
2026-07-30 18:30:00+00:00,TCS.NS,2365.60009765625,UP,4,2,1,UP,STAY,0.31863746,0.3673943,0.31396824,False
2026-07-30 18:30:00+00:00,LT.NS,3938.89990234375,UP,4,2,1,UP,STAY,0.37088418,0.43930492,0.18981098,False
2026-07-30 18:30:00+00:00,INFY.NS,1130.0999755859375,UP,4,2,2,UP,UP,0.32549766,0.23428613,0.4402162,True
2026-07-30 18:30:00+00:00,BHARTIARTL.NS,1972.0,STAY,4,1,1,STAY,STAY,0.25902328,0.45224825,0.28872845,True
2026-07-30 18:30:00+00:00,ITC.NS,281.0,UP,4,2,2,UP,UP,0.22378394,0.35074985,0.42546624,True
2026-07-30 18:30:00+00:00,HDFCBANK.NS,748.1500244140625,UP,4,2,1,UP,STAY,0.2618246,0.38764405,0.3505314,False
2026-07-30 18:30:00+00:00,RELIANCE.NS,1307.800048828125,UP,4,2,1,UP,STAY,0.26404682,0.50951445,0.22643873,False
2026-07-30 18:30:00+00:00,ICICIBANK.NS,1423.4000244140625,UP,4,2,1,UP,STAY,0.29061976,0.39920413,0.3101761,False
2026-07-30 18:30:00+00:00,TMPV.NS,339.75,UP,4,2,2,UP,UP,0.21486111,0.34133956,0.44379938,True
2026-07-30 18:30:00+00:00,SBIN.NS,1027.4000244140625,UP,4,2,1,UP,STAY,0.28490356,0.40074348,0.31435293,False
2026-08-02 18:30:00+00:00,INFY.NS,1180.0,DOWN,4,0,0,DOWN,DOWN,0.43097943,0.28500706,0.28401348,True
2026-08-02 18:30:00+00:00,RELIANCE.NS,1319.0,DOWN,4,0,1,DOWN,STAY,0.23761623,0.49593198,0.26645184,False
2026-08-02 18:30:00+00:00,BHARTIARTL.NS,1970.5,STAY,4,1,1,STAY,STAY,0.28574184,0.37458462,0.3396736,True
2026-08-02 18:30:00+00:00,LT.NS,4025.0,DOWN,4,0,1,DOWN,STAY,0.34913042,0.40264684,0.24822274,False
2026-08-02 18:30:00+00:00,TCS.NS,2473.699951171875,DOWN,4,0,0,DOWN,DOWN,0.4550916,0.37332207,0.17158633,True
2026-08-02 18:30:00+00:00,ITC.NS,287.0,UP,4,2,2,UP,UP,0.23025616,0.37834552,0.3913983,True
2026-08-02 18:30:00+00:00,SBIN.NS,1045.0,STAY,4,1,1,STAY,STAY,0.27040547,0.3694855,0.3601091,True
2026-08-02 18:30:00+00:00,HDFCBANK.NS,753.0,DOWN,4,0,2,DOWN,UP,0.26369223,0.3525977,0.38371006,False
2026-08-02 18:30:00+00:00,TMPV.NS,349.29998779296875,STAY,4,1,2,STAY,UP,0.20580767,0.27281332,0.521379,False
2026-08-02 18:30:00+00:00,ICICIBANK.NS,1460.0,STAY,4,1,1,STAY,STAY,0.21417768,0.4708797,0.3149426,True
2026-08-03 18:30:00+00:00,ITC.NS,289.0,DOWN,4,0,1,DOWN,STAY,0.2880498,0.4533821,0.2585681,False
2026-08-03 18:30:00+00:00,TMPV.NS,348.54998779296875,STAY,4,1,2,STAY,UP,0.34028238,0.24823408,0.4114835,False
2026-08-03 18:30:00+00:00,SBIN.NS,1042.699951171875,UP,4,2,1,UP,STAY,0.31967562,0.3967321,0.28359225,False
2026-08-03 18:30:00+00:00,TCS.NS,2460.0,DOWN,4,0,1,DOWN,STAY,0.31030336,0.49725434,0.1924423,False
2026-08-03 18:30:00+00:00,RELIANCE.NS,1290.9000244140625,DOWN,4,0,2,DOWN,UP,0.29545382,0.3499794,0.35456675,False
2026-08-03 18:30:00+00:00,HDFCBANK.NS,742.0,DOWN,4,0,0,DOWN,DOWN,0.3585265,0.3332189,0.30825457,True
2026-08-03 18:30:00+00:00,BHARTIARTL.NS,1970.0999755859373,STAY,4,1,1,STAY,STAY,0.28119516,0.44068912,0.2781157,True
2026-08-03 18:30:00+00:00,LT.NS,3990.0,UP,4,2,1,UP,STAY,0.37683958,0.48480168,0.13835871,False
2026-08-03 18:30:00+00:00,ICICIBANK.NS,1454.5999755859375,STAY,4,1,1,STAY,STAY,0.25623176,0.449483,0.29428527,True
2026-08-03 18:30:00+00:00,INFY.NS,1167.5,UP,4,2,0,UP,DOWN,0.36412078,0.3379992,0.29788002,False
2026-08-04 18:30:00+00:00,TMPV.NS,349.79998779296875,DOWN,4,0,2,DOWN,UP,0.30478057,0.25777438,0.43744498,False
2026-08-04 18:30:00+00:00,ITC.NS,286.95001220703125,STAY,4,1,1,STAY,STAY,0.29532406,0.38293794,0.32173803,True
2026-08-04 18:30:00+00:00,LT.NS,4057.0,STAY,4,1,0,STAY,DOWN,0.39955714,0.3983874,0.20205542,False
2026-08-04 18:30:00+00:00,ICICIBANK.NS,1450.0999755859375,UP,4,2,1,UP,STAY,0.2743199,0.37310266,0.35257742,False
2026-08-04 18:30:00+00:00,TCS.NS,2413.0,DOWN,4,0,1,DOWN,STAY,0.34539637,0.3884151,0.26618856,False
2026-08-04 18:30:00+00:00,BHARTIARTL.NS,1978.0,DOWN,4,0,2,DOWN,UP,0.266886,0.33897838,0.39413565,False
2026-08-04 18:30:00+00:00,HDFCBANK.NS,735.0,STAY,4,1,2,STAY,UP,0.24691722,0.3695785,0.3835043,False
2026-08-04 18:30:00+00:00,SBIN.NS,1055.0,UP,4,2,1,UP,STAY,0.27716014,0.40152946,0.32131043,False
2026-08-04 18:30:00+00:00,INFY.NS,1174.0,DOWN,4,0,0,DOWN,DOWN,0.38299602,0.3799001,0.23710391,True
2026-08-04 18:30:00+00:00,RELIANCE.NS,1280.0,UP,4,2,2,UP,UP,0.31779617,0.32721093,0.35499287,True
2026-08-05 18:30:00+00:00,SBIN.NS,1085.0,UP,4,2,2,UP,UP,0.2598005,0.32442412,0.4157754,True
2026-08-05 18:30:00+00:00,ITC.NS,285.8999938964844,STAY,4,1,1,STAY,STAY,0.2982856,0.40991032,0.29180405,True
2026-08-05 18:30:00+00:00,RELIANCE.NS,1325.0,UP,4,2,2,UP,UP,0.273847,0.32585323,0.4002998,True
2026-08-05 18:30:00+00:00,BHARTIARTL.NS,1948.0,UP,4,2,1,UP,STAY,0.2828012,0.427561,0.28963774,False
2026-08-05 18:30:00+00:00,LT.NS,4061.800048828125,STAY,4,1,1,STAY,STAY,0.32897595,0.47090602,0.20011805,True
2026-08-05 18:30:00+00:00,TMPV.NS,345.3500061035156,STAY,4,1,2,STAY,UP,0.28856066,0.25905097,0.45238844,False
2026-08-05 18:30:00+00:00,HDFCBANK.NS,734.2999877929688,STAY,4,1,2,STAY,UP,0.33083186,0.3215377,0.34763044,False
2026-08-05 18:30:00+00:00,ICICIBANK.NS,1457.5,DOWN,4,0,1,DOWN,STAY,0.2826774,0.3814157,0.33590686,False
2026-08-05 18:30:00+00:00,INFY.NS,1165.0,UP,4,2,0,UP,DOWN,0.353248,0.3209354,0.32581657,False
2026-08-05 18:30:00+00:00,TCS.NS,2373.0,UP,4,2,0,UP,DOWN,0.393358,0.24671285,0.35992908,False
2026-08-06 18:30:00+00:00,SBIN.NS,1097.199951171875,DOWN,4,0,1,DOWN,STAY,0.2847644,0.40995342,0.30528218,False
2026-08-06 18:30:00+00:00,ITC.NS,286.1000061035156,DOWN,4,0,1,DOWN,STAY,0.2529667,0.42221,0.32482326,False
2026-08-06 18:30:00+00:00,TMPV.NS,347.0,STAY,4,1,2,STAY,UP,0.2677184,0.325022,0.4072596,False
2026-08-06 18:30:00+00:00,LT.NS,4056.0,UP,4,2,1,UP,STAY,0.28705794,0.4816558,0.23128621,False
2026-08-06 18:30:00+00:00,BHARTIARTL.NS,1959.9000244140625,DOWN,4,0,1,DOWN,STAY,0.25601706,0.419431,0.32455194,False
2026-08-06 18:30:00+00:00,ICICIBANK.NS,1421.0,UP,4,2,1,UP,STAY,0.34374583,0.3571335,0.29912066,False
2026-08-06 18:30:00+00:00,INFY.NS,1175.0999755859375,UP,4,2,1,UP,STAY,0.3467044,0.37028244,0.28301322,False
2026-08-06 18:30:00+00:00,RELIANCE.NS,1334.800048828125,DOWN,4,0,1,DOWN,STAY,0.21038918,0.41449875,0.37511206,False
2026-08-06 18:30:00+00:00,HDFCBANK.NS,731.0,STAY,4,1,0,STAY,DOWN,0.3480667,0.30582026,0.3461131,False
2026-08-06 18:30:00+00:00,TCS.NS,2452.699951171875,DOWN,4,0,1,DOWN,STAY,0.2969533,0.38330248,0.3197442,False
2026-08-09 18:30:00+00:00,RELIANCE.NS,1327.300048828125,STAY,4,1,1,STAY,STAY,0.29283005,0.41446346,0.29270652,True
2026-08-09 18:30:00+00:00,TMPV.NS,347.1000061035156,STAY,4,1,2,STAY,UP,0.33884957,0.2896149,0.3715355,False
2026-08-09 18:30:00+00:00,HDFCBANK.NS,731.0,STAY,4,1,0,STAY,DOWN,0.36210817,0.2959027,0.34198916,False
2026-08-09 18:30:00+00:00,ICICIBANK.NS,1431.800048828125,STAY,4,1,0,STAY,DOWN,0.34923512,0.343626,0.30713886,False
2026-08-09 18:30:00+00:00,BHARTIARTL.NS,1943.0,DOWN,4,0,1,DOWN,STAY,0.3165875,0.40034094,0.28307155,False
2026-08-09 18:30:00+00:00,ITC.NS,282.6499938964844,DOWN,4,0,1,DOWN,STAY,0.21456751,0.41468823,0.37074426,False
2026-08-09 18:30:00+00:00,SBIN.NS,1071.0,STAY,4,1,2,STAY,UP,0.29818866,0.31684586,0.3849655,False
2026-08-09 18:30:00+00:00,TCS.NS,2425.699951171875,UP,4,2,2,UP,UP,0.29540125,0.2984106,0.4061882,True
2026-08-09 18:30:00+00:00,LT.NS,4080.0,DOWN,4,0,1,DOWN,STAY,0.35460857,0.4462497,0.1991418,False
2026-08-09 18:30:00+00:00,INFY.NS,1183.0,UP,4,2,0,UP,DOWN,0.40614915,0.34240106,0.25144973,False
2026-08-10 18:30:00+00:00,HDFCBANK.NS,729.0,STAY,4,1,2,STAY,UP,0.31059828,0.27735475,0.41204697,False
2026-08-10 18:30:00+00:00,INFY.NS,1190.699951171875,DOWN,4,0,0,DOWN,DOWN,0.3620254,0.359509,0.2784656,True
2026-08-10 18:30:00+00:00,BHARTIARTL.NS,1915.199951171875,UP,4,2,1,UP,STAY,0.25698933,0.43543538,0.3075753,False
2026-08-10 18:30:00+00:00,SBIN.NS,1066.0,UP,4,2,2,UP,UP,0.3070339,0.3014548,0.3915113,True
2026-08-10 18:30:00+00:00,RELIANCE.NS,1323.9000244140625,STAY,4,1,0,STAY,DOWN,0.34513572,0.33777368,0.31709063,False
2026-08-10 18:30:00+00:00,ICICIBANK.NS,1429.5999755859375,STAY,4,1,1,STAY,STAY,0.35261294,0.37624598,0.27114105,True
2026-08-10 18:30:00+00:00,TMPV.NS,347.6000061035156,DOWN,4,0,2,DOWN,UP,0.3059336,0.26881248,0.4252539,False
2026-08-10 18:30:00+00:00,LT.NS,4037.39990234375,STAY,4,1,1,STAY,STAY,0.2934692,0.5015347,0.20499611,True
2026-08-10 18:30:00+00:00,ITC.NS,279.0,DOWN,4,0,2,DOWN,UP,0.22221763,0.3171738,0.46060857,False
2026-08-10 18:30:00+00:00,TCS.NS,2445.699951171875,DOWN,4,0,0,DOWN,DOWN,0.37292182,0.29202202,0.33505613,True
2026-08-11 18:30:00+00:00,SBIN.NS,1082.0,STAY,4,1,2,STAY,UP,0.2669389,0.3576793,0.37538183,False
2026-08-11 18:30:00+00:00,BHARTIARTL.NS,1945.0,STAY,4,1,1,STAY,STAY,0.31578386,0.39970905,0.28450713,True
2026-08-11 18:30:00+00:00,TCS.NS,2349.699951171875,UP,4,2,0,UP,DOWN,0.4579059,0.2343927,0.3077014,False
2026-08-11 18:30:00+00:00,ITC.NS,276.1499938964844,UP,4,2,1,UP,STAY,0.23363328,0.4352481,0.33111867,False
2026-08-11 18:30:00+00:00,ICICIBANK.NS,1431.699951171875,DOWN,4,0,1,DOWN,STAY,0.3058022,0.42854494,0.26565292,False
2026-08-11 18:30:00+00:00,TMPV.NS,343.0,UP,4,2,2,UP,UP,0.27008852,0.1854367,0.54447484,True
2026-08-11 18:30:00+00:00,RELIANCE.NS,1329.0,DOWN,4,0,1,DOWN,STAY,0.27407098,0.42351192,0.30241707,False
2026-08-11 18:30:00+00:00,LT.NS,4020.0,UP,4,2,1,UP,STAY,0.35844648,0.48857865,0.15297487,False
2026-08-11 18:30:00+00:00,HDFCBANK.NS,729.0,DOWN,4,0,2,DOWN,UP,0.30933538,0.32959628,0.36106834,False
2026-08-11 18:30:00+00:00,INFY.NS,1176.0999755859375,STAY,4,1,1,STAY,STAY,0.36025622,0.37257764,0.2671661,True
2026-08-12 18:30:00+00:00,BHARTIARTL.NS,1939.0999755859373,UP,4,2,1,UP,STAY,0.33210397,0.35957813,0.3083179,False
2026-08-12 18:30:00+00:00,RELIANCE.NS,1317.0,DOWN,4,0,1,DOWN,STAY,0.3497644,0.37327525,0.27696034,False
2026-08-12 18:30:00+00:00,TMPV.NS,349.6000061035156,DOWN,4,0,2,DOWN,UP,0.30250338,0.20929557,0.48820102,False
2026-08-12 18:30:00+00:00,INFY.NS,1175.0,STAY,4,1,2,STAY,UP,0.31915984,0.3121414,0.3686988,False
2026-08-12 18:30:00+00:00,ICICIBANK.NS,1406.800048828125,UP,4,2,1,UP,STAY,0.27276713,0.47151753,0.2557154,False
2026-08-12 18:30:00+00:00,ITC.NS,278.5,STAY,4,1,1,STAY,STAY,0.24279965,0.44533435,0.31186602,True
2026-08-12 18:30:00+00:00,TCS.NS,2375.0,DOWN,4,0,2,DOWN,UP,0.3773445,0.2359288,0.38672674,False
2026-08-12 18:30:00+00:00,HDFCBANK.NS,725.0,STAY,4,1,1,STAY,STAY,0.29072767,0.3684847,0.3407876,True
2026-08-12 18:30:00+00:00,LT.NS,4070.699951171875,STAY,4,1,1,STAY,STAY,0.30231014,0.49241278,0.20527712,True
2026-08-12 18:30:00+00:00,SBIN.NS,1083.0,DOWN,4,0,0,DOWN,DOWN,0.34322086,0.31847617,0.338303,True
2026-08-13 18:30:00+00:00,BHARTIARTL.NS,1992.0999755859373,DOWN,4,0,1,DOWN,STAY,0.25899953,0.3940774,0.34692305,False
2026-08-13 18:30:00+00:00,ICICIBANK.NS,1417.0,STAY,4,1,1,STAY,STAY,0.23340207,0.4844586,0.28213936,True
2026-08-13 18:30:00+00:00,LT.NS,4057.0,UP,4,2,1,UP,STAY,0.268399,0.581354,0.150247,False
2026-08-13 18:30:00+00:00,ITC.NS,278.20001220703125,DOWN,4,0,1,DOWN,STAY,0.27123275,0.39566314,0.33310407,False
2026-08-13 18:30:00+00:00,SBIN.NS,1067.699951171875,DOWN,4,0,2,DOWN,UP,0.29045084,0.31765413,0.391895,False
2026-08-13 18:30:00+00:00,HDFCBANK.NS,727.0,STAY,4,1,1,STAY,STAY,0.26626578,0.40601522,0.32771897,True
2026-08-13 18:30:00+00:00,INFY.NS,1169.199951171875,DOWN,4,0,2,DOWN,UP,0.31631947,0.3030043,0.38067627,False
2026-08-13 18:30:00+00:00,TCS.NS,2361.0,DOWN,4,0,0,DOWN,DOWN,0.38822854,0.28971142,0.32206,True
2026-08-13 18:30:00+00:00,RELIANCE.NS,1310.0,STAY,4,1,1,STAY,STAY,0.29375774,0.39552075,0.31072152,True
2026-08-13 18:30:00+00:00,TMPV.NS,334.5,DOWN,4,0,2,DOWN,UP,0.26585117,0.21790105,0.5162478,False
