Date,Ticker,Close,Target_30D,Fold,Actual_Class,Predicted_Class,Actual_Label,Predicted_Label,Probability_DOWN,Probability_STAY,Probability_UP,Correct
2024-09-11 18:30:00+00:00,ICICIBANK.NS,1232.1744384765625,STAY,1,1,0,STAY,DOWN,0.39689824,0.27466464,0.3284371,False
2024-09-11 18:30:00+00:00,LT.NS,3553.82080078125,DOWN,1,0,2,DOWN,UP,0.27405396,0.31974542,0.40620062,False
2024-09-11 18:30:00+00:00,BHARTIARTL.NS,1612.7999267578125,STAY,1,1,2,STAY,UP,0.29703313,0.22357045,0.47939643,False
2024-09-11 18:30:00+00:00,HDFCBANK.NS,808.8092651367188,UP,1,2,0,UP,DOWN,0.514878,0.39100534,0.09411668,False
2024-09-11 18:30:00+00:00,TMPV.NS,969.6995849609376,DOWN,1,0,2,DOWN,UP,0.043104734,0.015726697,0.94116855,False
2024-09-11 18:30:00+00:00,ITC.NS,461.0647888183594,DOWN,1,0,0,DOWN,DOWN,0.62595624,0.10044305,0.27360073,True
2024-09-11 18:30:00+00:00,TCS.NS,4197.21728515625,DOWN,1,0,2,DOWN,UP,0.25553054,0.21865861,0.52581084,False
2024-09-11 18:30:00+00:00,SBIN.NS,758.5704345703125,STAY,1,1,2,STAY,UP,0.3495583,0.2666696,0.3837721,False
2024-09-11 18:30:00+00:00,RELIANCE.NS,1467.1298828125,DOWN,1,0,0,DOWN,DOWN,0.47047687,0.24044827,0.2890749,True
2024-09-11 18:30:00+00:00,INFY.NS,1833.3865966796875,DOWN,1,0,0,DOWN,DOWN,0.5171098,0.17512885,0.3077613,True
2024-09-12 18:30:00+00:00,LT.NS,3544.990234375,DOWN,1,0,2,DOWN,UP,0.22547655,0.33072615,0.44379735,False
2024-09-12 18:30:00+00:00,RELIANCE.NS,1460.016357421875,DOWN,1,0,0,DOWN,DOWN,0.42332453,0.2906967,0.28597876,True
2024-09-12 18:30:00+00:00,HDFCBANK.NS,808.4937744140625,UP,1,2,1,UP,STAY,0.3447797,0.5836072,0.071613066,False
2024-09-12 18:30:00+00:00,INFY.NS,1827.417724609375,DOWN,1,0,0,DOWN,DOWN,0.48614535,0.18736885,0.32648578,True
2024-09-12 18:30:00+00:00,ITC.NS,456.0503234863281,DOWN,1,0,0,DOWN,DOWN,0.5676038,0.16755235,0.26484385,True
2024-09-12 18:30:00+00:00,SBIN.NS,761.5555419921875,STAY,1,1,1,STAY,STAY,0.34654486,0.35512117,0.29833394,True
2024-09-12 18:30:00+00:00,BHARTIARTL.NS,1600.7535400390625,STAY,1,1,2,STAY,UP,0.32682696,0.1744741,0.4986989,False
2024-09-12 18:30:00+00:00,ICICIBANK.NS,1230.403076171875,UP,1,2,0,UP,DOWN,0.39648518,0.29812756,0.30538723,False
2024-09-12 18:30:00+00:00,TMPV.NS,975.55029296875,DOWN,1,0,2,DOWN,UP,0.05014624,0.02012997,0.9297238,False
2024-09-12 18:30:00+00:00,TCS.NS,4201.76953125,DOWN,1,0,2,DOWN,UP,0.22620334,0.28614366,0.48765302,False
2024-09-15 18:30:00+00:00,TCS.NS,4193.08251953125,DOWN,1,0,2,DOWN,UP,0.19385721,0.25410715,0.5520356,False
2024-09-15 18:30:00+00:00,SBIN.NS,756.451904296875,UP,1,2,1,UP,STAY,0.34516048,0.3507903,0.3040492,False
2024-09-15 18:30:00+00:00,INFY.NS,1833.1986083984373,DOWN,1,0,0,DOWN,DOWN,0.45006713,0.20822653,0.34170628,True
2024-09-15 18:30:00+00:00,BHARTIARTL.NS,1601.73291015625,STAY,1,1,2,STAY,UP,0.3429321,0.17706653,0.4800014,False
2024-09-15 18:30:00+00:00,ICICIBANK.NS,1242.7037353515625,UP,1,2,0,UP,DOWN,0.42164525,0.27486554,0.30348918,False
2024-09-15 18:30:00+00:00,LT.NS,3593.31298828125,DOWN,1,0,2,DOWN,UP,0.23817869,0.35109252,0.4107288,False
2024-09-15 18:30:00+00:00,HDFCBANK.NS,810.9203491210938,UP,1,2,0,UP,DOWN,0.47751984,0.4342305,0.088249676,False
2024-09-15 18:30:00+00:00,ITC.NS,453.6096801757813,DOWN,1,0,0,DOWN,DOWN,0.570657,0.13037702,0.29896593,True
2024-09-15 18:30:00+00:00,RELIANCE.NS,1458.7523193359375,DOWN,1,0,2,DOWN,UP,0.37287152,0.25042245,0.37670597,False
2024-09-15 18:30:00+00:00,TMPV.NS,971.912109375,DOWN,1,0,2,DOWN,UP,0.052780483,0.024269193,0.9229503,False
2024-09-16 18:30:00+00:00,TCS.NS,4186.021484375,DOWN,1,0,2,DOWN,UP,0.20117481,0.26016808,0.5386571,False
2024-09-16 18:30:00+00:00,ITC.NS,450.636474609375,DOWN,1,0,0,DOWN,DOWN,0.5684829,0.1386278,0.29288933,True
2024-09-16 18:30:00+00:00,SBIN.NS,753.9000854492188,UP,1,2,1,UP,STAY,0.3224952,0.35478783,0.32271704,False
2024-09-16 18:30:00+00:00,BHARTIARTL.NS,1627.49072265625,STAY,1,1,2,STAY,UP,0.29453272,0.22009769,0.48536956,False
2024-09-16 18:30:00+00:00,ICICIBANK.NS,1247.8699951171875,UP,1,2,0,UP,DOWN,0.43752167,0.2947028,0.26777557,False
2024-09-16 18:30:00+00:00,INFY.NS,1835.360595703125,DOWN,1,0,0,DOWN,DOWN,0.4353561,0.2477974,0.31684652,True
2024-09-16 18:30:00+00:00,TMPV.NS,958.6864624023438,DOWN,1,0,2,DOWN,UP,0.02379517,0.030420145,0.9457847,False
2024-09-16 18:30:00+00:00,LT.NS,3625.642822265625,DOWN,1,0,2,DOWN,UP,0.29963067,0.324048,0.3763213,False
2024-09-16 18:30:00+00:00,RELIANCE.NS,1459.6942138671875,DOWN,1,0,2,DOWN,UP,0.33839017,0.27862793,0.3829819,False
2024-09-16 18:30:00+00:00,HDFCBANK.NS,809.876953125,UP,1,2,0,UP,DOWN,0.54005367,0.36814806,0.09179828,False
2024-09-17 18:30:00+00:00,HDFCBANK.NS,822.494873046875,UP,1,2,0,UP,DOWN,0.6126302,0.31840885,0.06896095,False
2024-09-17 18:30:00+00:00,TMPV.NS,946.0015869140624,DOWN,1,0,2,DOWN,UP,0.042924557,0.06326061,0.89381486,False
2024-09-17 18:30:00+00:00,TCS.NS,4037.836181640625,DOWN,1,0,2,DOWN,UP,0.19415697,0.32825604,0.47758698,False
2024-09-17 18:30:00+00:00,RELIANCE.NS,1450.9197998046875,DOWN,1,0,2,DOWN,UP,0.32454583,0.28609863,0.38935548,False
2024-09-17 18:30:00+00:00,ITC.NS,450.2814636230469,DOWN,1,0,0,DOWN,DOWN,0.54314715,0.108897164,0.34795567,True
2024-09-17 18:30:00+00:00,LT.NS,3660.229248046875,DOWN,1,0,0,DOWN,DOWN,0.42733943,0.32174104,0.25091955,True
2024-09-17 18:30:00+00:00,SBIN.NS,763.3851928710938,UP,1,2,2,UP,UP,0.28414202,0.34363702,0.372221,True
2024-09-17 18:30:00+00:00,BHARTIARTL.NS,1620.781982421875,DOWN,1,0,2,DOWN,UP,0.30571976,0.21955454,0.47472575,False
2024-09-17 18:30:00+00:00,INFY.NS,1778.5855712890625,DOWN,1,0,0,DOWN,DOWN,0.5319413,0.15629469,0.311764,True
2024-09-17 18:30:00+00:00,ICICIBANK.NS,1267.796875,STAY,1,1,0,STAY,DOWN,0.45507172,0.28922683,0.25570145,False
2024-09-18 18:30:00+00:00,HDFCBANK.NS,829.1435546875,STAY,1,1,0,STAY,DOWN,0.6586871,0.268447,0.07286594,False
2024-09-18 18:30:00+00:00,TMPV.NS,950.8690185546876,DOWN,1,0,2,DOWN,UP,0.049437728,0.06450482,0.88605744,False
2024-09-18 18:30:00+00:00,ICICIBANK.NS,1271.388671875,STAY,1,1,0,STAY,DOWN,0.47849277,0.26803204,0.25347516,False
2024-09-18 18:30:00+00:00,SBIN.NS,760.6889038085938,UP,1,2,1,UP,STAY,0.31678626,0.3738864,0.30932733,False
2024-09-18 18:30:00+00:00,LT.NS,3614.359130859375,STAY,1,1,1,STAY,STAY,0.3260533,0.428079,0.24586767,True
2024-09-18 18:30:00+00:00,TCS.NS,3991.384033203125,DOWN,1,0,2,DOWN,UP,0.16186886,0.32153443,0.51659673,False
2024-09-18 18:30:00+00:00,INFY.NS,1780.5126953125,DOWN,1,0,0,DOWN,DOWN,0.5457692,0.13689488,0.31733593,True
2024-09-18 18:30:00+00:00,ITC.NS,451.0802307128906,DOWN,1,0,0,DOWN,DOWN,0.59687465,0.11843921,0.28468612,True
2024-09-18 18:30:00+00:00,RELIANCE.NS,1457.0916748046875,DOWN,1,0,2,DOWN,UP,0.3403817,0.31712294,0.34249535,False
2024-09-18 18:30:00+00:00,BHARTIARTL.NS,1630.5267333984375,DOWN,1,0,2,DOWN,UP,0.33015674,0.23336376,0.43647945,False
2024-09-19 18:30:00+00:00,HDFCBANK.NS,845.0130004882812,STAY,1,1,0,STAY,DOWN,0.75568944,0.17335778,0.07095279,False
2024-09-19 18:30:00+00:00,ICICIBANK.NS,1317.09765625,DOWN,1,0,0,DOWN,DOWN,0.6524033,0.1690359,0.17856078,True
2024-09-19 18:30:00+00:00,LT.NS,3722.48486328125,DOWN,1,0,0,DOWN,DOWN,0.66671133,0.12642413,0.20686452,True
2024-09-19 18:30:00+00:00,SBIN.NS,752.7445068359375,UP,1,2,1,UP,STAY,0.2865464,0.36150745,0.35194615,False
2024-09-19 18:30:00+00:00,TMPV.NS,954.65478515625,DOWN,1,0,2,DOWN,UP,0.046593703,0.06719969,0.88620657,False
2024-09-19 18:30:00+00:00,INFY.NS,1791.3695068359375,DOWN,1,0,0,DOWN,DOWN,0.5699608,0.13153894,0.29850027,True
2024-09-19 18:30:00+00:00,BHARTIARTL.NS,1676.4599609375,DOWN,1,0,2,DOWN,UP,0.2264653,0.2800942,0.49344045,False
2024-09-19 18:30:00+00:00,RELIANCE.NS,1473.2025146484375,DOWN,1,0,0,DOWN,DOWN,0.44713712,0.23476364,0.31809923,True
2024-09-19 18:30:00+00:00,TCS.NS,3980.931884765625,DOWN,1,0,2,DOWN,UP,0.1297635,0.28671736,0.5835191,False
2024-09-19 18:30:00+00:00,ITC.NS,456.5384826660156,DOWN,1,0,0,DOWN,DOWN,0.5976738,0.14359131,0.25873494,True
2024-09-22 18:30:00+00:00,INFY.NS,1782.6275634765625,DOWN,1,0,0,DOWN,DOWN,0.49804974,0.13934302,0.36260727,True
2024-09-22 18:30:00+00:00,ICICIBANK.NS,1300.811767578125,STAY,1,1,0,STAY,DOWN,0.51531315,0.3044736,0.18021318,False
2024-09-22 18:30:00+00:00,HDFCBANK.NS,854.0396728515625,STAY,1,1,0,STAY,DOWN,0.7433296,0.20341924,0.05325123,False
2024-09-22 18:30:00+00:00,BHARTIARTL.NS,1714.362060546875,DOWN,1,0,2,DOWN,UP,0.20013529,0.35453686,0.44532782,False
2024-09-22 18:30:00+00:00,TCS.NS,3965.695068359375,DOWN,1,0,2,DOWN,UP,0.15340728,0.23131055,0.6152822,False
2024-09-22 18:30:00+00:00,TMPV.NS,955.5889282226562,DOWN,1,0,2,DOWN,UP,0.10996723,0.06544577,0.8245869,False
2024-09-22 18:30:00+00:00,SBIN.NS,772.1480712890625,UP,1,2,2,UP,UP,0.3193487,0.30265957,0.37799174,True
2024-09-22 18:30:00+00:00,RELIANCE.NS,1480.5887451171875,DOWN,1,0,0,DOWN,DOWN,0.42857736,0.25945163,0.31197098,True
2024-09-22 18:30:00+00:00,LT.NS,3716.401611328125,DOWN,1,0,0,DOWN,DOWN,0.6848436,0.11156798,0.2035884,True
2024-09-22 18:30:00+00:00,ITC.NS,458.8016052246094,DOWN,1,0,0,DOWN,DOWN,0.6509954,0.12842453,0.22058012,True
2024-09-23 18:30:00+00:00,ICICIBANK.NS,1297.5643310546875,STAY,1,1,0,STAY,DOWN,0.45188862,0.3973814,0.15073003,False
2024-09-23 18:30:00+00:00,LT.NS,3720.228271484375,DOWN,1,0,0,DOWN,DOWN,0.68814415,0.11643674,0.19541915,True
2024-09-23 18:30:00+00:00,TCS.NS,3968.296875,DOWN,1,0,2,DOWN,UP,0.15530038,0.2169363,0.6277633,False
2024-09-23 18:30:00+00:00,SBIN.NS,768.6814575195312,UP,1,2,2,UP,UP,0.28825846,0.32555193,0.38618964,True
2024-09-23 18:30:00+00:00,TMPV.NS,960.9971923828124,DOWN,1,0,2,DOWN,UP,0.10541837,0.05964298,0.8349387,False
2024-09-23 18:30:00+00:00,HDFCBANK.NS,858.0435180664062,STAY,1,1,0,STAY,DOWN,0.7612867,0.19633389,0.04237946,False
2024-09-23 18:30:00+00:00,ITC.NS,457.2928466796875,DOWN,1,0,0,DOWN,DOWN,0.645865,0.14413717,0.2099978,True
2024-09-23 18:30:00+00:00,INFY.NS,1784.6485595703125,DOWN,1,0,0,DOWN,DOWN,0.5225582,0.1515582,0.3258836,True
2024-09-23 18:30:00+00:00,RELIANCE.NS,1476.6229248046875,DOWN,1,0,2,DOWN,UP,0.322924,0.27963418,0.39744177,False
2024-09-23 18:30:00+00:00,BHARTIARTL.NS,1720.4342041015625,DOWN,1,0,2,DOWN,UP,0.21097533,0.32634795,0.46267676,False
2024-09-24 18:30:00+00:00,TMPV.NS,947.5256958007812,DOWN,1,0,2,DOWN,UP,0.11183234,0.056419753,0.83174795,False
2024-09-24 18:30:00+00:00,INFY.NS,1781.546630859375,DOWN,1,0,0,DOWN,DOWN,0.44417363,0.20421037,0.35161605,True
2024-09-24 18:30:00+00:00,RELIANCE.NS,1481.15869140625,DOWN,1,0,2,DOWN,UP,0.3370188,0.2912644,0.37171683,False
2024-09-24 18:30:00+00:00,ITC.NS,459.3341369628906,DOWN,1,0,0,DOWN,DOWN,0.6800039,0.11687634,0.20311975,True
2024-09-24 18:30:00+00:00,SBIN.NS,763.7222290039062,UP,1,2,1,UP,STAY,0.25084808,0.3818271,0.3673248,False
2024-09-24 18:30:00+00:00,ICICIBANK.NS,1302.7305908203125,DOWN,1,0,0,DOWN,DOWN,0.4117497,0.40246427,0.18578608,True
2024-09-24 18:30:00+00:00,TCS.NS,3971.501953125,DOWN,1,0,2,DOWN,UP,0.1447874,0.24814291,0.6070697,False
2024-09-24 18:30:00+00:00,BHARTIARTL.NS,1724.1070556640625,DOWN,1,0,2,DOWN,UP,0.24055904,0.28302243,0.47641852,False
2024-09-24 18:30:00+00:00,HDFCBANK.NS,863.4060668945312,STAY,1,1,0,STAY,DOWN,0.7127019,0.24603261,0.041265424,False
2024-09-24 18:30:00+00:00,LT.NS,3722.43603515625,DOWN,1,0,0,DOWN,DOWN,0.6882608,0.12586446,0.18587473,True
2024-09-25 18:30:00+00:00,HDFCBANK.NS,865.5171508789062,STAY,1,1,0,STAY,DOWN,0.75206023,0.20570378,0.04223597,False
2024-09-25 18:30:00+00:00,INFY.NS,1786.19970703125,DOWN,1,0,0,DOWN,DOWN,0.4932533,0.14117783,0.36556888,True
2024-09-25 18:30:00+00:00,ITC.NS,463.94921875,DOWN,1,0,0,DOWN,DOWN,0.64054644,0.13219953,0.22725406,True
2024-09-25 18:30:00+00:00,TCS.NS,3987.992431640625,DOWN,1,0,2,DOWN,UP,0.1554947,0.15947215,0.68503314,False
2024-09-25 18:30:00+00:00,BHARTIARTL.NS,1734.5863037109375,DOWN,1,0,2,DOWN,UP,0.22946139,0.332275,0.4382636,False
2024-09-25 18:30:00+00:00,RELIANCE.NS,1485.12451171875,DOWN,1,0,2,DOWN,UP,0.3469363,0.27313948,0.37992424,False
2024-09-25 18:30:00+00:00,LT.NS,3691.33251953125,DOWN,1,0,0,DOWN,DOWN,0.65494096,0.14472885,0.20033015,True
2024-09-25 18:30:00+00:00,ICICIBANK.NS,1307.8477783203125,DOWN,1,0,0,DOWN,DOWN,0.47318667,0.33455393,0.19225934,True
2024-09-25 18:30:00+00:00,SBIN.NS,772.1480712890625,UP,1,2,2,UP,UP,0.2844357,0.23656578,0.4789985,True
2024-09-25 18:30:00+00:00,TMPV.NS,976.5828247070312,DOWN,1,0,2,DOWN,UP,0.11684141,0.051585462,0.8315731,False
2024-09-26 18:30:00+00:00,RELIANCE.NS,1513.10791015625,DOWN,1,0,0,DOWN,DOWN,0.44910362,0.21503392,0.33586243,True
2024-09-26 18:30:00+00:00,ITC.NS,463.9048461914063,DOWN,1,0,0,DOWN,DOWN,0.66459286,0.111630976,0.22377615,True
2024-09-26 18:30:00+00:00,SBIN.NS,772.91845703125,UP,1,2,2,UP,UP,0.26866296,0.27047858,0.4608585,True
2024-09-26 18:30:00+00:00,ICICIBANK.NS,1285.7557373046875,DOWN,1,0,1,DOWN,STAY,0.33207142,0.49700838,0.17092022,False
2024-09-26 18:30:00+00:00,BHARTIARTL.NS,1698.8388671875,DOWN,1,0,2,DOWN,UP,0.2879528,0.27886495,0.43318224,False
2024-09-26 18:30:00+00:00,INFY.NS,1792.309326171875,STAY,1,1,0,STAY,DOWN,0.48765817,0.164845,0.34749678,False
2024-09-26 18:30:00+00:00,LT.NS,3635.89599609375,DOWN,1,0,0,DOWN,DOWN,0.49051988,0.29706323,0.21241686,True
2024-09-26 18:30:00+00:00,TCS.NS,4003.04296875,DOWN,1,0,2,DOWN,UP,0.15374903,0.15545087,0.6908001,False
2024-09-26 18:30:00+00:00,TMPV.NS,976.4353637695312,DOWN,1,0,2,DOWN,UP,0.08599034,0.05361719,0.86039245,False
2024-09-26 18:30:00+00:00,HDFCBANK.NS,850.5697021484375,STAY,1,1,0,STAY,DOWN,0.6139494,0.11765038,0.26840016,False
2024-09-29 18:30:00+00:00,TCS.NS,3965.695068359375,STAY,1,1,2,STAY,UP,0.14264071,0.18397936,0.6733799,False
2024-09-29 18:30:00+00:00,BHARTIARTL.NS,1674.3052978515625,DOWN,1,0,2,DOWN,UP,0.23355468,0.29584423,0.4706011,False
2024-09-29 18:30:00+00:00,SBIN.NS,758.71484375,UP,1,2,2,UP,UP,0.21818577,0.3372327,0.44458154,True
2024-09-29 18:30:00+00:00,HDFCBANK.NS,840.572509765625,STAY,1,1,0,STAY,DOWN,0.45649198,0.25463787,0.2888701,False
2024-09-29 18:30:00+00:00,INFY.NS,1763.029052734375,STAY,1,1,0,STAY,DOWN,0.49155825,0.15946102,0.34898075,False
2024-09-29 18:30:00+00:00,ICICIBANK.NS,1252.6917724609375,STAY,1,1,1,STAY,STAY,0.2767793,0.46039447,0.26282632,True
2024-09-29 18:30:00+00:00,RELIANCE.NS,1463.9324951171875,DOWN,1,0,0,DOWN,DOWN,0.36545125,0.2983892,0.3361596,True
2024-09-29 18:30:00+00:00,ITC.NS,459.86663818359375,DOWN,1,0,0,DOWN,DOWN,0.5980833,0.1475387,0.25437793,True
2024-09-29 18:30:00+00:00,TMPV.NS,958.3914184570312,DOWN,1,0,2,DOWN,UP,0.103301816,0.056469772,0.84022844,False
2024-09-29 18:30:00+00:00,LT.NS,3606.36279296875,DOWN,1,0,0,DOWN,DOWN,0.37943184,0.37512892,0.24543928,True
2024-09-30 18:30:00+00:00,BHARTIARTL.NS,1663.678955078125,DOWN,1,0,2,DOWN,UP,0.22402737,0.22052184,0.5554508,False
2024-09-30 18:30:00+00:00,HDFCBANK.NS,837.7334594726562,DOWN,1,0,0,DOWN,DOWN,0.42417204,0.26455393,0.311274,True
2024-09-30 18:30:00+00:00,ICICIBANK.NS,1254.0694580078125,STAY,1,1,1,STAY,STAY,0.27762285,0.43859825,0.2837789,True
2024-09-30 18:30:00+00:00,SBIN.NS,767.4296264648438,STAY,1,1,2,STAY,UP,0.21748278,0.23856449,0.54395276,False
2024-09-30 18:30:00+00:00,ITC.NS,458.135986328125,DOWN,1,0,0,DOWN,DOWN,0.5987321,0.14276513,0.2585028,True
2024-09-30 18:30:00+00:00,LT.NS,3584.727783203125,DOWN,1,0,0,DOWN,DOWN,0.39370582,0.33268452,0.2736097,True
2024-09-30 18:30:00+00:00,TMPV.NS,949.0990600585938,DOWN,1,0,2,DOWN,UP,0.033708613,0.052339938,0.9139514,False
2024-09-30 18:30:00+00:00,TCS.NS,3983.71875,DOWN,1,0,2,DOWN,UP,0.15127242,0.18321665,0.6655109,False
2024-09-30 18:30:00+00:00,RELIANCE.NS,1452.2830810546875,DOWN,1,0,0,DOWN,DOWN,0.35276815,0.3284507,0.31878114,True
2024-09-30 18:30:00+00:00,INFY.NS,1790.0533447265625,STAY,1,1,0,STAY,DOWN,0.48183292,0.1386637,0.37950343,False
2024-10-02 18:30:00+00:00,HDFCBANK.NS,816.282958984375,STAY,1,1,0,STAY,DOWN,0.5026878,0.21335104,0.28396115,False
2024-10-02 18:30:00+00:00,ICICIBANK.NS,1236.307373046875,STAY,1,1,1,STAY,STAY,0.2627165,0.4239929,0.31329057,True
2024-10-02 18:30:00+00:00,SBIN.NS,764.6851806640625,STAY,1,1,2,STAY,UP,0.21929835,0.22094113,0.5597605,False
2024-10-02 18:30:00+00:00,LT.NS,3431.8115234375,STAY,1,1,1,STAY,STAY,0.34457752,0.3522096,0.3032129,True
2024-10-02 18:30:00+00:00,TCS.NS,3932.4814453125,STAY,1,1,2,STAY,UP,0.12645502,0.20734742,0.66619754,False
2024-10-02 18:30:00+00:00,RELIANCE.NS,1394.928466796875,DOWN,1,0,0,DOWN,DOWN,0.3853613,0.32124698,0.29339176,True
2024-10-02 18:30:00+00:00,TMPV.NS,910.2579956054688,DOWN,1,0,2,DOWN,UP,0.026015341,0.05385708,0.9201276,False
2024-10-02 18:30:00+00:00,BHARTIARTL.NS,1638.949462890625,DOWN,1,0,2,DOWN,UP,0.33236098,0.19305952,0.47457948,False
2024-10-02 18:30:00+00:00,INFY.NS,1779.7606201171875,STAY,1,1,0,STAY,DOWN,0.48387155,0.16073775,0.35539073,False
2024-10-02 18:30:00+00:00,ITC.NS,455.0740661621094,DOWN,1,0,0,DOWN,DOWN,0.60365486,0.13674584,0.2595993,True
2024-10-03 18:30:00+00:00,HDFCBANK.NS,804.4657592773438,UP,1,2,0,UP,DOWN,0.4698009,0.12538067,0.40481848,False
2024-10-03 18:30:00+00:00,LT.NS,3428.180908203125,STAY,1,1,2,STAY,UP,0.33150974,0.2258388,0.4426515,False
2024-10-03 18:30:00+00:00,TMPV.NS,915.2236938476562,DOWN,1,0,2,DOWN,UP,0.03820534,0.08113136,0.88066334,False
2024-10-03 18:30:00+00:00,INFY.NS,1803.025146484375,DOWN,1,0,0,DOWN,DOWN,0.50927895,0.1340658,0.35665524,True
2024-10-03 18:30:00+00:00,BHARTIARTL.NS,1607.0706787109375,DOWN,1,0,2,DOWN,UP,0.29930472,0.14185156,0.55884373,False
2024-10-03 18:30:00+00:00,ICICIBANK.NS,1219.97216796875,STAY,1,1,2,STAY,UP,0.29076368,0.2971176,0.4121187,False
2024-10-03 18:30:00+00:00,RELIANCE.NS,1374.653564453125,DOWN,1,0,0,DOWN,DOWN,0.44682068,0.22580948,0.32736987,True
2024-10-03 18:30:00+00:00,SBIN.NS,767.1407470703125,UP,1,2,2,UP,UP,0.2148742,0.23828581,0.54684,True
2024-10-03 18:30:00+00:00,TCS.NS,3950.59814453125,DOWN,1,0,2,DOWN,UP,0.14928319,0.1703973,0.6803195,False
2024-10-03 18:30:00+00:00,ITC.NS,446.9089050292969,DOWN,1,0,0,DOWN,DOWN,0.5942031,0.11363821,0.29215872,True
2024-10-06 18:30:00+00:00,TCS.NS,3969.736572265625,DOWN,1,0,2,DOWN,UP,0.13133009,0.15195875,0.71671116,False
2024-10-06 18:30:00+00:00,SBIN.NS,742.1038208007812,UP,1,2,2,UP,UP,0.19453916,0.13760002,0.66786087,True
2024-10-06 18:30:00+00:00,INFY.NS,1818.2059326171875,DOWN,1,0,0,DOWN,DOWN,0.4747179,0.13743822,0.38784382,True
2024-10-06 18:30:00+00:00,LT.NS,3403.063232421875,STAY,1,1,2,STAY,UP,0.33077043,0.18452848,0.48470107,False
2024-10-06 18:30:00+00:00,BHARTIARTL.NS,1627.7845458984375,DOWN,1,0,2,DOWN,UP,0.3592599,0.12259197,0.5181481,False
2024-10-06 18:30:00+00:00,ITC.NS,452.8109130859375,DOWN,1,0,0,DOWN,DOWN,0.58612347,0.123352975,0.2905236,True
2024-10-06 18:30:00+00:00,TMPV.NS,912.3720703125,DOWN,1,0,2,DOWN,UP,0.04301641,0.110753946,0.8462296,False
2024-10-06 18:30:00+00:00,ICICIBANK.NS,1214.215576171875,STAY,1,1,0,STAY,DOWN,0.40243667,0.3094374,0.2881259,False
2024-10-06 18:30:00+00:00,HDFCBANK.NS,785.1264038085938,UP,1,2,0,UP,DOWN,0.58001095,0.1540375,0.26595157,False
2024-10-06 18:30:00+00:00,RELIANCE.NS,1358.98876953125,DOWN,1,0,0,DOWN,DOWN,0.42851803,0.24406731,0.32741463,True
2024-10-07 18:30:00+00:00,LT.NS,3465.9072265625,STAY,1,1,2,STAY,UP,0.34675395,0.26485497,0.38839105,False
2024-10-07 18:30:00+00:00,TMPV.NS,904.4563598632812,DOWN,1,0,2,DOWN,UP,0.038638953,0.11999558,0.84136546,False
2024-10-07 18:30:00+00:00,TCS.NS,3951.527099609375,DOWN,1,0,2,DOWN,UP,0.12720776,0.15898368,0.7138086,False
2024-10-07 18:30:00+00:00,RELIANCE.NS,1385.3857421875,DOWN,1,0,0,DOWN,DOWN,0.41293043,0.31966442,0.26740515,True
2024-10-07 18:30:00+00:00,INFY.NS,1831.6005859375,DOWN,1,0,0,DOWN,DOWN,0.48139316,0.13298468,0.38562217,True
2024-10-07 18:30:00+00:00,ICICIBANK.NS,1216.8724365234375,STAY,1,1,0,STAY,DOWN,0.5084331,0.2414435,0.2501234,False
2024-10-07 18:30:00+00:00,HDFCBANK.NS,801.2628173828125,UP,1,2,0,UP,DOWN,0.61997056,0.18886122,0.19116828,False
2024-10-07 18:30:00+00:00,SBIN.NS,752.5037841796875,STAY,1,1,2,STAY,UP,0.17141333,0.20151755,0.6270691,False
2024-10-07 18:30:00+00:00,BHARTIARTL.NS,1623.2794189453125,DOWN,1,0,2,DOWN,UP,0.3865759,0.1058321,0.507592,False
2024-10-07 18:30:00+00:00,ITC.NS,450.81396484375,DOWN,1,0,0,DOWN,DOWN,0.5456541,0.1541853,0.3001606,True
2024-10-08 18:30:00+00:00,BHARTIARTL.NS,1643.503662109375,DOWN,1,0,2,DOWN,UP,0.36884215,0.138373,0.49278483,False
2024-10-08 18:30:00+00:00,RELIANCE.NS,1362.8306884765625,DOWN,1,0,0,DOWN,DOWN,0.41407657,0.24875174,0.33717167,True
2024-10-08 18:30:00+00:00,HDFCBANK.NS,792.5758056640625,UP,1,2,0,UP,DOWN,0.46383223,0.27873474,0.25743303,False
2024-10-08 18:30:00+00:00,TCS.NS,3951.24853515625,STAY,1,1,2,STAY,UP,0.113671295,0.1415306,0.74479806,False
2024-10-08 18:30:00+00:00,SBIN.NS,767.8629760742188,UP,1,2,2,UP,UP,0.23183507,0.20185567,0.5663092,True
2024-10-08 18:30:00+00:00,INFY.NS,1835.5484619140625,STAY,1,1,0,STAY,DOWN,0.48990867,0.14821465,0.3618767,False
2024-10-08 18:30:00+00:00,TMPV.NS,923.483642578125,DOWN,1,0,2,DOWN,UP,0.03895032,0.07780309,0.8832466,False
2024-10-08 18:30:00+00:00,ITC.NS,436.3918151855469,DOWN,1,0,0,DOWN,DOWN,0.5368776,0.12242366,0.34069878,True
2024-10-08 18:30:00+00:00,LT.NS,3421.460205078125,UP,1,2,2,UP,UP,0.2932073,0.22539298,0.48139974,True
2024-10-08 18:30:00+00:00,ICICIBANK.NS,1224.3021240234375,UP,1,2,0,UP,DOWN,0.4697771,0.25402746,0.27619547,False
2024-10-09 18:30:00+00:00,HDFCBANK.NS,806.7709350585938,UP,1,2,0,UP,DOWN,0.45076495,0.3271641,0.22207087,False
2024-10-09 18:30:00+00:00,ITC.NS,436.7024841308594,DOWN,1,0,0,DOWN,DOWN,0.52487874,0.1271513,0.34796998,True
2024-10-09 18:30:00+00:00,SBIN.NS,767.5740356445312,UP,1,2,2,UP,UP,0.24050455,0.2649373,0.49455813,True
2024-10-09 18:30:00+00:00,LT.NS,3395.2138671875,UP,1,2,2,UP,UP,0.28465346,0.24590781,0.46943867,True
2024-10-09 18:30:00+00:00,INFY.NS,1803.82421875,STAY,1,1,0,STAY,DOWN,0.43597767,0.19862181,0.36540055,False
2024-10-09 18:30:00+00:00,ICICIBANK.NS,1223.662353515625,UP,1,2,0,UP,DOWN,0.45825374,0.2485977,0.29314858,False
2024-10-09 18:30:00+00:00,RELIANCE.NS,1359.31103515625,DOWN,1,0,0,DOWN,DOWN,0.4171113,0.28237516,0.30051357,True
2024-10-09 18:30:00+00:00,TCS.NS,3927.5107421875,UP,1,2,2,UP,UP,0.13699028,0.14170519,0.72130454,True
2024-10-09 18:30:00+00:00,BHARTIARTL.NS,1643.503662109375,DOWN,1,0,2,DOWN,UP,0.40496546,0.13643104,0.45860353,False
2024-10-09 18:30:00+00:00,TMPV.NS,913.0112915039062,DOWN,1,0,2,DOWN,UP,0.03701248,0.12702818,0.8359594,False
2024-10-10 18:30:00+00:00,BHARTIARTL.NS,1652.612060546875,DOWN,1,0,0,DOWN,DOWN,0.4719613,0.106751494,0.42128724,True
2024-10-10 18:30:00+00:00,RELIANCE.NS,1360.35205078125,DOWN,1,0,0,DOWN,DOWN,0.42326766,0.27472568,0.30200663,True
2024-10-10 18:30:00+00:00,TCS.NS,3854.8583984375,UP,1,2,2,UP,UP,0.1442302,0.23777105,0.6179988,True
2024-10-10 18:30:00+00:00,TMPV.NS,915.174560546875,DOWN,1,0,2,DOWN,UP,0.023119375,0.051449876,0.9254308,False
2024-10-10 18:30:00+00:00,HDFCBANK.NS,801.238525390625,UP,1,2,0,UP,DOWN,0.446357,0.32201728,0.23162566,False
2024-10-10 18:30:00+00:00,ICICIBANK.NS,1203.4893798828125,UP,1,2,2,UP,UP,0.36339733,0.2726412,0.3639615,True
2024-10-10 18:30:00+00:00,INFY.NS,1818.9580078125,STAY,1,1,0,STAY,DOWN,0.43003833,0.20123263,0.36872908,False
2024-10-10 18:30:00+00:00,ITC.NS,433.2855529785156,DOWN,1,0,0,DOWN,DOWN,0.53867346,0.11748247,0.34384406,True
2024-10-10 18:30:00+00:00,SBIN.NS,770.1259155273438,UP,1,2,2,UP,UP,0.25172794,0.22015908,0.528113,True
2024-10-10 18:30:00+00:00,LT.NS,3416.995849609375,UP,1,2,2,UP,UP,0.32040554,0.21885562,0.46073887,True
2024-10-13 18:30:00+00:00,ITC.NS,441.0513000488281,DOWN,1,0,0,DOWN,DOWN,0.48666716,0.12463236,0.38870052,True
2024-10-13 18:30:00+00:00,HDFCBANK.NS,819.2433471679688,UP,1,2,0,UP,DOWN,0.44333625,0.28531933,0.27134442,False
2024-10-13 18:30:00+00:00,RELIANCE.NS,1360.7734375,DOWN,1,0,0,DOWN,DOWN,0.46544975,0.24539939,0.28915083,True
2024-10-13 18:30:00+00:00,BHARTIARTL.NS,1660.6429443359375,DOWN,1,0,0,DOWN,DOWN,0.46278155,0.10405596,0.43316254,True
2024-10-13 18:30:00+00:00,INFY.NS,1841.3294677734373,STAY,1,1,0,STAY,DOWN,0.44314554,0.14280906,0.4140454,False
2024-10-13 18:30:00+00:00,LT.NS,3488.131103515625,UP,1,2,2,UP,UP,0.29111683,0.26274103,0.44614208,True
2024-10-13 18:30:00+00:00,TCS.NS,3843.1982421875,UP,1,2,2,UP,UP,0.1286577,0.19608779,0.6752545,True
2024-10-13 18:30:00+00:00,SBIN.NS,775.3258666992188,UP,1,2,2,UP,UP,0.2746099,0.26704195,0.45834816,True
2024-10-13 18:30:00+00:00,TMPV.NS,912.7654418945312,DOWN,1,0,2,DOWN,UP,0.0222673,0.056672685,0.92105997,False
2024-10-13 18:30:00+00:00,ICICIBANK.NS,1212.099853515625,UP,1,2,0,UP,DOWN,0.41146553,0.26918554,0.3193489,False
2024-10-14 18:30:00+00:00,ITC.NS,442.4713134765625,DOWN,1,0,0,DOWN,DOWN,0.46707207,0.1277455,0.4051824,True
2024-10-14 18:30:00+00:00,LT.NS,3485.0400390625,UP,1,2,2,UP,UP,0.26202497,0.3381348,0.39984024,True
2024-10-14 18:30:00+00:00,BHARTIARTL.NS,1681.8465576171875,DOWN,1,0,0,DOWN,DOWN,0.5094041,0.11523542,0.3753605,True
2024-10-14 18:30:00+00:00,INFY.NS,1841.7054443359373,DOWN,1,0,0,DOWN,DOWN,0.4313937,0.1753612,0.39324504,True
2024-10-14 18:30:00+00:00,SBIN.NS,774.8444213867188,UP,1,2,2,UP,UP,0.28818196,0.21610498,0.49571306,True
2024-10-14 18:30:00+00:00,ICICIBANK.NS,1235.4710693359375,UP,1,2,0,UP,DOWN,0.3885217,0.23834343,0.37313482,False
2024-10-14 18:30:00+00:00,HDFCBANK.NS,817.3021240234375,UP,1,2,0,UP,DOWN,0.4130078,0.36066583,0.22632638,False
2024-10-14 18:30:00+00:00,TMPV.NS,901.998046875,DOWN,1,0,2,DOWN,UP,0.024251072,0.075869605,0.8998793,False
2024-10-14 18:30:00+00:00,RELIANCE.NS,1332.5174560546875,DOWN,1,0,0,DOWN,DOWN,0.48671618,0.29102924,0.22225454,True
2024-10-14 18:30:00+00:00,TCS.NS,3824.75634765625,UP,1,2,2,UP,UP,0.12524673,0.19617318,0.67858005,True
2024-10-15 18:30:00+00:00,INFY.NS,1804.8582763671875,DOWN,1,0,0,DOWN,DOWN,0.4215259,0.19235578,0.38611832,True
2024-10-15 18:30:00+00:00,LT.NS,3466.103759765625,UP,1,2,2,UP,UP,0.31435406,0.2986401,0.3870059,True
2024-10-15 18:30:00+00:00,BHARTIARTL.NS,1698.2021484375,DOWN,1,0,0,DOWN,DOWN,0.4700443,0.1376861,0.3922696,True
2024-10-15 18:30:00+00:00,ICICIBANK.NS,1223.3179931640625,UP,1,2,2,UP,UP,0.36739352,0.25470307,0.3779034,True
2024-10-15 18:30:00+00:00,ITC.NS,437.72308349609375,DOWN,1,0,0,DOWN,DOWN,0.4542833,0.11762528,0.42809138,True
2024-10-15 18:30:00+00:00,RELIANCE.NS,1342.4814453125,DOWN,1,0,0,DOWN,DOWN,0.4970862,0.26575863,0.23715515,True
2024-10-15 18:30:00+00:00,SBIN.NS,775.61474609375,UP,1,2,2,UP,UP,0.25548136,0.2696723,0.47484633,True
2024-10-15 18:30:00+00:00,TCS.NS,3804.45654296875,UP,1,2,2,UP,UP,0.13335606,0.18557547,0.6810685,True
2024-10-15 18:30:00+00:00,HDFCBANK.NS,824.92138671875,UP,1,2,0,UP,DOWN,0.44238356,0.33879256,0.21882385,False
2024-10-15 18:30:00+00:00,TMPV.NS,892.3124389648438,DOWN,1,0,2,DOWN,UP,0.028288018,0.078499384,0.8932126,False
2024-10-16 18:30:00+00:00,BHARTIARTL.NS,1666.0784912109375,DOWN,1,0,2,DOWN,UP,0.3945878,0.18021557,0.42519665,False
2024-10-16 18:30:00+00:00,INFY.NS,1849.977294921875,DOWN,1,0,0,DOWN,DOWN,0.56607115,0.10679439,0.3271345,True
2024-10-16 18:30:00+00:00,ICICIBANK.NS,1211.6077880859375,UP,1,2,2,UP,UP,0.24442445,0.27788764,0.47768787,True
2024-10-16 18:30:00+00:00,TCS.NS,3817.51025390625,UP,1,2,2,UP,UP,0.12718035,0.18110572,0.6917139,True
2024-10-16 18:30:00+00:00,HDFCBANK.NS,811.988037109375,UP,1,2,2,UP,UP,0.28989923,0.25367832,0.45642245,True
2024-10-16 18:30:00+00:00,SBIN.NS,781.0072631835938,UP,1,2,2,UP,UP,0.29258862,0.25163215,0.4557792,True
2024-10-16 18:30:00+00:00,LT.NS,3503.093994140625,UP,1,2,2,UP,UP,0.27880058,0.34897855,0.37222087,True
2024-10-16 18:30:00+00:00,RELIANCE.NS,1344.811279296875,DOWN,1,0,0,DOWN,DOWN,0.48874962,0.28618848,0.22506188,True
2024-10-16 18:30:00+00:00,TMPV.NS,876.7267456054688,DOWN,1,0,2,DOWN,UP,0.028478527,0.053252295,0.9182692,False
2024-10-16 18:30:00+00:00,ITC.NS,433.9067993164063,DOWN,1,0,2,DOWN,UP,0.42043024,0.13661973,0.44295004,False
2024-10-17 18:30:00+00:00,TCS.NS,3839.908447265625,UP,1,2,2,UP,UP,0.11425146,0.17790209,0.7078464,True
2024-10-17 18:30:00+00:00,TMPV.NS,894.9674072265625,DOWN,1,0,2,DOWN,UP,0.029965114,0.059200834,0.9108341,False
2024-10-17 18:30:00+00:00,ICICIBANK.NS,1244.327392578125,UP,1,2,2,UP,UP,0.24313399,0.2503956,0.50647044,True
2024-10-17 18:30:00+00:00,INFY.NS,1766.7889404296875,STAY,1,1,2,STAY,UP,0.42007303,0.13460636,0.44532058,False
2024-10-17 18:30:00+00:00,RELIANCE.NS,1347.66162109375,DOWN,1,0,0,DOWN,DOWN,0.48225784,0.27775472,0.23998745,True
2024-10-17 18:30:00+00:00,BHARTIARTL.NS,1672.640380859375,DOWN,1,0,0,DOWN,DOWN,0.46638346,0.15842222,0.37519428,True
2024-10-17 18:30:00+00:00,ITC.NS,431.9542236328125,DOWN,1,0,2,DOWN,UP,0.4271341,0.13732515,0.4355408,False
2024-10-17 18:30:00+00:00,LT.NS,3510.45263671875,UP,1,2,1,UP,STAY,0.20786116,0.4087567,0.3833822,False
2024-10-17 18:30:00+00:00,SBIN.NS,790.010986328125,UP,1,2,2,UP,UP,0.32545266,0.23691836,0.437629,True
2024-10-17 18:30:00+00:00,HDFCBANK.NS,816.2101440429688,UP,1,2,2,UP,UP,0.32753006,0.25781375,0.41465613,True
2024-10-20 18:30:00+00:00,RELIANCE.NS,1357.4769287109375,DOWN,1,0,0,DOWN,DOWN,0.41888803,0.26294166,0.31817037,True
2024-10-20 18:30:00+00:00,HDFCBANK.NS,838.9466552734375,UP,1,2,2,UP,UP,0.32732064,0.2023839,0.4702955,True
2024-10-20 18:30:00+00:00,BHARTIARTL.NS,1657.6558837890625,DOWN,1,0,0,DOWN,DOWN,0.5364065,0.1390633,0.32453015,True
2024-10-20 18:30:00+00:00,INFY.NS,1741.5504150390625,UP,1,2,2,UP,UP,0.38310775,0.12536867,0.49152353,True
2024-10-20 18:30:00+00:00,TMPV.NS,888.2316284179688,DOWN,1,0,2,DOWN,UP,0.027664874,0.06721601,0.9051191,False
2024-10-20 18:30:00+00:00,SBIN.NS,783.7999267578125,UP,1,2,2,UP,UP,0.31258553,0.24590021,0.44151422,True
2024-10-20 18:30:00+00:00,ITC.NS,429.2473449707031,DOWN,1,0,2,DOWN,UP,0.374874,0.1474436,0.47768238,False
2024-10-20 18:30:00+00:00,LT.NS,3518.10595703125,UP,1,2,2,UP,UP,0.2635301,0.31803384,0.41843608,True
2024-10-20 18:30:00+00:00,TCS.NS,3799.675048828125,UP,1,2,2,UP,UP,0.12874821,0.18242627,0.6888255,True
2024-10-20 18:30:00+00:00,ICICIBANK.NS,1238.9644775390625,UP,1,2,2,UP,UP,0.2768732,0.26175874,0.46136805,True
2024-10-21 18:30:00+00:00,LT.NS,3445.793212890625,UP,1,2,2,UP,UP,0.30879906,0.3085709,0.38263005,True
2024-10-21 18:30:00+00:00,INFY.NS,1740.46923828125,UP,1,2,2,UP,UP,0.40598506,0.10958646,0.48442844,True
2024-10-21 18:30:00+00:00,TMPV.NS,864.82861328125,DOWN,1,0,2,DOWN,UP,0.01633404,0.058170572,0.9254954,False
2024-10-21 18:30:00+00:00,ITC.NS,427.60540771484375,DOWN,1,0,2,DOWN,UP,0.31813237,0.15478931,0.5270783,False
2024-10-21 18:30:00+00:00,RELIANCE.NS,1331.84814453125,STAY,1,1,0,STAY,DOWN,0.46113297,0.29155737,0.24730965,False
2024-10-21 18:30:00+00:00,HDFCBANK.NS,832.07958984375,UP,1,2,2,UP,UP,0.3314323,0.23684447,0.43172324,True
2024-10-21 18:30:00+00:00,TCS.NS,3739.744140625,UP,1,2,2,UP,UP,0.19370407,0.17628524,0.63001066,True
2024-10-21 18:30:00+00:00,SBIN.NS,761.1222534179688,UP,1,2,2,UP,UP,0.17887296,0.28954294,0.53158414,True
2024-10-21 18:30:00+00:00,BHARTIARTL.NS,1657.3619384765625,DOWN,1,0,0,DOWN,DOWN,0.48644885,0.15854219,0.35500896,True
2024-10-21 18:30:00+00:00,ICICIBANK.NS,1247.279541015625,UP,1,2,2,UP,UP,0.24713023,0.32810885,0.42476097,True
2024-10-22 18:30:00+00:00,ITC.NS,426.3185424804688,STAY,1,1,2,STAY,UP,0.37870252,0.15918703,0.46211046,False
2024-10-22 18:30:00+00:00,TMPV.NS,863.0095825195312,DOWN,1,0,2,DOWN,UP,0.018451048,0.04869494,0.93285406,False
2024-10-22 18:30:00+00:00,LT.NS,3390.356689453125,UP,1,2,2,UP,UP,0.37025782,0.25080517,0.37893698,True
2024-10-22 18:30:00+00:00,RELIANCE.NS,1327.064453125,DOWN,1,0,0,DOWN,DOWN,0.4340533,0.32828993,0.23765674,True
2024-10-22 18:30:00+00:00,SBIN.NS,756.8851928710938,UP,1,2,2,UP,UP,0.1754919,0.22383225,0.6006758,True
2024-10-22 18:30:00+00:00,INFY.NS,1760.961181640625,UP,1,2,2,UP,UP,0.4163203,0.115534246,0.4681455,True
2024-10-22 18:30:00+00:00,TCS.NS,3787.009033203125,UP,1,2,2,UP,UP,0.15472288,0.19656573,0.6487114,True
2024-10-22 18:30:00+00:00,ICICIBANK.NS,1231.6331787109375,UP,1,2,2,UP,UP,0.268753,0.32672933,0.40451765,True
2024-10-22 18:30:00+00:00,BHARTIARTL.NS,1651.044921875,DOWN,1,0,0,DOWN,DOWN,0.5337091,0.13036115,0.33592975,True
2024-10-22 18:30:00+00:00,HDFCBANK.NS,842.3923950195312,UP,1,2,2,UP,UP,0.34798515,0.26761422,0.38440064,True
2024-10-23 18:30:00+00:00,ICICIBANK.NS,1232.764892578125,UP,1,2,2,UP,UP,0.27433357,0.3385195,0.38714695,True
2024-10-23 18:30:00+00:00,ITC.NS,418.6415100097656,STAY,1,1,2,STAY,UP,0.33719504,0.14957793,0.51322705,False
2024-10-23 18:30:00+00:00,TCS.NS,3769.919189453125,UP,1,2,2,UP,UP,0.17400895,0.20911844,0.6168726,True
2024-10-23 18:30:00+00:00,HDFCBANK.NS,849.1138916015625,UP,1,2,2,UP,UP,0.3649901,0.24902873,0.38598123,True
2024-10-23 18:30:00+00:00,TMPV.NS,865.3203125,DOWN,1,0,2,DOWN,UP,0.017086575,0.06571772,0.91719574,False
2024-10-23 18:30:00+00:00,LT.NS,3377.8466796875,UP,1,2,2,UP,UP,0.36797217,0.21985024,0.4121776,True
2024-10-23 18:30:00+00:00,INFY.NS,1751.51416015625,UP,1,2,2,UP,UP,0.37275332,0.09846218,0.5287845,True
2024-10-23 18:30:00+00:00,SBIN.NS,765.1185302734375,UP,1,2,2,UP,UP,0.18225363,0.18663454,0.63111186,True
2024-10-23 18:30:00+00:00,RELIANCE.NS,1328.3287353515625,DOWN,1,0,0,DOWN,DOWN,0.4372943,0.3057839,0.25692177,True
2024-10-23 18:30:00+00:00,BHARTIARTL.NS,1643.846435546875,DOWN,1,0,0,DOWN,DOWN,0.57487905,0.11091321,0.31420773,True
2024-10-24 18:30:00+00:00,LT.NS,3263.784912109375,UP,1,2,2,UP,UP,0.27262774,0.29884213,0.42853007,True
2024-10-24 18:30:00+00:00,TCS.NS,3778.906494140625,UP,1,2,2,UP,UP,0.15984286,0.1761402,0.6640169,True
2024-10-24 18:30:00+00:00,SBIN.NS,752.0222778320312,UP,1,2,2,UP,UP,0.1583332,0.17437926,0.6672875,True
2024-10-24 18:30:00+00:00,ICICIBANK.NS,1235.4217529296875,UP,1,2,2,UP,UP,0.27256078,0.32014626,0.40729296,True
2024-10-24 18:30:00+00:00,TMPV.NS,849.8822021484375,DOWN,1,0,2,DOWN,UP,0.015631424,0.04062507,0.9437435,False
2024-10-24 18:30:00+00:00,HDFCBANK.NS,846.0807495117188,UP,1,2,0,UP,DOWN,0.3762042,0.2629617,0.36083412,False
2024-10-24 18:30:00+00:00,ITC.NS,428.0491638183594,DOWN,1,0,2,DOWN,UP,0.37268457,0.15373191,0.4735835,False
2024-10-24 18:30:00+00:00,BHARTIARTL.NS,1631.653076171875,DOWN,1,0,0,DOWN,DOWN,0.57150435,0.10917772,0.31931794,True
2024-10-24 18:30:00+00:00,RELIANCE.NS,1316.4808349609375,DOWN,1,0,0,DOWN,DOWN,0.3870808,0.32267135,0.2902479,True
2024-10-24 18:30:00+00:00,INFY.NS,1750.2923583984375,UP,1,2,2,UP,UP,0.3789539,0.14062084,0.48042524,True
2024-10-27 18:30:00+00:00,TCS.NS,3809.919677734375,UP,1,2,2,UP,UP,0.13111725,0.17984408,0.6890387,True
2024-10-27 18:30:00+00:00,INFY.NS,1753.394287109375,UP,1,2,2,UP,UP,0.3988202,0.11918862,0.48199117,True
2024-10-27 18:30:00+00:00,BHARTIARTL.NS,1629.0577392578125,DOWN,1,0,0,DOWN,DOWN,0.5292963,0.11436641,0.35633725,True
2024-10-27 18:30:00+00:00,RELIANCE.NS,1322.9251708984375,DOWN,1,0,0,DOWN,DOWN,0.37998012,0.33783346,0.28218645,True
2024-10-27 18:30:00+00:00,SBIN.NS,762.7111206054688,UP,1,2,2,UP,UP,0.18387139,0.19450934,0.6216193,True
2024-10-27 18:30:00+00:00,LT.NS,3277.9140625,UP,1,2,2,UP,UP,0.29184797,0.19180332,0.5163488,True
2024-10-27 18:30:00+00:00,TMPV.NS,863.7962036132812,DOWN,1,0,2,DOWN,UP,0.020325229,0.06668259,0.9129922,False
2024-10-27 18:30:00+00:00,ITC.NS,429.6910705566406,DOWN,1,0,2,DOWN,UP,0.38512757,0.1375956,0.47727683,False
2024-10-27 18:30:00+00:00,ICICIBANK.NS,1272.2252197265625,UP,1,2,2,UP,UP,0.22616082,0.31672642,0.45711276,True
2024-10-27 18:30:00+00:00,HDFCBANK.NS,841.6158447265625,UP,1,2,2,UP,UP,0.3310665,0.28515998,0.38377357,True
2024-10-28 18:30:00+00:00,INFY.NS,1748.59326171875,UP,1,2,0,UP,DOWN,0.51426196,0.099131726,0.3866063,False
2024-10-28 18:30:00+00:00,ITC.NS,433.0636596679688,DOWN,1,0,2,DOWN,UP,0.40644577,0.12733626,0.466218,False
2024-10-28 18:30:00+00:00,BHARTIARTL.NS,1603.348876953125,STAY,1,1,0,STAY,DOWN,0.5153054,0.13914222,0.34555236,False
2024-10-28 18:30:00+00:00,SBIN.NS,801.8554077148438,UP,1,2,2,UP,UP,0.26459455,0.20508865,0.5303168,True
2024-10-28 18:30:00+00:00,TMPV.NS,828.6917114257812,DOWN,1,0,2,DOWN,UP,0.012950026,0.046892207,0.9401577,False
2024-10-28 18:30:00+00:00,LT.NS,3317.259033203125,UP,1,2,2,UP,UP,0.31374004,0.23174763,0.4545124,True
2024-10-28 18:30:00+00:00,TCS.NS,3795.390625,UP,1,2,2,UP,UP,0.12594502,0.19631456,0.67774045,True
2024-10-28 18:30:00+00:00,HDFCBANK.NS,850.1815185546875,UP,1,2,0,UP,DOWN,0.38355753,0.26039955,0.35604292,False
2024-10-28 18:30:00+00:00,ICICIBANK.NS,1310.60302734375,STAY,1,1,0,STAY,DOWN,0.40800685,0.3386737,0.25331938,False
2024-10-28 18:30:00+00:00,RELIANCE.NS,1328.52685546875,DOWN,1,0,0,DOWN,DOWN,0.45793775,0.22190684,0.32015547,True
2024-10-29 18:30:00+00:00,TMPV.NS,826.1842651367188,DOWN,1,0,2,DOWN,UP,0.009069361,0.03287457,0.9580561,False
2024-10-29 18:30:00+00:00,SBIN.NS,791.9850463867188,UP,1,2,2,UP,UP,0.28575927,0.22532386,0.48891687,True
2024-10-29 18:30:00+00:00,INFY.NS,1713.227783203125,UP,1,2,0,UP,DOWN,0.51300246,0.12296572,0.3640318,False
2024-10-29 18:30:00+00:00,HDFCBANK.NS,841.8099975585938,UP,1,2,2,UP,UP,0.34508297,0.30476612,0.35015088,True
2024-10-29 18:30:00+00:00,TCS.NS,3804.145263671875,UP,1,2,2,UP,UP,0.12392081,0.1858582,0.69022095,True
2024-10-29 18:30:00+00:00,BHARTIARTL.NS,1599.67626953125,UP,1,2,0,UP,DOWN,0.5236437,0.14405434,0.332302,False
2024-10-29 18:30:00+00:00,ICICIBANK.NS,1291.21728515625,UP,1,2,0,UP,DOWN,0.37424156,0.3523586,0.27339983,False
2024-10-29 18:30:00+00:00,LT.NS,3344.192626953125,UP,1,2,2,UP,UP,0.35419974,0.24733366,0.3984666,True
2024-10-29 18:30:00+00:00,ITC.NS,436.2586975097656,DOWN,1,0,2,DOWN,UP,0.40997258,0.14859796,0.44142947,False
2024-10-29 18:30:00+00:00,RELIANCE.NS,1332.3935546875,DOWN,1,0,0,DOWN,DOWN,0.43392426,0.21457486,0.35150084,True
2024-10-30 18:30:00+00:00,INFY.NS,1670.5897216796875,UP,1,2,2,UP,UP,0.41792774,0.12864035,0.45343193,True
2024-10-30 18:30:00+00:00,HDFCBANK.NS,842.3438110351562,UP,1,2,0,UP,DOWN,0.4183588,0.28081158,0.30082956,False
2024-10-30 18:30:00+00:00,TCS.NS,3695.925048828125,UP,1,2,2,UP,UP,0.19577356,0.16138276,0.6428436,True
2024-10-30 18:30:00+00:00,LT.NS,3554.115234375,UP,1,2,1,UP,STAY,0.26594755,0.40591514,0.3281373,False
2024-10-30 18:30:00+00:00,TMPV.NS,820.1368408203125,DOWN,1,0,2,DOWN,UP,0.007997419,0.028590083,0.9634125,False
2024-10-30 18:30:00+00:00,ICICIBANK.NS,1271.634765625,UP,1,2,1,UP,STAY,0.2985286,0.41720262,0.2842687,False
2024-10-30 18:30:00+00:00,RELIANCE.NS,1320.64501953125,DOWN,1,0,2,DOWN,UP,0.37169808,0.2305705,0.39773136,False
2024-10-30 18:30:00+00:00,BHARTIARTL.NS,1579.35400390625,UP,1,2,0,UP,DOWN,0.51522934,0.11438597,0.37038466,False
2024-10-30 18:30:00+00:00,SBIN.NS,789.8184204101562,UP,1,2,2,UP,UP,0.25784287,0.2311848,0.5109723,True
2024-10-30 18:30:00+00:00,ITC.NS,433.8180236816406,DOWN,1,0,2,DOWN,UP,0.40405592,0.18657142,0.4093727,False
2024-10-31 18:30:00+00:00,RELIANCE.NS,1327.1884765625,DOWN,1,0,2,DOWN,UP,0.33986363,0.19030552,0.4698309,False
2024-10-31 18:30:00+00:00,BHARTIARTL.NS,1583.1246337890625,STAY,1,1,0,STAY,DOWN,0.47812262,0.11790372,0.40397364,False
2024-10-31 18:30:00+00:00,TCS.NS,3710.593505859375,UP,1,2,2,UP,UP,0.1838123,0.15600684,0.66018087,True
2024-10-31 18:30:00+00:00,LT.NS,3558.089111328125,UP,1,2,1,UP,STAY,0.23286057,0.54195446,0.22518498,False
2024-10-31 18:30:00+00:00,SBIN.NS,790.7813720703125,UP,1,2,2,UP,UP,0.2546772,0.20017956,0.54514325,True
2024-10-31 18:30:00+00:00,INFY.NS,1674.011962890625,UP,1,2,2,UP,UP,0.41516915,0.12219763,0.46263328,True
2024-10-31 18:30:00+00:00,HDFCBANK.NS,843.120361328125,UP,1,2,2,UP,UP,0.35940835,0.27057672,0.37001494,True
2024-10-31 18:30:00+00:00,ITC.NS,435.1492919921875,DOWN,1,0,2,DOWN,UP,0.4150795,0.14767149,0.43724903,False
2024-10-31 18:30:00+00:00,TMPV.NS,829.3800659179688,DOWN,1,0,2,DOWN,UP,0.0110084135,0.03660159,0.95238996,False
2024-10-31 18:30:00+00:00,ICICIBANK.NS,1271.1920166015625,UP,1,2,2,UP,UP,0.2397489,0.3540386,0.40621257,True
2024-11-03 18:30:00+00:00,ICICIBANK.NS,1256.8248291015625,UP,1,2,2,UP,UP,0.25108662,0.34530976,0.4036036,True
2024-11-03 18:30:00+00:00,INFY.NS,1676.6739501953125,UP,1,2,0,UP,DOWN,0.47533736,0.108425416,0.41623724,False
2024-11-03 18:30:00+00:00,SBIN.NS,799.1109619140625,STAY,1,1,2,STAY,UP,0.3227119,0.13841228,0.5388758,False
2024-11-03 18:30:00+00:00,BHARTIARTL.NS,1558.4442138671875,STAY,1,1,0,STAY,DOWN,0.52107567,0.10077104,0.37815332,False
2024-11-03 18:30:00+00:00,TMPV.NS,810.352783203125,DOWN,1,0,2,DOWN,UP,0.005987031,0.023340203,0.9706727,False
2024-11-03 18:30:00+00:00,RELIANCE.NS,1291.0009765625,DOWN,1,0,2,DOWN,UP,0.24145542,0.2801073,0.4784373,False
2024-11-03 18:30:00+00:00,LT.NS,3507.165771484375,UP,1,2,0,UP,DOWN,0.4216244,0.304699,0.27367654,False
2024-11-03 18:30:00+00:00,TCS.NS,3691.92041015625,UP,1,2,2,UP,UP,0.23908775,0.15350693,0.60740536,True
2024-11-03 18:30:00+00:00,HDFCBANK.NS,831.8612060546875,UP,1,2,0,UP,DOWN,0.47382066,0.2125172,0.3136621,False
2024-11-03 18:30:00+00:00,ITC.NS,430.0904846191406,DOWN,1,0,2,DOWN,UP,0.39280722,0.15756397,0.44962883,False
2024-11-04 18:30:00+00:00,ICICIBANK.NS,1276.013671875,STAY,1,1,1,STAY,STAY,0.23399797,0.38448018,0.38152182,True
2024-11-04 18:30:00+00:00,RELIANCE.NS,1294.1240234375,DOWN,1,0,2,DOWN,UP,0.26299512,0.2930123,0.4439926,False
2024-11-04 18:30:00+00:00,SBIN.NS,817.7442016601562,STAY,1,1,2,STAY,UP,0.33216238,0.17181432,0.4960233,False
2024-11-04 18:30:00+00:00,ITC.NS,426.1854248046875,DOWN,1,0,2,DOWN,UP,0.3079642,0.18402807,0.5080077,False
2024-11-04 18:30:00+00:00,TCS.NS,3698.626220703125,UP,1,2,2,UP,UP,0.19001274,0.15275618,0.65723103,True
2024-11-04 18:30:00+00:00,INFY.NS,1667.68994140625,UP,1,2,2,UP,UP,0.42552167,0.124638714,0.4498396,True
2024-11-04 18:30:00+00:00,BHARTIARTL.NS,1545.8592529296875,STAY,1,1,0,STAY,DOWN,0.4645657,0.1106897,0.4247446,False
2024-11-04 18:30:00+00:00,HDFCBANK.NS,853.0933227539062,UP,1,2,0,UP,DOWN,0.4562677,0.20896758,0.3347647,False
2024-11-04 18:30:00+00:00,TMPV.NS,821.7101440429688,DOWN,1,0,2,DOWN,UP,0.010239859,0.053395048,0.93636507,False
2024-11-04 18:30:00+00:00,LT.NS,3507.50927734375,UP,1,2,1,UP,STAY,0.2921774,0.43944916,0.2683734,False
2024-11-05 18:30:00+00:00,SBIN.NS,823.13671875,DOWN,1,0,2,DOWN,UP,0.36735672,0.20333295,0.4293103,False
2024-11-05 18:30:00+00:00,LT.NS,3576.829345703125,STAY,1,1,1,STAY,STAY,0.28098726,0.42966264,0.2893501,True
2024-11-05 18:30:00+00:00,HDFCBANK.NS,851.83154296875,STAY,1,1,0,STAY,DOWN,0.4775717,0.1994524,0.32297596,False
2024-11-05 18:30:00+00:00,RELIANCE.NS,1314.0023193359375,DOWN,1,0,2,DOWN,UP,0.3329383,0.19710071,0.46996093,False
2024-11-05 18:30:00+00:00,INFY.NS,1733.7625732421875,UP,1,2,0,UP,DOWN,0.5142958,0.11384462,0.37185955,False
2024-11-05 18:30:00+00:00,BHARTIARTL.NS,1565.838623046875,STAY,1,1,0,STAY,DOWN,0.48959196,0.102565736,0.4078423,False
2024-11-05 18:30:00+00:00,ITC.NS,426.9841613769531,DOWN,1,0,2,DOWN,UP,0.32517302,0.17539705,0.49942994,False
2024-11-05 18:30:00+00:00,TMPV.NS,825.6925659179688,DOWN,1,0,2,DOWN,UP,0.011372343,0.031361945,0.9572657,False
2024-11-05 18:30:00+00:00,ICICIBANK.NS,1281.5736083984375,STAY,1,1,1,STAY,STAY,0.21680966,0.40445232,0.37873808,True
2024-11-05 18:30:00+00:00,TCS.NS,3855.368408203125,STAY,1,1,2,STAY,UP,0.12700523,0.13993916,0.7330556,False
2024-11-06 18:30:00+00:00,LT.NS,3577.90869140625,STAY,1,1,1,STAY,STAY,0.2856054,0.4327345,0.28166008,True
2024-11-06 18:30:00+00:00,BHARTIARTL.NS,1543.312744140625,STAY,1,1,2,STAY,UP,0.43316314,0.09854889,0.468288,False
2024-11-06 18:30:00+00:00,HDFCBANK.NS,847.609375,UP,1,2,0,UP,DOWN,0.45803598,0.24154256,0.30042145,False
2024-11-06 18:30:00+00:00,TMPV.NS,806.0753784179688,DOWN,1,0,2,DOWN,UP,0.0064225304,0.01984981,0.97372764,False
2024-11-06 18:30:00+00:00,INFY.NS,1714.1309814453125,UP,1,2,0,UP,DOWN,0.48141482,0.11130365,0.40728158,False
2024-11-06 18:30:00+00:00,TCS.NS,3865.845703125,STAY,1,1,2,STAY,UP,0.181098,0.17720158,0.6417004,False
2024-11-06 18:30:00+00:00,ITC.NS,424.1441040039063,STAY,1,1,2,STAY,UP,0.29832566,0.17608778,0.5255866,False
2024-11-06 18:30:00+00:00,ICICIBANK.NS,1258.3009033203125,STAY,1,1,1,STAY,STAY,0.21877295,0.40968558,0.37154144,True
2024-11-06 18:30:00+00:00,RELIANCE.NS,1294.4710693359375,DOWN,1,0,2,DOWN,UP,0.27340314,0.28548637,0.4411105,False
2024-11-06 18:30:00+00:00,SBIN.NS,827.7589111328125,DOWN,1,0,2,DOWN,UP,0.3841328,0.20646681,0.40940037,False
2024-11-07 18:30:00+00:00,SBIN.NS,811.9182739257812,DOWN,1,0,2,DOWN,UP,0.32932904,0.21293505,0.4577359,False
2024-11-07 18:30:00+00:00,LT.NS,3591.399658203125,STAY,1,1,1,STAY,STAY,0.23259658,0.5453101,0.22209336,True
2024-11-07 18:30:00+00:00,ITC.NS,424.2771911621094,STAY,1,1,2,STAY,UP,0.29268825,0.16657548,0.54073626,False
2024-11-07 18:30:00+00:00,BHARTIARTL.NS,1537.534423828125,STAY,1,1,2,STAY,UP,0.42041588,0.10696317,0.47262096,False
2024-11-07 18:30:00+00:00,ICICIBANK.NS,1238.7674560546875,UP,1,2,2,UP,UP,0.25160542,0.32867646,0.4197181,True
2024-11-07 18:30:00+00:00,TMPV.NS,792.013916015625,DOWN,1,0,2,DOWN,UP,0.0121988645,0.037854984,0.94994617,False
2024-11-07 18:30:00+00:00,TCS.NS,3862.21337890625,STAY,1,1,2,STAY,UP,0.17106533,0.16726226,0.6616725,False
2024-11-07 18:30:00+00:00,RELIANCE.NS,1272.7584228515625,DOWN,1,0,2,DOWN,UP,0.20299865,0.24666767,0.5503337,False
2024-11-07 18:30:00+00:00,INFY.NS,1739.704345703125,UP,1,2,0,UP,DOWN,0.53078514,0.116789944,0.3524249,False
2024-11-07 18:30:00+00:00,HDFCBANK.NS,851.4432983398438,UP,1,2,0,UP,DOWN,0.46633166,0.23856516,0.29510313,False
2024-11-10 18:30:00+00:00,BHARTIARTL.NS,1528.377197265625,UP,1,2,2,UP,UP,0.42157525,0.09765848,0.48076627,True
2024-11-10 18:30:00+00:00,SBIN.NS,816.2516479492188,DOWN,1,0,2,DOWN,UP,0.29976967,0.25592062,0.4443097,False
2024-11-10 18:30:00+00:00,TMPV.NS,791.2764282226562,DOWN,1,0,2,DOWN,UP,0.008499261,0.027144521,0.96435624,False
2024-11-10 18:30:00+00:00,ICICIBANK.NS,1249.0509033203125,UP,1,2,2,UP,UP,0.25827897,0.33756325,0.40415785,True
2024-11-10 18:30:00+00:00,HDFCBANK.NS,857.1942138671875,STAY,1,1,0,STAY,DOWN,0.46894708,0.23001096,0.30104196,False
2024-11-10 18:30:00+00:00,TCS.NS,3910.36328125,STAY,1,1,2,STAY,UP,0.14131443,0.12119401,0.73749155,False
2024-11-10 18:30:00+00:00,ITC.NS,423.3009948730469,STAY,1,1,2,STAY,UP,0.28375024,0.18930064,0.52694917,False
2024-11-10 18:30:00+00:00,RELIANCE.NS,1261.802978515625,DOWN,1,0,2,DOWN,UP,0.17475684,0.26610407,0.55913913,False
2024-11-10 18:30:00+00:00,INFY.NS,1768.367431640625,UP,1,2,0,UP,DOWN,0.5603492,0.11568996,0.32396084,False
2024-11-10 18:30:00+00:00,LT.NS,3560.5419921875,STAY,1,1,1,STAY,STAY,0.20569496,0.54005677,0.2542483,True
2024-11-11 18:30:00+00:00,BHARTIARTL.NS,1523.5782470703125,UP,1,2,2,UP,UP,0.44824407,0.1027212,0.44903472,True
2024-11-11 18:30:00+00:00,ICICIBANK.NS,1250.3302001953125,UP,1,2,2,UP,UP,0.23155743,0.34702438,0.42141822,True
2024-11-11 18:30:00+00:00,RELIANCE.NS,1263.33984375,DOWN,1,0,2,DOWN,UP,0.18704751,0.18040524,0.63254726,False
2024-11-11 18:30:00+00:00,ITC.NS,419.66217041015625,STAY,1,1,2,STAY,UP,0.28517392,0.18139367,0.5334324,False
2024-11-11 18:30:00+00:00,SBIN.NS,796.0775756835938,DOWN,1,0,2,DOWN,UP,0.31371704,0.26218086,0.42410207,False
2024-11-11 18:30:00+00:00,TMPV.NS,771.757568359375,DOWN,1,0,2,DOWN,UP,0.012280758,0.043128565,0.94459075,False
2024-11-11 18:30:00+00:00,TCS.NS,3909.15234375,STAY,1,1,2,STAY,UP,0.13034841,0.12453084,0.74512076,False
2024-11-11 18:30:00+00:00,HDFCBANK.NS,833.8509521484375,UP,1,2,0,UP,DOWN,0.37518877,0.3058078,0.31900337,False
2024-11-11 18:30:00+00:00,INFY.NS,1776.6383056640625,UP,1,2,0,UP,DOWN,0.6516016,0.10006291,0.24833544,False
2024-11-11 18:30:00+00:00,LT.NS,3523.747802734375,STAY,1,1,1,STAY,STAY,0.19222212,0.55416775,0.25361016,True
2024-11-12 18:30:00+00:00,LT.NS,3481.16455078125,STAY,1,1,1,STAY,STAY,0.22655101,0.5296603,0.24378869,True
2024-11-12 18:30:00+00:00,SBIN.NS,778.6962890625,DOWN,1,0,2,DOWN,UP,0.26376027,0.21921073,0.517029,False
2024-11-12 18:30:00+00:00,TMPV.NS,773.1342163085938,DOWN,1,0,2,DOWN,UP,0.013699265,0.044280335,0.9420204,False
2024-11-12 18:30:00+00:00,ITC.NS,419.0852661132813,STAY,1,1,2,STAY,UP,0.2721085,0.19992231,0.5279692,False
2024-11-12 18:30:00+00:00,INFY.NS,1776.2581787109375,UP,1,2,0,UP,DOWN,0.6455142,0.09808683,0.256399,False
2024-11-12 18:30:00+00:00,ICICIBANK.NS,1233.69970703125,UP,1,2,2,UP,UP,0.2453088,0.31461343,0.44007775,True
2024-11-12 18:30:00+00:00,TCS.NS,3865.33349609375,STAY,1,1,2,STAY,UP,0.11566462,0.19808249,0.6862529,False
2024-11-12 18:30:00+00:00,RELIANCE.NS,1241.3299560546875,DOWN,1,0,2,DOWN,UP,0.18774705,0.19392537,0.6183276,False
2024-11-12 18:30:00+00:00,HDFCBANK.NS,815.967529296875,UP,1,2,2,UP,UP,0.27770096,0.25486413,0.46743482,True
2024-11-12 18:30:00+00:00,BHARTIARTL.NS,1518.4853515625,UP,1,2,0,UP,DOWN,0.47934794,0.12669852,0.39395353,False
2024-11-13 18:30:00+00:00,BHARTIARTL.NS,1518.5343017578125,UP,1,2,0,UP,DOWN,0.5243698,0.1048867,0.3707435,False
2024-11-13 18:30:00+00:00,TMPV.NS,761.383544921875,DOWN,1,0,2,DOWN,UP,0.007956322,0.027481321,0.96456236,False
2024-11-13 18:30:00+00:00,HDFCBANK.NS,821.5,UP,1,2,2,UP,UP,0.29982856,0.26329157,0.4368799,True
2024-11-13 18:30:00+00:00,SBIN.NS,774.459228515625,STAY,1,1,2,STAY,UP,0.28331402,0.18402405,0.5326619,False
2024-11-13 18:30:00+00:00,LT.NS,3459.873291015625,UP,1,2,1,UP,STAY,0.28237665,0.39969233,0.317931,False
2024-11-13 18:30:00+00:00,RELIANCE.NS,1256.746826171875,DOWN,1,0,2,DOWN,UP,0.17992501,0.14685518,0.6732198,False
2024-11-13 18:30:00+00:00,ICICIBANK.NS,1236.8978271484375,STAY,1,1,2,STAY,UP,0.27894408,0.31378585,0.40727004,False
2024-11-13 18:30:00+00:00,INFY.NS,1772.5980224609375,STAY,1,1,0,STAY,DOWN,0.63746,0.11915001,0.24338993,False
2024-11-13 18:30:00+00:00,ITC.NS,413.5382690429688,UP,1,2,2,UP,UP,0.25723734,0.19436091,0.5484017,True
2024-11-13 18:30:00+00:00,TCS.NS,3861.189208984375,STAY,1,1,2,STAY,UP,0.10864458,0.19127618,0.70007926,False
2024-11-17 18:30:00+00:00,BHARTIARTL.NS,1505.3126220703125,UP,1,2,0,UP,DOWN,0.53432333,0.12073313,0.3449435,False
2024-11-17 18:30:00+00:00,TMPV.NS,759.0236206054688,DOWN,1,0,2,DOWN,UP,0.016448872,0.03613908,0.9474121,False
2024-11-17 18:30:00+00:00,ICICIBANK.NS,1233.45361328125,UP,1,2,2,UP,UP,0.26002744,0.30071306,0.43925953,True
2024-11-17 18:30:00+00:00,SBIN.NS,784.136962890625,DOWN,1,0,2,DOWN,UP,0.2638945,0.22753179,0.5085737,False
2024-11-17 18:30:00+00:00,RELIANCE.NS,1249.9554443359375,DOWN,1,0,2,DOWN,UP,0.16047822,0.16021802,0.67930377,False
2024-11-17 18:30:00+00:00,TCS.NS,3743.469482421875,UP,1,2,2,UP,UP,0.19200501,0.23128726,0.5767077,True
2024-11-17 18:30:00+00:00,HDFCBANK.NS,827.4934692382812,UP,1,2,2,UP,UP,0.2966894,0.25870577,0.4446048,True
2024-11-17 18:30:00+00:00,INFY.NS,1722.11669921875,UP,1,2,0,UP,DOWN,0.6102201,0.1320187,0.25776124,False
2024-11-17 18:30:00+00:00,ITC.NS,414.07080078125,UP,1,2,2,UP,UP,0.25731352,0.1800011,0.5626854,True
2024-11-17 18:30:00+00:00,LT.NS,3475.473876953125,UP,1,2,1,UP,STAY,0.18677343,0.50698084,0.30624568,False
2024-11-18 18:30:00+00:00,ICICIBANK.NS,1229.173095703125,UP,1,2,2,UP,UP,0.27456948,0.33090454,0.39452595,True
2024-11-18 18:30:00+00:00,INFY.NS,1734.7607421875,UP,1,2,0,UP,DOWN,0.6080275,0.13134144,0.26063105,False
2024-11-18 18:30:00+00:00,HDFCBANK.NS,845.5225219726562,UP,1,2,0,UP,DOWN,0.40694836,0.19925366,0.393798,False
2024-11-18 18:30:00+00:00,RELIANCE.NS,1231.0189208984375,STAY,1,1,2,STAY,UP,0.124902725,0.12774317,0.7473541,False
2024-11-18 18:30:00+00:00,SBIN.NS,773.2555541992188,STAY,1,1,2,STAY,UP,0.24310772,0.20533496,0.55155736,False
2024-11-18 18:30:00+00:00,TCS.NS,3762.142822265625,UP,1,2,2,UP,UP,0.18269795,0.20540942,0.6118926,True
2024-11-18 18:30:00+00:00,LT.NS,3439.906005859375,UP,1,2,1,UP,STAY,0.2507488,0.411745,0.33750618,False
2024-11-18 18:30:00+00:00,ITC.NS,414.7807922363281,UP,1,2,2,UP,UP,0.2539605,0.19109663,0.55494285,True
2024-11-18 18:30:00+00:00,TMPV.NS,770.1351318359375,DOWN,1,0,2,DOWN,UP,0.0069843144,0.03811126,0.95490444,False
2024-11-18 18:30:00+00:00,BHARTIARTL.NS,1494.0496826171875,UP,1,2,0,UP,DOWN,0.4969833,0.11372573,0.38929093,False
2024-11-20 18:30:00+00:00,INFY.NS,1743.6021728515625,UP,1,2,0,UP,DOWN,0.5598212,0.14896318,0.2912156,False
2024-11-20 18:30:00+00:00,LT.NS,3417.927734375,UP,1,2,2,UP,UP,0.31816322,0.2502642,0.43157256,True
2024-11-20 18:30:00+00:00,ICICIBANK.NS,1230.60009765625,STAY,1,1,2,STAY,UP,0.28588957,0.27193138,0.4421791,False
2024-11-20 18:30:00+00:00,ITC.NS,405.7281494140625,UP,1,2,2,UP,UP,0.21922012,0.123051815,0.6577281,True
2024-11-20 18:30:00+00:00,RELIANCE.NS,1212.5286865234375,UP,1,2,2,UP,UP,0.16570953,0.09979938,0.7344911,True
2024-11-20 18:30:00+00:00,SBIN.NS,751.8296508789062,STAY,1,1,2,STAY,UP,0.16683939,0.12658642,0.70657414,False
2024-11-20 18:30:00+00:00,TCS.NS,3793.15576171875,STAY,1,1,2,STAY,UP,0.17516632,0.21373603,0.6110977,False
2024-11-20 18:30:00+00:00,HDFCBANK.NS,845.0130004882812,STAY,1,1,0,STAY,DOWN,0.38924313,0.24045832,0.37029862,False
2024-11-20 18:30:00+00:00,TMPV.NS,760.9410400390625,UP,1,2,2,UP,UP,0.0072677312,0.030999022,0.9617333,True
2024-11-20 18:30:00+00:00,BHARTIARTL.NS,1493.7069091796875,UP,1,2,0,UP,DOWN,0.52299494,0.11408587,0.36291918,False
2024-11-21 18:30:00+00:00,SBIN.NS,785.8220825195312,DOWN,1,0,2,DOWN,UP,0.35281458,0.15589489,0.49129048,False
2024-11-21 18:30:00+00:00,ITC.NS,421.2596740722656,DOWN,1,0,2,DOWN,UP,0.32689115,0.12543786,0.547671,False
2024-11-21 18:30:00+00:00,TMPV.NS,777.8049926757812,STAY,1,1,2,STAY,UP,0.008256081,0.035929296,0.95581466,False
2024-11-21 18:30:00+00:00,RELIANCE.NS,1254.5655517578125,DOWN,1,0,2,DOWN,UP,0.12858672,0.1372068,0.7342065,False
2024-11-21 18:30:00+00:00,HDFCBANK.NS,847.1483764648438,DOWN,1,0,0,DOWN,DOWN,0.36916795,0.29058552,0.34024647,True
2024-11-21 18:30:00+00:00,INFY.NS,1808.438720703125,STAY,1,1,0,STAY,DOWN,0.7128391,0.07677105,0.21038982,False
2024-11-21 18:30:00+00:00,ICICIBANK.NS,1257.6612548828125,STAY,1,1,2,STAY,UP,0.27566725,0.28199574,0.442337,False
2024-11-21 18:30:00+00:00,TCS.NS,3953.11083984375,DOWN,1,0,2,DOWN,UP,0.15300561,0.09402759,0.75296676,False
2024-11-21 18:30:00+00:00,BHARTIARTL.NS,1536.94677734375,STAY,1,1,2,STAY,UP,0.43300322,0.111699276,0.45529756,False
2024-11-21 18:30:00+00:00,LT.NS,3535.6689453125,STAY,1,1,1,STAY,STAY,0.25182876,0.40270996,0.34546134,True
2024-11-24 18:30:00+00:00,BHARTIARTL.NS,1546.201904296875,STAY,1,1,2,STAY,UP,0.35113686,0.16061713,0.48824605,False
2024-11-24 18:30:00+00:00,TCS.NS,4018.76904296875,DOWN,1,0,2,DOWN,UP,0.15641202,0.0971727,0.7464153,False
2024-11-24 18:30:00+00:00,ITC.NS,423.1678466796875,DOWN,1,0,2,DOWN,UP,0.39589867,0.10242882,0.5016725,False
2024-11-24 18:30:00+00:00,INFY.NS,1796.5076904296875,UP,1,2,0,UP,DOWN,0.66743416,0.10425324,0.22831261,False
2024-11-24 18:30:00+00:00,TMPV.NS,783.3115234375,STAY,1,1,2,STAY,UP,0.01184085,0.049675275,0.9384839,False
2024-11-24 18:30:00+00:00,LT.NS,3682.35498046875,DOWN,1,0,0,DOWN,DOWN,0.49159348,0.24083531,0.26757118,True
2024-11-24 18:30:00+00:00,HDFCBANK.NS,866.5604858398438,DOWN,1,0,1,DOWN,STAY,0.4021367,0.49218193,0.10568142,False
2024-11-24 18:30:00+00:00,ICICIBANK.NS,1280.1959228515625,STAY,1,1,2,STAY,UP,0.26205367,0.31350654,0.42443982,False
2024-11-24 18:30:00+00:00,RELIANCE.NS,1275.9805908203125,DOWN,1,0,2,DOWN,UP,0.15349631,0.16306469,0.68343896,False
2024-11-24 18:30:00+00:00,SBIN.NS,813.1701049804688,DOWN,1,0,2,DOWN,UP,0.41259262,0.14066756,0.44673988,False
2024-11-25 18:30:00+00:00,ITC.NS,423.3453674316406,DOWN,1,0,2,DOWN,UP,0.37389103,0.14761099,0.47849795,False
2024-11-25 18:30:00+00:00,TCS.NS,4053.787841796875,DOWN,1,0,2,DOWN,UP,0.14224511,0.16826512,0.6894897,False
2024-11-25 18:30:00+00:00,SBIN.NS,808.3071899414062,DOWN,1,0,2,DOWN,UP,0.3660597,0.18469116,0.44924912,False
2024-11-25 18:30:00+00:00,BHARTIARTL.NS,1544.73291015625,STAY,1,1,2,STAY,UP,0.34422892,0.17726083,0.4785103,False
2024-11-25 18:30:00+00:00,ICICIBANK.NS,1284.132080078125,DOWN,1,0,2,DOWN,UP,0.26100037,0.33179298,0.40720662,False
2024-11-25 18:30:00+00:00,RELIANCE.NS,1284.606201171875,DOWN,1,0,2,DOWN,UP,0.17423666,0.25861368,0.56714964,False
2024-11-25 18:30:00+00:00,INFY.NS,1829.2586669921875,STAY,1,1,0,STAY,DOWN,0.7420013,0.09126291,0.16673577,False
2024-11-25 18:30:00+00:00,TMPV.NS,769.9384155273438,STAY,1,1,2,STAY,UP,0.009739266,0.040005792,0.9502549,False
2024-11-25 18:30:00+00:00,HDFCBANK.NS,866.5362548828125,DOWN,1,0,0,DOWN,DOWN,0.46555534,0.45778096,0.07666373,True
2024-11-25 18:30:00+00:00,LT.NS,3632.90380859375,DOWN,1,0,0,DOWN,DOWN,0.46847823,0.27491665,0.2566051,True
2024-11-26 18:30:00+00:00,INFY.NS,1829.591552734375,STAY,1,1,0,STAY,DOWN,0.7752915,0.069684796,0.15502372,False
2024-11-26 18:30:00+00:00,HDFCBANK.NS,879.5182495117188,DOWN,1,0,1,DOWN,STAY,0.39277932,0.5166125,0.09060816,False
2024-11-26 18:30:00+00:00,TCS.NS,4035.021240234375,DOWN,1,0,2,DOWN,UP,0.16738619,0.113038,0.7195758,False
2024-11-26 18:30:00+00:00,BHARTIARTL.NS,1545.1246337890625,STAY,1,1,0,STAY,DOWN,0.4454726,0.1551007,0.39942667,False
2024-11-26 18:30:00+00:00,SBIN.NS,803.2034912109375,DOWN,1,0,2,DOWN,UP,0.38527772,0.19558991,0.4191324,False
2024-11-26 18:30:00+00:00,RELIANCE.NS,1282.1275634765625,DOWN,1,0,2,DOWN,UP,0.19761194,0.3168193,0.48556876,False
2024-11-26 18:30:00+00:00,ITC.NS,423.3009948730469,STAY,1,1,2,STAY,UP,0.37437397,0.14972098,0.47590506,False
2024-11-26 18:30:00+00:00,ICICIBANK.NS,1279.9498291015625,DOWN,1,0,1,DOWN,STAY,0.28870898,0.36922628,0.34206477,False
2024-11-26 18:30:00+00:00,LT.NS,3629.076904296875,DOWN,1,0,0,DOWN,DOWN,0.50615543,0.30463013,0.18921441,True
2024-11-26 18:30:00+00:00,TMPV.NS,770.8726196289062,STAY,1,1,2,STAY,UP,0.012499933,0.047959443,0.9395407,False
2024-11-27 18:30:00+00:00,ICICIBANK.NS,1265.828857421875,DOWN,1,0,2,DOWN,UP,0.33309716,0.31514034,0.35176247,False
2024-11-27 18:30:00+00:00,BHARTIARTL.NS,1528.230224609375,UP,1,2,0,UP,DOWN,0.43236575,0.1743569,0.39327738,False
2024-11-27 18:30:00+00:00,LT.NS,3597.041748046875,DOWN,1,0,0,DOWN,DOWN,0.40887266,0.39995477,0.19117258,True
2024-11-27 18:30:00+00:00,RELIANCE.NS,1259.91943359375,DOWN,1,0,2,DOWN,UP,0.11457448,0.19818497,0.68724054,False
2024-11-27 18:30:00+00:00,HDFCBANK.NS,870.224609375,DOWN,1,0,1,DOWN,STAY,0.29956627,0.6209409,0.07949277,False
2024-11-27 18:30:00+00:00,INFY.NS,1765.0875244140625,UP,1,2,0,UP,DOWN,0.6315347,0.15572268,0.21274263,False
2024-11-27 18:30:00+00:00,TCS.NS,3953.390380859375,STAY,1,1,2,STAY,UP,0.15866797,0.15711717,0.68421483,False
2024-11-27 18:30:00+00:00,SBIN.NS,807.7775268554688,DOWN,1,0,2,DOWN,UP,0.31841147,0.2559966,0.42559195,False
2024-11-27 18:30:00+00:00,TMPV.NS,766.4476318359375,STAY,1,1,2,STAY,UP,0.014619764,0.049772397,0.9356078,False
2024-11-27 18:30:00+00:00,ITC.NS,421.4815368652344,DOWN,1,0,2,DOWN,UP,0.3718009,0.15870848,0.46949068,False
2024-11-28 18:30:00+00:00,ICICIBANK.NS,1279.3594970703125,DOWN,1,0,2,DOWN,UP,0.3038541,0.34273973,0.3534062,False
2024-11-28 18:30:00+00:00,ITC.NS,423.12347412109375,DOWN,1,0,2,DOWN,UP,0.3732869,0.14481929,0.4818938,False
2024-11-28 18:30:00+00:00,TMPV.NS,773.3308715820312,DOWN,1,0,2,DOWN,UP,0.010392592,0.04238507,0.94722235,False
2024-11-28 18:30:00+00:00,INFY.NS,1766.2283935546875,UP,1,2,0,UP,DOWN,0.6620264,0.12484176,0.21313187,False
2024-11-28 18:30:00+00:00,SBIN.NS,807.8739013671875,DOWN,1,0,2,DOWN,UP,0.3632287,0.2139447,0.42282662,False
2024-11-28 18:30:00+00:00,TCS.NS,3977.55810546875,STAY,1,1,2,STAY,UP,0.15067092,0.17256574,0.67676336,False
2024-11-28 18:30:00+00:00,LT.NS,3654.685791015625,DOWN,1,0,0,DOWN,DOWN,0.5595393,0.2891527,0.151308,True
2024-11-28 18:30:00+00:00,BHARTIARTL.NS,1593.6041259765625,STAY,1,1,0,STAY,DOWN,0.51055664,0.14344473,0.34599862,False
2024-11-28 18:30:00+00:00,HDFCBANK.NS,871.632080078125,DOWN,1,0,1,DOWN,STAY,0.31766045,0.60031366,0.0820259,False
2024-11-28 18:30:00+00:00,RELIANCE.NS,1281.1361083984375,DOWN,1,0,2,DOWN,UP,0.21606527,0.26584738,0.5180874,False
2024-12-01 18:30:00+00:00,TCS.NS,3982.9599609375,STAY,1,1,2,STAY,UP,0.15686302,0.18221548,0.6609215,False
2024-12-01 18:30:00+00:00,SBIN.NS,805.4183959960938,DOWN,1,0,2,DOWN,UP,0.33640364,0.2236378,0.43995857,False
2024-12-01 18:30:00+00:00,LT.NS,3634.326171875,DOWN,1,0,0,DOWN,DOWN,0.47920248,0.35137743,0.16942012,True
2024-12-01 18:30:00+00:00,RELIANCE.NS,1297.941162109375,DOWN,1,0,2,DOWN,UP,0.28780714,0.33821204,0.3739808,False
2024-12-01 18:30:00+00:00,BHARTIARTL.NS,1609.71484375,DOWN,1,0,0,DOWN,DOWN,0.54846436,0.13891254,0.31262305,True
2024-12-01 18:30:00+00:00,HDFCBANK.NS,875.8298950195312,DOWN,1,0,1,DOWN,STAY,0.3619459,0.54874516,0.0893089,False
2024-12-01 18:30:00+00:00,INFY.NS,1787.0960693359375,UP,1,2,0,UP,DOWN,0.62433666,0.107133396,0.26852992,False
2024-12-01 18:30:00+00:00,ICICIBANK.NS,1283.8370361328125,DOWN,1,0,2,DOWN,UP,0.2900502,0.31037992,0.39956993,False
2024-12-01 18:30:00+00:00,TMPV.NS,776.870849609375,DOWN,1,0,2,DOWN,UP,0.008517009,0.03638926,0.9550937,False
2024-12-01 18:30:00+00:00,ITC.NS,423.5228271484375,DOWN,1,0,2,DOWN,UP,0.36356887,0.15166125,0.4847699,False
2024-12-02 18:30:00+00:00,ITC.NS,419.3958740234375,DOWN,1,0,2,DOWN,UP,0.34505808,0.15061823,0.5043237,False
2024-12-02 18:30:00+00:00,RELIANCE.NS,1311.9698486328125,DOWN,1,0,0,DOWN,DOWN,0.45970392,0.23717007,0.303126,True
2024-12-02 18:30:00+00:00,BHARTIARTL.NS,1587.1402587890625,STAY,1,1,0,STAY,DOWN,0.5008391,0.15448536,0.34467554,False
2024-12-02 18:30:00+00:00,HDFCBANK.NS,886.3125,DOWN,1,0,1,DOWN,STAY,0.35840267,0.55821514,0.08338223,False
2024-12-02 18:30:00+00:00,INFY.NS,1798.789306640625,UP,1,2,0,UP,DOWN,0.6303358,0.11946866,0.2501955,False
2024-12-02 18:30:00+00:00,LT.NS,3715.763916015625,DOWN,1,0,0,DOWN,DOWN,0.7253845,0.12896168,0.14565384,True
2024-12-02 18:30:00+00:00,TCS.NS,4007.268310546875,STAY,1,1,2,STAY,UP,0.16636094,0.16548096,0.6681581,False
2024-12-02 18:30:00+00:00,TMPV.NS,787.8839721679688,DOWN,1,0,2,DOWN,UP,0.009946045,0.038458016,0.9515959,False
2024-12-02 18:30:00+00:00,SBIN.NS,822.3182373046875,DOWN,1,0,2,DOWN,UP,0.34214994,0.20847015,0.44937992,False
2024-12-02 18:30:00+00:00,ICICIBANK.NS,1287.527099609375,DOWN,1,0,2,DOWN,UP,0.29397252,0.3398819,0.3661456,False
2024-12-03 18:30:00+00:00,LT.NS,3718.560302734375,DOWN,1,0,0,DOWN,DOWN,0.7396641,0.1261004,0.1342355,True
2024-12-03 18:30:00+00:00,SBIN.NS,827.855224609375,DOWN,1,0,2,DOWN,UP,0.34346202,0.2026771,0.45386082,False
2024-12-03 18:30:00+00:00,INFY.NS,1796.079833984375,UP,1,2,0,UP,DOWN,0.6294662,0.119044386,0.25148943,False
2024-12-03 18:30:00+00:00,BHARTIARTL.NS,1551.4415283203125,UP,1,2,0,UP,DOWN,0.5114124,0.14398862,0.344599,False
2024-12-03 18:30:00+00:00,ICICIBANK.NS,1295.0550537109375,DOWN,1,0,2,DOWN,UP,0.28441077,0.3371761,0.3784131,False
2024-12-03 18:30:00+00:00,RELIANCE.NS,1297.74267578125,DOWN,1,0,2,DOWN,UP,0.3707444,0.24690323,0.38235235,False
2024-12-03 18:30:00+00:00,ITC.NS,414.5589294433594,DOWN,1,0,2,DOWN,UP,0.2954674,0.14064206,0.5638905,False
2024-12-03 18:30:00+00:00,TMPV.NS,774.9533081054688,STAY,1,1,2,STAY,UP,0.009826447,0.03882561,0.951348,False
2024-12-03 18:30:00+00:00,TCS.NS,4055.370361328125,DOWN,1,0,2,DOWN,UP,0.19761938,0.14351621,0.6588644,False
2024-12-03 18:30:00+00:00,HDFCBANK.NS,902.7157592773438,DOWN,1,0,1,DOWN,STAY,0.3840377,0.5488506,0.06711173,False
2024-12-04 18:30:00+00:00,INFY.NS,1839.4310302734373,DOWN,1,0,0,DOWN,DOWN,0.7758053,0.09585249,0.12834224,True
2024-12-04 18:30:00+00:00,TMPV.NS,779.3291015625,STAY,1,1,2,STAY,UP,0.009183556,0.03981467,0.95100176,False
2024-12-04 18:30:00+00:00,SBIN.NS,833.3922729492188,DOWN,1,0,2,DOWN,UP,0.3131344,0.26826653,0.41859907,False
2024-12-04 18:30:00+00:00,RELIANCE.NS,1310.7305908203125,STAY,1,1,0,STAY,DOWN,0.47175395,0.24034923,0.28789675,False
2024-12-04 18:30:00+00:00,HDFCBANK.NS,905.457763671875,DOWN,1,0,1,DOWN,STAY,0.46153343,0.4935323,0.044934332,False
2024-12-04 18:30:00+00:00,TCS.NS,4157.49072265625,DOWN,1,0,2,DOWN,UP,0.21807319,0.11555173,0.6663751,False
2024-12-04 18:30:00+00:00,ITC.NS,414.9139099121094,DOWN,1,0,2,DOWN,UP,0.31967485,0.12797974,0.5523454,False
2024-12-04 18:30:00+00:00,BHARTIARTL.NS,1582.04736328125,STAY,1,1,0,STAY,DOWN,0.51271486,0.14793678,0.33934838,False
2024-12-04 18:30:00+00:00,ICICIBANK.NS,1315.1787109375,DOWN,1,0,2,DOWN,UP,0.34544966,0.30627027,0.34828007,False
2024-12-04 18:30:00+00:00,LT.NS,3759.426513671875,DOWN,1,0,0,DOWN,DOWN,0.7320098,0.13059157,0.13739856,True
2024-12-05 18:30:00+00:00,BHARTIARTL.NS,1564.908203125,UP,1,2,0,UP,DOWN,0.48763922,0.14022107,0.3721397,False
2024-12-05 18:30:00+00:00,ITC.NS,418.15338134765625,DOWN,1,0,2,DOWN,UP,0.3359028,0.14554334,0.51855385,False
2024-12-05 18:30:00+00:00,TCS.NS,4140.2138671875,DOWN,1,0,2,DOWN,UP,0.20970488,0.11984994,0.6704452,False
2024-12-05 18:30:00+00:00,ICICIBANK.NS,1307.552490234375,DOWN,1,0,2,DOWN,UP,0.29442582,0.33992657,0.36564764,False
2024-12-05 18:30:00+00:00,LT.NS,3793.91455078125,DOWN,1,0,0,DOWN,DOWN,0.7582579,0.11179764,0.12994441,True
2024-12-05 18:30:00+00:00,SBIN.NS,831.6589965820312,DOWN,1,0,2,DOWN,UP,0.3062283,0.26015288,0.43361878,False
2024-12-05 18:30:00+00:00,HDFCBANK.NS,900.6531982421875,DOWN,1,0,1,DOWN,STAY,0.39221752,0.5568597,0.050922796,False
2024-12-05 18:30:00+00:00,RELIANCE.NS,1300.3204345703125,STAY,1,1,2,STAY,UP,0.34124047,0.31282833,0.3459312,False
2024-12-05 18:30:00+00:00,TMPV.NS,803.174560546875,DOWN,1,0,2,DOWN,UP,0.01290339,0.040349595,0.94674695,False
2024-12-05 18:30:00+00:00,INFY.NS,1827.5950927734373,DOWN,1,0,0,DOWN,DOWN,0.7690609,0.076254584,0.15468448,True
2024-12-08 18:30:00+00:00,RELIANCE.NS,1284.0609130859375,STAY,1,1,1,STAY,STAY,0.22154999,0.4297931,0.3486569,True
2024-12-08 18:30:00+00:00,TCS.NS,4146.408203125,DOWN,1,0,2,DOWN,UP,0.20711307,0.11682654,0.6760604,False
2024-12-08 18:30:00+00:00,HDFCBANK.NS,907.520263671875,DOWN,1,0,1,DOWN,STAY,0.42257074,0.5237742,0.0536551,False
2024-12-08 18:30:00+00:00,SBIN.NS,826.266357421875,DOWN,1,0,2,DOWN,UP,0.30204615,0.24267147,0.4552824,False
2024-12-08 18:30:00+00:00,INFY.NS,1828.783447265625,DOWN,1,0,0,DOWN,DOWN,0.7628759,0.08174842,0.15537569,True
2024-12-08 18:30:00+00:00,LT.NS,3872.99755859375,DOWN,1,0,0,DOWN,DOWN,0.730986,0.10184327,0.16717072,True
2024-12-08 18:30:00+00:00,TMPV.NS,785.4257202148438,DOWN,1,0,2,DOWN,UP,0.010832566,0.04700827,0.9421591,False
2024-12-08 18:30:00+00:00,BHARTIARTL.NS,1569.51123046875,STAY,1,1,0,STAY,DOWN,0.4737811,0.15538338,0.37083554,False
2024-12-08 18:30:00+00:00,ITC.NS,412.6507568359375,DOWN,1,0,2,DOWN,UP,0.25815335,0.14389203,0.59795463,False
2024-12-08 18:30:00+00:00,ICICIBANK.NS,1301.2054443359375,DOWN,1,0,2,DOWN,UP,0.26768285,0.32165596,0.41066122,False
2024-12-09 18:30:00+00:00,ICICIBANK.NS,1309.225341796875,DOWN,1,0,2,DOWN,UP,0.27927923,0.30021608,0.42050472,False
2024-12-09 18:30:00+00:00,SBIN.NS,835.3663330078125,DOWN,1,0,2,DOWN,UP,0.3146872,0.22595814,0.4593547,False
2024-12-09 18:30:00+00:00,ITC.NS,413.0945129394531,DOWN,1,0,2,DOWN,UP,0.26322633,0.15748565,0.579288,False
2024-12-09 18:30:00+00:00,TCS.NS,4128.154296875,DOWN,1,0,2,DOWN,UP,0.20844325,0.11930842,0.67224836,False
2024-12-09 18:30:00+00:00,RELIANCE.NS,1273.8489990234375,STAY,1,1,2,STAY,UP,0.17716654,0.3413493,0.48148412,False
2024-12-09 18:30:00+00:00,BHARTIARTL.NS,1546.10400390625,UP,1,2,2,UP,UP,0.39910704,0.17046992,0.43042302,True
2024-12-09 18:30:00+00:00,TMPV.NS,786.5565185546875,DOWN,1,0,2,DOWN,UP,0.010132826,0.044804033,0.9450631,False
2024-12-09 18:30:00+00:00,HDFCBANK.NS,906.5982055664062,DOWN,1,0,1,DOWN,STAY,0.3575581,0.5988973,0.043544658,False
2024-12-09 18:30:00+00:00,LT.NS,3849.3017578125,DOWN,1,0,0,DOWN,DOWN,0.7122374,0.12137688,0.16638567,True
2024-12-09 18:30:00+00:00,INFY.NS,1852.4554443359373,DOWN,1,0,0,DOWN,DOWN,0.7824637,0.08267154,0.13486476,True
2024-12-10 18:30:00+00:00,HDFCBANK.NS,904.1716918945312,DOWN,1,0,1,DOWN,STAY,0.3313709,0.6248599,0.043769184,False
2024-12-10 18:30:00+00:00,BHARTIARTL.NS,1553.3023681640625,UP,1,2,2,UP,UP,0.4105129,0.15605445,0.4334326,True
2024-12-10 18:30:00+00:00,LT.NS,3843.0224609375,DOWN,1,0,0,DOWN,DOWN,0.6856175,0.14081669,0.1735658,True
2024-12-10 18:30:00+00:00,SBIN.NS,829.684814453125,DOWN,1,0,2,DOWN,UP,0.30515125,0.22842777,0.466421,False
2024-12-10 18:30:00+00:00,TCS.NS,4123.40478515625,DOWN,1,0,2,DOWN,UP,0.18343344,0.12761311,0.6889534,False
2024-12-10 18:30:00+00:00,ICICIBANK.NS,1306.3223876953125,DOWN,1,0,2,DOWN,UP,0.26090136,0.33294123,0.40615737,False
2024-12-10 18:30:00+00:00,INFY.NS,1876.79296875,DOWN,1,0,0,DOWN,DOWN,0.78885317,0.074315734,0.13683106,True
2024-12-10 18:30:00+00:00,ITC.NS,412.9170227050781,STAY,1,1,2,STAY,UP,0.2332816,0.16242468,0.6042937,False
2024-12-10 18:30:00+00:00,TMPV.NS,785.7698364257812,DOWN,1,0,2,DOWN,UP,0.00801079,0.05434539,0.9376438,False
2024-12-10 18:30:00+00:00,RELIANCE.NS,1267.2559814453125,STAY,1,1,2,STAY,UP,0.13245738,0.26198456,0.60555804,False
2024-12-11 18:30:00+00:00,TCS.NS,4149.015625,DOWN,1,0,2,DOWN,UP,0.16359699,0.11481126,0.7215918,False
2024-12-11 18:30:00+00:00,SBIN.NS,822.0775146484375,DOWN,1,0,2,DOWN,UP,0.29076716,0.25755793,0.45167494,False
2024-12-11 18:30:00+00:00,INFY.NS,1889.00927734375,DOWN,1,0,0,DOWN,DOWN,0.784243,0.086761065,0.12899597,True
2024-12-11 18:30:00+00:00,TMPV.NS,773.2324829101562,DOWN,1,0,2,DOWN,UP,0.008037943,0.039650265,0.9523118,False
2024-12-11 18:30:00+00:00,HDFCBANK.NS,902.3032836914062,DOWN,1,0,1,DOWN,STAY,0.31333417,0.6347328,0.051933024,False
2024-12-11 18:30:00+00:00,BHARTIARTL.NS,1577.3463134765625,UP,1,2,0,UP,DOWN,0.42903522,0.17053282,0.40043196,False
2024-12-11 18:30:00+00:00,RELIANCE.NS,1252.0870361328125,STAY,1,1,2,STAY,UP,0.101904586,0.14349933,0.7545961,False
2024-12-11 18:30:00+00:00,ICICIBANK.NS,1308.04443359375,DOWN,1,0,2,DOWN,UP,0.24562837,0.37093693,0.38343474,False
2024-12-11 18:30:00+00:00,LT.NS,3787.242431640625,DOWN,1,0,0,DOWN,DOWN,0.5936899,0.20424128,0.20206882,True
2024-12-11 18:30:00+00:00,ITC.NS,408.7900695800781,STAY,1,1,2,STAY,UP,0.22918293,0.13293262,0.63788444,False
2024-12-12 18:30:00+00:00,ITC.NS,417.1327209472656,DOWN,1,0,2,DOWN,UP,0.32855365,0.1733849,0.49806145,False
2024-12-12 18:30:00+00:00,TCS.NS,4166.6650390625,DOWN,1,0,2,DOWN,UP,0.17801736,0.12519357,0.6967891,False
2024-12-12 18:30:00+00:00,HDFCBANK.NS,908.36962890625,DOWN,1,0,1,DOWN,STAY,0.36051807,0.58956903,0.04991291,False
2024-12-12 18:30:00+00:00,SBIN.NS,829.63671875,DOWN,1,0,2,DOWN,UP,0.29978016,0.25034016,0.4498797,False
2024-12-12 18:30:00+00:00,INFY.NS,1901.0828857421875,DOWN,1,0,0,DOWN,DOWN,0.79227525,0.06989188,0.13783285,True
2024-12-12 18:30:00+00:00,LT.NS,3813.83251953125,DOWN,1,0,0,DOWN,DOWN,0.6659317,0.15916722,0.17490104,True
2024-12-12 18:30:00+00:00,ICICIBANK.NS,1323.44482421875,DOWN,1,0,2,DOWN,UP,0.2767004,0.31933635,0.4039633,False
2024-12-12 18:30:00+00:00,BHARTIARTL.NS,1647.078369140625,DOWN,1,0,0,DOWN,DOWN,0.6160775,0.10625132,0.27767122,True
2024-12-12 18:30:00+00:00,TMPV.NS,777.1166381835938,DOWN,1,0,2,DOWN,UP,0.0065814643,0.03782538,0.95559317,False
2024-12-12 18:30:00+00:00,RELIANCE.NS,1261.951904296875,DOWN,1,0,2,DOWN,UP,0.12759283,0.16583495,0.7065722,False
2024-12-15 18:30:00+00:00,ICICIBANK.NS,1324.6256103515625,DOWN,1,0,2,DOWN,UP,0.26045838,0.36382633,0.3757153,False
2024-12-15 18:30:00+00:00,TCS.NS,4111.99609375,DOWN,1,0,2,DOWN,UP,0.15376335,0.19358328,0.65265334,False
2024-12-15 18:30:00+00:00,RELIANCE.NS,1257.44091796875,DOWN,1,0,2,DOWN,UP,0.117831096,0.18154438,0.7006245,False
2024-12-15 18:30:00+00:00,INFY.NS,1882.402099609375,DOWN,1,0,0,DOWN,DOWN,0.765188,0.085918896,0.14889318,True
2024-12-15 18:30:00+00:00,SBIN.NS,829.0589599609375,DOWN,1,0,2,DOWN,UP,0.27167523,0.22117756,0.5071472,False
2024-12-15 18:30:00+00:00,ITC.NS,417.221435546875,DOWN,1,0,2,DOWN,UP,0.3695021,0.16334791,0.46714994,False
2024-12-15 18:30:00+00:00,LT.NS,3804.854736328125,DOWN,1,0,0,DOWN,DOWN,0.59123474,0.2240533,0.1847119,True
2024-12-15 18:30:00+00:00,BHARTIARTL.NS,1628.2742919921875,DOWN,1,0,0,DOWN,DOWN,0.5874203,0.10459766,0.30798206,True
2024-12-15 18:30:00+00:00,TMPV.NS,771.7083740234375,DOWN,1,0,2,DOWN,UP,0.0068412456,0.0371626,0.95599616,False
2024-12-15 18:30:00+00:00,HDFCBANK.NS,905.1907958984376,DOWN,1,0,1,DOWN,STAY,0.3507013,0.6012712,0.04802744,False
2024-12-16 18:30:00+00:00,TCS.NS,4031.248779296875,DOWN,1,0,2,DOWN,UP,0.16288106,0.28071994,0.556399,False
2024-12-16 18:30:00+00:00,INFY.NS,1879.1221923828125,DOWN,1,0,0,DOWN,DOWN,0.79010975,0.08430218,0.12558806,True
2024-12-16 18:30:00+00:00,HDFCBANK.NS,889.6853637695312,DOWN,1,0,1,DOWN,STAY,0.38964033,0.5080518,0.102307804,False
2024-12-16 18:30:00+00:00,LT.NS,3735.534423828125,DOWN,1,0,0,DOWN,DOWN,0.48275158,0.31111678,0.20613167,True
2024-12-16 18:30:00+00:00,ITC.NS,416.73333740234375,DOWN,1,0,2,DOWN,UP,0.3317008,0.19833277,0.46996647,False
2024-12-16 18:30:00+00:00,TMPV.NS,766.7426147460938,DOWN,1,0,2,DOWN,UP,0.0058195954,0.029603964,0.9645765,False
2024-12-16 18:30:00+00:00,BHARTIARTL.NS,1581.9984130859375,STAY,1,1,0,STAY,DOWN,0.5864579,0.13317972,0.28036237,False
2024-12-16 18:30:00+00:00,ICICIBANK.NS,1312.4727783203125,DOWN,1,0,1,DOWN,STAY,0.2368357,0.39925185,0.36391243,False
2024-12-16 18:30:00+00:00,SBIN.NS,819.044189453125,DOWN,1,0,2,DOWN,UP,0.30520964,0.21848106,0.47630936,False
2024-12-16 18:30:00+00:00,RELIANCE.NS,1234.6376953125,STAY,1,1,2,STAY,UP,0.10587286,0.13321216,0.760915,False
2024-12-17 18:30:00+00:00,HDFCBANK.NS,878.74169921875,DOWN,1,0,0,DOWN,DOWN,0.4625124,0.4152922,0.12219541,True
2024-12-17 18:30:00+00:00,LT.NS,3687.407958984375,DOWN,1,0,0,DOWN,DOWN,0.43775728,0.33851942,0.22372329,True
2024-12-17 18:30:00+00:00,BHARTIARTL.NS,1568.874755859375,UP,1,2,0,UP,DOWN,0.45405102,0.16023466,0.3857143,False
2024-12-17 18:30:00+00:00,TCS.NS,4049.270751953125,DOWN,1,0,2,DOWN,UP,0.16686207,0.24100466,0.5921333,False
2024-12-17 18:30:00+00:00,TMPV.NS,743.0938720703125,DOWN,1,0,2,DOWN,UP,0.007040997,0.03308942,0.95986956,False
2024-12-17 18:30:00+00:00,ICICIBANK.NS,1293.1854248046875,DOWN,1,0,1,DOWN,STAY,0.29132798,0.35537487,0.35329717,False
2024-12-17 18:30:00+00:00,SBIN.NS,807.103515625,DOWN,1,0,2,DOWN,UP,0.34123367,0.16593887,0.49282745,False
2024-12-17 18:30:00+00:00,RELIANCE.NS,1242.5196533203125,STAY,1,1,2,STAY,UP,0.10686074,0.14714156,0.74599767,False
2024-12-17 18:30:00+00:00,ITC.NS,417.5765075683594,DOWN,1,0,2,DOWN,UP,0.3344185,0.23946173,0.42611974,False
2024-12-17 18:30:00+00:00,INFY.NS,1881.54638671875,DOWN,1,0,0,DOWN,DOWN,0.74853706,0.099878654,0.1515843,True
2024-12-18 18:30:00+00:00,HDFCBANK.NS,870.3944091796875,DOWN,1,0,0,DOWN,DOWN,0.51065046,0.37399712,0.1153524,True
2024-12-18 18:30:00+00:00,ICICIBANK.NS,1266.3701171875,DOWN,1,0,2,DOWN,UP,0.33798474,0.2663942,0.39562106,False
2024-12-18 18:30:00+00:00,INFY.NS,1850.2213134765625,DOWN,1,0,0,DOWN,DOWN,0.6566353,0.12413399,0.21923071,True
2024-12-18 18:30:00+00:00,TMPV.NS,731.6381225585938,DOWN,1,0,2,DOWN,UP,0.008030549,0.029149622,0.9628198,False
2024-12-18 18:30:00+00:00,TCS.NS,3978.5361328125,STAY,1,1,2,STAY,UP,0.1720196,0.25038183,0.5775985,False
2024-12-18 18:30:00+00:00,RELIANCE.NS,1219.914794921875,UP,1,2,2,UP,UP,0.13572209,0.12281448,0.7414634,True
2024-12-18 18:30:00+00:00,LT.NS,3646.394775390625,DOWN,1,0,1,DOWN,STAY,0.33724022,0.44647986,0.21627992,False
2024-12-18 18:30:00+00:00,ITC.NS,414.07080078125,STAY,1,1,2,STAY,UP,0.2920821,0.26516947,0.4427484,False
2024-12-18 18:30:00+00:00,BHARTIARTL.NS,1567.3076171875,STAY,1,1,0,STAY,DOWN,0.46748474,0.16459654,0.36791876,False
2024-12-18 18:30:00+00:00,SBIN.NS,801.95166015625,DOWN,1,0,2,DOWN,UP,0.3373391,0.14450862,0.5181523,False
2024-12-19 18:30:00+00:00,SBIN.NS,781.922119140625,DOWN,1,0,2,DOWN,UP,0.27506128,0.10233203,0.62260664,False
2024-12-19 18:30:00+00:00,ITC.NS,412.384521484375,UP,1,2,2,UP,UP,0.2624302,0.1622413,0.5753285,True
2024-12-19 18:30:00+00:00,TMPV.NS,711.9718017578125,DOWN,1,0,2,DOWN,UP,0.010901077,0.03720217,0.9518967,False
2024-12-19 18:30:00+00:00,INFY.NS,1827.357421875,DOWN,1,0,0,DOWN,DOWN,0.58416367,0.17128085,0.24455553,True
2024-12-19 18:30:00+00:00,RELIANCE.NS,1194.980224609375,UP,1,2,2,UP,UP,0.20134881,0.0965262,0.702125,True
2024-12-19 18:30:00+00:00,TCS.NS,3883.913330078125,STAY,1,1,2,STAY,UP,0.21123908,0.2244442,0.5643167,False
2024-12-19 18:30:00+00:00,HDFCBANK.NS,859.7177734375,DOWN,1,0,0,DOWN,DOWN,0.51013863,0.36060688,0.1292545,True
2024-12-19 18:30:00+00:00,BHARTIARTL.NS,1545.5653076171875,UP,1,2,2,UP,UP,0.384113,0.18403712,0.4318499,True
2024-12-19 18:30:00+00:00,LT.NS,3561.523193359375,DOWN,1,0,1,DOWN,STAY,0.2512201,0.5192343,0.22954564,False
2024-12-19 18:30:00+00:00,ICICIBANK.NS,1267.8460693359375,DOWN,1,0,2,DOWN,UP,0.34551072,0.30627304,0.34821627,False
2024-12-22 18:30:00+00:00,ICICIBANK.NS,1276.1121826171875,DOWN,1,0,2,DOWN,UP,0.32120728,0.32044333,0.35834935,False
2024-12-22 18:30:00+00:00,SBIN.NS,790.7332763671875,DOWN,1,0,2,DOWN,UP,0.29167086,0.12765689,0.58067226,False
2024-12-22 18:30:00+00:00,RELIANCE.NS,1211.834716796875,STAY,1,1,2,STAY,UP,0.18711567,0.11189968,0.7009846,False
2024-12-22 18:30:00+00:00,BHARTIARTL.NS,1554.183837890625,UP,1,2,2,UP,UP,0.39065596,0.15340893,0.45593512,True
2024-12-22 18:30:00+00:00,TMPV.NS,710.1526489257812,DOWN,1,0,2,DOWN,UP,0.009160603,0.03323766,0.95760167,False
2024-12-22 18:30:00+00:00,LT.NS,3571.972412109375,DOWN,1,0,1,DOWN,STAY,0.3341186,0.4266132,0.23926818,False
2024-12-22 18:30:00+00:00,TCS.NS,3872.737548828125,STAY,1,1,2,STAY,UP,0.21861698,0.21270142,0.5686816,False
2024-12-22 18:30:00+00:00,HDFCBANK.NS,874.0343017578125,DOWN,1,0,2,DOWN,UP,0.33204234,0.24913375,0.4188239,False
2024-12-22 18:30:00+00:00,INFY.NS,1829.4013671875,DOWN,1,0,0,DOWN,DOWN,0.6366038,0.10751854,0.25587767,True
2024-12-22 18:30:00+00:00,ITC.NS,420.9046936035156,STAY,1,1,2,STAY,UP,0.3656403,0.20502695,0.4293327,False
2024-12-23 18:30:00+00:00,SBIN.NS,781.9702758789062,DOWN,1,0,2,DOWN,UP,0.3572378,0.11038152,0.5323807,False
2024-12-23 18:30:00+00:00,BHARTIARTL.NS,1551.2457275390625,UP,1,2,2,UP,UP,0.34929982,0.2121513,0.43854886,True
2024-12-23 18:30:00+00:00,ITC.NS,424.6322326660156,STAY,1,1,0,STAY,DOWN,0.39663342,0.24024777,0.3631188,False
2024-12-23 18:30:00+00:00,LT.NS,3571.236572265625,DOWN,1,0,1,DOWN,STAY,0.27330637,0.46839055,0.25830308,False
2024-12-23 18:30:00+00:00,HDFCBANK.NS,872.6268310546875,DOWN,1,0,2,DOWN,UP,0.2504544,0.28501192,0.46453366,False
2024-12-23 18:30:00+00:00,ICICIBANK.NS,1276.554931640625,DOWN,1,0,2,DOWN,UP,0.3081236,0.3262388,0.36563757,False
2024-12-23 18:30:00+00:00,TMPV.NS,723.82080078125,DOWN,1,0,2,DOWN,UP,0.009726842,0.039923124,0.95035005,False
2024-12-23 18:30:00+00:00,TCS.NS,3892.481689453125,STAY,1,1,2,STAY,UP,0.1858459,0.20334744,0.61080664,False
2024-12-23 18:30:00+00:00,INFY.NS,1814.9034423828125,STAY,1,1,0,STAY,DOWN,0.607717,0.10313283,0.28915024,False
2024-12-23 18:30:00+00:00,RELIANCE.NS,1212.28076171875,UP,1,2,2,UP,UP,0.16351019,0.1134129,0.7230769,True
2024-12-25 18:30:00+00:00,ICICIBANK.NS,1276.6534423828125,DOWN,1,0,2,DOWN,UP,0.30956262,0.30766362,0.3827737,False
2024-12-25 18:30:00+00:00,TMPV.NS,728.4423828125,DOWN,1,0,2,DOWN,UP,0.007176048,0.047435604,0.9453884,False
2024-12-25 18:30:00+00:00,HDFCBANK.NS,869.0598754882812,DOWN,1,0,2,DOWN,UP,0.2611959,0.27481544,0.46398863,False
2024-12-25 18:30:00+00:00,INFY.NS,1813.3348388671875,STAY,1,1,0,STAY,DOWN,0.6295323,0.09710192,0.2733658,False
2024-12-25 18:30:00+00:00,SBIN.NS,782.35546875,DOWN,1,0,2,DOWN,UP,0.35688892,0.099604145,0.5435069,False
2024-12-25 18:30:00+00:00,BHARTIARTL.NS,1566.524169921875,UP,1,2,2,UP,UP,0.38880882,0.14583892,0.46535218,True
2024-12-25 18:30:00+00:00,RELIANCE.NS,1206.1339111328125,UP,1,2,2,UP,UP,0.15014577,0.10208299,0.7477712,True
2024-12-25 18:30:00+00:00,LT.NS,3561.1796875,DOWN,1,0,1,DOWN,STAY,0.29210907,0.4664619,0.2414291,False
2024-12-25 18:30:00+00:00,ITC.NS,423.3009948730469,DOWN,1,0,0,DOWN,DOWN,0.38579634,0.25238135,0.3618223,True
2024-12-25 18:30:00+00:00,TCS.NS,3882.7958984375,STAY,1,1,2,STAY,UP,0.18459813,0.20155804,0.6138438,False
2024-12-26 18:30:00+00:00,HDFCBANK.NS,872.6996459960938,DOWN,1,0,2,DOWN,UP,0.27595836,0.2578221,0.46621954,False
2024-12-26 18:30:00+00:00,LT.NS,3540.1826171875,DOWN,1,0,1,DOWN,STAY,0.36960575,0.3722235,0.25817078,False
2024-12-26 18:30:00+00:00,RELIANCE.NS,1210.595458984375,UP,1,2,2,UP,UP,0.1297563,0.103558205,0.7666855,True
2024-12-26 18:30:00+00:00,TMPV.NS,737.9805908203125,DOWN,1,0,2,DOWN,UP,0.006486272,0.034281533,0.95923215,False
2024-12-26 18:30:00+00:00,BHARTIARTL.NS,1566.866943359375,STAY,1,1,0,STAY,DOWN,0.4449451,0.12265043,0.43240446,False
2024-12-26 18:30:00+00:00,SBIN.NS,770.0296630859375,DOWN,1,0,2,DOWN,UP,0.3769971,0.091909535,0.53109336,False
2024-12-26 18:30:00+00:00,TCS.NS,3878.837890625,STAY,1,1,2,STAY,UP,0.16164406,0.172554,0.66580194,False
2024-12-26 18:30:00+00:00,ICICIBANK.NS,1286.690673828125,DOWN,1,0,2,DOWN,UP,0.3218543,0.24410066,0.43404505,False
2024-12-26 18:30:00+00:00,INFY.NS,1822.2237548828125,STAY,1,1,0,STAY,DOWN,0.65426296,0.09528653,0.25045052,False
2024-12-26 18:30:00+00:00,ITC.NS,424.765380859375,DOWN,1,0,0,DOWN,DOWN,0.3921672,0.23168643,0.37614638,True
2024-12-29 18:30:00+00:00,TCS.NS,3873.202880859375,STAY,1,1,2,STAY,UP,0.20353802,0.2093991,0.58706284,False
2024-12-29 18:30:00+00:00,BHARTIARTL.NS,1554.183837890625,UP,1,2,2,UP,UP,0.3979108,0.14985181,0.45223743,True
2024-12-29 18:30:00+00:00,TMPV.NS,721.4116821289062,DOWN,1,0,2,DOWN,UP,0.007375245,0.039415073,0.95320964,False
2024-12-29 18:30:00+00:00,ITC.NS,423.3453674316406,DOWN,1,0,2,DOWN,UP,0.35848004,0.2517189,0.38980108,False
2024-12-29 18:30:00+00:00,SBIN.NS,759.1000366210938,DOWN,1,0,2,DOWN,UP,0.34743717,0.09897891,0.5535839,False
2024-12-29 18:30:00+00:00,LT.NS,3511.5810546875,DOWN,1,0,0,DOWN,DOWN,0.3813462,0.34547725,0.2731766,True
2024-12-29 18:30:00+00:00,ICICIBANK.NS,1273.9964599609375,DOWN,1,0,2,DOWN,UP,0.3167396,0.2878824,0.39537802,False
2024-12-29 18:30:00+00:00,INFY.NS,1812.0037841796875,STAY,1,1,0,STAY,DOWN,0.6661346,0.11025738,0.22360802,False
2024-12-29 18:30:00+00:00,HDFCBANK.NS,862.82373046875,DOWN,1,0,2,DOWN,UP,0.27364013,0.2605362,0.46582374,False
2024-12-29 18:30:00+00:00,RELIANCE.NS,1200.333984375,UP,1,2,2,UP,UP,0.12974775,0.11353195,0.7567203,True
2024-12-30 18:30:00+00:00,SBIN.NS,765.5037231445312,DOWN,1,0,2,DOWN,UP,0.3491866,0.09669236,0.554121,False
2024-12-30 18:30:00+00:00,LT.NS,3539.74072265625,DOWN,1,0,0,DOWN,DOWN,0.36791414,0.340374,0.29171184,True
2024-12-30 18:30:00+00:00,HDFCBANK.NS,860.3729248046875,DOWN,1,0,2,DOWN,UP,0.26827353,0.30987102,0.42185545,False
2024-12-30 18:30:00+00:00,TMPV.NS,727.8032836914062,DOWN,1,0,2,DOWN,UP,0.006161562,0.040417995,0.95342046,False
2024-12-30 18:30:00+00:00,INFY.NS,1787.2860107421875,STAY,1,1,0,STAY,DOWN,0.61362916,0.10044782,0.28592303,False
2024-12-30 18:30:00+00:00,TCS.NS,3813.59814453125,STAY,1,1,2,STAY,UP,0.20631169,0.18609563,0.6075927,False
2024-12-30 18:30:00+00:00,BHARTIARTL.NS,1555.016357421875,UP,1,2,2,UP,UP,0.39172235,0.12271032,0.48556727,True
2024-12-30 18:30:00+00:00,ICICIBANK.NS,1261.203857421875,STAY,1,1,2,STAY,UP,0.3305317,0.27367833,0.39578995,False
2024-12-30 18:30:00+00:00,RELIANCE.NS,1205.043212890625,UP,1,2,2,UP,UP,0.101500325,0.11299971,0.7855,True
2024-12-30 18:30:00+00:00,ITC.NS,429.2473449707031,DOWN,1,0,0,DOWN,DOWN,0.37551036,0.27091578,0.35357386,True
2024-12-31 18:30:00+00:00,TMPV.NS,736.7514038085938,DOWN,1,0,2,DOWN,UP,0.0064582536,0.03784671,0.955695,False
2024-12-31 18:30:00+00:00,TCS.NS,3830.036376953125,STAY,1,1,2,STAY,UP,0.17480117,0.16917618,0.6560226,False
2024-12-31 18:30:00+00:00,SBIN.NS,763.8185424804688,DOWN,1,0,2,DOWN,UP,0.29380542,0.10038762,0.605807,False
2024-12-31 18:30:00+00:00,ITC.NS,429.51361083984375,DOWN,1,0,0,DOWN,DOWN,0.45946354,0.24915314,0.29138327,True
2024-12-31 18:30:00+00:00,BHARTIARTL.NS,1562.802490234375,UP,1,2,2,UP,UP,0.381419,0.12962241,0.48895854,True
2024-12-31 18:30:00+00:00,LT.NS,3598.464111328125,DOWN,1,0,0,DOWN,DOWN,0.36453938,0.2939742,0.34148642,True
2024-12-31 18:30:00+00:00,INFY.NS,1789.662841796875,STAY,1,1,0,STAY,DOWN,0.5754615,0.09714199,0.3273965,False
2024-12-31 18:30:00+00:00,RELIANCE.NS,1210.7935791015625,STAY,1,1,2,STAY,UP,0.07343772,0.09667085,0.82989144,False
2024-12-31 18:30:00+00:00,HDFCBANK.NS,865.1774291992188,DOWN,1,0,2,DOWN,UP,0.2877184,0.2546028,0.45767885,False
2024-12-31 18:30:00+00:00,ICICIBANK.NS,1263.1719970703125,DOWN,1,0,2,DOWN,UP,0.28172097,0.19326976,0.5250093,False
2025-01-01 18:30:00+00:00,INFY.NS,1861.296875,DOWN,1,0,0,DOWN,DOWN,0.67789257,0.09474401,0.22736344,True
2025-01-01 18:30:00+00:00,TCS.NS,3888.9892578125,DOWN,1,0,2,DOWN,UP,0.18537648,0.1827281,0.6318954,False
2025-01-01 18:30:00+00:00,RELIANCE.NS,1231.167724609375,DOWN,1,0,2,DOWN,UP,0.081785835,0.09429162,0.8239226,False
2025-01-01 18:30:00+00:00,ITC.NS,434.0399169921875,DOWN,1,0,0,DOWN,DOWN,0.5398109,0.12711157,0.33307755,True
2025-01-01 18:30:00+00:00,HDFCBANK.NS,870.5157470703125,DOWN,1,0,2,DOWN,UP,0.27839497,0.29306468,0.4285404,False
2025-01-01 18:30:00+00:00,TMPV.NS,752.287841796875,DOWN,1,0,2,DOWN,UP,0.0062766685,0.03382572,0.95989764,False
2025-01-01 18:30:00+00:00,ICICIBANK.NS,1270.0111083984375,DOWN,1,0,2,DOWN,UP,0.2771506,0.23273502,0.49011436,False
2025-01-01 18:30:00+00:00,SBIN.NS,771.522216796875,DOWN,1,0,2,DOWN,UP,0.22647971,0.09240698,0.6811133,False
2025-01-01 18:30:00+00:00,BHARTIARTL.NS,1576.5137939453125,UP,1,2,2,UP,UP,0.41354737,0.14579093,0.4406617,True
2025-01-01 18:30:00+00:00,LT.NS,3643.598388671875,DOWN,1,0,0,DOWN,DOWN,0.39188203,0.26060933,0.3475086,True
2025-01-02 18:30:00+00:00,INFY.NS,1843.1387939453125,DOWN,1,0,0,DOWN,DOWN,0.6468384,0.100288175,0.2528734,True
2025-01-02 18:30:00+00:00,SBIN.NS,764.0111694335938,DOWN,1,0,2,DOWN,UP,0.2353805,0.08066827,0.68395126,False
2025-01-02 18:30:00+00:00,ICICIBANK.NS,1244.8687744140625,STAY,1,1,2,STAY,UP,0.27926117,0.20696223,0.51377666,False
2025-01-02 18:30:00+00:00,BHARTIARTL.NS,1565.8875732421875,UP,1,2,2,UP,UP,0.41940787,0.15465811,0.42593402,True
2025-01-02 18:30:00+00:00,LT.NS,3591.007080078125,DOWN,1,0,1,DOWN,STAY,0.35300502,0.3582736,0.28872135,False
2025-01-02 18:30:00+00:00,ITC.NS,427.4279174804688,DOWN,1,0,0,DOWN,DOWN,0.5358965,0.14142807,0.32267544,True
2025-01-02 18:30:00+00:00,TMPV.NS,777.2149658203125,DOWN,1,0,2,DOWN,UP,0.011266272,0.038907643,0.949826,False
2025-01-02 18:30:00+00:00,HDFCBANK.NS,848.8954467773438,DOWN,1,0,2,DOWN,UP,0.31071407,0.19484301,0.49444294,False
2025-01-02 18:30:00+00:00,RELIANCE.NS,1240.437744140625,DOWN,1,0,2,DOWN,UP,0.1016061,0.105738625,0.7926553,False
2025-01-02 18:30:00+00:00,TCS.NS,3818.347900390625,DOWN,1,0,2,DOWN,UP,0.18138343,0.22129339,0.5973232,False
2025-01-05 18:30:00+00:00,INFY.NS,1842.283203125,DOWN,1,0,0,DOWN,DOWN,0.60581714,0.12667736,0.26750547,True
2025-01-05 18:30:00+00:00,TCS.NS,3813.78466796875,DOWN,1,0,2,DOWN,UP,0.18580137,0.20455725,0.6096414,False
2025-01-05 18:30:00+00:00,BHARTIARTL.NS,1555.701904296875,UP,1,2,2,UP,UP,0.41924202,0.14847624,0.43228173,True
2025-01-05 18:30:00+00:00,SBIN.NS,747.6408081054688,DOWN,1,0,2,DOWN,UP,0.27514786,0.12874597,0.59610623,False
2025-01-05 18:30:00+00:00,TMPV.NS,763.301025390625,DOWN,1,0,2,DOWN,UP,0.019719152,0.060401026,0.91987985,False
2025-01-05 18:30:00+00:00,RELIANCE.NS,1207.5714111328125,STAY,1,1,2,STAY,UP,0.084549144,0.08907168,0.8263792,False
2025-01-05 18:30:00+00:00,LT.NS,3535.37451171875,DOWN,1,0,0,DOWN,DOWN,0.39972264,0.33429033,0.26598707,True
2025-01-05 18:30:00+00:00,ITC.NS,407.9893493652344,DOWN,1,0,2,DOWN,UP,0.21958621,0.13027139,0.65014243,False
2025-01-05 18:30:00+00:00,HDFCBANK.NS,830.1141357421875,STAY,1,1,2,STAY,UP,0.31493422,0.2077161,0.47734967,False
2025-01-05 18:30:00+00:00,ICICIBANK.NS,1243.933837890625,STAY,1,1,2,STAY,UP,0.29514748,0.18308957,0.5217629,False
2025-01-06 18:30:00+00:00,LT.NS,3574.7197265625,DOWN,1,0,1,DOWN,STAY,0.3271923,0.39528617,0.27752155,False
2025-01-06 18:30:00+00:00,TCS.NS,3751.6650390625,STAY,1,1,2,STAY,UP,0.22249062,0.1944196,0.5830898,False
2025-01-06 18:30:00+00:00,INFY.NS,1835.6282958984373,DOWN,1,0,0,DOWN,DOWN,0.5775226,0.14716856,0.2753089,True
2025-01-06 18:30:00+00:00,RELIANCE.NS,1230.2257080078125,STAY,1,1,2,STAY,UP,0.09088439,0.120925546,0.78819,False
2025-01-06 18:30:00+00:00,ITC.NS,406.5607299804688,DOWN,1,0,2,DOWN,UP,0.18296182,0.12914039,0.6878978,False
2025-01-06 18:30:00+00:00,BHARTIARTL.NS,1558.0523681640625,UP,1,2,2,UP,UP,0.40740362,0.1512232,0.44137323,True
2025-01-06 18:30:00+00:00,ICICIBANK.NS,1258.842041015625,DOWN,1,0,2,DOWN,UP,0.29005256,0.17339283,0.53655463,False
2025-01-06 18:30:00+00:00,HDFCBANK.NS,831.5215454101562,STAY,1,1,2,STAY,UP,0.32939318,0.21997917,0.45062762,False
2025-01-06 18:30:00+00:00,SBIN.NS,749.9037475585938,DOWN,1,0,2,DOWN,UP,0.26393074,0.16015054,0.5759187,False
2025-01-06 18:30:00+00:00,TMPV.NS,780.0173950195312,DOWN,1,0,2,DOWN,UP,0.015144626,0.047415137,0.9374402,False
2025-01-07 18:30:00+00:00,TMPV.NS,781.6890869140625,DOWN,1,0,2,DOWN,UP,0.015206739,0.041708924,0.94308436,False
2025-01-07 18:30:00+00:00,SBIN.NS,742.5853271484375,DOWN,1,0,2,DOWN,UP,0.2754739,0.14876226,0.5757638,False
2025-01-07 18:30:00+00:00,HDFCBANK.NS,822.252197265625,STAY,1,1,2,STAY,UP,0.28357184,0.30029607,0.41613206,False
2025-01-07 18:30:00+00:00,BHARTIARTL.NS,1566.230224609375,UP,1,2,0,UP,DOWN,0.43580616,0.15602525,0.40816855,False
2025-01-07 18:30:00+00:00,RELIANCE.NS,1254.664794921875,DOWN,1,0,2,DOWN,UP,0.14248712,0.24668092,0.610832,False
2025-01-07 18:30:00+00:00,INFY.NS,1837.81494140625,DOWN,1,0,0,DOWN,DOWN,0.5824308,0.15931912,0.2582501,True
2025-01-07 18:30:00+00:00,LT.NS,3528.653564453125,DOWN,1,0,0,DOWN,DOWN,0.38777205,0.3830143,0.22921361,True
2025-01-07 18:30:00+00:00,TCS.NS,3826.264404296875,DOWN,1,0,2,DOWN,UP,0.2601696,0.16795418,0.5718762,False
2025-01-07 18:30:00+00:00,ICICIBANK.NS,1243.5894775390625,STAY,1,1,2,STAY,UP,0.2906877,0.16916747,0.5401448,False
2025-01-07 18:30:00+00:00,ITC.NS,414.34906005859375,DOWN,1,0,2,DOWN,UP,0.25575444,0.19357832,0.5506673,False
2025-01-08 18:30:00+00:00,HDFCBANK.NS,809.3916625976562,UP,1,2,2,UP,UP,0.282698,0.18494034,0.5323617,True
2025-01-08 18:30:00+00:00,INFY.NS,1822.7467041015625,DOWN,1,0,0,DOWN,DOWN,0.5824705,0.14585482,0.27167472,True
2025-01-08 18:30:00+00:00,TMPV.NS,767.0867919921875,DOWN,1,0,2,DOWN,UP,0.018016014,0.046852008,0.93513197,False
2025-01-08 18:30:00+00:00,ICICIBANK.NS,1242.260986328125,STAY,1,1,2,STAY,UP,0.28556,0.17982344,0.53461653,False
2025-01-08 18:30:00+00:00,LT.NS,3461.491943359375,DOWN,1,0,0,DOWN,DOWN,0.44651848,0.2833564,0.2701251,True
2025-01-08 18:30:00+00:00,BHARTIARTL.NS,1573.9185791015625,UP,1,2,0,UP,DOWN,0.49733377,0.15515198,0.3475142,False
2025-01-08 18:30:00+00:00,TCS.NS,3761.49072265625,DOWN,1,0,2,DOWN,UP,0.23688829,0.23075645,0.53235525,False
2025-01-08 18:30:00+00:00,RELIANCE.NS,1244.0067138671875,DOWN,1,0,2,DOWN,UP,0.10884914,0.1741494,0.7170015,False
2025-01-08 18:30:00+00:00,ITC.NS,414.8559875488281,DOWN,1,0,2,DOWN,UP,0.2618162,0.17539336,0.56279045,False
2025-01-08 18:30:00+00:00,SBIN.NS,732.2816162109375,DOWN,1,0,2,DOWN,UP,0.25829175,0.14612937,0.59557885,False
2025-01-09 18:30:00+00:00,RELIANCE.NS,1231.266845703125,STAY,1,1,2,STAY,UP,0.07464965,0.13377622,0.7915741,False
2025-01-09 18:30:00+00:00,ICICIBANK.NS,1229.9111328125,STAY,1,1,2,STAY,UP,0.30335173,0.1743483,0.52229995,False
2025-01-09 18:30:00+00:00,LT.NS,3469.586669921875,DOWN,1,0,0,DOWN,DOWN,0.4576784,0.29498294,0.24733873,True
2025-01-09 18:30:00+00:00,BHARTIARTL.NS,1582.5860595703125,STAY,1,1,0,STAY,DOWN,0.531389,0.13427554,0.3343355,False
2025-01-09 18:30:00+00:00,ITC.NS,410.0631408691406,DOWN,1,0,2,DOWN,UP,0.18229626,0.16172883,0.6559749,False
2025-01-09 18:30:00+00:00,INFY.NS,1869.947998046875,DOWN,1,0,0,DOWN,DOWN,0.6085859,0.1258934,0.26552072,True
2025-01-09 18:30:00+00:00,SBIN.NS,715.71875,STAY,1,1,2,STAY,UP,0.2875699,0.16339359,0.5490365,False
2025-01-09 18:30:00+00:00,TCS.NS,3972.715576171875,DOWN,1,0,2,DOWN,UP,0.16319266,0.14146374,0.6953436,False
2025-01-09 18:30:00+00:00,TMPV.NS,761.7277221679688,DOWN,1,0,2,DOWN,UP,0.018165777,0.057376668,0.92445755,False
2025-01-09 18:30:00+00:00,HDFCBANK.NS,804.0289916992188,STAY,1,1,2,STAY,UP,0.25529307,0.20535985,0.53934705,False
2025-01-12 18:30:00+00:00,ICICIBANK.NS,1210.1317138671875,STAY,1,1,2,STAY,UP,0.31206846,0.1950161,0.49291542,False
2025-01-12 18:30:00+00:00,HDFCBANK.NS,791.4596557617188,UP,1,2,2,UP,UP,0.21171713,0.24219142,0.54609144,True
2025-01-12 18:30:00+00:00,RELIANCE.NS,1229.234375,STAY,1,1,2,STAY,UP,0.08204094,0.096634254,0.82132477,False
2025-01-12 18:30:00+00:00,LT.NS,3399.08935546875,DOWN,1,0,0,DOWN,DOWN,0.47136217,0.17357351,0.35506436,True
2025-01-12 18:30:00+00:00,TMPV.NS,738.4722290039062,DOWN,1,0,2,DOWN,UP,0.010520096,0.03844872,0.9510312,False
2025-01-12 18:30:00+00:00,ITC.NS,404.6712036132813,DOWN,1,0,2,DOWN,UP,0.19251128,0.13687196,0.6706168,False
2025-01-12 18:30:00+00:00,TCS.NS,3996.418212890625,DOWN,1,0,2,DOWN,UP,0.14880554,0.10250644,0.74868804,False
2025-01-12 18:30:00+00:00,SBIN.NS,702.4780883789062,STAY,1,1,2,STAY,UP,0.18122427,0.16017398,0.65860176,False
2025-01-12 18:30:00+00:00,INFY.NS,1865.4322509765625,DOWN,1,0,0,DOWN,DOWN,0.58852166,0.15080051,0.26067778,True
2025-01-12 18:30:00+00:00,BHARTIARTL.NS,1564.271484375,UP,1,2,0,UP,DOWN,0.4371916,0.18796183,0.37484658,False
2025-01-13 18:30:00+00:00,HDFCBANK.NS,799.1031494140625,STAY,1,1,2,STAY,UP,0.21190359,0.24437277,0.54372364,False
2025-01-13 18:30:00+00:00,LT.NS,3397.421142578125,DOWN,1,0,0,DOWN,DOWN,0.42391315,0.19341598,0.38267088,True
2025-01-13 18:30:00+00:00,SBIN.NS,720.437255859375,DOWN,1,0,2,DOWN,UP,0.27339312,0.18968396,0.53692293,False
2025-01-13 18:30:00+00:00,BHARTIARTL.NS,1567.1116943359375,STAY,1,1,0,STAY,DOWN,0.4157086,0.19011204,0.39417934,False
2025-01-13 18:30:00+00:00,ITC.NS,402.4130554199219,DOWN,1,0,2,DOWN,UP,0.19146189,0.12658185,0.6819563,False
2025-01-13 18:30:00+00:00,RELIANCE.NS,1228.143798828125,STAY,1,1,2,STAY,UP,0.07345469,0.08400222,0.84254307,False
2025-01-13 18:30:00+00:00,TMPV.NS,757.64697265625,DOWN,1,0,2,DOWN,UP,0.011803957,0.034921575,0.9532744,False
2025-01-13 18:30:00+00:00,TCS.NS,3942.354248046875,DOWN,1,0,2,DOWN,UP,0.13193466,0.12454791,0.74351746,False
2025-01-13 18:30:00+00:00,INFY.NS,1844.374755859375,DOWN,1,0,0,DOWN,DOWN,0.55150247,0.17809185,0.27040568,True
2025-01-13 18:30:00+00:00,ICICIBANK.NS,1220.5135498046875,STAY,1,1,2,STAY,UP,0.31384197,0.2066692,0.47948882,False
2025-01-14 18:30:00+00:00,TCS.NS,3957.768310546875,DOWN,1,0,2,DOWN,UP,0.14591707,0.14016885,0.7139141,False
2025-01-14 18:30:00+00:00,ICICIBANK.NS,1218.4962158203125,STAY,1,1,2,STAY,UP,0.27420452,0.18640539,0.5393901,False
2025-01-14 18:30:00+00:00,ITC.NS,403.1043701171875,DOWN,1,0,2,DOWN,UP,0.17578065,0.15896913,0.66525024,False
2025-01-14 18:30:00+00:00,INFY.NS,1853.501220703125,DOWN,1,0,0,DOWN,DOWN,0.53559583,0.17395175,0.29045242,True
2025-01-14 18:30:00+00:00,HDFCBANK.NS,797.3803100585938,UP,1,2,2,UP,UP,0.21061178,0.32462555,0.46476272,True
2025-01-14 18:30:00+00:00,RELIANCE.NS,1241.478515625,DOWN,1,0,2,DOWN,UP,0.07354994,0.09161599,0.83483404,False
2025-01-14 18:30:00+00:00,SBIN.NS,725.7816772460938,DOWN,1,0,2,DOWN,UP,0.21408603,0.20110878,0.5848052,False
2025-01-14 18:30:00+00:00,BHARTIARTL.NS,1574.3101806640625,UP,1,2,0,UP,DOWN,0.43872812,0.15165466,0.4096172,False
2025-01-14 18:30:00+00:00,LT.NS,3435.49072265625,DOWN,1,0,0,DOWN,DOWN,0.43039206,0.22249028,0.34711772,True
2025-01-14 18:30:00+00:00,TMPV.NS,750.8619995117188,DOWN,1,0,2,DOWN,UP,0.00981714,0.02794566,0.96223724,False
2025-01-15 18:30:00+00:00,INFY.NS,1833.3466796875,DOWN,1,0,0,DOWN,DOWN,0.517047,0.20712952,0.2758235,True
2025-01-15 18:30:00+00:00,TCS.NS,3917.44189453125,DOWN,1,0,2,DOWN,UP,0.12191439,0.15967646,0.7184092,False
2025-01-15 18:30:00+00:00,SBIN.NS,737.9149169921875,DOWN,1,0,2,DOWN,UP,0.17338549,0.22160351,0.605011,False
2025-01-15 18:30:00+00:00,HDFCBANK.NS,801.7481079101562,UP,1,2,2,UP,UP,0.20007187,0.30876482,0.49116334,True
2025-01-15 18:30:00+00:00,RELIANCE.NS,1255.6065673828125,DOWN,1,0,2,DOWN,UP,0.14790201,0.18841791,0.6636801,False
2025-01-15 18:30:00+00:00,TMPV.NS,761.4326782226562,DOWN,1,0,2,DOWN,UP,0.010494534,0.02809529,0.9614102,False
2025-01-15 18:30:00+00:00,BHARTIARTL.NS,1596.5911865234375,STAY,1,1,0,STAY,DOWN,0.48238468,0.16827802,0.34933728,False
2025-01-15 18:30:00+00:00,LT.NS,3441.868408203125,DOWN,1,0,0,DOWN,DOWN,0.4215385,0.2743641,0.30409732,True
2025-01-15 18:30:00+00:00,ICICIBANK.NS,1229.173095703125,DOWN,1,0,2,DOWN,UP,0.2522518,0.21072967,0.53701854,False
2025-01-15 18:30:00+00:00,ITC.NS,398.9567260742188,DOWN,1,0,2,DOWN,UP,0.15963145,0.14425968,0.69610894,False
2025-01-16 18:30:00+00:00,TCS.NS,3911.75048828125,DOWN,1,0,2,DOWN,UP,0.12820299,0.17259261,0.6992044,False
2025-01-16 18:30:00+00:00,ICICIBANK.NS,1205.900390625,STAY,1,1,2,STAY,UP,0.2662885,0.2068125,0.526899,False
2025-01-16 18:30:00+00:00,ITC.NS,405.7312316894531,DOWN,1,0,2,DOWN,UP,0.171448,0.15707754,0.6714745,False
2025-01-16 18:30:00+00:00,HDFCBANK.NS,794.3229370117188,UP,1,2,2,UP,UP,0.19471881,0.32612365,0.47915754,True
2025-01-16 18:30:00+00:00,SBIN.NS,735.79638671875,DOWN,1,0,2,DOWN,UP,0.13860214,0.23734172,0.62405616,False
2025-01-16 18:30:00+00:00,INFY.NS,1725.9193115234375,DOWN,1,0,0,DOWN,DOWN,0.43039012,0.16829947,0.40131047,True
2025-01-16 18:30:00+00:00,LT.NS,3501.474853515625,DOWN,1,0,0,DOWN,DOWN,0.4679847,0.23483989,0.29717544,True
2025-01-16 18:30:00+00:00,BHARTIARTL.NS,1593.9468994140625,DOWN,1,0,0,DOWN,DOWN,0.48435235,0.1747241,0.34092355,True
2025-01-16 18:30:00+00:00,RELIANCE.NS,1291.19921875,DOWN,1,0,0,DOWN,DOWN,0.45135525,0.18115382,0.36749095,True
2025-01-16 18:30:00+00:00,TMPV.NS,766.7426147460938,DOWN,1,0,2,DOWN,UP,0.010672316,0.0241039,0.9652237,False
2025-01-19 18:30:00+00:00,SBIN.NS,750.38525390625,DOWN,1,0,2,DOWN,UP,0.15281622,0.23035777,0.616826,False
2025-01-19 18:30:00+00:00,BHARTIARTL.NS,1607.3155517578125,DOWN,1,0,0,DOWN,DOWN,0.5619734,0.14245689,0.29556975,True
2025-01-19 18:30:00+00:00,ICICIBANK.NS,1213.2806396484375,DOWN,1,0,2,DOWN,UP,0.26963982,0.18960254,0.54075766,False
2025-01-19 18:30:00+00:00,ITC.NS,403.4269409179688,DOWN,1,0,2,DOWN,UP,0.18482207,0.14864013,0.66653776,False
2025-01-19 18:30:00+00:00,LT.NS,3525.36669921875,DOWN,1,0,0,DOWN,DOWN,0.38277385,0.31038493,0.30684125,True
2025-01-19 18:30:00+00:00,INFY.NS,1723.8756103515625,DOWN,1,0,2,DOWN,UP,0.4240581,0.13147162,0.44447026,False
2025-01-19 18:30:00+00:00,TCS.NS,3867.647216796875,DOWN,1,0,2,DOWN,UP,0.11615399,0.21886076,0.66498524,False
2025-01-19 18:30:00+00:00,HDFCBANK.NS,801.3598022460938,UP,1,2,2,UP,UP,0.20052968,0.3262205,0.47324985,True
2025-01-19 18:30:00+00:00,TMPV.NS,761.4326782226562,DOWN,1,0,2,DOWN,UP,0.014004758,0.03556671,0.95042855,False
2025-01-19 18:30:00+00:00,RELIANCE.NS,1294.272705078125,DOWN,1,0,0,DOWN,DOWN,0.49453452,0.13464594,0.37081954,True
2025-01-20 18:30:00+00:00,LT.NS,3474.443603515625,DOWN,1,0,1,DOWN,STAY,0.31785095,0.35548583,0.32666323,False
2025-01-20 18:30:00+00:00,HDFCBANK.NS,797.0648803710938,UP,1,2,2,UP,UP,0.17541409,0.287787,0.5367989,True
2025-01-20 18:30:00+00:00,ITC.NS,403.2886352539063,DOWN,1,0,2,DOWN,UP,0.1848715,0.13908933,0.67603916,False
2025-01-20 18:30:00+00:00,ICICIBANK.NS,1177.0677490234375,STAY,1,1,2,STAY,UP,0.24610983,0.19530152,0.5585887,False
2025-01-20 18:30:00+00:00,TCS.NS,3827.85888671875,DOWN,1,0,2,DOWN,UP,0.14384788,0.21895543,0.6371967,False
2025-01-20 18:30:00+00:00,BHARTIARTL.NS,1592.624755859375,DOWN,1,0,0,DOWN,DOWN,0.54863137,0.18683763,0.264531,True
2025-01-20 18:30:00+00:00,TMPV.NS,748.0595703125,DOWN,1,0,2,DOWN,UP,0.009857719,0.028720295,0.961422,False
2025-01-20 18:30:00+00:00,RELIANCE.NS,1262.7945556640625,DOWN,1,0,2,DOWN,UP,0.2622749,0.26009086,0.47763425,False
2025-01-20 18:30:00+00:00,INFY.NS,1711.896728515625,DOWN,1,0,2,DOWN,UP,0.408402,0.12615521,0.46544278,False
2025-01-20 18:30:00+00:00,SBIN.NS,730.9334716796875,DOWN,1,0,2,DOWN,UP,0.14826179,0.24924552,0.6024927,False
2025-01-21 18:30:00+00:00,TMPV.NS,730.35986328125,DOWN,1,0,2,DOWN,UP,0.006077602,0.019165779,0.9747566,False
2025-01-21 18:30:00+00:00,ITC.NS,402.78173828125,DOWN,1,0,2,DOWN,UP,0.1876626,0.13504593,0.6772915,False
2025-01-21 18:30:00+00:00,BHARTIARTL.NS,1598.1092529296875,STAY,1,1,0,STAY,DOWN,0.5454119,0.18719535,0.2673928,False
2025-01-21 18:30:00+00:00,LT.NS,3451.974609375,DOWN,1,0,2,DOWN,UP,0.34930384,0.29967168,0.35102445,False
2025-01-21 18:30:00+00:00,HDFCBANK.NS,808.5423583984375,STAY,1,1,2,STAY,UP,0.16833684,0.17733237,0.6543308,False
2025-01-21 18:30:00+00:00,RELIANCE.NS,1266.1654052734375,DOWN,1,0,2,DOWN,UP,0.26981005,0.28901234,0.44117764,False
2025-01-21 18:30:00+00:00,TCS.NS,3942.385986328125,DOWN,1,0,2,DOWN,UP,0.12774746,0.14873482,0.72351766,False
2025-01-21 18:30:00+00:00,INFY.NS,1764.8974609375,DOWN,1,0,0,DOWN,DOWN,0.5296189,0.11247682,0.35790426,True
2025-01-21 18:30:00+00:00,SBIN.NS,725.5409545898438,DOWN,1,0,2,DOWN,UP,0.1567089,0.21878238,0.6245087,False
2025-01-21 18:30:00+00:00,ICICIBANK.NS,1181.2991943359375,STAY,1,1,2,STAY,UP,0.2711181,0.15008324,0.57879865,False
2025-01-22 18:30:00+00:00,TCS.NS,3931.81103515625,DOWN,1,0,2,DOWN,UP,0.11112961,0.16469464,0.72417575,False
2025-01-22 18:30:00+00:00,LT.NS,3437.30615234375,DOWN,1,0,2,DOWN,UP,0.34792754,0.30393416,0.34813833,False
2025-01-22 18:30:00+00:00,HDFCBANK.NS,807.9842529296875,STAY,1,1,2,STAY,UP,0.16529532,0.1832091,0.65149564,False
2025-01-22 18:30:00+00:00,BHARTIARTL.NS,1602.271728515625,STAY,1,1,0,STAY,DOWN,0.5488114,0.18244827,0.26874033,False
2025-01-22 18:30:00+00:00,ICICIBANK.NS,1182.5784912109375,STAY,1,1,2,STAY,UP,0.2880668,0.18781786,0.5241154,False
2025-01-22 18:30:00+00:00,RELIANCE.NS,1252.83056640625,DOWN,1,0,2,DOWN,UP,0.21165863,0.26399574,0.52434564,False
2025-01-22 18:30:00+00:00,SBIN.NS,718.2706298828125,STAY,1,1,2,STAY,UP,0.1477446,0.2335459,0.6187095,False
2025-01-22 18:30:00+00:00,INFY.NS,1773.4534912109375,DOWN,1,0,0,DOWN,DOWN,0.5150909,0.1341038,0.3508053,True
2025-01-22 18:30:00+00:00,ITC.NS,405.7312316894531,DOWN,1,0,2,DOWN,UP,0.17982481,0.14643277,0.67374235,False
2025-01-22 18:30:00+00:00,TMPV.NS,739.9472045898438,DOWN,1,0,2,DOWN,UP,0.0073795673,0.028213872,0.96440655,False
2025-01-23 18:30:00+00:00,ITC.NS,407.0215759277344,DOWN,1,0,2,DOWN,UP,0.19373508,0.17414875,0.63211614,False
2025-01-23 18:30:00+00:00,TCS.NS,3938.355224609375,DOWN,1,0,2,DOWN,UP,0.112607144,0.17229952,0.7150933,False
2025-01-23 18:30:00+00:00,TMPV.NS,721.8541259765625,DOWN,1,0,2,DOWN,UP,0.005879866,0.019331327,0.9747888,False
2025-01-23 18:30:00+00:00,HDFCBANK.NS,800.6561889648438,UP,1,2,2,UP,UP,0.13527665,0.25917313,0.6055502,True
2025-01-23 18:30:00+00:00,SBIN.NS,716.58544921875,STAY,1,1,2,STAY,UP,0.13516992,0.19591399,0.66891605,False
2025-01-23 18:30:00+00:00,ICICIBANK.NS,1189.90966796875,STAY,1,1,2,STAY,UP,0.26127118,0.17672467,0.56200415,False
2025-01-23 18:30:00+00:00,LT.NS,3393.10400390625,DOWN,1,0,2,DOWN,UP,0.38011825,0.22550417,0.39437756,False
2025-01-23 18:30:00+00:00,INFY.NS,1782.96044921875,DOWN,1,0,0,DOWN,DOWN,0.486322,0.16467425,0.3490037,True
2025-01-23 18:30:00+00:00,BHARTIARTL.NS,1610.8902587890625,STAY,1,1,0,STAY,DOWN,0.5666298,0.16807927,0.26529086,False
2025-01-23 18:30:00+00:00,RELIANCE.NS,1235.6292724609375,STAY,1,1,2,STAY,UP,0.09996935,0.16395433,0.73607635,False
2025-01-26 18:30:00+00:00,TMPV.NS,701.1552734375,DOWN,1,0,2,DOWN,UP,0.004835594,0.019281382,0.97588295,False
2025-01-26 18:30:00+00:00,BHARTIARTL.NS,1569.5601806640625,STAY,1,1,0,STAY,DOWN,0.45238674,0.2268617,0.32075158,False
2025-01-26 18:30:00+00:00,RELIANCE.NS,1218.82421875,STAY,1,1,2,STAY,UP,0.056955654,0.096925594,0.84611875,False
2025-01-26 18:30:00+00:00,INFY.NS,1732.146484375,DOWN,1,0,0,DOWN,DOWN,0.46530697,0.19181228,0.34288082,True
2025-01-26 18:30:00+00:00,ITC.NS,405.6390075683594,DOWN,1,0,2,DOWN,UP,0.18617469,0.16914122,0.64468414,False
2025-01-26 18:30:00+00:00,HDFCBANK.NS,790.9500122070312,UP,1,2,2,UP,UP,0.12068905,0.28949234,0.5898186,True
2025-01-26 18:30:00+00:00,SBIN.NS,721.4483642578125,DOWN,1,0,2,DOWN,UP,0.13125622,0.20435461,0.66438913,False
2025-01-26 18:30:00+00:00,LT.NS,3392.564453125,DOWN,1,0,0,DOWN,DOWN,0.40608054,0.2184156,0.37550384,True
2025-01-26 18:30:00+00:00,TCS.NS,3855.648681640625,DOWN,1,0,2,DOWN,UP,0.15019234,0.25381213,0.5959955,False
2025-01-26 18:30:00+00:00,ICICIBANK.NS,1208.3603515625,STAY,1,1,2,STAY,UP,0.24095233,0.19557844,0.56346923,False
2025-01-27 18:30:00+00:00,ITC.NS,401.3531494140625,DOWN,1,0,2,DOWN,UP,0.16289945,0.1444933,0.6926073,False
2025-01-27 18:30:00+00:00,BHARTIARTL.NS,1584.9854736328125,UP,1,2,0,UP,DOWN,0.51592845,0.1465236,0.33754793,False
2025-01-27 18:30:00+00:00,LT.NS,3349.637939453125,DOWN,1,0,2,DOWN,UP,0.39560646,0.2045758,0.39981773,False
2025-01-27 18:30:00+00:00,HDFCBANK.NS,810.6534423828125,STAY,1,1,2,STAY,UP,0.15219493,0.20798048,0.63982457,False
2025-01-27 18:30:00+00:00,INFY.NS,1739.51416015625,DOWN,1,0,0,DOWN,DOWN,0.4710947,0.17022811,0.3586772,True
2025-01-27 18:30:00+00:00,TMPV.NS,716.1017456054688,DOWN,1,0,2,DOWN,UP,0.007914617,0.023057738,0.9690277,False
2025-01-27 18:30:00+00:00,RELIANCE.NS,1223.8311767578125,STAY,1,1,2,STAY,UP,0.07109259,0.12930635,0.799601,False
2025-01-27 18:30:00+00:00,ICICIBANK.NS,1227.00830078125,STAY,1,1,2,STAY,UP,0.25219354,0.24866566,0.4991408,False
2025-01-27 18:30:00+00:00,SBIN.NS,724.5298461914062,DOWN,1,0,2,DOWN,UP,0.12542884,0.17201208,0.70255905,False
2025-01-27 18:30:00+00:00,TCS.NS,3832.07958984375,DOWN,1,0,2,DOWN,UP,0.14179973,0.22652201,0.6316783,False
2025-01-28 18:30:00+00:00,HDFCBANK.NS,814.0020141601562,UP,1,2,2,UP,UP,0.108602956,0.32815325,0.56324375,True
2025-01-28 18:30:00+00:00,LT.NS,3384.763916015625,DOWN,1,0,0,DOWN,DOWN,0.4381316,0.20852014,0.35334823,True
2025-01-28 18:30:00+00:00,ICICIBANK.NS,1231.682373046875,STAY,1,1,2,STAY,UP,0.2667842,0.20086294,0.53235286,False
2025-01-28 18:30:00+00:00,INFY.NS,1788.474365234375,DOWN,1,0,0,DOWN,DOWN,0.47941467,0.15597674,0.3646086,True
2025-01-28 18:30:00+00:00,TCS.NS,3888.512939453125,DOWN,1,0,2,DOWN,UP,0.10525059,0.21728763,0.67746174,False
2025-01-28 18:30:00+00:00,RELIANCE.NS,1224.921630859375,STAY,1,1,2,STAY,UP,0.08325722,0.14295194,0.7737909,False
2025-01-28 18:30:00+00:00,TMPV.NS,739.9472045898438,DOWN,1,0,2,DOWN,UP,0.008753894,0.033797268,0.9574489,False
2025-01-28 18:30:00+00:00,SBIN.NS,730.355712890625,DOWN,1,0,2,DOWN,UP,0.1072596,0.21616007,0.6765803,False
2025-01-28 18:30:00+00:00,ITC.NS,399.4175415039063,DOWN,1,0,2,DOWN,UP,0.15825438,0.14069073,0.7010549,False
2025-01-28 18:30:00+00:00,BHARTIARTL.NS,1567.4544677734375,UP,1,2,0,UP,DOWN,0.5021034,0.14830214,0.3495945,False
2025-01-29 18:30:00+00:00,LT.NS,3356.55517578125,DOWN,1,0,2,DOWN,UP,0.349745,0.26334688,0.38690805,False
2025-01-29 18:30:00+00:00,RELIANCE.NS,1242.3214111328125,STAY,1,1,2,STAY,UP,0.11158369,0.19256233,0.69585395,False
2025-01-29 18:30:00+00:00,ICICIBANK.NS,1235.5694580078125,STAY,1,1,2,STAY,UP,0.26461866,0.19978589,0.5355954,False
2025-01-29 18:30:00+00:00,TMPV.NS,685.2254638671875,DOWN,1,0,2,DOWN,UP,0.0055841007,0.022922754,0.9714931,False
2025-01-29 18:30:00+00:00,BHARTIARTL.NS,1606.9237060546875,STAY,1,1,0,STAY,DOWN,0.546723,0.13211055,0.32116646,False
2025-01-29 18:30:00+00:00,SBIN.NS,734.3519897460938,DOWN,1,0,2,DOWN,UP,0.10261648,0.22660655,0.67077696,False
2025-01-29 18:30:00+00:00,HDFCBANK.NS,820.8933715820312,STAY,1,1,2,STAY,UP,0.13398267,0.32545868,0.5405587,False
2025-01-29 18:30:00+00:00,TCS.NS,3888.750244140625,DOWN,1,0,2,DOWN,UP,0.118961856,0.20925798,0.67178017,False
2025-01-29 18:30:00+00:00,INFY.NS,1768.2247314453125,DOWN,1,0,0,DOWN,DOWN,0.49345642,0.16942835,0.33711526,True
2025-01-29 18:30:00+00:00,ITC.NS,402.0444030761719,DOWN,1,0,2,DOWN,UP,0.16319026,0.18291104,0.6538987,False
2025-01-30 18:30:00+00:00,TMPV.NS,704.1543579101562,DOWN,1,0,2,DOWN,UP,0.008900051,0.026050031,0.96505,False
2025-01-30 18:30:00+00:00,BHARTIARTL.NS,1592.7716064453125,STAY,1,1,0,STAY,DOWN,0.5311994,0.15517847,0.31362215,False
2025-01-30 18:30:00+00:00,ICICIBANK.NS,1232.814208984375,STAY,1,1,2,STAY,UP,0.2843785,0.18103477,0.5345867,False
2025-01-30 18:30:00+00:00,RELIANCE.NS,1254.2681884765625,DOWN,1,0,2,DOWN,UP,0.13582104,0.23167473,0.6325043,False
2025-01-30 18:30:00+00:00,LT.NS,3500.248291015625,DOWN,1,0,1,DOWN,STAY,0.29617494,0.36876598,0.33505908,False
2025-01-30 18:30:00+00:00,TCS.NS,3900.4638671875,DOWN,1,0,2,DOWN,UP,0.116652824,0.18102747,0.70231974,False
2025-01-30 18:30:00+00:00,INFY.NS,1787.0960693359375,DOWN,1,0,0,DOWN,DOWN,0.50933987,0.15696819,0.33369195,True
2025-01-30 18:30:00+00:00,ITC.NS,412.4595642089844,DOWN,1,0,2,DOWN,UP,0.17359641,0.21314432,0.61325926,False
2025-01-30 18:30:00+00:00,HDFCBANK.NS,824.4118041992188,STAY,1,1,2,STAY,UP,0.15236762,0.29716477,0.5504676,False
2025-01-30 18:30:00+00:00,SBIN.NS,744.2705078125,DOWN,1,0,2,DOWN,UP,0.103433475,0.23526086,0.66130567,False
2025-01-31 18:30:00+00:00,INFY.NS,1760.0489501953125,DOWN,1,0,0,DOWN,DOWN,0.44929504,0.21023023,0.34047478,True
2025-01-31 18:30:00+00:00,ICICIBANK.NS,1235.520263671875,STAY,1,1,2,STAY,UP,0.26593742,0.1882027,0.54585993,False
2025-01-31 18:30:00+00:00,LT.NS,3382.60546875,DOWN,1,0,2,DOWN,UP,0.2691986,0.27857697,0.45222446,False
2025-01-31 18:30:00+00:00,ITC.NS,426.3310852050781,DOWN,1,0,0,DOWN,DOWN,0.42136592,0.17771593,0.40091816,True
2025-01-31 18:30:00+00:00,RELIANCE.NS,1253.7724609375,DOWN,1,0,2,DOWN,UP,0.20193304,0.20452985,0.59353715,False
2025-01-31 18:30:00+00:00,HDFCBANK.NS,820.6264038085938,STAY,1,1,2,STAY,UP,0.11945657,0.32605267,0.5544908,False
2025-01-31 18:30:00+00:00,TCS.NS,3863.236572265625,DOWN,1,0,2,DOWN,UP,0.1330281,0.20499255,0.6619793,False
2025-01-31 18:30:00+00:00,TMPV.NS,694.7637329101562,DOWN,1,0,2,DOWN,UP,0.00724749,0.044409044,0.94834346,False
2025-01-31 18:30:00+00:00,BHARTIARTL.NS,1589.7845458984375,STAY,1,1,0,STAY,DOWN,0.5223511,0.19220528,0.28544363,False
2025-01-31 18:30:00+00:00,SBIN.NS,737.6260375976562,DOWN,1,0,2,DOWN,UP,0.09827941,0.2432423,0.6584783,False
2025-02-02 18:30:00+00:00,LT.NS,3227.285400390625,STAY,1,1,2,STAY,UP,0.21910682,0.2611403,0.5197529,False
2025-02-02 18:30:00+00:00,BHARTIARTL.NS,1618.2845458984375,STAY,1,1,0,STAY,DOWN,0.56369066,0.13197878,0.30433056,False
2025-02-02 18:30:00+00:00,INFY.NS,1771.40966796875,DOWN,1,0,0,DOWN,DOWN,0.4855476,0.17129344,0.343159,True
2025-02-02 18:30:00+00:00,HDFCBANK.NS,814.341796875,UP,1,2,2,UP,UP,0.10469746,0.3050716,0.59023094,True
2025-02-02 18:30:00+00:00,RELIANCE.NS,1235.232666015625,STAY,1,1,2,STAY,UP,0.11817176,0.15634702,0.7254812,False
2025-02-02 18:30:00+00:00,ICICIBANK.NS,1233.0108642578125,UP,1,2,2,UP,UP,0.23389259,0.23695402,0.52915335,True
2025-02-02 18:30:00+00:00,ITC.NS,418.773193359375,DOWN,1,0,2,DOWN,UP,0.27085295,0.24621344,0.48293355,False
2025-02-02 18:30:00+00:00,SBIN.NS,732.7631225585938,DOWN,1,0,2,DOWN,UP,0.09850882,0.24084407,0.66064715,False
2025-02-02 18:30:00+00:00,TMPV.NS,675.9823608398438,STAY,1,1,2,STAY,UP,0.0058402275,0.021726042,0.9724337,False
2025-02-02 18:30:00+00:00,TCS.NS,3858.968505859375,DOWN,1,0,2,DOWN,UP,0.17633814,0.25461972,0.56904215,False
2025-02-03 18:30:00+00:00,HDFCBANK.NS,835.161376953125,UP,1,2,2,UP,UP,0.26894686,0.24194393,0.4891092,True
2025-02-03 18:30:00+00:00,INFY.NS,1805.1590576171875,DOWN,1,0,0,DOWN,DOWN,0.49545172,0.15675177,0.34779656,True
2025-02-03 18:30:00+00:00,ICICIBANK.NS,1247.9683837890625,UP,1,2,2,UP,UP,0.25882986,0.20684002,0.5343301,True
2025-02-03 18:30:00+00:00,BHARTIARTL.NS,1627.1968994140625,UP,1,2,0,UP,DOWN,0.58560455,0.13116756,0.28322786,False
2025-02-03 18:30:00+00:00,TCS.NS,3895.38916015625,DOWN,1,0,2,DOWN,UP,0.15216249,0.2456588,0.6021787,False
2025-02-03 18:30:00+00:00,SBIN.NS,750.3370971679688,DOWN,1,0,2,DOWN,UP,0.106153734,0.20454901,0.68929726,False
2025-02-03 18:30:00+00:00,ITC.NS,419.5105590820313,DOWN,1,0,2,DOWN,UP,0.21154843,0.22529274,0.56315887,False
2025-02-03 18:30:00+00:00,RELIANCE.NS,1274.196044921875,STAY,1,1,2,STAY,UP,0.21907519,0.16289386,0.6180309,False
2025-02-03 18:30:00+00:00,TMPV.NS,698.697021484375,DOWN,1,0,2,DOWN,UP,0.007723396,0.035357494,0.9569191,False
2025-02-03 18:30:00+00:00,LT.NS,3374.412353515625,DOWN,1,0,2,DOWN,UP,0.26428604,0.24564229,0.49007168,False
2025-02-04 18:30:00+00:00,HDFCBANK.NS,843.363037109375,STAY,1,1,2,STAY,UP,0.36154455,0.25869218,0.37976328,False
2025-02-04 18:30:00+00:00,ITC.NS,413.0586853027344,DOWN,1,0,2,DOWN,UP,0.18566687,0.21750629,0.59682685,False
2025-02-04 18:30:00+00:00,TCS.NS,3880.26171875,DOWN,1,0,2,DOWN,UP,0.14410001,0.23328198,0.622618,False
2025-02-04 18:30:00+00:00,LT.NS,3319.515625,STAY,1,1,2,STAY,UP,0.23642722,0.2842362,0.47933653,False
2025-02-04 18:30:00+00:00,INFY.NS,1803.4952392578125,DOWN,1,0,0,DOWN,DOWN,0.5374596,0.15452409,0.3080163,True
2025-02-04 18:30:00+00:00,SBIN.NS,737.6741943359375,STAY,1,1,2,STAY,UP,0.0961797,0.20724882,0.69657147,False
2025-02-04 18:30:00+00:00,BHARTIARTL.NS,1626.217529296875,UP,1,2,0,UP,DOWN,0.58291656,0.14980347,0.2672799,False
2025-02-04 18:30:00+00:00,ICICIBANK.NS,1247.476318359375,UP,1,2,2,UP,UP,0.22998752,0.21862137,0.5513911,True
2025-02-04 18:30:00+00:00,RELIANCE.NS,1267.2559814453125,STAY,1,1,2,STAY,UP,0.21370281,0.17729427,0.60900295,False
2025-02-04 18:30:00+00:00,TMPV.NS,705.0885009765625,STAY,1,1,2,STAY,UP,0.006920193,0.050910786,0.9421691,False
2025-02-05 18:30:00+00:00,TMPV.NS,697.81201171875,STAY,1,1,2,STAY,UP,0.005849943,0.033830795,0.9603193,False
2025-02-05 18:30:00+00:00,ICICIBANK.NS,1252.1014404296875,UP,1,2,2,UP,UP,0.24156451,0.2004099,0.5580256,True
2025-02-05 18:30:00+00:00,TCS.NS,3872.342041015625,DOWN,1,0,2,DOWN,UP,0.1445748,0.23966387,0.6157613,False
2025-02-05 18:30:00+00:00,RELIANCE.NS,1270.577392578125,STAY,1,1,2,STAY,UP,0.22915915,0.1952707,0.57557017,False
2025-02-05 18:30:00+00:00,SBIN.NS,724.3853759765625,UP,1,2,2,UP,UP,0.09537691,0.17982095,0.7248021,True
2025-02-05 18:30:00+00:00,INFY.NS,1821.177978515625,DOWN,1,0,0,DOWN,DOWN,0.5362447,0.13250898,0.3312463,True
2025-02-05 18:30:00+00:00,LT.NS,3289.63916015625,UP,1,2,2,UP,UP,0.23514414,0.29696998,0.46788588,True
2025-02-05 18:30:00+00:00,BHARTIARTL.NS,1586.3565673828125,UP,1,2,0,UP,DOWN,0.52186096,0.17794006,0.300199,False
2025-02-05 18:30:00+00:00,ITC.NS,406.5607299804688,DOWN,1,0,2,DOWN,UP,0.18275441,0.17421982,0.64302576,False
2025-02-05 18:30:00+00:00,HDFCBANK.NS,846.299072265625,UP,1,2,2,UP,UP,0.38553455,0.20241308,0.4120524,True
2025-02-06 18:30:00+00:00,HDFCBANK.NS,840.9122314453125,UP,1,2,2,UP,UP,0.34195423,0.23153634,0.42650944,True
2025-02-06 18:30:00+00:00,TMPV.NS,694.9603881835938,STAY,1,1,2,STAY,UP,0.0071726735,0.034224994,0.9586023,False
2025-02-06 18:30:00+00:00,ICICIBANK.NS,1236.8487548828125,UP,1,2,2,UP,UP,0.2310883,0.19098122,0.5779305,True
2025-02-06 18:30:00+00:00,BHARTIARTL.NS,1642.1815185546875,UP,1,2,0,UP,DOWN,0.57906723,0.14980815,0.27112463,False
2025-02-06 18:30:00+00:00,SBIN.NS,709.8928833007812,UP,1,2,2,UP,UP,0.06349321,0.15504548,0.7814613,True
2025-02-06 18:30:00+00:00,TCS.NS,3821.741455078125,DOWN,1,0,2,DOWN,UP,0.230016,0.24699455,0.52298945,False
2025-02-06 18:30:00+00:00,LT.NS,3274.08740234375,UP,1,2,2,UP,UP,0.22571436,0.36451563,0.40977007,True
2025-02-06 18:30:00+00:00,RELIANCE.NS,1255.8544921875,STAY,1,1,2,STAY,UP,0.15265487,0.23440872,0.6129364,False
2025-02-06 18:30:00+00:00,INFY.NS,1809.7696533203125,DOWN,1,0,0,DOWN,DOWN,0.5402173,0.14641303,0.31336972,True
2025-02-06 18:30:00+00:00,ITC.NS,397.11334228515625,DOWN,1,0,2,DOWN,UP,0.14572456,0.14167586,0.7125996,False
2025-02-09 18:30:00+00:00,HDFCBANK.NS,832.6619873046875,UP,1,2,2,UP,UP,0.2475313,0.27773002,0.4747387,True
2025-02-09 18:30:00+00:00,TCS.NS,3828.902099609375,DOWN,1,0,2,DOWN,UP,0.24490301,0.21978068,0.5353163,False
2025-02-09 18:30:00+00:00,LT.NS,3265.99267578125,UP,1,2,2,UP,UP,0.21419854,0.37250042,0.413301,True
2025-02-09 18:30:00+00:00,BHARTIARTL.NS,1658.1455078125,UP,1,2,0,UP,DOWN,0.67323613,0.10606406,0.2206998,False
2025-02-09 18:30:00+00:00,ITC.NS,393.7491149902344,DOWN,1,0,2,DOWN,UP,0.13318175,0.12581716,0.74100107,False
2025-02-09 18:30:00+00:00,INFY.NS,1787.5712890625,DOWN,1,0,0,DOWN,DOWN,0.507295,0.16336599,0.32933903,True
2025-02-09 18:30:00+00:00,TMPV.NS,684.3897094726562,STAY,1,1,2,STAY,UP,0.0075901784,0.03819797,0.95421183,False
2025-02-09 18:30:00+00:00,RELIANCE.NS,1242.916259765625,STAY,1,1,2,STAY,UP,0.11270257,0.24992245,0.637375,False
2025-02-09 18:30:00+00:00,SBIN.NS,709.5076904296875,UP,1,2,2,UP,UP,0.06372515,0.17401761,0.7622572,True
2025-02-09 18:30:00+00:00,ICICIBANK.NS,1242.4576416015625,UP,1,2,2,UP,UP,0.20267771,0.19081552,0.60650676,True
2025-02-10 18:30:00+00:00,ICICIBANK.NS,1232.764892578125,UP,1,2,2,UP,UP,0.18421309,0.24418092,0.571606,True
2025-02-10 18:30:00+00:00,SBIN.NS,704.0187377929688,UP,1,2,2,UP,UP,0.05103059,0.17656574,0.77240366,True
2025-02-10 18:30:00+00:00,BHARTIARTL.NS,1661.7691650390625,STAY,1,1,0,STAY,DOWN,0.7008495,0.1011922,0.19795835,False
2025-02-10 18:30:00+00:00,INFY.NS,1783.150634765625,DOWN,1,0,0,DOWN,DOWN,0.454765,0.16288489,0.38235015,True
2025-02-10 18:30:00+00:00,TCS.NS,3759.28515625,DOWN,1,0,2,DOWN,UP,0.26020998,0.25357923,0.48621076,False
2025-02-10 18:30:00+00:00,ITC.NS,385.5459899902344,STAY,1,1,2,STAY,UP,0.12940575,0.10779142,0.7628028,False
2025-02-10 18:30:00+00:00,HDFCBANK.NS,825.6979370117188,UP,1,2,2,UP,UP,0.15801327,0.26112732,0.5808594,True
2025-02-10 18:30:00+00:00,LT.NS,3178.66796875,UP,1,2,2,UP,UP,0.19946173,0.32498336,0.4755549,True
2025-02-10 18:30:00+00:00,TMPV.NS,666.4441528320312,STAY,1,1,2,STAY,UP,0.00482005,0.023543295,0.9716367,False
2025-02-10 18:30:00+00:00,RELIANCE.NS,1224.2772216796875,UP,1,2,2,UP,UP,0.05458003,0.09331952,0.8521005,True
2025-02-11 18:30:00+00:00,INFY.NS,1771.2672119140625,DOWN,1,0,0,DOWN,DOWN,0.45824438,0.14896727,0.39278832,True
2025-02-11 18:30:00+00:00,BHARTIARTL.NS,1676.26416015625,STAY,1,1,0,STAY,DOWN,0.6812478,0.12312429,0.19562796,False
2025-02-11 18:30:00+00:00,RELIANCE.NS,1206.1339111328125,UP,1,2,2,UP,UP,0.05402243,0.06252282,0.88345474,True
2025-02-11 18:30:00+00:00,LT.NS,3227.726806640625,UP,1,2,2,UP,UP,0.25497434,0.299747,0.44527873,True
2025-02-11 18:30:00+00:00,TCS.NS,3746.575439453125,DOWN,1,0,2,DOWN,UP,0.22847646,0.2550597,0.5164639,False
2025-02-11 18:30:00+00:00,HDFCBANK.NS,828.3185424804688,UP,1,2,2,UP,UP,0.17170963,0.24582975,0.58246064,True
2025-02-11 18:30:00+00:00,ICICIBANK.NS,1231.830078125,UP,1,2,2,UP,UP,0.19570506,0.23309603,0.57119894,True
2025-02-11 18:30:00+00:00,SBIN.NS,705.992919921875,UP,1,2,2,UP,UP,0.06612826,0.17737155,0.7565002,True
2025-02-11 18:30:00+00:00,ITC.NS,383.7671508789063,STAY,1,1,2,STAY,UP,0.13129142,0.11652845,0.7521801,False
2025-02-11 18:30:00+00:00,TMPV.NS,672.9340209960938,STAY,1,1,2,STAY,UP,0.00748475,0.034385532,0.95812976,False
2025-02-12 18:30:00+00:00,HDFCBANK.NS,823.9022216796875,UP,1,2,2,UP,UP,0.1435134,0.24599716,0.6104894,True
2025-02-12 18:30:00+00:00,BHARTIARTL.NS,1679.2510986328125,STAY,1,1,0,STAY,DOWN,0.6935701,0.099640496,0.20678945,False
2025-02-12 18:30:00+00:00,ICICIBANK.NS,1228.976318359375,UP,1,2,2,UP,UP,0.1953925,0.21084112,0.5937664,True
2025-02-12 18:30:00+00:00,TCS.NS,3708.63671875,DOWN,1,0,2,DOWN,UP,0.24544533,0.18869147,0.5658632,False
2025-02-12 18:30:00+00:00,INFY.NS,1752.3485107421875,DOWN,1,0,0,DOWN,DOWN,0.4699071,0.15397385,0.37611908,True
2025-02-12 18:30:00+00:00,ITC.NS,383.5798950195313,STAY,1,1,2,STAY,UP,0.12402581,0.10622708,0.76974714,False
2025-02-12 18:30:00+00:00,RELIANCE.NS,1205.687744140625,UP,1,2,2,UP,UP,0.09119516,0.047464855,0.86134,True
2025-02-12 18:30:00+00:00,TMPV.NS,672.4423217773438,STAY,1,1,2,STAY,UP,0.007006553,0.037015244,0.95597816,False
2025-02-12 18:30:00+00:00,SBIN.NS,700.6965942382812,UP,1,2,2,UP,UP,0.043931503,0.13487053,0.821198,True
2025-02-12 18:30:00+00:00,LT.NS,3202.216064453125,UP,1,2,2,UP,UP,0.24921739,0.28949603,0.46128651,True
2025-02-13 18:30:00+00:00,LT.NS,3176.70556640625,UP,1,2,2,UP,UP,0.31637883,0.34012622,0.34349492,True
2025-02-13 18:30:00+00:00,HDFCBANK.NS,822.5191040039062,UP,1,2,2,UP,UP,0.14925428,0.23402208,0.61672366,True
2025-02-13 18:30:00+00:00,SBIN.NS,695.400390625,UP,1,2,2,UP,UP,0.041582804,0.1010077,0.8574095,True
2025-02-13 18:30:00+00:00,RELIANCE.NS,1206.827880859375,UP,1,2,2,UP,UP,0.0797074,0.05196766,0.868325,True
2025-02-13 18:30:00+00:00,BHARTIARTL.NS,1681.6507568359375,UP,1,2,0,UP,DOWN,0.6921747,0.106018156,0.20180716,False
2025-02-13 18:30:00+00:00,TCS.NS,3732.064208984375,DOWN,1,0,2,DOWN,UP,0.24350262,0.2044562,0.5520412,False
2025-02-13 18:30:00+00:00,ICICIBANK.NS,1239.9976806640625,UP,1,2,2,UP,UP,0.21672727,0.2127669,0.5705058,True
2025-02-13 18:30:00+00:00,TMPV.NS,669.2957763671875,STAY,1,1,2,STAY,UP,0.0071510384,0.036678538,0.9561704,False
2025-02-13 18:30:00+00:00,INFY.NS,1764.8499755859375,DOWN,1,0,0,DOWN,DOWN,0.5299655,0.1371232,0.33291125,True
2025-02-13 18:30:00+00:00,ITC.NS,384.0948486328125,STAY,1,1,2,STAY,UP,0.13388623,0.12974016,0.7363736,False
2025-02-16 18:30:00+00:00,TCS.NS,3703.2783203125,DOWN,1,0,2,DOWN,UP,0.25102016,0.2084836,0.54049623,False
2025-02-16 18:30:00+00:00,BHARTIARTL.NS,1641.0062255859375,UP,1,2,0,UP,DOWN,0.55846924,0.15603048,0.28550032,False
2025-02-16 18:30:00+00:00,ITC.NS,382.5500183105469,STAY,1,1,2,STAY,UP,0.12595867,0.1481113,0.72593004,False
2025-02-16 18:30:00+00:00,INFY.NS,1751.4451904296875,DOWN,1,0,0,DOWN,DOWN,0.52928644,0.14400044,0.32671311,True
2025-02-16 18:30:00+00:00,RELIANCE.NS,1214.412353515625,STAY,1,1,2,STAY,UP,0.094420075,0.06868861,0.83689135,False
2025-02-16 18:30:00+00:00,TMPV.NS,675.146484375,DOWN,1,0,2,DOWN,UP,0.008846572,0.03940357,0.95174986,False
2025-02-16 18:30:00+00:00,SBIN.NS,700.7447509765625,UP,1,2,2,UP,UP,0.04455026,0.11293994,0.8425098,True
2025-02-16 18:30:00+00:00,ICICIBANK.NS,1231.1904296875,UP,1,2,2,UP,UP,0.19151422,0.20455901,0.6039268,True
2025-02-16 18:30:00+00:00,LT.NS,3161.203125,UP,1,2,1,UP,STAY,0.26413068,0.4049787,0.3308906,False
2025-02-16 18:30:00+00:00,HDFCBANK.NS,833.4384765625,UP,1,2,2,UP,UP,0.1798775,0.24424583,0.5758767,True
2025-02-17 18:30:00+00:00,TMPV.NS,671.0166015625,DOWN,1,0,2,DOWN,UP,0.0077678734,0.048774242,0.9434579,False
2025-02-17 18:30:00+00:00,RELIANCE.NS,1214.908203125,STAY,1,1,2,STAY,UP,0.102397434,0.06616084,0.8314417,False
2025-02-17 18:30:00+00:00,SBIN.NS,698.9151000976562,UP,1,2,2,UP,UP,0.036485266,0.09489226,0.8686225,True
2025-02-17 18:30:00+00:00,HDFCBANK.NS,836.2047119140625,UP,1,2,2,UP,UP,0.17839551,0.23367123,0.5879333,True
2025-02-17 18:30:00+00:00,TCS.NS,3673.59130859375,DOWN,1,0,2,DOWN,UP,0.20807914,0.32716945,0.46475136,False
2025-02-17 18:30:00+00:00,ITC.NS,379.4136352539063,STAY,1,1,2,STAY,UP,0.054108173,0.11096441,0.83492744,False
2025-02-17 18:30:00+00:00,BHARTIARTL.NS,1634.493408203125,UP,1,2,0,UP,DOWN,0.5551194,0.18301426,0.26186633,False
2025-02-17 18:30:00+00:00,ICICIBANK.NS,1223.2196044921875,UP,1,2,2,UP,UP,0.17745453,0.19856894,0.6239765,True
2025-02-17 18:30:00+00:00,INFY.NS,1760.619384765625,DOWN,1,0,0,DOWN,DOWN,0.55018497,0.12789795,0.32191706,True
2025-02-17 18:30:00+00:00,LT.NS,3159.534912109375,STAY,1,1,1,STAY,STAY,0.28410286,0.39295104,0.32294613,True
2025-02-18 18:30:00+00:00,TCS.NS,3589.0830078125,DOWN,1,0,2,DOWN,UP,0.18021065,0.36424708,0.45554224,False
2025-02-18 18:30:00+00:00,SBIN.NS,700.3595581054688,UP,1,2,2,UP,UP,0.032825965,0.10584097,0.8613331,True
2025-02-18 18:30:00+00:00,RELIANCE.NS,1216.9405517578125,DOWN,1,0,2,DOWN,UP,0.0932608,0.06954701,0.8371922,False
2025-02-18 18:30:00+00:00,BHARTIARTL.NS,1611.281982421875,UP,1,2,0,UP,DOWN,0.5092555,0.17923553,0.31150892,False
2025-02-18 18:30:00+00:00,LT.NS,3214.2353515625,DOWN,1,0,1,DOWN,STAY,0.36817044,0.3945725,0.23725708,False
2025-02-18 18:30:00+00:00,ICICIBANK.NS,1241.5228271484375,UP,1,2,2,UP,UP,0.20488128,0.2179056,0.57721317,True
2025-02-18 18:30:00+00:00,INFY.NS,1721.498779296875,DOWN,1,0,2,DOWN,UP,0.28581464,0.17808194,0.53610337,False
2025-02-18 18:30:00+00:00,TMPV.NS,669.6399536132812,DOWN,1,0,2,DOWN,UP,0.0069585675,0.04424945,0.94879204,False
2025-02-18 18:30:00+00:00,HDFCBANK.NS,838.2186889648438,STAY,1,1,2,STAY,UP,0.17277905,0.28407192,0.54314905,False
2025-02-18 18:30:00+00:00,ITC.NS,380.49029541015625,STAY,1,1,2,STAY,UP,0.044618566,0.1189922,0.8363892,False
2025-02-19 18:30:00+00:00,SBIN.NS,702.6707153320312,UP,1,2,2,UP,UP,0.044886593,0.13866034,0.8164531,True
2025-02-19 18:30:00+00:00,BHARTIARTL.NS,1609.616943359375,UP,1,2,0,UP,DOWN,0.56066906,0.11918319,0.32014772,False
2025-02-19 18:30:00+00:00,RELIANCE.NS,1222.4429931640625,DOWN,1,0,2,DOWN,UP,0.084693894,0.08611961,0.8291865,False
2025-02-19 18:30:00+00:00,TMPV.NS,678.2930908203125,DOWN,1,0,2,DOWN,UP,0.007472908,0.048405495,0.9441216,False
2025-02-19 18:30:00+00:00,LT.NS,3214.137451171875,DOWN,1,0,1,DOWN,STAY,0.3231351,0.3984985,0.2783664,False
2025-02-19 18:30:00+00:00,INFY.NS,1735.14111328125,DOWN,1,0,2,DOWN,UP,0.21276566,0.181713,0.6055213,False
2025-02-19 18:30:00+00:00,ITC.NS,376.4176025390625,UP,1,2,2,UP,UP,0.034361485,0.11521044,0.85042804,True
2025-02-19 18:30:00+00:00,ICICIBANK.NS,1230.009521484375,UP,1,2,2,UP,UP,0.15968339,0.20372543,0.6365912,True
2025-02-19 18:30:00+00:00,TCS.NS,3584.625244140625,DOWN,1,0,2,DOWN,UP,0.17576553,0.27149695,0.55273753,False
2025-02-19 18:30:00+00:00,HDFCBANK.NS,818.758056640625,UP,1,2,2,UP,UP,0.12931792,0.17099656,0.6996855,True
2025-02-20 18:30:00+00:00,TCS.NS,3590.885009765625,DOWN,1,0,2,DOWN,UP,0.17655517,0.29443008,0.52901477,False
2025-02-20 18:30:00+00:00,INFY.NS,1725.4915771484375,DOWN,1,0,2,DOWN,UP,0.34970126,0.1757989,0.47449985,False
2025-02-20 18:30:00+00:00,BHARTIARTL.NS,1605.45458984375,UP,1,2,0,UP,DOWN,0.61002964,0.103331216,0.28663915,False
2025-02-20 18:30:00+00:00,ICICIBANK.NS,1213.2806396484375,UP,1,2,2,UP,UP,0.12828504,0.1868944,0.68482053,True
2025-02-20 18:30:00+00:00,HDFCBANK.NS,821.378662109375,UP,1,2,2,UP,UP,0.1278645,0.19707118,0.6750643,True
2025-02-20 18:30:00+00:00,LT.NS,3252.69775390625,DOWN,1,0,0,DOWN,DOWN,0.4505978,0.32450244,0.22489977,True
2025-02-20 18:30:00+00:00,SBIN.NS,695.255859375,UP,1,2,2,UP,UP,0.030267706,0.10252123,0.86721104,True
2025-02-20 18:30:00+00:00,ITC.NS,375.3409423828125,UP,1,2,2,UP,UP,0.03144092,0.15027565,0.81828344,True
2025-02-20 18:30:00+00:00,RELIANCE.NS,1217.634521484375,DOWN,1,0,2,DOWN,UP,0.06814509,0.0714425,0.8604124,False
2025-02-20 18:30:00+00:00,TMPV.NS,661.9700317382812,DOWN,1,0,2,DOWN,UP,0.0075377184,0.048132543,0.9443298,False
2025-02-23 18:30:00+00:00,SBIN.NS,689.8633422851562,UP,1,2,2,UP,UP,0.020866148,0.07260354,0.9065303,True
2025-02-23 18:30:00+00:00,LT.NS,3196.378173828125,DOWN,1,0,1,DOWN,STAY,0.35344177,0.38813657,0.2584216,False
2025-02-23 18:30:00+00:00,RELIANCE.NS,1204.1510009765625,STAY,1,1,2,STAY,UP,0.056571394,0.060542595,0.882886,False
2025-02-23 18:30:00+00:00,HDFCBANK.NS,813.9049072265625,UP,1,2,2,UP,UP,0.09782005,0.18469213,0.7174878,True
2025-02-23 18:30:00+00:00,TMPV.NS,657.1026000976562,DOWN,1,0,2,DOWN,UP,0.0084969085,0.062396232,0.9291069,False
2025-02-23 18:30:00+00:00,INFY.NS,1677.1016845703125,DOWN,1,0,2,DOWN,UP,0.36590135,0.19756593,0.4365327,False
2025-02-23 18:30:00+00:00,ITC.NS,376.2771911621094,UP,1,2,2,UP,UP,0.03204076,0.13677815,0.8311811,True
2025-02-23 18:30:00+00:00,TCS.NS,3486.174560546875,DOWN,1,0,2,DOWN,UP,0.11955882,0.2881408,0.59230036,False
2025-02-23 18:30:00+00:00,BHARTIARTL.NS,1568.2869873046875,UP,1,2,0,UP,DOWN,0.5459363,0.109334774,0.34472895,False
2025-02-23 18:30:00+00:00,ICICIBANK.NS,1198.9136962890625,UP,1,2,2,UP,UP,0.17377093,0.14831239,0.67791665,True
2025-02-24 18:30:00+00:00,INFY.NS,1680.5242919921875,DOWN,1,0,0,DOWN,DOWN,0.4676213,0.12870961,0.40366915,True
2025-02-24 18:30:00+00:00,LT.NS,3165.176513671875,STAY,1,1,1,STAY,STAY,0.3075048,0.424145,0.26835012,True
2025-02-24 18:30:00+00:00,BHARTIARTL.NS,1607.560302734375,UP,1,2,0,UP,DOWN,0.5405095,0.12138331,0.33810717,False
2025-02-24 18:30:00+00:00,TCS.NS,3442.498046875,DOWN,1,0,2,DOWN,UP,0.14850742,0.27200085,0.57949173,False
2025-02-24 18:30:00+00:00,TMPV.NS,650.5635375976562,DOWN,1,0,2,DOWN,UP,0.011720669,0.072818,0.9154613,False
2025-02-24 18:30:00+00:00,SBIN.NS,684.5670776367188,UP,1,2,2,UP,UP,0.024648909,0.05838592,0.9169651,True
2025-02-24 18:30:00+00:00,ICICIBANK.NS,1204.6212158203125,UP,1,2,2,UP,UP,0.20761952,0.13780846,0.65457207,True
2025-02-24 18:30:00+00:00,RELIANCE.NS,1193.6912841796875,UP,1,2,2,UP,UP,0.064990915,0.05807131,0.8769378,True
2025-02-24 18:30:00+00:00,ITC.NS,379.03912353515625,UP,1,2,2,UP,UP,0.03289257,0.12750575,0.83960164,True
2025-02-24 18:30:00+00:00,HDFCBANK.NS,816.4527587890625,UP,1,2,2,UP,UP,0.10334105,0.17192207,0.72473687,True
2025-02-26 18:30:00+00:00,HDFCBANK.NS,825.3580932617188,UP,1,2,2,UP,UP,0.11542057,0.16594963,0.7186298,True
2025-02-26 18:30:00+00:00,INFY.NS,1677.2919921875,DOWN,1,0,0,DOWN,DOWN,0.4439712,0.13601139,0.42001748,True
2025-02-26 18:30:00+00:00,ITC.NS,375.9963073730469,UP,1,2,2,UP,UP,0.02924423,0.10956344,0.8611923,True
2025-02-26 18:30:00+00:00,ICICIBANK.NS,1202.9482421875,UP,1,2,2,UP,UP,0.21040769,0.15056816,0.63902414,True
2025-02-26 18:30:00+00:00,TCS.NS,3426.3740234375,DOWN,1,0,2,DOWN,UP,0.14423881,0.14973435,0.7060268,False
2025-02-26 18:30:00+00:00,TMPV.NS,637.7312622070312,DOWN,1,0,2,DOWN,UP,0.0061144237,0.04675304,0.9471325,False
2025-02-26 18:30:00+00:00,RELIANCE.NS,1196.7647705078125,UP,1,2,2,UP,UP,0.06724043,0.059122622,0.87363696,True
2025-02-26 18:30:00+00:00,LT.NS,3149.08544921875,STAY,1,1,1,STAY,STAY,0.27627805,0.45478833,0.26893365,True
2025-02-26 18:30:00+00:00,BHARTIARTL.NS,1616.3748779296875,UP,1,2,0,UP,DOWN,0.5344555,0.13842943,0.3271151,False
2025-02-26 18:30:00+00:00,SBIN.NS,677.8263549804688,UP,1,2,2,UP,UP,0.02417176,0.0634059,0.9124224,True
2025-02-27 18:30:00+00:00,TMPV.NS,610.296630859375,STAY,1,1,2,STAY,UP,0.0057870075,0.020156967,0.97405607,False
2025-02-27 18:30:00+00:00,RELIANCE.NS,1189.82470703125,UP,1,2,2,UP,UP,0.07261227,0.0579525,0.8694352,True
2025-02-27 18:30:00+00:00,INFY.NS,1604.469482421875,DOWN,1,0,0,DOWN,DOWN,0.4180542,0.23118058,0.3507652,True
2025-02-27 18:30:00+00:00,HDFCBANK.NS,840.7423095703125,UP,1,2,2,UP,UP,0.19852582,0.19061308,0.6108611,True
2025-02-27 18:30:00+00:00,LT.NS,3104.294921875,UP,1,2,1,UP,STAY,0.33291838,0.3368646,0.330217,False
2025-02-27 18:30:00+00:00,ITC.NS,369.8170776367188,UP,1,2,2,UP,UP,0.015719028,0.041818485,0.9424625,True
2025-02-27 18:30:00+00:00,ICICIBANK.NS,1184.8909912109375,UP,1,2,2,UP,UP,0.21032012,0.16710098,0.62257886,True
2025-02-27 18:30:00+00:00,BHARTIARTL.NS,1537.8282470703125,UP,1,2,0,UP,DOWN,0.43064737,0.18320231,0.38615033,False
2025-02-27 18:30:00+00:00,TCS.NS,3303.73779296875,DOWN,1,0,2,DOWN,UP,0.10458928,0.12040338,0.7750073,False
2025-02-27 18:30:00+00:00,SBIN.NS,663.28564453125,UP,1,2,2,UP,UP,0.024257656,0.0564964,0.9192459,True
2025-03-02 18:30:00+00:00,ICICIBANK.NS,1186.9573974609375,UP,1,2,2,UP,UP,0.23035318,0.15746878,0.6121781,True
2025-03-02 18:30:00+00:00,TMPV.NS,610.788330078125,STAY,1,1,2,STAY,UP,0.0055066715,0.014523375,0.9799699,False
2025-03-02 18:30:00+00:00,TCS.NS,3313.03271484375,DOWN,1,0,2,DOWN,UP,0.16208188,0.1174667,0.7204514,False
2025-03-02 18:30:00+00:00,ITC.NS,372.1109008789063,UP,1,2,2,UP,UP,0.0226592,0.08499285,0.89234793,True
2025-03-02 18:30:00+00:00,INFY.NS,1624.3388671875,DOWN,1,0,2,DOWN,UP,0.42655346,0.14467154,0.42877495,False
2025-03-02 18:30:00+00:00,RELIANCE.NS,1161.2216796875,UP,1,2,2,UP,UP,0.07207319,0.045177713,0.88274914,True
2025-03-02 18:30:00+00:00,SBIN.NS,669.544921875,UP,1,2,2,UP,UP,0.020342244,0.052179012,0.9274787,True
2025-03-02 18:30:00+00:00,BHARTIARTL.NS,1562.9005126953125,UP,1,2,0,UP,DOWN,0.45971903,0.14068514,0.39959583,False
2025-03-02 18:30:00+00:00,HDFCBANK.NS,825.7706909179688,UP,1,2,2,UP,UP,0.09771418,0.23312184,0.669164,True
2025-03-02 18:30:00+00:00,LT.NS,3137.115234375,UP,1,2,1,UP,STAY,0.2933163,0.4022061,0.30447763,False
2025-03-03 18:30:00+00:00,SBIN.NS,689.5262451171875,UP,2,2,2,UP,UP,0.26537594,0.25241688,0.48220718,True
2025-03-03 18:30:00+00:00,INFY.NS,1605.0400390625,DOWN,2,0,2,DOWN,UP,0.31310782,0.2157475,0.4711447,False
2025-03-03 18:30:00+00:00,TCS.NS,3350.022705078125,DOWN,2,0,2,DOWN,UP,0.11554783,0.18469618,0.69975597,False
2025-03-03 18:30:00+00:00,TMPV.NS,608.870849609375,STAY,2,1,0,STAY,DOWN,0.6138719,0.07908108,0.30704704,False
2025-03-03 18:30:00+00:00,ITC.NS,369.6766662597656,UP,2,2,2,UP,UP,0.036060385,0.108390085,0.8555496,True
2025-03-03 18:30:00+00:00,ICICIBANK.NS,1191.0904541015625,UP,2,2,0,UP,DOWN,0.4404697,0.20092347,0.35860682,False
2025-03-03 18:30:00+00:00,BHARTIARTL.NS,1542.8720703125,UP,2,2,2,UP,UP,0.31123215,0.22136936,0.46739846,True
2025-03-03 18:30:00+00:00,LT.NS,3152.519775390625,STAY,2,1,2,STAY,UP,0.33985564,0.17762929,0.48251504,False
2025-03-03 18:30:00+00:00,HDFCBANK.NS,829.8714599609375,UP,2,2,2,UP,UP,0.12332396,0.30060884,0.5760672,True
2025-03-03 18:30:00+00:00,RELIANCE.NS,1151.9517822265625,UP,2,2,2,UP,UP,0.2117792,0.15140174,0.63681906,True
2025-03-04 18:30:00+00:00,SBIN.NS,703.2965698242188,UP,2,2,2,UP,UP,0.2355601,0.21802947,0.54641044,True
2025-03-04 18:30:00+00:00,ICICIBANK.NS,1196.3057861328125,UP,2,2,0,UP,DOWN,0.4213557,0.21477045,0.3638738,False
2025-03-04 18:30:00+00:00,BHARTIARTL.NS,1584.8875732421875,UP,2,2,2,UP,UP,0.31477565,0.20779128,0.47743303,True
2025-03-04 18:30:00+00:00,ITC.NS,379.2263488769531,UP,2,2,2,UP,UP,0.051876966,0.13193512,0.8161879,True
2025-03-04 18:30:00+00:00,TCS.NS,3364.249755859375,DOWN,2,0,2,DOWN,UP,0.11904566,0.17420615,0.7067481,False
2025-03-04 18:30:00+00:00,HDFCBANK.NS,820.1654052734375,UP,2,2,2,UP,UP,0.10933123,0.19527814,0.69539064,True
2025-03-04 18:30:00+00:00,LT.NS,3178.66796875,STAY,2,1,0,STAY,DOWN,0.5733294,0.15506625,0.27160436,False
2025-03-04 18:30:00+00:00,TMPV.NS,630.1104736328125,UP,2,2,0,UP,DOWN,0.60912895,0.12054316,0.27032796,False
2025-03-04 18:30:00+00:00,INFY.NS,1627.0958251953125,DOWN,2,0,2,DOWN,UP,0.28458664,0.19230351,0.52310985,False
2025-03-04 18:30:00+00:00,RELIANCE.NS,1165.5345458984375,UP,2,2,2,UP,UP,0.19151296,0.15485527,0.6536318,True
2025-03-05 18:30:00+00:00,ICICIBANK.NS,1198.618408203125,UP,2,2,0,UP,DOWN,0.3899851,0.22588742,0.3841274,False
2025-03-05 18:30:00+00:00,TCS.NS,3415.98828125,DOWN,2,0,2,DOWN,UP,0.15014884,0.15331301,0.69653815,False
2025-03-05 18:30:00+00:00,SBIN.NS,704.93359375,UP,2,2,2,UP,UP,0.21207415,0.2447516,0.5431742,True
2025-03-05 18:30:00+00:00,INFY.NS,1631.2313232421875,DOWN,2,0,2,DOWN,UP,0.29056233,0.19183712,0.5176006,False
2025-03-05 18:30:00+00:00,ITC.NS,379.8349609375,UP,2,2,2,UP,UP,0.06485016,0.12465619,0.8104937,True
2025-03-05 18:30:00+00:00,LT.NS,3198.53662109375,STAY,2,1,0,STAY,DOWN,0.55232686,0.17989364,0.2677795,False
2025-03-05 18:30:00+00:00,BHARTIARTL.NS,1593.3592529296875,UP,2,2,2,UP,UP,0.3119074,0.17838688,0.5097057,True
2025-03-05 18:30:00+00:00,TMPV.NS,628.979736328125,UP,2,2,0,UP,DOWN,0.6567875,0.112750456,0.23046203,False
2025-03-05 18:30:00+00:00,HDFCBANK.NS,820.7477416992188,UP,2,2,2,UP,UP,0.11845191,0.1584163,0.7231318,True
2025-03-05 18:30:00+00:00,RELIANCE.NS,1199.243408203125,UP,2,2,2,UP,UP,0.29673567,0.20849653,0.4947678,True
2025-03-06 18:30:00+00:00,LT.NS,3183.623046875,STAY,2,1,0,STAY,DOWN,0.44960955,0.2503479,0.30004257,False
2025-03-06 18:30:00+00:00,ICICIBANK.NS,1195.17431640625,UP,2,2,2,UP,UP,0.3639245,0.23009509,0.40598044,True
2025-03-06 18:30:00+00:00,BHARTIARTL.NS,1597.0809326171875,UP,2,2,2,UP,UP,0.29586795,0.18970498,0.51442707,True
2025-03-06 18:30:00+00:00,TCS.NS,3425.09375,DOWN,2,0,2,DOWN,UP,0.15912876,0.16542195,0.6754493,False
2025-03-06 18:30:00+00:00,SBIN.NS,705.6077270507812,UP,2,2,2,UP,UP,0.17788786,0.18048984,0.6416223,True
2025-03-06 18:30:00+00:00,HDFCBANK.NS,819.8014526367188,UP,2,2,2,UP,UP,0.11466914,0.20488176,0.6804491,True
2025-03-06 18:30:00+00:00,ITC.NS,378.1496887207031,UP,2,2,2,UP,UP,0.054434054,0.14885199,0.7967139,True
2025-03-06 18:30:00+00:00,RELIANCE.NS,1239.0992431640625,UP,2,2,2,UP,UP,0.26640007,0.26686257,0.46673736,True
2025-03-06 18:30:00+00:00,INFY.NS,1602.853271484375,DOWN,2,0,2,DOWN,UP,0.30737323,0.22219297,0.4704338,False
2025-03-06 18:30:00+00:00,TMPV.NS,637.4853515625,STAY,2,1,0,STAY,DOWN,0.64086294,0.13186668,0.22727042,False
2025-03-09 18:30:00+00:00,ITC.NS,379.1795349121094,UP,2,2,2,UP,UP,0.05684543,0.22038104,0.72277355,True
2025-03-09 18:30:00+00:00,HDFCBANK.NS,818.9521484375,UP,2,2,2,UP,UP,0.09021719,0.18071297,0.7290698,True
2025-03-09 18:30:00+00:00,ICICIBANK.NS,1195.469482421875,UP,2,2,2,UP,UP,0.34757024,0.23468988,0.41773984,True
2025-03-09 18:30:00+00:00,BHARTIARTL.NS,1597.32568359375,UP,2,2,2,UP,UP,0.35454813,0.16522163,0.4802303,True
2025-03-09 18:30:00+00:00,RELIANCE.NS,1227.7967529296875,UP,2,2,2,UP,UP,0.24921386,0.27253574,0.47825035,True
2025-03-09 18:30:00+00:00,LT.NS,3117.884033203125,UP,2,2,0,UP,DOWN,0.48195267,0.21399574,0.30405164,False
2025-03-09 18:30:00+00:00,INFY.NS,1617.5413818359375,DOWN,2,0,2,DOWN,UP,0.30472165,0.1822173,0.51306105,False
2025-03-09 18:30:00+00:00,TCS.NS,3404.654052734375,DOWN,2,0,2,DOWN,UP,0.09466839,0.09730753,0.8080241,False
2025-03-09 18:30:00+00:00,SBIN.NS,701.9003295898438,UP,2,2,2,UP,UP,0.18531361,0.18547535,0.629211,True
2025-03-09 18:30:00+00:00,TMPV.NS,637.3379516601562,UP,2,2,0,UP,DOWN,0.6320898,0.1410431,0.22686706,False
2025-03-10 18:30:00+00:00,BHARTIARTL.NS,1628.6658935546875,UP,2,2,2,UP,UP,0.38877454,0.21485968,0.39636576,True
2025-03-10 18:30:00+00:00,HDFCBANK.NS,817.9815063476562,UP,2,2,2,UP,UP,0.09378116,0.17629015,0.7299287,True
2025-03-10 18:30:00+00:00,ITC.NS,380.3030700683594,UP,2,2,2,UP,UP,0.07001931,0.23190118,0.6980795,True
2025-03-10 18:30:00+00:00,SBIN.NS,702.8150634765625,UP,2,2,2,UP,UP,0.16147839,0.15852936,0.6799923,True
2025-03-10 18:30:00+00:00,TMPV.NS,637.2395629882812,UP,2,2,0,UP,DOWN,0.66775465,0.12182129,0.21042399,False
2025-03-10 18:30:00+00:00,RELIANCE.NS,1236.62060546875,UP,2,2,2,UP,UP,0.29851902,0.27349254,0.4279884,True
2025-03-10 18:30:00+00:00,TCS.NS,3391.0439453125,DOWN,2,0,2,DOWN,UP,0.07675515,0.08459124,0.83865356,False
2025-03-10 18:30:00+00:00,LT.NS,3135.300048828125,UP,2,2,0,UP,DOWN,0.46788844,0.18987091,0.34224063,False
2025-03-10 18:30:00+00:00,ICICIBANK.NS,1225.5321044921875,UP,2,2,2,UP,UP,0.35048115,0.2308814,0.4186375,True
2025-03-10 18:30:00+00:00,INFY.NS,1579.656494140625,DOWN,2,0,2,DOWN,UP,0.31391597,0.25292963,0.43315437,False
2025-03-11 18:30:00+00:00,LT.NS,3133.53369140625,UP,2,2,0,UP,DOWN,0.5071804,0.1617055,0.33111408,False
2025-03-11 18:30:00+00:00,BHARTIARTL.NS,1608.9803466796875,UP,2,2,2,UP,UP,0.34225348,0.23509914,0.42264742,True
2025-03-11 18:30:00+00:00,INFY.NS,1512.395751953125,DOWN,2,0,2,DOWN,UP,0.32781145,0.15634741,0.5158412,False
2025-03-11 18:30:00+00:00,HDFCBANK.NS,830.4296875,UP,2,2,2,UP,UP,0.12074479,0.23790973,0.64134544,True
2025-03-11 18:30:00+00:00,ICICIBANK.NS,1224.105224609375,UP,2,2,2,UP,UP,0.34300986,0.23553331,0.42145684,True
2025-03-11 18:30:00+00:00,RELIANCE.NS,1246.287109375,UP,2,2,0,UP,DOWN,0.36436793,0.27759323,0.35803884,False
2025-03-11 18:30:00+00:00,TMPV.NS,657.1517944335938,DOWN,2,0,0,DOWN,DOWN,0.70814323,0.112889975,0.1789668,True
2025-03-11 18:30:00+00:00,ITC.NS,386.1077575683594,UP,2,2,2,UP,UP,0.09739885,0.22903076,0.6735704,True
2025-03-11 18:30:00+00:00,TCS.NS,3325.5048828125,STAY,2,1,2,STAY,UP,0.0720705,0.0899849,0.83794457,False
2025-03-11 18:30:00+00:00,SBIN.NS,696.2670288085938,UP,2,2,2,UP,UP,0.16172488,0.18565078,0.6526243,True
2025-03-12 18:30:00+00:00,SBIN.NS,700.88916015625,UP,2,2,2,UP,UP,0.17011003,0.17229769,0.6575923,True
2025-03-12 18:30:00+00:00,ITC.NS,385.7800598144531,UP,2,2,2,UP,UP,0.11177084,0.22325079,0.6649783,True
2025-03-12 18:30:00+00:00,TCS.NS,3330.10498046875,DOWN,2,0,2,DOWN,UP,0.06378786,0.09346391,0.8427482,False
2025-03-12 18:30:00+00:00,HDFCBANK.NS,828.2214965820312,UP,2,2,2,UP,UP,0.11333928,0.24017261,0.64648813,True
2025-03-12 18:30:00+00:00,INFY.NS,1501.938232421875,DOWN,2,0,2,DOWN,UP,0.3191822,0.122790456,0.5580274,False
2025-03-12 18:30:00+00:00,ICICIBANK.NS,1230.1080322265625,UP,2,2,2,UP,UP,0.3263736,0.22671552,0.44691086,True
2025-03-12 18:30:00+00:00,RELIANCE.NS,1237.215576171875,UP,2,2,2,UP,UP,0.38433537,0.1986007,0.41706398,True
2025-03-12 18:30:00+00:00,TMPV.NS,644.5653076171875,STAY,2,1,0,STAY,DOWN,0.65921545,0.15844218,0.18234237,False
2025-03-12 18:30:00+00:00,BHARTIARTL.NS,1598.84375,UP,2,2,2,UP,UP,0.3606109,0.21803583,0.42135325,True
2025-03-12 18:30:00+00:00,LT.NS,3127.303466796875,UP,2,2,0,UP,DOWN,0.51635134,0.16426653,0.31938213,False
2025-03-16 18:30:00+00:00,SBIN.NS,696.3633422851562,UP,2,2,2,UP,UP,0.13605706,0.15134212,0.7126008,True
2025-03-16 18:30:00+00:00,RELIANCE.NS,1228.2427978515625,UP,2,2,2,UP,UP,0.3203508,0.19070193,0.4889473,True
2025-03-16 18:30:00+00:00,BHARTIARTL.NS,1605.356689453125,UP,2,2,2,UP,UP,0.33966345,0.23772539,0.42261118,True
2025-03-16 18:30:00+00:00,LT.NS,3113.714111328125,UP,2,2,0,UP,DOWN,0.537015,0.16203971,0.30094528,False
2025-03-16 18:30:00+00:00,HDFCBANK.NS,830.0656127929688,UP,2,2,2,UP,UP,0.10952698,0.271776,0.61869705,True
2025-03-16 18:30:00+00:00,ITC.NS,381.94146728515625,UP,2,2,2,UP,UP,0.07764446,0.18116626,0.7411893,True
2025-03-16 18:30:00+00:00,INFY.NS,1511.6353759765625,DOWN,2,0,2,DOWN,UP,0.38320026,0.14524648,0.47155327,False
2025-03-16 18:30:00+00:00,ICICIBANK.NS,1248.755615234375,UP,2,2,0,UP,DOWN,0.42583773,0.22283882,0.35132352,False
2025-03-16 18:30:00+00:00,TCS.NS,3317.443115234375,STAY,2,1,2,STAY,UP,0.06259918,0.09762252,0.83977836,False
2025-03-16 18:30:00+00:00,TMPV.NS,650.022705078125,STAY,2,1,0,STAY,DOWN,0.67316854,0.13541132,0.19142018,False
2025-03-17 18:30:00+00:00,BHARTIARTL.NS,1605.356689453125,UP,2,2,2,UP,UP,0.29494968,0.18236521,0.5226851,True
2025-03-17 18:30:00+00:00,ITC.NS,383.0181579589844,UP,2,2,2,UP,UP,0.10347869,0.175107,0.72141427,True
2025-03-17 18:30:00+00:00,TCS.NS,3317.443115234375,STAY,2,1,2,STAY,UP,0.046511833,0.09964737,0.85384077,False
2025-03-17 18:30:00+00:00,RELIANCE.NS,1228.2427978515625,UP,2,2,2,UP,UP,0.259296,0.20010684,0.54059714,True
2025-03-17 18:30:00+00:00,INFY.NS,1511.6353759765625,DOWN,2,0,2,DOWN,UP,0.2555752,0.11691854,0.62750626,False
2025-03-17 18:30:00+00:00,ICICIBANK.NS,1248.755615234375,UP,2,2,2,UP,UP,0.31744245,0.1834597,0.4990978,True
2025-03-17 18:30:00+00:00,TMPV.NS,650.022705078125,STAY,2,1,0,STAY,DOWN,0.6182577,0.10349694,0.27824536,False
2025-03-17 18:30:00+00:00,HDFCBANK.NS,830.0656127929688,UP,2,2,2,UP,UP,0.092753425,0.22179905,0.6854475,True
2025-03-17 18:30:00+00:00,SBIN.NS,696.3633422851562,UP,2,2,2,UP,UP,0.10759351,0.15364279,0.7387637,True
2025-03-17 18:30:00+00:00,LT.NS,3113.714111328125,UP,2,2,0,UP,DOWN,0.4708389,0.16182822,0.36733285,False
2025-03-18 18:30:00+00:00,ITC.NS,377.3538208007813,UP,2,2,2,UP,UP,0.07460286,0.17657049,0.7488267,True
2025-03-19 18:30:00+00:00,TMPV.NS,678.5389404296875,STAY,2,1,0,STAY,DOWN,0.6633227,0.108798474,0.22787887,False
2025-03-19 18:30:00+00:00,HDFCBANK.NS,858.3831787109375,UP,2,2,2,UP,UP,0.21337329,0.32187617,0.4647505,True
2025-03-19 18:30:00+00:00,TCS.NS,3379.51953125,DOWN,2,0,2,DOWN,UP,0.061592195,0.080638066,0.8577697,False
2025-03-19 18:30:00+00:00,BHARTIARTL.NS,1670.0938720703125,UP,2,2,0,UP,DOWN,0.51832265,0.24292931,0.23874801,False
2025-03-19 18:30:00+00:00,INFY.NS,1535.8778076171875,DOWN,2,0,2,DOWN,UP,0.28983152,0.26995045,0.44021806,False
2025-03-19 18:30:00+00:00,LT.NS,3287.970947265625,STAY,2,1,0,STAY,DOWN,0.63511777,0.14480318,0.2200791,False
2025-03-19 18:30:00+00:00,RELIANCE.NS,1258.2835693359375,UP,2,2,2,UP,UP,0.37547904,0.19893262,0.4255883,True
2025-03-19 18:30:00+00:00,SBIN.NS,721.7853393554688,UP,2,2,2,UP,UP,0.13131289,0.12306222,0.7456249,True
2025-03-19 18:30:00+00:00,ICICIBANK.NS,1300.6148681640625,UP,2,2,0,UP,DOWN,0.44335032,0.16556855,0.39108112,False
2025-03-19 18:30:00+00:00,ITC.NS,378.1965026855469,UP,2,2,2,UP,UP,0.07214361,0.1396751,0.7881813,True
2025-03-20 18:30:00+00:00,ICICIBANK.NS,1321.6734619140625,UP,2,2,0,UP,DOWN,0.61513126,0.19104248,0.19382627,False
2025-03-20 18:30:00+00:00,SBIN.NS,725.3001708984375,UP,2,2,2,UP,UP,0.15202579,0.1187327,0.7292415,True
2025-03-20 18:30:00+00:00,TCS.NS,3393.699951171875,DOWN,2,0,2,DOWN,UP,0.092505194,0.095814824,0.81168,False
2025-03-20 18:30:00+00:00,ITC.NS,379.6944580078125,UP,2,2,2,UP,UP,0.069069736,0.15335679,0.77757347,True
2025-03-20 18:30:00+00:00,INFY.NS,1514.011962890625,DOWN,2,0,2,DOWN,UP,0.25190496,0.19068278,0.55741227,False
2025-03-20 18:30:00+00:00,TMPV.NS,691.2237548828125,STAY,2,1,0,STAY,DOWN,0.6460179,0.114505395,0.23947665,False
2025-03-20 18:30:00+00:00,RELIANCE.NS,1265.4217529296875,UP,2,2,0,UP,DOWN,0.51242477,0.26200402,0.22557117,False
2025-03-20 18:30:00+00:00,HDFCBANK.NS,859.1596069335938,UP,2,2,2,UP,UP,0.22539465,0.32091132,0.45369405,True
2025-03-20 18:30:00+00:00,BHARTIARTL.NS,1690.2203369140625,UP,2,2,0,UP,DOWN,0.6497907,0.15782332,0.19238597,False
2025-03-20 18:30:00+00:00,LT.NS,3351.6494140625,STAY,2,1,0,STAY,DOWN,0.6058142,0.18107104,0.21311478,False
2025-03-23 18:30:00+00:00,SBIN.NS,751.8778076171875,UP,2,2,2,UP,UP,0.2158565,0.112914175,0.6712293,True
2025-03-23 18:30:00+00:00,ICICIBANK.NS,1336.4835205078125,UP,2,2,0,UP,DOWN,0.5614855,0.23076513,0.20774935,False
2025-03-23 18:30:00+00:00,HDFCBANK.NS,873.5489501953125,UP,2,2,1,UP,STAY,0.35298225,0.3616895,0.28532827,False
2025-03-23 18:30:00+00:00,TMPV.NS,701.5977783203125,STAY,2,1,0,STAY,DOWN,0.64557403,0.11220083,0.24222513,False
2025-03-23 18:30:00+00:00,LT.NS,3416.30908203125,UP,2,2,0,UP,DOWN,0.63167113,0.184411,0.18391782,False
2025-03-23 18:30:00+00:00,RELIANCE.NS,1290.9512939453125,UP,2,2,0,UP,DOWN,0.55870765,0.263236,0.17805634,False
2025-03-23 18:30:00+00:00,ITC.NS,384.703369140625,UP,2,2,2,UP,UP,0.10643559,0.21038494,0.6831795,True
2025-03-23 18:30:00+00:00,INFY.NS,1514.2021484375,UP,2,2,2,UP,UP,0.2167168,0.19259019,0.59069306,True
2025-03-23 18:30:00+00:00,BHARTIARTL.NS,1683.3646240234375,UP,2,2,0,UP,DOWN,0.6541539,0.17153862,0.17430745,False
2025-03-23 18:30:00+00:00,TCS.NS,3441.9287109375,STAY,2,1,2,STAY,UP,0.141254,0.1388883,0.71985775,False
2025-03-24 18:30:00+00:00,INFY.NS,1548.141357421875,DOWN,2,0,2,DOWN,UP,0.3143934,0.20466949,0.48093706,False
2025-03-24 18:30:00+00:00,ICICIBANK.NS,1322.263916015625,UP,2,2,0,UP,DOWN,0.6383504,0.19354539,0.16810416,False
2025-03-24 18:30:00+00:00,SBIN.NS,744.2222900390625,UP,2,2,2,UP,UP,0.2260933,0.0989502,0.67495644,True
2025-03-24 18:30:00+00:00,RELIANCE.NS,1274.4439697265625,UP,2,2,0,UP,DOWN,0.5678239,0.26980236,0.1623737,False
2025-03-24 18:30:00+00:00,ITC.NS,383.6735229492188,UP,2,2,2,UP,UP,0.11589846,0.16734535,0.71675617,True
2025-03-24 18:30:00+00:00,LT.NS,3404.28955078125,UP,2,2,0,UP,DOWN,0.55496347,0.24468929,0.20034727,False
2025-03-24 18:30:00+00:00,BHARTIARTL.NS,1694.8233642578125,UP,2,2,0,UP,DOWN,0.7423191,0.12850645,0.12917444,False
2025-03-24 18:30:00+00:00,HDFCBANK.NS,883.9586791992188,UP,2,2,0,UP,DOWN,0.3678481,0.33526343,0.29688853,False
2025-03-24 18:30:00+00:00,TCS.NS,3469.24462890625,DOWN,2,0,2,DOWN,UP,0.24192986,0.16931537,0.58875483,False
2025-03-24 18:30:00+00:00,TMPV.NS,698.4511108398438,STAY,2,1,0,STAY,DOWN,0.64415294,0.08856421,0.26728284,False
2025-03-25 18:30:00+00:00,HDFCBANK.NS,876.7277221679688,UP,2,2,1,UP,STAY,0.33428285,0.40277568,0.26294148,False
2025-03-25 18:30:00+00:00,ICICIBANK.NS,1314.58837890625,UP,2,2,0,UP,DOWN,0.66948533,0.18436924,0.14614543,False
2025-03-25 18:30:00+00:00,TMPV.NS,696.4353637695312,STAY,2,1,0,STAY,DOWN,0.6235388,0.09002115,0.28644004,False
2025-03-25 18:30:00+00:00,ITC.NS,381.3797302246094,UP,2,2,2,UP,UP,0.07307645,0.19674,0.7301835,True
2025-03-25 18:30:00+00:00,SBIN.NS,735.7001342773438,UP,2,2,2,UP,UP,0.18952782,0.105147794,0.70532435,True
2025-03-25 18:30:00+00:00,INFY.NS,1520.5716552734375,STAY,2,1,2,STAY,UP,0.21854474,0.2140775,0.5673777,False
2025-03-25 18:30:00+00:00,LT.NS,3379.95654296875,UP,2,2,0,UP,DOWN,0.5713212,0.2507185,0.17796029,False
2025-03-25 18:30:00+00:00,RELIANCE.NS,1262.150146484375,UP,2,2,0,UP,DOWN,0.5195089,0.32281807,0.15767302,False
2025-03-25 18:30:00+00:00,BHARTIARTL.NS,1702.70751953125,UP,2,2,0,UP,DOWN,0.7343428,0.12995745,0.1356997,False
2025-03-25 18:30:00+00:00,TCS.NS,3448.42578125,DOWN,2,0,2,DOWN,UP,0.1452756,0.17824955,0.67647487,False
2025-03-26 18:30:00+00:00,TMPV.NS,657.3975830078125,UP,2,2,0,UP,DOWN,0.72022927,0.09724161,0.1825291,False
2025-03-26 18:30:00+00:00,INFY.NS,1524.469482421875,STAY,2,1,2,STAY,UP,0.25890532,0.19912004,0.5419746,False
2025-03-26 18:30:00+00:00,TCS.NS,3463.031982421875,STAY,2,1,2,STAY,UP,0.22347808,0.18335582,0.59316605,False
2025-03-26 18:30:00+00:00,BHARTIARTL.NS,1689.142822265625,UP,2,2,0,UP,DOWN,0.67996705,0.16117206,0.15886086,False
2025-03-26 18:30:00+00:00,ICICIBANK.NS,1315.326416015625,UP,2,2,0,UP,DOWN,0.66101855,0.19314918,0.14583226,False
2025-03-26 18:30:00+00:00,LT.NS,3435.687255859375,UP,2,2,0,UP,DOWN,0.5837605,0.2056121,0.21062739,False
2025-03-26 18:30:00+00:00,ITC.NS,383.3458557128906,UP,2,2,2,UP,UP,0.1017963,0.16454357,0.73366016,True
2025-03-26 18:30:00+00:00,HDFCBANK.NS,885.8513793945312,UP,2,2,0,UP,DOWN,0.37169597,0.33418292,0.29412115,False
2025-03-26 18:30:00+00:00,SBIN.NS,743.6926879882812,UP,2,2,2,UP,UP,0.2083863,0.107276365,0.6843373,True
2025-03-26 18:30:00+00:00,RELIANCE.NS,1267.2559814453125,UP,2,2,0,UP,DOWN,0.50323766,0.35601667,0.14074565,False
2025-03-27 18:30:00+00:00,INFY.NS,1493.1920166015625,STAY,2,1,2,STAY,UP,0.17941678,0.18930712,0.63127613,False
2025-03-27 18:30:00+00:00,TMPV.NS,663.19921875,UP,2,2,0,UP,DOWN,0.6486709,0.088594355,0.26273474,False
2025-03-27 18:30:00+00:00,HDFCBANK.NS,887.2345581054688,UP,2,2,1,UP,STAY,0.372228,0.3815525,0.2462195,False
2025-03-27 18:30:00+00:00,BHARTIARTL.NS,1697.6636962890625,UP,2,2,0,UP,DOWN,0.70025307,0.13488095,0.16486599,False
2025-03-27 18:30:00+00:00,RELIANCE.NS,1264.1824951171875,UP,2,2,0,UP,DOWN,0.4710638,0.28331175,0.24562442,False
2025-03-27 18:30:00+00:00,LT.NS,3426.562255859375,UP,2,2,0,UP,DOWN,0.5960872,0.21444416,0.18946858,False
2025-03-27 18:30:00+00:00,ITC.NS,383.626708984375,UP,2,2,2,UP,UP,0.111201264,0.20370753,0.68509126,True
2025-03-27 18:30:00+00:00,TCS.NS,3420.303466796875,STAY,2,1,2,STAY,UP,0.13165353,0.17253935,0.6958071,False
2025-03-27 18:30:00+00:00,ICICIBANK.NS,1326.8397216796875,UP,2,2,0,UP,DOWN,0.6421998,0.18899302,0.16880712,False
2025-03-27 18:30:00+00:00,SBIN.NS,742.92236328125,UP,2,2,2,UP,UP,0.21863665,0.116464406,0.664899,True
2025-03-31 18:30:00+00:00,ITC.NS,380.724365234375,UP,2,2,2,UP,UP,0.06513363,0.19247393,0.7423924,True
2025-03-31 18:30:00+00:00,BHARTIARTL.NS,1688.6043701171875,UP,2,2,0,UP,DOWN,0.7772819,0.119848795,0.10286932,False
2025-03-31 18:30:00+00:00,HDFCBANK.NS,857.9464111328125,UP,2,2,2,UP,UP,0.260406,0.26911646,0.47047755,True
2025-03-31 18:30:00+00:00,SBIN.NS,743.1149291992188,UP,2,2,2,UP,UP,0.19950515,0.11374907,0.68674576,True
2025-03-31 18:30:00+00:00,TCS.NS,3367.806396484375,STAY,2,1,2,STAY,UP,0.07417834,0.087874345,0.83794725,False
2025-03-31 18:30:00+00:00,TMPV.NS,660.6425170898438,UP,2,2,0,UP,DOWN,0.679438,0.055139814,0.26542217,False
2025-03-31 18:30:00+00:00,LT.NS,3372.10693359375,UP,2,2,0,UP,DOWN,0.50969046,0.31015855,0.180151,False
2025-03-31 18:30:00+00:00,INFY.NS,1451.21923828125,UP,2,2,2,UP,UP,0.15617849,0.11023003,0.73359144,True
2025-03-31 18:30:00+00:00,ICICIBANK.NS,1297.4166259765625,UP,2,2,0,UP,DOWN,0.6231809,0.25165352,0.12516554,False
2025-03-31 18:30:00+00:00,RELIANCE.NS,1241.8751220703125,UP,2,2,0,UP,DOWN,0.41152227,0.30579296,0.28268474,False
2025-04-01 18:30:00+00:00,TCS.NS,3361.3095703125,STAY,2,1,2,STAY,UP,0.06863075,0.08941338,0.84195584,False
2025-04-01 18:30:00+00:00,TMPV.NS,660.6917114257812,UP,2,2,0,UP,DOWN,0.5820304,0.057401128,0.3605685,False
2025-04-01 18:30:00+00:00,LT.NS,3355.52490234375,UP,2,2,0,UP,DOWN,0.5213737,0.29432338,0.18430291,False
2025-04-01 18:30:00+00:00,RELIANCE.NS,1240.437744140625,UP,2,2,0,UP,DOWN,0.47852027,0.2726083,0.24887136,False
2025-04-01 18:30:00+00:00,BHARTIARTL.NS,1718.426513671875,UP,2,2,0,UP,DOWN,0.78152347,0.1086968,0.10977976,False
2025-04-01 18:30:00+00:00,ICICIBANK.NS,1310.0125732421875,UP,2,2,0,UP,DOWN,0.5753091,0.2302922,0.19439869,False
2025-04-01 18:30:00+00:00,SBIN.NS,747.20751953125,UP,2,2,2,UP,UP,0.17380366,0.11836119,0.70783514,True
2025-04-01 18:30:00+00:00,INFY.NS,1473.7030029296875,STAY,2,1,2,STAY,UP,0.15163006,0.17785454,0.6705154,False
2025-04-01 18:30:00+00:00,ITC.NS,382.9713439941406,UP,2,2,2,UP,UP,0.17923218,0.27963543,0.5411324,True
2025-04-01 18:30:00+00:00,HDFCBANK.NS,872.0444946289062,UP,2,2,2,UP,UP,0.23413259,0.34867546,0.41719192,True
2025-04-02 18:30:00+00:00,BHARTIARTL.NS,1710.00390625,UP,2,2,0,UP,DOWN,0.79456854,0.10198607,0.103445366,False
2025-04-02 18:30:00+00:00,ITC.NS,383.2990112304688,UP,2,2,2,UP,UP,0.16722806,0.2671368,0.5656351,True
2025-04-02 18:30:00+00:00,ICICIBANK.NS,1308.3397216796875,UP,2,2,0,UP,DOWN,0.60323274,0.19407983,0.20268743,False
2025-04-02 18:30:00+00:00,TMPV.NS,643.0411987304688,UP,2,2,0,UP,DOWN,0.5270473,0.06420632,0.40874642,False
2025-04-02 18:30:00+00:00,TCS.NS,3227.765380859375,UP,2,2,2,UP,UP,0.0763154,0.08245322,0.8412314,True
2025-04-02 18:30:00+00:00,HDFCBANK.NS,871.0496215820312,UP,2,2,2,UP,UP,0.24132743,0.330776,0.42789656,True
2025-04-02 18:30:00+00:00,LT.NS,3355.77001953125,UP,2,2,0,UP,DOWN,0.60511506,0.20060863,0.19427629,False
2025-04-02 18:30:00+00:00,INFY.NS,1422.6986083984375,UP,2,2,2,UP,UP,0.15212265,0.10825925,0.7396181,True
2025-04-02 18:30:00+00:00,RELIANCE.NS,1238.0086669921875,UP,2,2,0,UP,DOWN,0.44493636,0.2548054,0.30025825,False
2025-04-02 18:30:00+00:00,SBIN.NS,750.3370971679688,UP,2,2,2,UP,UP,0.19483988,0.11797774,0.68718237,True
2025-04-03 18:30:00+00:00,LT.NS,3198.78173828125,UP,2,2,2,UP,UP,0.3301764,0.29219976,0.37762383,True
2025-04-03 18:30:00+00:00,RELIANCE.NS,1194.38525390625,UP,2,2,2,UP,UP,0.21780533,0.2511035,0.53109115,True
2025-04-03 18:30:00+00:00,INFY.NS,1380.060546875,UP,2,2,2,UP,UP,0.16564542,0.08620889,0.74814576,True
2025-04-03 18:30:00+00:00,ITC.NS,383.5798950195313,UP,2,2,2,UP,UP,0.178872,0.23899668,0.58213127,True
2025-04-03 18:30:00+00:00,BHARTIARTL.NS,1707.50634765625,UP,2,2,0,UP,DOWN,0.7309526,0.14202054,0.12702686,False
2025-04-03 18:30:00+00:00,SBIN.NS,739.0223999023438,UP,2,2,2,UP,UP,0.16725455,0.1747203,0.6580251,True
2025-04-03 18:30:00+00:00,ICICIBANK.NS,1313.998046875,UP,2,2,0,UP,DOWN,0.59791434,0.22466065,0.177425,False
2025-04-03 18:30:00+00:00,TMPV.NS,603.6100463867188,UP,2,2,2,UP,UP,0.39459816,0.07084716,0.5345547,True
2025-04-03 18:30:00+00:00,HDFCBANK.NS,881.9447021484375,UP,2,2,2,UP,UP,0.30680394,0.27951175,0.41368428,True
2025-04-03 18:30:00+00:00,TCS.NS,3129.3623046875,UP,2,2,2,UP,UP,0.058273625,0.066512,0.8752144,True
2025-04-06 18:30:00+00:00,BHARTIARTL.NS,1651.87744140625,UP,2,2,0,UP,DOWN,0.45679355,0.30558383,0.23762257,False
2025-04-06 18:30:00+00:00,TCS.NS,3105.31884765625,UP,2,2,2,UP,UP,0.043793958,0.054734357,0.90147173,True
2025-04-06 18:30:00+00:00,ITC.NS,380.16259765625,UP,2,2,2,UP,UP,0.10302051,0.17056899,0.7264105,True
2025-04-06 18:30:00+00:00,SBIN.NS,719.2335815429688,UP,2,2,2,UP,UP,0.19299667,0.17173466,0.6352686,True
2025-04-06 18:30:00+00:00,HDFCBANK.NS,853.0205688476562,UP,2,2,2,UP,UP,0.25323725,0.27941963,0.46734306,True
2025-04-06 18:30:00+00:00,INFY.NS,1327.8680419921875,UP,2,2,2,UP,UP,0.15153122,0.092248216,0.7562206,True
2025-04-06 18:30:00+00:00,TMPV.NS,570.0789184570312,UP,2,2,2,UP,UP,0.30374125,0.071105056,0.6251537,True
2025-04-06 18:30:00+00:00,ICICIBANK.NS,1267.009765625,UP,2,2,0,UP,DOWN,0.39609766,0.3718485,0.2320538,False
2025-04-06 18:30:00+00:00,LT.NS,3010.73974609375,UP,2,2,2,UP,UP,0.16885512,0.23582919,0.5953157,True
2025-04-06 18:30:00+00:00,RELIANCE.NS,1155.7191162109375,UP,2,2,2,UP,UP,0.16825913,0.18094479,0.6507961,True
2025-04-07 18:30:00+00:00,RELIANCE.NS,1172.0780029296875,UP,2,2,2,UP,UP,0.20569801,0.2582882,0.5360138,True
2025-04-07 18:30:00+00:00,TMPV.NS,579.027099609375,UP,2,2,2,UP,UP,0.31075174,0.0693385,0.61990976,True
2025-04-07 18:30:00+00:00,TCS.NS,3123.244873046875,UP,2,2,2,UP,UP,0.045676142,0.092505775,0.8618181,True
2025-04-07 18:30:00+00:00,ICICIBANK.NS,1279.1627197265625,UP,2,2,0,UP,DOWN,0.46000683,0.29792607,0.2420671,False
2025-04-07 18:30:00+00:00,BHARTIARTL.NS,1684.9315185546875,UP,2,2,0,UP,DOWN,0.5482661,0.2280526,0.22368127,False
2025-04-07 18:30:00+00:00,LT.NS,3101.5966796875,UP,2,2,2,UP,UP,0.2610331,0.2734925,0.46547437,True
2025-04-07 18:30:00+00:00,INFY.NS,1358.3375244140625,UP,2,2,2,UP,UP,0.13869724,0.115205765,0.74609697,True
2025-04-07 18:30:00+00:00,ITC.NS,386.2481689453125,UP,2,2,2,UP,UP,0.19566138,0.27579385,0.5285448,True
2025-04-07 18:30:00+00:00,SBIN.NS,740.1296997070312,UP,2,2,2,UP,UP,0.26734024,0.13236512,0.6002946,True
2025-04-07 18:30:00+00:00,HDFCBANK.NS,858.5773315429688,UP,2,2,2,UP,UP,0.25429595,0.28166136,0.46404266,True
2025-04-08 18:30:00+00:00,LT.NS,2996.65966796875,UP,2,2,2,UP,UP,0.14825445,0.16303384,0.6887117,True
2025-04-08 18:30:00+00:00,ITC.NS,389.7591247558594,UP,2,2,2,UP,UP,0.20273325,0.28500903,0.5122577,True
2025-04-08 18:30:00+00:00,RELIANCE.NS,1175.2010498046875,UP,2,2,2,UP,UP,0.21900132,0.28579962,0.49519902,True
2025-04-08 18:30:00+00:00,TMPV.NS,573.1763916015625,UP,2,2,2,UP,UP,0.3267818,0.08566929,0.5875489,True
2025-04-08 18:30:00+00:00,HDFCBANK.NS,856.5632934570312,UP,2,2,2,UP,UP,0.26139686,0.26067445,0.47792873,True
2025-04-08 18:30:00+00:00,INFY.NS,1334.4752197265625,UP,2,2,2,UP,UP,0.12016758,0.07701503,0.80281734,True
2025-04-08 18:30:00+00:00,ICICIBANK.NS,1280.04833984375,UP,2,2,0,UP,DOWN,0.41864917,0.34019566,0.24115518,False
2025-04-08 18:30:00+00:00,BHARTIARTL.NS,1680.181640625,UP,2,2,0,UP,DOWN,0.46911708,0.22160593,0.309277,False
2025-04-08 18:30:00+00:00,SBIN.NS,714.7076416015625,UP,2,2,2,UP,UP,0.28863168,0.1344536,0.5769147,True
2025-04-08 18:30:00+00:00,TCS.NS,3079.28369140625,UP,2,2,2,UP,UP,0.05164355,0.066691436,0.881665,True
2025-04-10 18:30:00+00:00,ICICIBANK.NS,1290.7252197265625,UP,2,2,0,UP,DOWN,0.43555546,0.32821563,0.23622887,False
2025-04-10 18:30:00+00:00,HDFCBANK.NS,876.82470703125,UP,2,2,2,UP,UP,0.27856618,0.20572719,0.51570666,True
2025-04-10 18:30:00+00:00,BHARTIARTL.NS,1720.38525390625,UP,2,2,0,UP,DOWN,0.51173973,0.21584885,0.27241138,False
2025-04-10 18:30:00+00:00,TCS.NS,3064.9619140625,UP,2,2,2,UP,UP,0.057786413,0.12108116,0.82113236,True
2025-04-10 18:30:00+00:00,INFY.NS,1339.9417724609375,UP,2,2,2,UP,UP,0.11331984,0.120465375,0.76621485,True
2025-04-10 18:30:00+00:00,LT.NS,3057.29638671875,UP,2,2,2,UP,UP,0.15300348,0.1505304,0.6964661,True
2025-04-10 18:30:00+00:00,TMPV.NS,585.1236572265625,UP,2,2,2,UP,UP,0.3616508,0.11396278,0.5243864,True
2025-04-10 18:30:00+00:00,SBIN.NS,725.9260864257812,UP,2,2,2,UP,UP,0.2765666,0.1303035,0.59312993,True
2025-04-10 18:30:00+00:00,RELIANCE.NS,1208.5133056640625,UP,2,2,2,UP,UP,0.25252023,0.2525955,0.4948843,True
2025-04-10 18:30:00+00:00,ITC.NS,394.6744079589844,STAY,2,1,2,STAY,UP,0.25608703,0.3190881,0.42482492,False
2025-04-14 18:30:00+00:00,LT.NS,3196.2802734375,UP,2,2,2,UP,UP,0.22710204,0.31710562,0.45579237,True
2025-04-14 18:30:00+00:00,TCS.NS,3080.801025390625,UP,2,2,2,UP,UP,0.051870227,0.1400915,0.80803823,True
2025-04-14 18:30:00+00:00,RELIANCE.NS,1229.4822998046875,UP,2,2,2,UP,UP,0.26395974,0.32024884,0.41579142,True
2025-04-14 18:30:00+00:00,ITC.NS,393.59771728515625,STAY,2,1,2,STAY,UP,0.25848264,0.35069782,0.39081958,False
2025-04-14 18:30:00+00:00,ICICIBANK.NS,1328.66015625,UP,2,2,0,UP,DOWN,0.4321855,0.30636415,0.2614504,False
2025-04-14 18:30:00+00:00,INFY.NS,1355.675537109375,UP,2,2,2,UP,UP,0.08511941,0.10247989,0.81240064,True
2025-04-14 18:30:00+00:00,BHARTIARTL.NS,1761.71533203125,UP,2,2,0,UP,DOWN,0.6422966,0.15880337,0.19889998,False
2025-04-14 18:30:00+00:00,SBIN.NS,735.2186279296875,UP,2,2,2,UP,UP,0.28866437,0.12066533,0.59067035,True
2025-04-14 18:30:00+00:00,HDFCBANK.NS,905.0452270507812,UP,2,2,2,UP,UP,0.3080883,0.21604496,0.47586668,True
2025-04-14 18:30:00+00:00,TMPV.NS,611.82080078125,UP,2,2,2,UP,UP,0.39626834,0.12026627,0.48346543,True
2025-04-15 18:30:00+00:00,LT.NS,3166.94287109375,UP,2,2,2,UP,UP,0.24571154,0.3094973,0.44479114,True
2025-04-15 18:30:00+00:00,ITC.NS,397.3895568847656,STAY,2,1,2,STAY,UP,0.27091256,0.32998878,0.39909863,False
2025-04-15 18:30:00+00:00,INFY.NS,1343.4117431640625,UP,2,2,2,UP,UP,0.091323316,0.1146939,0.79398274,True
2025-04-15 18:30:00+00:00,BHARTIARTL.NS,1785.0245361328125,STAY,2,1,0,STAY,DOWN,0.65836376,0.21556506,0.12607117,False
2025-04-15 18:30:00+00:00,TCS.NS,3105.08203125,UP,2,2,2,UP,UP,0.05172621,0.10012092,0.84815294,True
2025-04-15 18:30:00+00:00,ICICIBANK.NS,1334.7613525390625,UP,2,2,1,UP,STAY,0.37096825,0.42700744,0.20202431,False
2025-04-15 18:30:00+00:00,TMPV.NS,605.7733764648438,UP,2,2,2,UP,UP,0.4198133,0.10720132,0.47298542,True
2025-04-15 18:30:00+00:00,SBIN.NS,743.1630859375,UP,2,2,2,UP,UP,0.28568855,0.13150953,0.58280194,True
2025-04-15 18:30:00+00:00,HDFCBANK.NS,911.4027709960938,UP,2,2,2,UP,UP,0.27111024,0.32412124,0.4047685,True
2025-04-15 18:30:00+00:00,RELIANCE.NS,1228.689208984375,UP,2,2,2,UP,UP,0.24963982,0.3263303,0.42402986,True
2025-04-16 18:30:00+00:00,ITC.NS,400.010986328125,STAY,2,1,2,STAY,UP,0.31408015,0.20927255,0.47664735,False
2025-04-16 18:30:00+00:00,RELIANCE.NS,1263.5877685546875,UP,2,2,2,UP,UP,0.3085382,0.2818222,0.4096396,True
2025-04-16 18:30:00+00:00,BHARTIARTL.NS,1850.153564453125,STAY,2,1,0,STAY,DOWN,0.64224255,0.22891916,0.12883829,False
2025-04-16 18:30:00+00:00,HDFCBANK.NS,925.3309326171876,STAY,2,1,2,STAY,UP,0.28939086,0.2905447,0.42006445,False
2025-04-16 18:30:00+00:00,SBIN.NS,767.9111328125,UP,2,2,2,UP,UP,0.29574955,0.11556248,0.58868796,True
2025-04-16 18:30:00+00:00,TCS.NS,3128.88818359375,UP,2,2,2,UP,UP,0.06057953,0.085094824,0.85432565,True
2025-04-16 18:30:00+00:00,LT.NS,3186.174072265625,UP,2,2,2,UP,UP,0.33779645,0.26538974,0.39681375,True
2025-04-16 18:30:00+00:00,INFY.NS,1349.4959716796875,UP,2,2,2,UP,UP,0.095145226,0.09378938,0.81106544,True
2025-04-16 18:30:00+00:00,ICICIBANK.NS,1384.2589111328125,UP,2,2,1,UP,STAY,0.3318109,0.40824044,0.25994864,False
2025-04-16 18:30:00+00:00,TMPV.NS,611.181640625,UP,2,2,0,UP,DOWN,0.47201416,0.11209756,0.41588828,False
2025-04-20 18:30:00+00:00,BHARTIARTL.NS,1844.5711669921875,DOWN,2,0,0,DOWN,DOWN,0.6524048,0.22133198,0.12626323,True
2025-04-20 18:30:00+00:00,INFY.NS,1379.442626953125,UP,2,2,2,UP,UP,0.0970996,0.078341134,0.8245592,True
2025-04-20 18:30:00+00:00,ICICIBANK.NS,1387.3094482421875,STAY,2,1,0,STAY,DOWN,0.46167836,0.37179998,0.16652165,False
2025-04-20 18:30:00+00:00,TMPV.NS,619.539794921875,UP,2,2,0,UP,DOWN,0.4967831,0.113939136,0.38927782,False
2025-04-20 18:30:00+00:00,LT.NS,3218.7490234375,UP,2,2,2,UP,UP,0.32496238,0.32344204,0.3515956,True
2025-04-20 18:30:00+00:00,SBIN.NS,786.447998046875,STAY,2,1,2,STAY,UP,0.29524317,0.17747821,0.5272786,False
2025-04-20 18:30:00+00:00,RELIANCE.NS,1284.4078369140625,UP,2,2,2,UP,UP,0.36371285,0.21659583,0.4196913,True
2025-04-20 18:30:00+00:00,TCS.NS,3150.418701171875,UP,2,2,2,UP,UP,0.05498353,0.08335208,0.8616644,True
2025-04-20 18:30:00+00:00,ITC.NS,395.89154052734375,STAY,2,1,2,STAY,UP,0.32615915,0.19614108,0.4776998,False
2025-04-20 18:30:00+00:00,HDFCBANK.NS,935.231201171875,STAY,2,1,0,STAY,DOWN,0.38562244,0.36877033,0.24560724,False
2025-04-21 18:30:00+00:00,TMPV.NS,620.3264770507812,UP,2,2,0,UP,DOWN,0.49623075,0.14871348,0.35505575,False
2025-04-21 18:30:00+00:00,HDFCBANK.NS,952.0227661132812,STAY,2,1,0,STAY,DOWN,0.41454503,0.34681907,0.23863587,False
2025-04-21 18:30:00+00:00,BHARTIARTL.NS,1814.0142822265625,STAY,2,1,0,STAY,DOWN,0.62388873,0.23580618,0.14030504,False
2025-04-21 18:30:00+00:00,LT.NS,3196.4765625,UP,2,2,2,UP,UP,0.34622234,0.2401552,0.41362247,True
2025-04-21 18:30:00+00:00,INFY.NS,1352.6334228515625,UP,2,2,2,UP,UP,0.101126775,0.0918379,0.8070354,True
2025-04-21 18:30:00+00:00,TCS.NS,3143.589111328125,UP,2,2,2,UP,UP,0.060920123,0.0862955,0.8527844,True
2025-04-21 18:30:00+00:00,ITC.NS,405.9561767578125,DOWN,2,0,2,DOWN,UP,0.21626765,0.13501865,0.6487137,False
2025-04-21 18:30:00+00:00,ICICIBANK.NS,1393.9024658203125,STAY,2,1,1,STAY,STAY,0.4239719,0.43620652,0.1398216,True
2025-04-21 18:30:00+00:00,RELIANCE.NS,1280.144775390625,UP,2,2,0,UP,DOWN,0.4553867,0.2508449,0.29376844,False
2025-04-21 18:30:00+00:00,SBIN.NS,791.9369506835938,STAY,2,1,0,STAY,DOWN,0.48667175,0.17659633,0.33673197,False
2025-04-22 18:30:00+00:00,ITC.NS,403.3815002441406,STAY,2,1,2,STAY,UP,0.34667233,0.18455113,0.46877658,False
2025-04-22 18:30:00+00:00,BHARTIARTL.NS,1842.8082275390625,STAY,2,1,0,STAY,DOWN,0.69985336,0.18580917,0.11433746,False
2025-04-22 18:30:00+00:00,SBIN.NS,783.3184204101562,STAY,2,1,0,STAY,DOWN,0.512874,0.18686451,0.30026144,False
2025-04-22 18:30:00+00:00,TCS.NS,3237.1083984375,STAY,2,1,2,STAY,UP,0.06721825,0.104379155,0.82840264,False
2025-04-22 18:30:00+00:00,LT.NS,3238.863037109375,UP,2,2,2,UP,UP,0.31942987,0.2767673,0.40380278,True
2025-04-22 18:30:00+00:00,INFY.NS,1402.1639404296875,UP,2,2,2,UP,UP,0.15090708,0.17646167,0.6726312,True
2025-04-22 18:30:00+00:00,HDFCBANK.NS,933.6782836914062,STAY,2,1,0,STAY,DOWN,0.43705794,0.32477236,0.23816969,False
2025-04-22 18:30:00+00:00,TMPV.NS,648.8919677734375,UP,2,2,0,UP,DOWN,0.6204115,0.1297978,0.24979068,False
2025-04-22 18:30:00+00:00,RELIANCE.NS,1288.869384765625,UP,2,2,0,UP,DOWN,0.50889534,0.2577679,0.2333368,False
2025-04-22 18:30:00+00:00,ICICIBANK.NS,1401.676513671875,UP,2,2,1,UP,STAY,0.41029125,0.43807968,0.15162908,False
2025-04-23 18:30:00+00:00,SBIN.NS,783.2703247070312,STAY,2,1,2,STAY,UP,0.3719078,0.21026495,0.41782728,False
2025-04-23 18:30:00+00:00,RELIANCE.NS,1290.4556884765625,UP,2,2,0,UP,DOWN,0.49148288,0.30640918,0.202108,False
2025-04-23 18:30:00+00:00,TMPV.NS,657.200927734375,UP,2,2,0,UP,DOWN,0.6725558,0.15907715,0.16836709,False
2025-04-23 18:30:00+00:00,INFY.NS,1398.8365478515625,UP,2,2,2,UP,UP,0.16461216,0.1599952,0.6753927,True
2025-04-23 18:30:00+00:00,ITC.NS,402.6324768066406,STAY,2,1,2,STAY,UP,0.3888465,0.16621847,0.44493505,False
2025-04-23 18:30:00+00:00,TCS.NS,3226.29541015625,STAY,2,1,2,STAY,UP,0.05368642,0.08127955,0.86503404,False
2025-04-23 18:30:00+00:00,ICICIBANK.NS,1380.32275390625,UP,2,2,1,UP,STAY,0.4021434,0.44455796,0.1532986,False
2025-04-23 18:30:00+00:00,HDFCBANK.NS,930.2325439453124,UP,2,2,0,UP,DOWN,0.39032048,0.36655065,0.24312882,False
2025-04-23 18:30:00+00:00,LT.NS,3238.470703125,UP,2,2,0,UP,DOWN,0.41015857,0.30685827,0.28298318,False
2025-04-23 18:30:00+00:00,BHARTIARTL.NS,1807.5504150390625,STAY,2,1,0,STAY,DOWN,0.6217582,0.21834794,0.1598938,False
2025-04-24 18:30:00+00:00,RELIANCE.NS,1289.2659912109375,UP,2,2,0,UP,DOWN,0.496506,0.27472016,0.2287738,False
2025-04-24 18:30:00+00:00,ITC.NS,400.5259399414063,STAY,2,1,2,STAY,UP,0.37063956,0.19144508,0.43791533,False
2025-04-24 18:30:00+00:00,BHARTIARTL.NS,1779.73583984375,UP,2,2,0,UP,DOWN,0.557389,0.21097532,0.23163565,False
2025-04-24 18:30:00+00:00,ICICIBANK.NS,1382.3892822265625,UP,2,2,1,UP,STAY,0.40232283,0.44563243,0.15204473,False
2025-04-24 18:30:00+00:00,INFY.NS,1407.2025146484375,UP,2,2,2,UP,UP,0.22551027,0.122480534,0.6520092,True
2025-04-24 18:30:00+00:00,TMPV.NS,644.3195190429688,UP,2,2,0,UP,DOWN,0.6476592,0.13146351,0.22087727,False
2025-04-24 18:30:00+00:00,LT.NS,3210.50732421875,UP,2,2,0,UP,DOWN,0.40920714,0.27948216,0.3113107,False
2025-04-24 18:30:00+00:00,HDFCBANK.NS,927.5148315429688,UP,2,2,2,UP,UP,0.2733066,0.35416627,0.37252715,True
2025-04-24 18:30:00+00:00,SBIN.NS,769.0667114257812,UP,2,2,2,UP,UP,0.3665872,0.23512442,0.39828843,True
2025-04-24 18:30:00+00:00,TCS.NS,3270.30419921875,STAY,2,1,2,STAY,UP,0.08743627,0.14588572,0.766678,False
2025-04-27 18:30:00+00:00,INFY.NS,1409.0087890625,UP,2,2,2,UP,UP,0.15979454,0.13363896,0.7065665,True
2025-04-27 18:30:00+00:00,BHARTIARTL.NS,1784.2412109375,STAY,2,1,0,STAY,DOWN,0.4531134,0.23811777,0.30876878,False
2025-04-27 18:30:00+00:00,TMPV.NS,657.0043334960938,UP,2,2,0,UP,DOWN,0.6761728,0.12340759,0.20041962,False
2025-04-27 18:30:00+00:00,SBIN.NS,787.073974609375,STAY,2,1,0,STAY,DOWN,0.418151,0.18257546,0.39927354,False
2025-04-27 18:30:00+00:00,TCS.NS,3266.0361328125,STAY,2,1,2,STAY,UP,0.09558955,0.1762781,0.72813237,False
2025-04-27 18:30:00+00:00,RELIANCE.NS,1357.0804443359375,UP,2,2,0,UP,DOWN,0.57565236,0.27053133,0.15381634,False
2025-04-27 18:30:00+00:00,ITC.NS,401.4621887207031,STAY,2,1,2,STAY,UP,0.38571247,0.18284473,0.43144277,False
2025-04-27 18:30:00+00:00,LT.NS,3264.668212890625,UP,2,2,0,UP,DOWN,0.4781568,0.2969046,0.2249386,False
2025-04-27 18:30:00+00:00,HDFCBANK.NS,931.882568359375,UP,2,2,2,UP,UP,0.26640224,0.3462341,0.3873636,True
2025-04-27 18:30:00+00:00,ICICIBANK.NS,1406.00634765625,STAY,2,1,1,STAY,STAY,0.40188023,0.41245902,0.18566072,True
2025-04-28 18:30:00+00:00,INFY.NS,1423.6495361328125,UP,2,2,2,UP,UP,0.32527947,0.13339677,0.5413238,True
2025-04-28 18:30:00+00:00,TCS.NS,3293.54150390625,STAY,2,1,2,STAY,UP,0.105778396,0.19459884,0.6996228,False
2025-04-28 18:30:00+00:00,SBIN.NS,782.4517211914062,UP,2,2,0,UP,DOWN,0.4104598,0.1877642,0.40177596,False
2025-04-28 18:30:00+00:00,HDFCBANK.NS,926.3501586914062,UP,2,2,1,UP,STAY,0.22786447,0.4025277,0.3696078,False
2025-04-28 18:30:00+00:00,BHARTIARTL.NS,1786.199951171875,STAY,2,1,0,STAY,DOWN,0.45557567,0.24392487,0.30049944,False
2025-04-28 18:30:00+00:00,LT.NS,3259.76220703125,UP,2,2,0,UP,DOWN,0.49953374,0.27193442,0.22853181,False
2025-04-28 18:30:00+00:00,TMPV.NS,654.4967651367188,UP,2,2,0,UP,DOWN,0.6880824,0.100214176,0.2117034,False
2025-04-28 18:30:00+00:00,ITC.NS,398.8406982421875,STAY,2,1,2,STAY,UP,0.37369418,0.20641105,0.41989475,False
2025-04-28 18:30:00+00:00,RELIANCE.NS,1387.7156982421875,UP,2,2,0,UP,DOWN,0.6068997,0.26059195,0.13250834,False
2025-04-28 18:30:00+00:00,ICICIBANK.NS,1406.990478515625,STAY,2,1,0,STAY,DOWN,0.41182765,0.39436483,0.19380756,False
2025-04-29 18:30:00+00:00,ICICIBANK.NS,1404.2349853515625,STAY,2,1,0,STAY,DOWN,0.35630724,0.34024015,0.3034526,False
2025-04-29 18:30:00+00:00,SBIN.NS,759.4371337890625,UP,2,2,0,UP,DOWN,0.50542706,0.19464576,0.2999272,False
2025-04-29 18:30:00+00:00,BHARTIARTL.NS,1826.060791015625,STAY,2,1,0,STAY,DOWN,0.5951345,0.18871027,0.21615523,False
2025-04-29 18:30:00+00:00,TMPV.NS,633.5029296875,UP,2,2,0,UP,DOWN,0.64733136,0.10157744,0.25109118,False
2025-04-29 18:30:00+00:00,INFY.NS,1426.1212158203125,UP,2,2,2,UP,UP,0.3234763,0.2208219,0.4557018,True
2025-04-29 18:30:00+00:00,ITC.NS,398.6534729003906,STAY,2,1,2,STAY,UP,0.3792605,0.21091382,0.40982568,False
2025-04-29 18:30:00+00:00,LT.NS,3278.110107421875,UP,2,2,0,UP,DOWN,0.47040963,0.27062988,0.2589605,False
2025-04-29 18:30:00+00:00,TCS.NS,3275.710205078125,STAY,2,1,2,STAY,UP,0.089184165,0.205841,0.70497483,False
2025-04-29 18:30:00+00:00,RELIANCE.NS,1392.9703369140625,UP,2,2,0,UP,DOWN,0.70843893,0.1924605,0.09910055,False
2025-04-29 18:30:00+00:00,HDFCBANK.NS,934.2120361328124,STAY,2,1,2,STAY,UP,0.26965916,0.3328111,0.39752972,False
2025-05-01 18:30:00+00:00,BHARTIARTL.NS,1810.0968017578125,STAY,2,1,0,STAY,DOWN,0.5344483,0.21696357,0.2485881,False
2025-05-01 18:30:00+00:00,SBIN.NS,767.1888427734375,STAY,2,1,0,STAY,DOWN,0.43525392,0.24347094,0.32127514,False
2025-05-01 18:30:00+00:00,HDFCBANK.NS,932.7076416015624,STAY,2,1,1,STAY,STAY,0.24244669,0.3853051,0.37224817,True
2025-05-01 18:30:00+00:00,TMPV.NS,638.2720947265625,UP,2,2,0,UP,DOWN,0.57896435,0.096832216,0.32420346,False
2025-05-01 18:30:00+00:00,ICICIBANK.NS,1407.2855224609375,STAY,2,1,0,STAY,DOWN,0.36001667,0.33163804,0.3083453,False
2025-05-01 18:30:00+00:00,TCS.NS,3254.180419921875,STAY,2,1,2,STAY,UP,0.066837944,0.18308152,0.7500805,False
2025-05-01 18:30:00+00:00,INFY.NS,1432.5859375,UP,2,2,2,UP,UP,0.31318116,0.25252885,0.43429,True
2025-05-01 18:30:00+00:00,RELIANCE.NS,1407.6436767578125,STAY,2,1,0,STAY,DOWN,0.6393547,0.26067594,0.099969365,False
2025-05-01 18:30:00+00:00,LT.NS,3272.125,UP,2,2,0,UP,DOWN,0.46044868,0.28983474,0.24971655,False
2025-05-01 18:30:00+00:00,ITC.NS,402.1175537109375,STAY,2,1,0,STAY,DOWN,0.40192634,0.21527424,0.3827994,False
2025-05-04 18:30:00+00:00,BHARTIARTL.NS,1827.5299072265625,STAY,2,1,0,STAY,DOWN,0.60793734,0.16803834,0.22402436,False
2025-05-04 18:30:00+00:00,INFY.NS,1434.2020263671875,UP,2,2,2,UP,UP,0.22754437,0.2107964,0.5616593,True
2025-05-04 18:30:00+00:00,HDFCBANK.NS,939.9386596679688,STAY,2,1,1,STAY,STAY,0.2936329,0.3732132,0.3331539,True
2025-05-04 18:30:00+00:00,LT.NS,3267.513427734375,UP,2,2,0,UP,DOWN,0.4354265,0.33086574,0.2337078,False
2025-05-04 18:30:00+00:00,SBIN.NS,760.737060546875,UP,2,2,0,UP,DOWN,0.41392243,0.23183157,0.35424608,False
2025-05-04 18:30:00+00:00,RELIANCE.NS,1419.0452880859375,STAY,2,1,0,STAY,DOWN,0.6255003,0.26796263,0.10653703,False
2025-05-04 18:30:00+00:00,TMPV.NS,650.5143432617188,UP,2,2,0,UP,DOWN,0.5982444,0.08324151,0.31851405,False
2025-05-04 18:30:00+00:00,TCS.NS,3276.279541015625,UP,2,2,2,UP,UP,0.08414054,0.17520958,0.7406499,True
2025-05-04 18:30:00+00:00,ICICIBANK.NS,1406.5968017578125,STAY,2,1,0,STAY,DOWN,0.37879968,0.28940964,0.3317907,False
2025-05-04 18:30:00+00:00,ITC.NS,409.0926208496094,DOWN,2,0,0,DOWN,DOWN,0.44307902,0.17125876,0.38566217,True
2025-05-05 18:30:00+00:00,BHARTIARTL.NS,1861.808349609375,DOWN,2,0,0,DOWN,DOWN,0.60579693,0.21272844,0.18147464,True
2025-05-05 18:30:00+00:00,RELIANCE.NS,1408.7342529296875,STAY,2,1,0,STAY,DOWN,0.638425,0.25570056,0.105874486,False
2025-05-05 18:30:00+00:00,ITC.NS,407.7818298339844,DOWN,2,0,0,DOWN,DOWN,0.45241058,0.17302056,0.37456882,True
2025-05-05 18:30:00+00:00,TCS.NS,3281.68603515625,UP,2,2,2,UP,UP,0.10701446,0.18471657,0.70826894,True
2025-05-05 18:30:00+00:00,HDFCBANK.NS,937.463623046875,STAY,2,1,1,STAY,STAY,0.20944685,0.44550008,0.34505314,True
2025-05-05 18:30:00+00:00,TMPV.NS,637.3870849609375,UP,2,2,0,UP,DOWN,0.5602926,0.09903586,0.34067157,False
2025-05-05 18:30:00+00:00,ICICIBANK.NS,1408.7615966796875,STAY,2,1,0,STAY,DOWN,0.37387723,0.31939337,0.3067294,False
2025-05-05 18:30:00+00:00,INFY.NS,1436.9588623046875,UP,2,2,2,UP,UP,0.18949522,0.16616309,0.6443417,True
2025-05-05 18:30:00+00:00,SBIN.NS,745.4259643554688,UP,2,2,0,UP,DOWN,0.46451542,0.15552056,0.379964,False
2025-05-05 18:30:00+00:00,LT.NS,3271.241943359375,UP,2,2,0,UP,DOWN,0.42664498,0.33481556,0.23853947,False
2025-05-06 18:30:00+00:00,BHARTIARTL.NS,1857.6949462890625,STAY,2,1,0,STAY,DOWN,0.6028353,0.19545937,0.20170537,False
2025-05-06 18:30:00+00:00,ITC.NS,403.6623840332031,STAY,2,1,0,STAY,DOWN,0.4284706,0.18126509,0.39026424,False
2025-05-06 18:30:00+00:00,RELIANCE.NS,1393.9617919921875,STAY,2,1,0,STAY,DOWN,0.6378783,0.26680037,0.09532128,False
2025-05-06 18:30:00+00:00,TCS.NS,3267.553955078125,STAY,2,1,2,STAY,UP,0.08396394,0.13970609,0.77633,False
2025-05-06 18:30:00+00:00,INFY.NS,1433.9168701171875,UP,2,2,2,UP,UP,0.16401745,0.19115266,0.64482987,True
2025-05-06 18:30:00+00:00,HDFCBANK.NS,944.2094116210938,STAY,2,1,1,STAY,STAY,0.20670055,0.4657156,0.32758382,True
2025-05-06 18:30:00+00:00,SBIN.NS,747.3518676757812,UP,2,2,0,UP,DOWN,0.47041875,0.15218873,0.3773925,False
2025-05-06 18:30:00+00:00,TMPV.NS,668.9515991210938,STAY,2,1,0,STAY,DOWN,0.5840748,0.05901723,0.356908,False
2025-05-06 18:30:00+00:00,LT.NS,3258.879150390625,UP,2,2,0,UP,DOWN,0.43129534,0.31873038,0.24997424,False
2025-05-06 18:30:00+00:00,ICICIBANK.NS,1412.5010986328125,STAY,2,1,1,STAY,STAY,0.3582488,0.37181523,0.26993597,True
2025-05-07 18:30:00+00:00,LT.NS,3261.33203125,UP,2,2,0,UP,DOWN,0.4192847,0.35191873,0.22879654,False
2025-05-07 18:30:00+00:00,TMPV.NS,671.4590454101562,STAY,2,1,0,STAY,DOWN,0.7369902,0.05162176,0.21138802,False
2025-05-07 18:30:00+00:00,RELIANCE.NS,1394.9532470703125,STAY,2,1,0,STAY,DOWN,0.5478444,0.32726914,0.12488647,False
2025-05-07 18:30:00+00:00,ITC.NS,403.1474609375,STAY,2,1,0,STAY,DOWN,0.42085412,0.18356174,0.39558414,False
2025-05-07 18:30:00+00:00,SBIN.NS,740.5149536132812,UP,2,2,0,UP,DOWN,0.4573223,0.17582834,0.36684936,False
2025-05-07 18:30:00+00:00,TCS.NS,3271.15771484375,STAY,2,1,2,STAY,UP,0.1120143,0.08614902,0.8018367,False
2025-05-07 18:30:00+00:00,BHARTIARTL.NS,1836.246337890625,STAY,2,1,0,STAY,DOWN,0.5711276,0.1944828,0.23438962,False
2025-05-07 18:30:00+00:00,ICICIBANK.NS,1412.599365234375,STAY,2,1,1,STAY,STAY,0.3574209,0.40645304,0.23612607,True
2025-05-07 18:30:00+00:00,INFY.NS,1436.864013671875,UP,2,2,2,UP,UP,0.20232269,0.14982839,0.6478489,True
2025-05-07 18:30:00+00:00,HDFCBANK.NS,935.91064453125,STAY,2,1,1,STAY,STAY,0.19260378,0.43088433,0.37651187,True
2025-05-08 18:30:00+00:00,RELIANCE.NS,1365.4083251953125,UP,2,2,0,UP,DOWN,0.51478815,0.3681267,0.11708517,False
2025-05-08 18:30:00+00:00,ITC.NS,396.5469055175781,STAY,2,1,2,STAY,UP,0.38218024,0.20128505,0.41653472,False
2025-05-08 18:30:00+00:00,SBIN.NS,750.38525390625,UP,2,2,0,UP,DOWN,0.4820482,0.17438145,0.34357038,False
2025-05-08 18:30:00+00:00,TCS.NS,3263.001220703125,STAY,2,1,2,STAY,UP,0.107279345,0.101204686,0.79151595,False
2025-05-08 18:30:00+00:00,ICICIBANK.NS,1366.742919921875,UP,2,2,0,UP,DOWN,0.41521803,0.3494036,0.23537834,False
2025-05-08 18:30:00+00:00,INFY.NS,1433.2513427734375,UP,2,2,2,UP,UP,0.23063603,0.1138046,0.65555936,True
2025-05-08 18:30:00+00:00,LT.NS,3379.072998046875,UP,2,2,0,UP,DOWN,0.6440346,0.1437397,0.21222563,False
2025-05-08 18:30:00+00:00,TMPV.NS,696.6812133789062,DOWN,2,0,0,DOWN,DOWN,0.6703194,0.061104633,0.26857597,True
2025-05-08 18:30:00+00:00,BHARTIARTL.NS,1810.292724609375,UP,2,2,0,UP,DOWN,0.61514753,0.18062568,0.20422682,False
2025-05-08 18:30:00+00:00,HDFCBANK.NS,917.080810546875,UP,2,2,2,UP,UP,0.30061242,0.33417213,0.36521542,True
2025-05-11 18:30:00+00:00,RELIANCE.NS,1424.2005615234375,STAY,2,1,0,STAY,DOWN,0.4565496,0.40657273,0.13687766,False
2025-05-11 18:30:00+00:00,ITC.NS,407.7350463867188,DOWN,2,0,0,DOWN,DOWN,0.40887,0.2076932,0.3834367,True
2025-05-11 18:30:00+00:00,SBIN.NS,771.9555053710938,STAY,2,1,0,STAY,DOWN,0.5166923,0.1478979,0.3354098,False
2025-05-11 18:30:00+00:00,TCS.NS,3433.819091796875,DOWN,2,0,2,DOWN,UP,0.38825798,0.20538887,0.40635318,False
2025-05-11 18:30:00+00:00,TMPV.NS,708.7760009765625,DOWN,2,0,0,DOWN,DOWN,0.6652124,0.113251984,0.22153556,True
2025-05-11 18:30:00+00:00,ICICIBANK.NS,1425.39208984375,STAY,2,1,0,STAY,DOWN,0.39373598,0.34926537,0.25699863,False
2025-05-11 18:30:00+00:00,LT.NS,3519.67578125,STAY,2,1,0,STAY,DOWN,0.63657176,0.18981703,0.17361124,False
2025-05-11 18:30:00+00:00,INFY.NS,1546.66796875,STAY,2,1,0,STAY,DOWN,0.4742224,0.0927624,0.43301526,False
2025-05-11 18:30:00+00:00,HDFCBANK.NS,949.8388671875,STAY,2,1,2,STAY,UP,0.25609604,0.35175633,0.39214763,False
2025-05-11 18:30:00+00:00,BHARTIARTL.NS,1832.23095703125,UP,2,2,0,UP,DOWN,0.63010186,0.16646801,0.20343009,False
2025-05-12 18:30:00+00:00,RELIANCE.NS,1403.57861328125,UP,2,2,1,UP,STAY,0.4037385,0.4334601,0.1628014,False
2025-05-12 18:30:00+00:00,BHARTIARTL.NS,1783.0657958984375,UP,2,2,0,UP,DOWN,0.5550498,0.19111791,0.25383234,False
2025-05-12 18:30:00+00:00,ITC.NS,400.61956787109375,STAY,2,1,2,STAY,UP,0.36354825,0.25471735,0.3817344,False
2025-05-12 18:30:00+00:00,TCS.NS,3333.851318359375,DOWN,2,0,2,DOWN,UP,0.16188364,0.23275185,0.60536456,False
2025-05-12 18:30:00+00:00,INFY.NS,1491.2430419921875,UP,2,2,0,UP,DOWN,0.45512795,0.16060163,0.38427043,False
2025-05-12 18:30:00+00:00,LT.NS,3499.85595703125,UP,2,2,0,UP,DOWN,0.58944386,0.21901278,0.19154336,False
2025-05-12 18:30:00+00:00,HDFCBANK.NS,933.04736328125,STAY,2,1,2,STAY,UP,0.2247932,0.32188082,0.453326,False
2025-05-12 18:30:00+00:00,ICICIBANK.NS,1407.777587890625,STAY,2,1,0,STAY,DOWN,0.401119,0.32880694,0.27007413,False
2025-05-12 18:30:00+00:00,SBIN.NS,772.0518188476562,STAY,2,1,0,STAY,DOWN,0.48474416,0.1661269,0.3491289,False
2025-05-12 18:30:00+00:00,TMPV.NS,695.8945922851562,DOWN,2,0,0,DOWN,DOWN,0.6788768,0.11101672,0.21010646,True
2025-05-13 18:30:00+00:00,BHARTIARTL.NS,1796.385498046875,UP,2,2,0,UP,DOWN,0.5417324,0.21323442,0.24503323,False
2025-05-13 18:30:00+00:00,HDFCBANK.NS,927.2236938476562,UP,2,2,2,UP,UP,0.19809327,0.35461113,0.4472956,True
2025-05-13 18:30:00+00:00,SBIN.NS,771.0407104492188,STAY,2,1,0,STAY,DOWN,0.41281503,0.18980885,0.39737612,False
2025-05-13 18:30:00+00:00,RELIANCE.NS,1412.204345703125,UP,2,2,0,UP,DOWN,0.45967323,0.32314408,0.21718264,False
2025-05-13 18:30:00+00:00,LT.NS,3505.84130859375,UP,2,2,0,UP,DOWN,0.6529917,0.19285531,0.15415294,False
2025-05-13 18:30:00+00:00,INFY.NS,1513.869384765625,UP,2,2,0,UP,DOWN,0.49428368,0.1217456,0.38397074,False
2025-05-13 18:30:00+00:00,ICICIBANK.NS,1403.44775390625,STAY,2,1,0,STAY,DOWN,0.38916013,0.33727193,0.273568,False
2025-05-13 18:30:00+00:00,TCS.NS,3365.814453125,DOWN,2,0,2,DOWN,UP,0.25200087,0.28621882,0.46178028,False
2025-05-13 18:30:00+00:00,ITC.NS,401.7430725097656,STAY,2,1,2,STAY,UP,0.3601959,0.25005537,0.3897487,False
2025-05-13 18:30:00+00:00,TMPV.NS,687.29052734375,DOWN,2,0,0,DOWN,DOWN,0.64647055,0.09650542,0.25702402,True
2025-05-14 18:30:00+00:00,TMPV.NS,715.9542236328125,DOWN,2,0,0,DOWN,DOWN,0.60765576,0.071994975,0.32034925,True
2025-05-14 18:30:00+00:00,LT.NS,3550.092041015625,UP,2,2,0,UP,DOWN,0.65546536,0.20763865,0.13689597,False
2025-05-14 18:30:00+00:00,BHARTIARTL.NS,1828.705078125,UP,2,2,0,UP,DOWN,0.5759782,0.20423135,0.21979047,False
2025-05-14 18:30:00+00:00,RELIANCE.NS,1441.7491455078125,UP,2,2,0,UP,DOWN,0.4612848,0.3288945,0.20982076,False
2025-05-14 18:30:00+00:00,TCS.NS,3395.40673828125,DOWN,2,0,0,DOWN,DOWN,0.3982329,0.23725985,0.3645073,True
2025-05-14 18:30:00+00:00,INFY.NS,1533.453369140625,STAY,2,1,0,STAY,DOWN,0.5771934,0.08005623,0.3427504,False
2025-05-14 18:30:00+00:00,ITC.NS,405.0667419433594,STAY,2,1,2,STAY,UP,0.38302633,0.22353835,0.3934353,False
2025-05-14 18:30:00+00:00,HDFCBANK.NS,938.4827270507812,UP,2,2,2,UP,UP,0.2295096,0.2980187,0.47247168,True
2025-05-14 18:30:00+00:00,SBIN.NS,777.82958984375,STAY,2,1,2,STAY,UP,0.3827362,0.21784484,0.39941892,False
2025-05-14 18:30:00+00:00,ICICIBANK.NS,1427.6553955078125,STAY,2,1,1,STAY,STAY,0.35584265,0.39296392,0.25119343,True
2025-05-15 18:30:00+00:00,ITC.NS,407.9223327636719,DOWN,2,0,0,DOWN,DOWN,0.3907353,0.25447944,0.35478526,True
2025-05-15 18:30:00+00:00,TMPV.NS,718.5108642578125,DOWN,2,0,0,DOWN,DOWN,0.59588116,0.09699278,0.30712602,True
2025-05-15 18:30:00+00:00,ICICIBANK.NS,1430.8043212890625,STAY,2,1,1,STAY,STAY,0.30518228,0.452989,0.24182875,True
2025-05-15 18:30:00+00:00,HDFCBANK.NS,938.9194946289062,UP,2,2,2,UP,UP,0.18825659,0.36268082,0.44906256,True
2025-05-15 18:30:00+00:00,RELIANCE.NS,1443.9302978515625,UP,2,2,0,UP,DOWN,0.426698,0.3653142,0.20798777,False
2025-05-15 18:30:00+00:00,SBIN.NS,778.0751342773438,STAY,2,1,2,STAY,UP,0.3664791,0.21858472,0.41493616,False
2025-05-15 18:30:00+00:00,LT.NS,3536.84619140625,UP,2,2,0,UP,DOWN,0.62510055,0.22612143,0.14877807,False
2025-05-15 18:30:00+00:00,BHARTIARTL.NS,1776.601806640625,UP,2,2,0,UP,DOWN,0.38753474,0.27505946,0.33740583,False
2025-05-15 18:30:00+00:00,TCS.NS,3377.765380859375,DOWN,2,0,2,DOWN,UP,0.28943983,0.24047843,0.47008172,False
2025-05-15 18:30:00+00:00,INFY.NS,1511.49267578125,UP,2,2,0,UP,DOWN,0.5123762,0.10001106,0.38761273,False
2025-05-18 18:30:00+00:00,TCS.NS,3337.455322265625,STAY,2,1,2,STAY,UP,0.20970479,0.21167536,0.57861984,False
2025-05-18 18:30:00+00:00,ITC.NS,407.5946350097656,DOWN,2,0,0,DOWN,DOWN,0.3634123,0.27551547,0.3610722,True
2025-05-18 18:30:00+00:00,SBIN.NS,780.9237670898438,UP,2,2,2,UP,UP,0.3542632,0.2269262,0.4188106,True
2025-05-18 18:30:00+00:00,ICICIBANK.NS,1425.8841552734375,STAY,2,1,2,STAY,UP,0.28334573,0.35271356,0.36394072,False
2025-05-18 18:30:00+00:00,HDFCBANK.NS,940.8607177734376,UP,2,2,2,UP,UP,0.1938262,0.3799695,0.42620432,True
2025-05-18 18:30:00+00:00,INFY.NS,1482.8770751953125,UP,2,2,2,UP,UP,0.32371297,0.1669301,0.5093569,True
2025-05-18 18:30:00+00:00,BHARTIARTL.NS,1780.813232421875,UP,2,2,0,UP,DOWN,0.42847857,0.24913616,0.32238522,False
2025-05-18 18:30:00+00:00,TMPV.NS,717.3308715820312,DOWN,2,0,0,DOWN,DOWN,0.5662166,0.08600721,0.34777623,True
2025-05-18 18:30:00+00:00,LT.NS,3532.43115234375,UP,2,2,0,UP,DOWN,0.61562365,0.24080196,0.1435744,False
2025-05-18 18:30:00+00:00,RELIANCE.NS,1428.4638671875,UP,2,2,0,UP,DOWN,0.4205527,0.3715556,0.20789169,False
2025-05-19 18:30:00+00:00,RELIANCE.NS,1412.4024658203125,UP,2,2,1,UP,STAY,0.35921627,0.442673,0.19811073,False
2025-05-19 18:30:00+00:00,LT.NS,3500.640869140625,UP,2,2,0,UP,DOWN,0.51676196,0.21534872,0.26788932,False
2025-05-19 18:30:00+00:00,BHARTIARTL.NS,1771.6070556640625,UP,2,2,0,UP,DOWN,0.38105342,0.30897647,0.30997017,False
2025-05-19 18:30:00+00:00,SBIN.NS,771.7393798828125,UP,2,2,2,UP,UP,0.3525273,0.2666756,0.38079715,True
2025-05-19 18:30:00+00:00,ICICIBANK.NS,1415.25634765625,STAY,2,1,1,STAY,STAY,0.27320832,0.37659052,0.35020116,True
2025-05-19 18:30:00+00:00,TMPV.NS,706.90771484375,DOWN,2,0,0,DOWN,DOWN,0.6427967,0.084884025,0.2723193,True
2025-05-19 18:30:00+00:00,INFY.NS,1483.6375732421875,UP,2,2,2,UP,UP,0.28647894,0.20574912,0.5077719,True
2025-05-19 18:30:00+00:00,HDFCBANK.NS,929.3104858398438,UP,2,2,2,UP,UP,0.19047588,0.29021484,0.5193093,True
2025-05-19 18:30:00+00:00,TCS.NS,3318.01220703125,STAY,2,1,2,STAY,UP,0.16653518,0.29869282,0.534772,False
2025-05-19 18:30:00+00:00,ITC.NS,407.1733093261719,DOWN,2,0,0,DOWN,DOWN,0.38209054,0.2796974,0.33821204,True
2025-05-20 18:30:00+00:00,SBIN.NS,773.1636352539062,UP,2,2,2,UP,UP,0.34079695,0.26454818,0.3946549,True
2025-05-20 18:30:00+00:00,LT.NS,3521.44189453125,STAY,2,1,0,STAY,DOWN,0.70880014,0.14519213,0.14600772,False
2025-05-20 18:30:00+00:00,TCS.NS,3344.094970703125,DOWN,2,0,2,DOWN,UP,0.15899646,0.19312108,0.64788246,False
2025-05-20 18:30:00+00:00,HDFCBANK.NS,935.0856323242188,UP,2,2,2,UP,UP,0.19539869,0.27449185,0.53010947,True
2025-05-20 18:30:00+00:00,ICICIBANK.NS,1421.652587890625,STAY,2,1,2,STAY,UP,0.26908788,0.32105747,0.40985465,False
2025-05-20 18:30:00+00:00,ITC.NS,405.3944396972656,DOWN,2,0,0,DOWN,DOWN,0.3792785,0.2425506,0.37817094,True
2025-05-20 18:30:00+00:00,TMPV.NS,714.6759033203125,DOWN,2,0,0,DOWN,DOWN,0.47766948,0.057712335,0.46461815,True
2025-05-20 18:30:00+00:00,INFY.NS,1491.14794921875,UP,2,2,2,UP,UP,0.24523123,0.15311617,0.60165256,True
2025-05-20 18:30:00+00:00,BHARTIARTL.NS,1784.9266357421875,UP,2,2,0,UP,DOWN,0.3628877,0.29697847,0.34013385,False
2025-05-20 18:30:00+00:00,RELIANCE.NS,1416.9630126953125,UP,2,2,1,UP,STAY,0.3876179,0.3997824,0.21259975,False
2025-05-21 18:30:00+00:00,RELIANCE.NS,1397.332763671875,UP,2,2,0,UP,DOWN,0.44410393,0.38725185,0.16864423,False
2025-05-21 18:30:00+00:00,TMPV.NS,705.4818725585938,DOWN,2,0,0,DOWN,DOWN,0.47066602,0.078410245,0.45092377,True
2025-05-21 18:30:00+00:00,ITC.NS,398.934326171875,STAY,2,1,2,STAY,UP,0.3872379,0.2055775,0.40718466,False
2025-05-21 18:30:00+00:00,SBIN.NS,771.346435546875,UP,2,2,2,UP,UP,0.31463984,0.25905237,0.42630786,True
2025-05-21 18:30:00+00:00,LT.NS,3484.549560546875,STAY,2,1,0,STAY,DOWN,0.50727093,0.20789935,0.28482974,False
2025-05-21 18:30:00+00:00,INFY.NS,1471.1834716796875,UP,2,2,2,UP,UP,0.19341451,0.1889119,0.6176736,True
2025-05-21 18:30:00+00:00,HDFCBANK.NS,931.7369995117188,UP,2,2,2,UP,UP,0.1963536,0.2337888,0.5698576,True
2025-05-21 18:30:00+00:00,BHARTIARTL.NS,1793.6431884765625,UP,2,2,0,UP,DOWN,0.3722349,0.3065923,0.32117277,False
2025-05-21 18:30:00+00:00,ICICIBANK.NS,1419.0941162109375,STAY,2,1,2,STAY,UP,0.25272855,0.34726384,0.4000076,False
2025-05-21 18:30:00+00:00,TCS.NS,3297.809814453125,STAY,2,1,2,STAY,UP,0.120959245,0.16236056,0.71668017,False
2025-05-22 18:30:00+00:00,RELIANCE.NS,1414.5838623046875,UP,2,2,0,UP,DOWN,0.44664901,0.33205315,0.2212978,False
2025-05-22 18:30:00+00:00,BHARTIARTL.NS,1793.9368896484375,UP,2,2,0,UP,DOWN,0.36932158,0.30282977,0.32784867,False
2025-05-22 18:30:00+00:00,ITC.NS,408.4840393066406,DOWN,2,0,0,DOWN,DOWN,0.4280297,0.1607566,0.41121367,True
2025-05-22 18:30:00+00:00,HDFCBANK.NS,938.3856811523438,UP,2,2,2,UP,UP,0.21011059,0.26786402,0.5220254,True
2025-05-22 18:30:00+00:00,ICICIBANK.NS,1426.67138671875,STAY,2,1,2,STAY,UP,0.278603,0.2932022,0.4281948,False
2025-05-22 18:30:00+00:00,TCS.NS,3333.471923828125,STAY,2,1,2,STAY,UP,0.13470995,0.16421728,0.7010728,False
2025-05-22 18:30:00+00:00,TMPV.NS,706.2685546875,DOWN,2,0,0,DOWN,DOWN,0.51782894,0.0666152,0.4155559,True
2025-05-22 18:30:00+00:00,INFY.NS,1487.6304931640625,UP,2,2,2,UP,UP,0.19825132,0.17298894,0.62875974,True
2025-05-22 18:30:00+00:00,LT.NS,3532.13671875,STAY,2,1,0,STAY,DOWN,0.70722485,0.14373302,0.14904219,False
2025-05-22 18:30:00+00:00,SBIN.NS,776.5034790039062,UP,2,2,2,UP,UP,0.28039613,0.22982433,0.48977947,True
2025-05-25 18:30:00+00:00,HDFCBANK.NS,941.588623046875,UP,2,2,2,UP,UP,0.20372857,0.34649953,0.44977182,True
2025-05-25 18:30:00+00:00,RELIANCE.NS,1422.5152587890625,UP,2,2,0,UP,DOWN,0.42578074,0.34534878,0.22887054,False
2025-05-25 18:30:00+00:00,INFY.NS,1502.55615234375,UP,2,2,2,UP,UP,0.21379942,0.1413446,0.644856,True
2025-05-25 18:30:00+00:00,TMPV.NS,716.8392333984375,DOWN,2,0,0,DOWN,DOWN,0.5234703,0.06626464,0.4102651,True
2025-05-25 18:30:00+00:00,SBIN.NS,780.33447265625,STAY,2,1,2,STAY,UP,0.3378288,0.21158314,0.45058808,False
2025-05-25 18:30:00+00:00,ICICIBANK.NS,1437.2989501953125,STAY,2,1,2,STAY,UP,0.27264845,0.30681655,0.42053506,False
2025-05-25 18:30:00+00:00,LT.NS,3580.01806640625,STAY,2,1,0,STAY,DOWN,0.7153513,0.14215767,0.1424911,False
2025-05-25 18:30:00+00:00,ITC.NS,414.6632690429688,DOWN,2,0,0,DOWN,DOWN,0.44385484,0.2024481,0.35369706,True
2025-05-25 18:30:00+00:00,TCS.NS,3355.002197265625,DOWN,2,0,2,DOWN,UP,0.16675875,0.21478009,0.61846113,False
2025-05-25 18:30:00+00:00,BHARTIARTL.NS,1809.3133544921875,UP,2,2,0,UP,DOWN,0.38208002,0.28110817,0.33681187,False
2025-05-26 18:30:00+00:00,INFY.NS,1492.669189453125,UP,2,2,2,UP,UP,0.22284219,0.19391786,0.5832399,True
2025-05-26 18:30:00+00:00,LT.NS,3571.48193359375,STAY,2,1,0,STAY,DOWN,0.7040591,0.15166865,0.14427224,False
2025-05-26 18:30:00+00:00,TCS.NS,3318.39111328125,STAY,2,1,2,STAY,UP,0.12702534,0.18293118,0.69004345,False
2025-05-26 18:30:00+00:00,ITC.NS,406.2370300292969,DOWN,2,0,0,DOWN,DOWN,0.4156286,0.22763072,0.3567407,True
2025-05-26 18:30:00+00:00,BHARTIARTL.NS,1805.78759765625,UP,2,2,0,UP,DOWN,0.41091424,0.29930624,0.2897795,False
2025-05-26 18:30:00+00:00,SBIN.NS,779.6468505859375,UP,2,2,2,UP,UP,0.36039582,0.23308694,0.4065172,True
2025-05-26 18:30:00+00:00,TMPV.NS,704.4985961914062,DOWN,2,0,0,DOWN,DOWN,0.48837242,0.07820951,0.43341804,True
2025-05-26 18:30:00+00:00,RELIANCE.NS,1409.9239501953125,UP,2,2,0,UP,DOWN,0.4234844,0.38946167,0.18705392,False
2025-05-26 18:30:00+00:00,HDFCBANK.NS,934.8429565429688,UP,2,2,2,UP,UP,0.18356413,0.2643894,0.5520465,True
2025-05-26 18:30:00+00:00,ICICIBANK.NS,1423.3255615234375,STAY,2,1,1,STAY,STAY,0.2635178,0.36842537,0.36805686,True
2025-05-27 18:30:00+00:00,BHARTIARTL.NS,1817.8338623046875,UP,2,2,0,UP,DOWN,0.39426836,0.28607777,0.31965393,False
2025-05-27 18:30:00+00:00,ITC.NS,400.65911865234375,STAY,2,1,2,STAY,UP,0.23748504,0.24773121,0.51478374,False
2025-05-27 18:30:00+00:00,LT.NS,3577.663330078125,STAY,2,1,0,STAY,DOWN,0.6704633,0.17155999,0.15797669,False
2025-05-27 18:30:00+00:00,HDFCBANK.NS,933.484130859375,UP,2,2,2,UP,UP,0.17304642,0.320219,0.5067346,True
2025-05-27 18:30:00+00:00,TMPV.NS,705.9735717773438,DOWN,2,0,2,DOWN,UP,0.43891025,0.06584393,0.49524578,False
2025-05-27 18:30:00+00:00,RELIANCE.NS,1400.8028564453125,UP,2,2,0,UP,DOWN,0.37264475,0.2803388,0.34701645,False
2025-05-27 18:30:00+00:00,INFY.NS,1494.2852783203125,UP,2,2,2,UP,UP,0.16622442,0.18028158,0.65349394,True
2025-05-27 18:30:00+00:00,ICICIBANK.NS,1430.6075439453125,STAY,2,1,2,STAY,UP,0.239871,0.36884093,0.3912881,False
2025-05-27 18:30:00+00:00,TCS.NS,3317.443115234375,DOWN,2,0,2,DOWN,UP,0.105485015,0.17378287,0.72073215,False
2025-05-27 18:30:00+00:00,SBIN.NS,782.4463500976562,STAY,2,1,2,STAY,UP,0.36803868,0.2264629,0.40549836,False
2025-05-28 18:30:00+00:00,HDFCBANK.NS,935.4253540039062,UP,2,2,2,UP,UP,0.18897983,0.24881859,0.5622016,True
2025-05-28 18:30:00+00:00,RELIANCE.NS,1405.660888671875,UP,2,2,0,UP,DOWN,0.38140476,0.2817595,0.33683574,False
2025-05-28 18:30:00+00:00,ITC.NS,399.2765197753906,STAY,2,1,2,STAY,UP,0.21049578,0.25743145,0.5320728,False
2025-05-28 18:30:00+00:00,TCS.NS,3317.822265625,DOWN,2,0,2,DOWN,UP,0.12955359,0.18971969,0.68072677,False
2025-05-28 18:30:00+00:00,ICICIBANK.NS,1433.264404296875,DOWN,2,0,2,DOWN,UP,0.24163851,0.3686685,0.389693,False
2025-05-28 18:30:00+00:00,INFY.NS,1507.40478515625,UP,2,2,2,UP,UP,0.23527354,0.17231886,0.59240764,True
2025-05-28 18:30:00+00:00,BHARTIARTL.NS,1825.1793212890625,UP,2,2,0,UP,DOWN,0.5190742,0.28764305,0.19328271,False
2025-05-28 18:30:00+00:00,SBIN.NS,783.232177734375,STAY,2,1,0,STAY,DOWN,0.40432307,0.2216128,0.37406415,False
2025-05-28 18:30:00+00:00,LT.NS,3586.494140625,STAY,2,1,0,STAY,DOWN,0.68713546,0.15848492,0.15437965,False
2025-05-28 18:30:00+00:00,TMPV.NS,712.3651123046875,DOWN,2,0,2,DOWN,UP,0.42468333,0.06183824,0.51347846,False
2025-05-29 18:30:00+00:00,RELIANCE.NS,1408.7342529296875,UP,2,2,0,UP,DOWN,0.36303905,0.29748678,0.3394742,False
2025-05-29 18:30:00+00:00,LT.NS,3605.92138671875,DOWN,2,0,0,DOWN,DOWN,0.7646717,0.112848625,0.12247973,True
2025-05-29 18:30:00+00:00,ICICIBANK.NS,1422.7352294921875,STAY,2,1,2,STAY,UP,0.23516203,0.37389308,0.3909449,False
2025-05-29 18:30:00+00:00,BHARTIARTL.NS,1817.9317626953125,UP,2,2,0,UP,DOWN,0.5499976,0.26040548,0.18959688,False
2025-05-29 18:30:00+00:00,ITC.NS,398.6090698242188,STAY,2,1,2,STAY,UP,0.17284988,0.24125563,0.5858945,False
2025-05-29 18:30:00+00:00,TCS.NS,3284.91015625,DOWN,2,0,2,DOWN,UP,0.1098758,0.13451849,0.7556057,False
2025-05-29 18:30:00+00:00,SBIN.NS,797.91748046875,STAY,2,1,0,STAY,DOWN,0.4933672,0.16932005,0.33731276,False
2025-05-29 18:30:00+00:00,TMPV.NS,707.4976806640625,DOWN,2,0,2,DOWN,UP,0.4166701,0.064842045,0.5184878,False
2025-05-29 18:30:00+00:00,HDFCBANK.NS,943.86962890625,UP,2,2,2,UP,UP,0.2204548,0.27648935,0.5030559,True
2025-05-29 18:30:00+00:00,INFY.NS,1506.5369873046875,UP,2,2,2,UP,UP,0.23302998,0.18033192,0.58663815,True
2025-06-01 18:30:00+00:00,TMPV.NS,699.7294311523438,DOWN,2,0,2,DOWN,UP,0.30546394,0.07557457,0.6189615,False
2025-06-01 18:30:00+00:00,SBIN.NS,799.2435913085938,STAY,2,1,0,STAY,DOWN,0.53688717,0.17295936,0.29015344,False
2025-06-01 18:30:00+00:00,BHARTIARTL.NS,1815.8751220703125,UP,2,2,0,UP,DOWN,0.5374173,0.24502486,0.21755785,False
2025-06-01 18:30:00+00:00,RELIANCE.NS,1401.5958251953125,UP,2,2,0,UP,DOWN,0.38100153,0.26479173,0.3542068,False
2025-06-01 18:30:00+00:00,ICICIBANK.NS,1427.360107421875,STAY,2,1,2,STAY,UP,0.24001484,0.35559246,0.4043927,False
2025-06-01 18:30:00+00:00,LT.NS,3610.336669921875,DOWN,2,0,0,DOWN,DOWN,0.75552034,0.12864922,0.11583042,True
2025-06-01 18:30:00+00:00,HDFCBANK.NS,937.6577758789062,UP,2,2,2,UP,UP,0.19541374,0.32526475,0.47932154,True
2025-06-01 18:30:00+00:00,INFY.NS,1497.9569091796875,STAY,2,1,2,STAY,UP,0.18224208,0.17388187,0.6438761,False
2025-06-01 18:30:00+00:00,ITC.NS,399.8009338378906,STAY,2,1,2,STAY,UP,0.19702624,0.24392672,0.55904704,False
2025-06-01 18:30:00+00:00,TCS.NS,3272.011474609375,DOWN,2,0,2,DOWN,UP,0.107824974,0.13785388,0.75432116,False
2025-06-02 18:30:00+00:00,ITC.NS,397.5602722167969,STAY,2,1,2,STAY,UP,0.20048705,0.2352033,0.5643097,False
2025-06-02 18:30:00+00:00,HDFCBANK.NS,934.0179443359376,UP,2,2,2,UP,UP,0.1710444,0.3007007,0.5282549,True
2025-06-02 18:30:00+00:00,BHARTIARTL.NS,1803.339111328125,UP,2,2,0,UP,DOWN,0.47032166,0.30097294,0.22870544,False
2025-06-02 18:30:00+00:00,RELIANCE.NS,1393.466064453125,UP,2,2,2,UP,UP,0.36202517,0.26660192,0.37137288,True
2025-06-02 18:30:00+00:00,TMPV.NS,692.1087646484375,STAY,2,1,2,STAY,UP,0.3390454,0.07517582,0.5857788,False
2025-06-02 18:30:00+00:00,INFY.NS,1487.5450439453125,UP,2,2,2,UP,UP,0.3680633,0.18562631,0.44631043,True
2025-06-02 18:30:00+00:00,SBIN.NS,795.4617309570312,STAY,2,1,0,STAY,DOWN,0.4941076,0.24269563,0.26319677,False
2025-06-02 18:30:00+00:00,LT.NS,3609.54443359375,DOWN,2,0,0,DOWN,DOWN,0.7999147,0.1107444,0.08934084,True
2025-06-02 18:30:00+00:00,TCS.NS,3229.709716796875,DOWN,2,0,2,DOWN,UP,0.105242796,0.11216082,0.78259635,False
2025-06-02 18:30:00+00:00,ICICIBANK.NS,1414.961181640625,STAY,2,1,2,STAY,UP,0.25636736,0.31443158,0.42920107,False
2025-06-03 18:30:00+00:00,TMPV.NS,703.3157958984375,DOWN,2,0,2,DOWN,UP,0.26492,0.061347358,0.67373264,False
2025-06-03 18:30:00+00:00,RELIANCE.NS,1411.3118896484375,UP,2,2,2,UP,UP,0.35962623,0.25220472,0.38816902,True
2025-06-03 18:30:00+00:00,LT.NS,3591.42138671875,DOWN,2,0,0,DOWN,DOWN,0.6482433,0.20176733,0.14998935,True
2025-06-03 18:30:00+00:00,BHARTIARTL.NS,1836.736083984375,UP,2,2,0,UP,DOWN,0.49423528,0.3277425,0.1780222,False
2025-06-03 18:30:00+00:00,HDFCBANK.NS,942.0740356445312,UP,2,2,2,UP,UP,0.18472087,0.33333197,0.48194712,True
2025-06-03 18:30:00+00:00,ITC.NS,397.60791015625,STAY,2,1,2,STAY,UP,0.20125413,0.22459866,0.5741472,False
2025-06-03 18:30:00+00:00,TCS.NS,3235.164306640625,DOWN,2,0,2,DOWN,UP,0.10640898,0.108744994,0.78484607,False
2025-06-03 18:30:00+00:00,SBIN.NS,792.2201538085938,UP,2,2,0,UP,DOWN,0.45907974,0.21374473,0.32717553,False
2025-06-03 18:30:00+00:00,INFY.NS,1495.4503173828125,UP,2,2,2,UP,UP,0.34870124,0.16114518,0.49015352,True
2025-06-03 18:30:00+00:00,ICICIBANK.NS,1408.171142578125,STAY,2,1,2,STAY,UP,0.27318427,0.3085971,0.41821864,False
2025-06-04 18:30:00+00:00,LT.NS,3607.36572265625,DOWN,2,0,0,DOWN,DOWN,0.79189044,0.12294688,0.08516269,True
2025-06-04 18:30:00+00:00,HDFCBANK.NS,946.1505126953124,UP,2,2,2,UP,UP,0.20487241,0.3537013,0.44142628,True
2025-06-04 18:30:00+00:00,SBIN.NS,791.72900390625,UP,2,2,0,UP,DOWN,0.43213585,0.25694224,0.3109219,False
2025-06-04 18:30:00+00:00,TCS.NS,3225.786865234375,DOWN,2,0,2,DOWN,UP,0.10631063,0.08002542,0.81366396,False
2025-06-04 18:30:00+00:00,TMPV.NS,704.3075561523438,DOWN,2,0,2,DOWN,UP,0.21353914,0.066392496,0.7200684,False
2025-06-04 18:30:00+00:00,ITC.NS,399.6102600097656,STAY,2,1,2,STAY,UP,0.36971048,0.21307468,0.4172148,False
2025-06-04 18:30:00+00:00,ICICIBANK.NS,1431.5916748046875,DOWN,2,0,2,DOWN,UP,0.29897663,0.28346452,0.4175589,False
2025-06-04 18:30:00+00:00,BHARTIARTL.NS,1840.06591796875,UP,2,2,0,UP,DOWN,0.58243555,0.27018204,0.14738242,False
2025-06-04 18:30:00+00:00,INFY.NS,1498.43896484375,STAY,2,1,0,STAY,DOWN,0.43103218,0.17693862,0.3920292,False
2025-06-04 18:30:00+00:00,RELIANCE.NS,1430.0501708984375,UP,2,2,0,UP,DOWN,0.3835847,0.24302745,0.37338787,False
2025-06-05 18:30:00+00:00,HDFCBANK.NS,960.27294921875,STAY,2,1,2,STAY,UP,0.26321036,0.3004944,0.43629527,False
2025-06-05 18:30:00+00:00,TCS.NS,3238.32177734375,DOWN,2,0,2,DOWN,UP,0.085114695,0.095015965,0.81986934,False
2025-06-05 18:30:00+00:00,RELIANCE.NS,1431.140625,UP,2,2,0,UP,DOWN,0.35808465,0.28984332,0.35207203,False
2025-06-05 18:30:00+00:00,ITC.NS,401.4695739746094,STAY,2,1,0,STAY,DOWN,0.40531632,0.20610964,0.38857406,False
2025-06-05 18:30:00+00:00,ICICIBANK.NS,1436.413330078125,DOWN,2,0,0,DOWN,DOWN,0.5099467,0.19251199,0.29754132,True
2025-06-05 18:30:00+00:00,INFY.NS,1507.5975341796875,STAY,2,1,2,STAY,UP,0.33580923,0.18058972,0.48360106,False
2025-06-05 18:30:00+00:00,LT.NS,3620.93310546875,DOWN,2,0,0,DOWN,DOWN,0.7320178,0.18968639,0.07829575,True
2025-06-05 18:30:00+00:00,TMPV.NS,705.1505737304688,DOWN,2,0,2,DOWN,UP,0.21156316,0.077172786,0.711264,False
2025-06-05 18:30:00+00:00,BHARTIARTL.NS,1831.643310546875,UP,2,2,0,UP,DOWN,0.6326959,0.20171817,0.16558596,False
2025-06-05 18:30:00+00:00,SBIN.NS,798.6541748046875,STAY,2,1,0,STAY,DOWN,0.4510526,0.24023567,0.30871174,False
2025-06-08 18:30:00+00:00,LT.NS,3643.314453125,DOWN,2,0,0,DOWN,DOWN,0.7111986,0.20669177,0.082109556,True
2025-06-08 18:30:00+00:00,INFY.NS,1516.3704833984375,STAY,2,1,2,STAY,UP,0.372553,0.16105683,0.4663902,False
2025-06-08 18:30:00+00:00,BHARTIARTL.NS,1826.6484375,UP,2,2,0,UP,DOWN,0.5863947,0.24265303,0.17095222,False
2025-06-08 18:30:00+00:00,TMPV.NS,711.8945922851562,DOWN,2,0,2,DOWN,UP,0.20757985,0.08807053,0.7043496,False
2025-06-08 18:30:00+00:00,HDFCBANK.NS,960.3700561523438,UP,2,2,1,UP,STAY,0.22552468,0.4236456,0.35082975,False
2025-06-08 18:30:00+00:00,ICICIBANK.NS,1411.91064453125,UP,2,2,0,UP,DOWN,0.38873664,0.23693158,0.3743318,False
2025-06-08 18:30:00+00:00,TCS.NS,3274.39697265625,DOWN,2,0,2,DOWN,UP,0.14110391,0.12307098,0.7358251,False
2025-06-08 18:30:00+00:00,SBIN.NS,805.5302734375,STAY,2,1,0,STAY,DOWN,0.4428237,0.3097127,0.24746352,False
2025-06-08 18:30:00+00:00,RELIANCE.NS,1436.3953857421875,STAY,2,1,0,STAY,DOWN,0.46220568,0.2410755,0.29671887,False
2025-06-08 18:30:00+00:00,ITC.NS,403.3765563964844,STAY,2,1,2,STAY,UP,0.37448972,0.21217866,0.4133316,False
2025-06-09 18:30:00+00:00,SBIN.NS,802.5833740234375,STAY,2,1,0,STAY,DOWN,0.45510265,0.29393044,0.2509669,False
2025-06-09 18:30:00+00:00,TCS.NS,3313.62939453125,DOWN,2,0,2,DOWN,UP,0.15995064,0.16333939,0.67670995,False
2025-06-09 18:30:00+00:00,HDFCBANK.NS,953.7698974609376,UP,2,2,1,UP,STAY,0.20202646,0.45683166,0.34114182,False
2025-06-09 18:30:00+00:00,INFY.NS,1538.6402587890625,STAY,2,1,0,STAY,DOWN,0.45808488,0.14616816,0.395747,False
2025-06-09 18:30:00+00:00,ITC.NS,407.1428833007813,DOWN,2,0,0,DOWN,DOWN,0.4465463,0.21777408,0.33567965,True
2025-06-09 18:30:00+00:00,LT.NS,3644.205810546875,DOWN,2,0,0,DOWN,DOWN,0.7582621,0.16837236,0.073365584,True
2025-06-09 18:30:00+00:00,TMPV.NS,726.2257690429688,DOWN,2,0,2,DOWN,UP,0.16418195,0.10206821,0.7337498,False
2025-06-09 18:30:00+00:00,RELIANCE.NS,1426.1834716796875,STAY,2,1,0,STAY,DOWN,0.44589892,0.2644677,0.28963342,False
2025-06-09 18:30:00+00:00,ICICIBANK.NS,1400.200439453125,UP,2,2,2,UP,UP,0.36344206,0.2036186,0.43293932,True
2025-06-09 18:30:00+00:00,BHARTIARTL.NS,1818.813232421875,UP,2,2,0,UP,DOWN,0.47648296,0.32881314,0.19470392,False
2025-06-10 18:30:00+00:00,ITC.NS,406.3323974609375,DOWN,2,0,0,DOWN,DOWN,0.42506006,0.24120149,0.3337384,True
2025-06-10 18:30:00+00:00,LT.NS,3649.157470703125,DOWN,2,0,0,DOWN,DOWN,0.7612412,0.16555238,0.07320639,True
2025-06-10 18:30:00+00:00,TCS.NS,3322.241455078125,DOWN,2,0,2,DOWN,UP,0.12832665,0.23101102,0.6406623,False
2025-06-10 18:30:00+00:00,INFY.NS,1572.478759765625,DOWN,2,0,0,DOWN,DOWN,0.62708557,0.11510514,0.25780928,True
2025-06-10 18:30:00+00:00,RELIANCE.NS,1436.4945068359375,STAY,2,1,0,STAY,DOWN,0.44685367,0.26449507,0.28865126,False
2025-06-10 18:30:00+00:00,SBIN.NS,800.6187744140625,STAY,2,1,0,STAY,DOWN,0.42961296,0.27380928,0.29657775,False
2025-06-10 18:30:00+00:00,TMPV.NS,730.3416137695312,DOWN,2,0,2,DOWN,UP,0.14559412,0.101700425,0.75270545,False
2025-06-10 18:30:00+00:00,ICICIBANK.NS,1408.171142578125,UP,2,2,2,UP,UP,0.36239678,0.21035671,0.42724648,True
2025-06-10 18:30:00+00:00,HDFCBANK.NS,946.5388793945312,UP,2,2,1,UP,STAY,0.18677889,0.45888993,0.3543312,False
2025-06-10 18:30:00+00:00,BHARTIARTL.NS,1821.849365234375,UP,2,2,0,UP,DOWN,0.48900062,0.30451524,0.20648411,False
2025-06-11 18:30:00+00:00,INFY.NS,1550.787353515625,DOWN,2,0,0,DOWN,DOWN,0.54370385,0.14717534,0.30912074,True
2025-06-11 18:30:00+00:00,BHARTIARTL.NS,1806.17919921875,UP,2,2,0,UP,DOWN,0.45564595,0.32888103,0.21547298,False
2025-06-11 18:30:00+00:00,RELIANCE.NS,1429.2569580078125,DOWN,2,0,0,DOWN,DOWN,0.41257533,0.28919065,0.29823402,True
2025-06-11 18:30:00+00:00,HDFCBANK.NS,943.1417236328124,UP,2,2,2,UP,UP,0.2116139,0.37818322,0.4102029,True
2025-06-11 18:30:00+00:00,ITC.NS,401.421875,DOWN,2,0,2,DOWN,UP,0.37024382,0.23584789,0.3939083,False
2025-06-11 18:30:00+00:00,ICICIBANK.NS,1402.4637451171875,UP,2,2,2,UP,UP,0.35851797,0.2134483,0.42803374,True
2025-06-11 18:30:00+00:00,TMPV.NS,709.4647827148438,DOWN,2,0,2,DOWN,UP,0.1968134,0.08663184,0.7165547,False
2025-06-11 18:30:00+00:00,SBIN.NS,791.679931640625,STAY,2,1,0,STAY,DOWN,0.42180276,0.27213776,0.30605948,False
2025-06-11 18:30:00+00:00,TCS.NS,3286.16650390625,DOWN,2,0,2,DOWN,UP,0.084143214,0.16005552,0.75580126,False
2025-06-11 18:30:00+00:00,LT.NS,3569.039794921875,DOWN,2,0,0,DOWN,DOWN,0.58411175,0.30322394,0.11266436,True
2025-06-12 18:30:00+00:00,SBIN.NS,778.3206787109375,STAY,2,1,0,STAY,DOWN,0.40667453,0.1980387,0.39528677,False
2025-06-12 18:30:00+00:00,LT.NS,3552.699462890625,DOWN,2,0,0,DOWN,DOWN,0.5801886,0.25341317,0.16639827,True
2025-06-12 18:30:00+00:00,ITC.NS,394.6520690917969,STAY,2,1,2,STAY,UP,0.34844384,0.20901808,0.44253805,False
2025-06-12 18:30:00+00:00,INFY.NS,1544.424560546875,DOWN,2,0,0,DOWN,DOWN,0.50085175,0.15683779,0.34231046,True
2025-06-12 18:30:00+00:00,TCS.NS,3297.1708984375,DOWN,2,0,2,DOWN,UP,0.09380232,0.23160885,0.67458886,False
2025-06-12 18:30:00+00:00,BHARTIARTL.NS,1802.4576416015625,UP,2,2,0,UP,DOWN,0.44717848,0.28084844,0.27197307,False
2025-06-12 18:30:00+00:00,RELIANCE.NS,1415.67431640625,DOWN,2,0,0,DOWN,DOWN,0.45208153,0.24049205,0.30742645,True
2025-06-12 18:30:00+00:00,ICICIBANK.NS,1393.5089111328125,UP,2,2,2,UP,UP,0.37595645,0.22065914,0.40338442,True
2025-06-12 18:30:00+00:00,HDFCBANK.NS,930.620849609375,UP,2,2,2,UP,UP,0.21277009,0.3724364,0.41479355,True
2025-06-12 18:30:00+00:00,TMPV.NS,706.19189453125,DOWN,2,0,2,DOWN,UP,0.20538975,0.06108664,0.7335236,False
2025-06-15 18:30:00+00:00,ITC.NS,398.7521362304688,STAY,2,1,2,STAY,UP,0.3738765,0.2053543,0.4207692,False
2025-06-15 18:30:00+00:00,BHARTIARTL.NS,1822.9267578125,UP,2,2,0,UP,DOWN,0.45005038,0.3003388,0.24961077,False
2025-06-15 18:30:00+00:00,ICICIBANK.NS,1404.1365966796875,UP,2,2,2,UP,UP,0.36955756,0.18786335,0.44257906,True
2025-06-15 18:30:00+00:00,RELIANCE.NS,1425.489501953125,DOWN,2,0,0,DOWN,DOWN,0.4207604,0.2119178,0.36732182,True
2025-06-15 18:30:00+00:00,HDFCBANK.NS,939.2592163085938,UP,2,2,2,UP,UP,0.20804907,0.35987636,0.43207458,True
2025-06-15 18:30:00+00:00,TMPV.NS,681.0009155273438,STAY,2,1,2,STAY,UP,0.36602724,0.06151593,0.5724568,False
2025-06-15 18:30:00+00:00,SBIN.NS,778.4680786132812,STAY,2,1,0,STAY,DOWN,0.42696917,0.19409133,0.37893945,False
2025-06-15 18:30:00+00:00,LT.NS,3593.599853515625,DOWN,2,0,0,DOWN,DOWN,0.71566993,0.2000478,0.084282264,True
2025-06-15 18:30:00+00:00,INFY.NS,1565.441162109375,DOWN,2,0,0,DOWN,DOWN,0.52439564,0.12670445,0.34889987,True
2025-06-15 18:30:00+00:00,TCS.NS,3345.590087890625,DOWN,2,0,2,DOWN,UP,0.1315398,0.32292902,0.54553115,False
2025-06-16 18:30:00+00:00,TCS.NS,3363.770751953125,DOWN,2,0,2,DOWN,UP,0.16112655,0.3584737,0.4803997,False
2025-06-16 18:30:00+00:00,LT.NS,3587.261962890625,DOWN,2,0,0,DOWN,DOWN,0.60368484,0.2829385,0.113376655,True
2025-06-16 18:30:00+00:00,HDFCBANK.NS,936.4444580078124,UP,2,2,2,UP,UP,0.22602363,0.31394118,0.46003518,True
2025-06-16 18:30:00+00:00,ICICIBANK.NS,1400.4957275390625,UP,2,2,2,UP,UP,0.3825282,0.18517904,0.43229276,True
2025-06-16 18:30:00+00:00,SBIN.NS,778.2716064453125,STAY,2,1,0,STAY,DOWN,0.4305405,0.18764886,0.38181064,False
2025-06-16 18:30:00+00:00,BHARTIARTL.NS,1816.560791015625,UP,2,2,0,UP,DOWN,0.38705066,0.31628305,0.29666626,False
2025-06-16 18:30:00+00:00,TMPV.NS,669.1987915039062,UP,2,2,2,UP,UP,0.36278644,0.059007913,0.57820565,True
2025-06-16 18:30:00+00:00,ITC.NS,397.98931884765625,DOWN,2,0,2,DOWN,UP,0.35732356,0.2137653,0.42891118,False
2025-06-16 18:30:00+00:00,RELIANCE.NS,1418.9459228515625,STAY,2,1,0,STAY,DOWN,0.42178255,0.20794483,0.37027264,False
2025-06-16 18:30:00+00:00,INFY.NS,1580.9625244140625,DOWN,2,0,0,DOWN,DOWN,0.6585975,0.123416856,0.21798563,True
2025-06-17 18:30:00+00:00,INFY.NS,1574.214111328125,DOWN,2,0,0,DOWN,DOWN,0.58003867,0.1260626,0.2938987,True
2025-06-17 18:30:00+00:00,ICICIBANK.NS,1390.0648193359375,UP,2,2,2,UP,UP,0.37051216,0.19890007,0.43058774,True
2025-06-17 18:30:00+00:00,HDFCBANK.NS,938.5313110351562,UP,2,2,2,UP,UP,0.1949236,0.2771139,0.5279625,True
2025-06-17 18:30:00+00:00,SBIN.NS,777.8787231445312,STAY,2,1,2,STAY,UP,0.39910066,0.18248424,0.41841516,False
2025-06-17 18:30:00+00:00,BHARTIARTL.NS,1827.4320068359373,UP,2,2,0,UP,DOWN,0.37074414,0.34530598,0.28394994,False
2025-06-17 18:30:00+00:00,TCS.NS,3302.625,DOWN,2,0,2,DOWN,UP,0.11945673,0.26374668,0.6167966,False
2025-06-17 18:30:00+00:00,RELIANCE.NS,1417.85546875,STAY,2,1,0,STAY,DOWN,0.3994293,0.21662027,0.3839504,False
2025-06-17 18:30:00+00:00,LT.NS,3566.6630859375,STAY,2,1,0,STAY,DOWN,0.5595552,0.2788027,0.16164216,False
2025-06-17 18:30:00+00:00,ITC.NS,396.5590515136719,STAY,2,1,2,STAY,UP,0.3627043,0.20266886,0.43462688,False
2025-06-17 18:30:00+00:00,TMPV.NS,664.73583984375,STAY,2,1,2,STAY,UP,0.25572753,0.056305267,0.68796724,False
2025-06-18 18:30:00+00:00,BHARTIARTL.NS,1838.3031005859373,UP,2,2,0,UP,DOWN,0.41667113,0.3488176,0.23451127,False
2025-06-18 18:30:00+00:00,RELIANCE.NS,1421.028076171875,DOWN,2,0,0,DOWN,DOWN,0.40132967,0.20025824,0.3984121,True
2025-06-18 18:30:00+00:00,HDFCBANK.NS,939.210693359375,UP,2,2,2,UP,UP,0.19188876,0.25104445,0.5570668,True
2025-06-18 18:30:00+00:00,TCS.NS,3276.40625,DOWN,2,0,2,DOWN,UP,0.102323025,0.22946258,0.6682144,False
2025-06-18 18:30:00+00:00,SBIN.NS,771.1990356445312,STAY,2,1,2,STAY,UP,0.36090043,0.20342126,0.43567833,False
2025-06-18 18:30:00+00:00,ICICIBANK.NS,1388.78564453125,UP,2,2,2,UP,UP,0.38877824,0.18065098,0.4305708,True
2025-06-18 18:30:00+00:00,LT.NS,3586.07373046875,STAY,2,1,0,STAY,DOWN,0.5602509,0.28514847,0.1546007,False
2025-06-18 18:30:00+00:00,ITC.NS,396.6544189453125,STAY,2,1,2,STAY,UP,0.36993134,0.19029102,0.43977764,False
2025-06-18 18:30:00+00:00,TMPV.NS,666.7689208984375,STAY,2,1,2,STAY,UP,0.24699722,0.055582426,0.69742036,False
2025-06-18 18:30:00+00:00,INFY.NS,1560.2352294921875,DOWN,2,0,0,DOWN,DOWN,0.51265055,0.15892991,0.32841954,True
2025-06-19 18:30:00+00:00,INFY.NS,1564.573486328125,DOWN,2,0,0,DOWN,DOWN,0.58257556,0.14815594,0.26926848,True
2025-06-19 18:30:00+00:00,ITC.NS,399.0858154296875,STAY,2,1,2,STAY,UP,0.39947155,0.18161835,0.41891012,False
2025-06-19 18:30:00+00:00,HDFCBANK.NS,953.4786987304688,UP,2,2,2,UP,UP,0.20269977,0.30088112,0.49641916,True
2025-06-19 18:30:00+00:00,TMPV.NS,670.6369018554688,DOWN,2,0,2,DOWN,UP,0.19738854,0.059514385,0.74309707,False
2025-06-19 18:30:00+00:00,RELIANCE.NS,1453.6463623046875,DOWN,2,0,0,DOWN,DOWN,0.46133548,0.23044634,0.30821815,True
2025-06-19 18:30:00+00:00,LT.NS,3626.577880859375,DOWN,2,0,0,DOWN,DOWN,0.7087383,0.20260604,0.0886556,True
2025-06-19 18:30:00+00:00,BHARTIARTL.NS,1896.772216796875,STAY,2,1,0,STAY,DOWN,0.64790666,0.18416251,0.16793086,False
2025-06-19 18:30:00+00:00,ICICIBANK.NS,1404.33349609375,UP,2,2,2,UP,UP,0.38777772,0.16643512,0.44578716,True
2025-06-19 18:30:00+00:00,TCS.NS,3287.60205078125,DOWN,2,0,2,DOWN,UP,0.10525135,0.18974587,0.7050028,False
2025-06-19 18:30:00+00:00,SBIN.NS,782.053466796875,STAY,2,1,2,STAY,UP,0.39031574,0.21487708,0.3948072,False
2025-06-22 18:30:00+00:00,ITC.NS,394.6520690917969,STAY,2,1,2,STAY,UP,0.3233655,0.24434042,0.4322941,False
2025-06-22 18:30:00+00:00,LT.NS,3549.03515625,STAY,2,1,0,STAY,DOWN,0.510039,0.32209042,0.1678706,False
2025-06-22 18:30:00+00:00,RELIANCE.NS,1444.326904296875,DOWN,2,0,0,DOWN,DOWN,0.4213175,0.26067317,0.31800932,True
2025-06-22 18:30:00+00:00,TMPV.NS,665.7276000976562,DOWN,2,0,2,DOWN,UP,0.14436513,0.04865422,0.8069806,False
2025-06-22 18:30:00+00:00,HDFCBANK.NS,945.5681762695312,UP,2,2,2,UP,UP,0.21421422,0.31050894,0.47527686,True
2025-06-22 18:30:00+00:00,ICICIBANK.NS,1397.445068359375,UP,2,2,2,UP,UP,0.34368092,0.15275247,0.5035666,True
2025-06-22 18:30:00+00:00,BHARTIARTL.NS,1896.3804931640625,STAY,2,1,0,STAY,DOWN,0.66668147,0.17632055,0.15699802,False
2025-06-22 18:30:00+00:00,TCS.NS,3247.31689453125,DOWN,2,0,2,DOWN,UP,0.078704834,0.13677636,0.78451884,False
2025-06-22 18:30:00+00:00,SBIN.NS,776.2088012695312,STAY,2,1,2,STAY,UP,0.3561175,0.18451402,0.4593685,False
2025-06-22 18:30:00+00:00,INFY.NS,1527.071533203125,DOWN,2,0,0,DOWN,DOWN,0.5267762,0.14745444,0.32576936,True
2025-06-23 18:30:00+00:00,TMPV.NS,668.1078491210938,DOWN,2,0,2,DOWN,UP,0.12784906,0.06614093,0.80601,False
2025-06-23 18:30:00+00:00,BHARTIARTL.NS,1893.7362060546875,STAY,2,1,0,STAY,DOWN,0.70998,0.15976074,0.1302592,False
2025-06-23 18:30:00+00:00,TCS.NS,3244.254638671875,DOWN,2,0,2,DOWN,UP,0.090055354,0.12786244,0.7820822,False
2025-06-23 18:30:00+00:00,ICICIBANK.NS,1401.38134765625,STAY,2,1,2,STAY,UP,0.34013098,0.1630269,0.49684212,False
2025-06-23 18:30:00+00:00,LT.NS,3569.93115234375,STAY,2,1,0,STAY,DOWN,0.57366717,0.2791651,0.14716771,False
2025-06-23 18:30:00+00:00,SBIN.NS,781.3167114257812,STAY,2,1,2,STAY,UP,0.36835277,0.22808696,0.4035603,False
2025-06-23 18:30:00+00:00,INFY.NS,1524.7576904296875,DOWN,2,0,0,DOWN,DOWN,0.5809955,0.11976738,0.29923707,True
2025-06-23 18:30:00+00:00,RELIANCE.NS,1438.378173828125,DOWN,2,0,0,DOWN,DOWN,0.40247786,0.2743351,0.3231871,True
2025-06-23 18:30:00+00:00,HDFCBANK.NS,951.634521484375,UP,2,2,2,UP,UP,0.20530036,0.36293894,0.43176067,True
2025-06-23 18:30:00+00:00,ITC.NS,395.0811767578125,STAY,2,1,2,STAY,UP,0.32222942,0.22259958,0.45517102,False
2025-06-24 18:30:00+00:00,LT.NS,3584.7861328125,STAY,2,1,0,STAY,DOWN,0.58314705,0.25441903,0.16243394,False
2025-06-24 18:30:00+00:00,HDFCBANK.NS,961.0009155273438,STAY,2,1,1,STAY,STAY,0.2285262,0.40420064,0.36727312,True
2025-06-24 18:30:00+00:00,ICICIBANK.NS,1403.0543212890625,STAY,2,1,2,STAY,UP,0.32509696,0.12848143,0.5464216,False
2025-06-24 18:30:00+00:00,RELIANCE.NS,1454.737060546875,DOWN,2,0,0,DOWN,DOWN,0.4416738,0.25563553,0.30269065,True
2025-06-24 18:30:00+00:00,INFY.NS,1556.8609619140625,DOWN,2,0,0,DOWN,DOWN,0.5874831,0.10180626,0.31071064,True
2025-06-24 18:30:00+00:00,SBIN.NS,785.8843383789062,STAY,2,1,2,STAY,UP,0.36816958,0.21830264,0.4135278,False
2025-06-24 18:30:00+00:00,TMPV.NS,668.9508666992188,DOWN,2,0,2,DOWN,UP,0.081690796,0.07373238,0.84457684,False
2025-06-24 18:30:00+00:00,ITC.NS,396.9881286621094,STAY,2,1,2,STAY,UP,0.3408329,0.19104145,0.4681256,False
2025-06-24 18:30:00+00:00,BHARTIARTL.NS,1925.076416015625,STAY,2,1,0,STAY,DOWN,0.7069366,0.17143217,0.121631235,False
2025-06-24 18:30:00+00:00,TCS.NS,3296.309814453125,DOWN,2,0,2,DOWN,UP,0.11008656,0.19075383,0.6991596,False
2025-06-25 18:30:00+00:00,BHARTIARTL.NS,1972.7725830078125,DOWN,2,0,0,DOWN,DOWN,0.71525013,0.15803878,0.12671112,True
2025-06-25 18:30:00+00:00,HDFCBANK.NS,981.1896362304688,STAY,2,1,2,STAY,UP,0.29524496,0.31811783,0.38663715,False
2025-06-25 18:30:00+00:00,RELIANCE.NS,1482.4971923828125,DOWN,2,0,0,DOWN,DOWN,0.49120796,0.19492158,0.31387043,True
2025-06-25 18:30:00+00:00,INFY.NS,1557.92138671875,DOWN,2,0,0,DOWN,DOWN,0.6168288,0.10467421,0.27849695,True
2025-06-25 18:30:00+00:00,TMPV.NS,677.1329956054688,DOWN,2,0,2,DOWN,UP,0.0687274,0.04921496,0.8820576,False
2025-06-25 18:30:00+00:00,ICICIBANK.NS,1416.14208984375,STAY,2,1,2,STAY,UP,0.33805013,0.16106077,0.5008891,False
2025-06-25 18:30:00+00:00,TCS.NS,3293.439208984375,DOWN,2,0,2,DOWN,UP,0.11436043,0.17750321,0.7081364,False
2025-06-25 18:30:00+00:00,ITC.NS,400.7544250488281,STAY,2,1,2,STAY,UP,0.3820013,0.1569699,0.46102884,False
2025-06-25 18:30:00+00:00,LT.NS,3624.201171875,STAY,2,1,0,STAY,DOWN,0.67004377,0.22960664,0.10034961,False
2025-06-25 18:30:00+00:00,SBIN.NS,782.9375,STAY,2,1,2,STAY,UP,0.33608583,0.18266395,0.48125023,False
2025-06-26 18:30:00+00:00,TCS.NS,3292.769775390625,DOWN,2,0,2,DOWN,UP,0.09431158,0.20161101,0.7040774,False
2025-06-26 18:30:00+00:00,TMPV.NS,681.2488403320312,DOWN,2,0,2,DOWN,UP,0.06513599,0.039353356,0.8955106,False
2025-06-26 18:30:00+00:00,RELIANCE.NS,1502.425048828125,DOWN,2,0,0,DOWN,DOWN,0.46638843,0.21137851,0.3222331,True
2025-06-26 18:30:00+00:00,BHARTIARTL.NS,1985.3084716796875,DOWN,2,0,0,DOWN,DOWN,0.7151476,0.15657571,0.12827666,True
2025-06-26 18:30:00+00:00,ITC.NS,399.1811828613281,STAY,2,1,2,STAY,UP,0.39473602,0.11236626,0.49289775,False
2025-06-26 18:30:00+00:00,LT.NS,3643.611572265625,STAY,2,1,0,STAY,DOWN,0.7281466,0.1809722,0.090881154,False
2025-06-26 18:30:00+00:00,ICICIBANK.NS,1438.87353515625,STAY,2,1,2,STAY,UP,0.37722138,0.20147203,0.42130655,False
2025-06-26 18:30:00+00:00,SBIN.NS,791.1396484375,STAY,2,1,2,STAY,UP,0.36727297,0.18365173,0.4490753,False
2025-06-26 18:30:00+00:00,HDFCBANK.NS,988.5983276367188,STAY,2,1,2,STAY,UP,0.27969986,0.32029983,0.40000033,False
2025-06-26 18:30:00+00:00,INFY.NS,1550.208984375,DOWN,2,0,0,DOWN,DOWN,0.5678635,0.11724587,0.31489062,True
2025-06-29 18:30:00+00:00,ICICIBANK.NS,1422.7352294921875,STAY,2,1,2,STAY,UP,0.3323546,0.20397761,0.46366778,False
2025-06-29 18:30:00+00:00,TCS.NS,3312.768310546875,DOWN,2,0,2,DOWN,UP,0.08390398,0.17207694,0.74401903,False
2025-06-29 18:30:00+00:00,TMPV.NS,682.3397827148438,DOWN,2,0,2,DOWN,UP,0.0600548,0.036537234,0.90340793,False
2025-06-29 18:30:00+00:00,SBIN.NS,805.824951171875,STAY,2,1,0,STAY,DOWN,0.4110886,0.19919036,0.38972107,False
2025-06-29 18:30:00+00:00,RELIANCE.NS,1487.7518310546875,DOWN,2,0,0,DOWN,DOWN,0.5147946,0.18355618,0.30164924,True
2025-06-29 18:30:00+00:00,BHARTIARTL.NS,1968.1693115234373,DOWN,2,0,0,DOWN,DOWN,0.7057266,0.16655506,0.12771834,True
2025-06-29 18:30:00+00:00,LT.NS,3634.302490234375,STAY,2,1,0,STAY,DOWN,0.73506194,0.18334554,0.08159246,False
2025-06-29 18:30:00+00:00,ITC.NS,397.08349609375,STAY,2,1,2,STAY,UP,0.38049808,0.11805353,0.5014484,False
2025-06-29 18:30:00+00:00,INFY.NS,1544.2318115234375,DOWN,2,0,0,DOWN,DOWN,0.58068204,0.09957053,0.31974745,True
2025-06-29 18:30:00+00:00,HDFCBANK.NS,982.023681640625,STAY,2,1,1,STAY,STAY,0.23006316,0.3883531,0.38158372,True
2025-06-30 18:30:00+00:00,SBIN.NS,805.7758178710938,STAY,2,1,0,STAY,DOWN,0.39940768,0.23692444,0.36366785,False
2025-06-30 18:30:00+00:00,ITC.NS,395.7962646484375,STAY,2,1,2,STAY,UP,0.3603065,0.10737936,0.5323141,False
2025-06-30 18:30:00+00:00,TMPV.NS,678.17431640625,DOWN,2,0,2,DOWN,UP,0.059962988,0.03561011,0.9044269,False
2025-06-30 18:30:00+00:00,INFY.NS,1549.05224609375,DOWN,2,0,0,DOWN,DOWN,0.55335134,0.09682024,0.34982845,True
2025-06-30 18:30:00+00:00,LT.NS,3631.232421875,STAY,2,1,0,STAY,DOWN,0.6567412,0.24666768,0.096591115,False
2025-06-30 18:30:00+00:00,RELIANCE.NS,1515.3138427734375,DOWN,2,0,0,DOWN,DOWN,0.5384383,0.19439441,0.26716727,True
2025-06-30 18:30:00+00:00,HDFCBANK.NS,987.2244873046876,STAY,2,1,2,STAY,UP,0.24311635,0.35739246,0.39949122,False
2025-06-30 18:30:00+00:00,TCS.NS,3281.8603515625,DOWN,2,0,2,DOWN,UP,0.10518662,0.2017965,0.6930169,False
2025-06-30 18:30:00+00:00,BHARTIARTL.NS,1977.767333984375,DOWN,2,0,0,DOWN,DOWN,0.74262905,0.1424589,0.114912026,True
2025-06-30 18:30:00+00:00,ICICIBANK.NS,1409.1552734375,STAY,2,1,2,STAY,UP,0.33192453,0.20809181,0.4599837,False
2025-07-01 18:30:00+00:00,TMPV.NS,682.88525390625,DOWN,2,0,2,DOWN,UP,0.059452984,0.0380765,0.9024705,False
2025-07-01 18:30:00+00:00,SBIN.NS,798.5068969726562,STAY,2,1,0,STAY,DOWN,0.40112737,0.25024164,0.34863096,False
2025-07-01 18:30:00+00:00,BHARTIARTL.NS,1991.3807373046875,DOWN,2,0,0,DOWN,DOWN,0.7293857,0.15171187,0.11890244,True
2025-07-01 18:30:00+00:00,TCS.NS,3275.736572265625,DOWN,2,0,2,DOWN,UP,0.10734354,0.18881564,0.70384085,False
2025-07-01 18:30:00+00:00,LT.NS,3562.008544921875,UP,2,2,0,UP,DOWN,0.5889926,0.2796371,0.13137029,False
2025-07-01 18:30:00+00:00,INFY.NS,1552.619140625,DOWN,2,0,0,DOWN,DOWN,0.5998277,0.1109774,0.28919488,True
2025-07-01 18:30:00+00:00,RELIANCE.NS,1505.796142578125,DOWN,2,0,0,DOWN,DOWN,0.5130886,0.19137174,0.2955397,True
2025-07-01 18:30:00+00:00,ITC.NS,393.7462463378906,STAY,2,1,2,STAY,UP,0.32353505,0.11465429,0.56181073,False
2025-07-01 18:30:00+00:00,HDFCBANK.NS,974.418701171875,STAY,2,1,1,STAY,STAY,0.20307066,0.41927585,0.3776535,True
2025-07-01 18:30:00+00:00,ICICIBANK.NS,1405.0223388671875,STAY,2,1,2,STAY,UP,0.34995297,0.17853625,0.47151074,False
2025-07-02 18:30:00+00:00,INFY.NS,1560.5244140625,DOWN,2,0,0,DOWN,DOWN,0.5645107,0.11681395,0.31867534,True
2025-07-02 18:30:00+00:00,BHARTIARTL.NS,1977.66943359375,DOWN,2,0,0,DOWN,DOWN,0.7592892,0.1348261,0.10588472,True
2025-07-02 18:30:00+00:00,TCS.NS,3254.20654296875,DOWN,2,0,2,DOWN,UP,0.098902196,0.14970933,0.75138843,False
2025-07-02 18:30:00+00:00,TMPV.NS,684.7200927734375,DOWN,2,0,2,DOWN,UP,0.062265784,0.039504353,0.89822984,False
2025-07-02 18:30:00+00:00,LT.NS,3548.242919921875,UP,2,2,0,UP,DOWN,0.5945097,0.23622924,0.16926104,False
2025-07-02 18:30:00+00:00,SBIN.NS,792.8095092773438,UP,2,2,0,UP,DOWN,0.40144998,0.22490674,0.3736433,False
2025-07-02 18:30:00+00:00,ICICIBANK.NS,1403.1527099609375,STAY,2,1,2,STAY,UP,0.35607868,0.18915908,0.45476225,False
2025-07-02 18:30:00+00:00,ITC.NS,394.1276550292969,STAY,2,1,2,STAY,UP,0.32575232,0.112746105,0.56150156,False
2025-07-02 18:30:00+00:00,HDFCBANK.NS,974.9583740234376,STAY,2,1,1,STAY,STAY,0.2080976,0.3981806,0.39372176,True
2025-07-02 18:30:00+00:00,RELIANCE.NS,1504.8045654296875,DOWN,2,0,0,DOWN,DOWN,0.52032,0.19893749,0.28074256,True
2025-07-03 18:30:00+00:00,SBIN.NS,797.4754028320312,STAY,2,1,2,STAY,UP,0.36648625,0.2326894,0.40082434,False
2025-07-03 18:30:00+00:00,TMPV.NS,683.3811645507812,STAY,2,1,2,STAY,UP,0.052676924,0.03119875,0.91612434,False
2025-07-03 18:30:00+00:00,RELIANCE.NS,1514.223388671875,DOWN,2,0,0,DOWN,DOWN,0.5174893,0.18066272,0.30184802,True
2025-07-03 18:30:00+00:00,HDFCBANK.NS,976.037841796875,STAY,2,1,2,STAY,UP,0.21823597,0.38257566,0.3991884,False
2025-07-03 18:30:00+00:00,TCS.NS,3272.3876953125,DOWN,2,0,2,DOWN,UP,0.065897495,0.14466344,0.7894391,False
2025-07-03 18:30:00+00:00,ITC.NS,393.3648376464844,STAY,2,1,2,STAY,UP,0.24501862,0.08888006,0.6661013,False
2025-07-03 18:30:00+00:00,LT.NS,3559.830078125,STAY,2,1,0,STAY,DOWN,0.5351189,0.23436323,0.23051785,False
2025-07-03 18:30:00+00:00,INFY.NS,1581.733642578125,DOWN,2,0,0,DOWN,DOWN,0.52782404,0.13448976,0.33768618,True
2025-07-03 18:30:00+00:00,ICICIBANK.NS,1419.782958984375,STAY,2,1,2,STAY,UP,0.26957092,0.16282634,0.56760275,False
2025-07-03 18:30:00+00:00,BHARTIARTL.NS,1975.6126708984373,DOWN,2,0,0,DOWN,DOWN,0.77741486,0.12173462,0.100850485,True
2025-07-06 18:30:00+00:00,INFY.NS,1568.5262451171875,DOWN,2,0,0,DOWN,DOWN,0.51444423,0.14289545,0.34266034,True
2025-07-06 18:30:00+00:00,SBIN.NS,792.56396484375,UP,2,2,2,UP,UP,0.36003724,0.22457866,0.41538405,True
2025-07-06 18:30:00+00:00,RELIANCE.NS,1528.3016357421875,DOWN,2,0,0,DOWN,DOWN,0.52380764,0.17406034,0.302132,True
2025-07-06 18:30:00+00:00,BHARTIARTL.NS,1991.9683837890625,DOWN,2,0,0,DOWN,DOWN,0.7241217,0.14209403,0.13378426,True
2025-07-06 18:30:00+00:00,ICICIBANK.NS,1412.7962646484375,STAY,2,1,2,STAY,UP,0.27161866,0.17335378,0.5550276,False
2025-07-06 18:30:00+00:00,TMPV.NS,683.1828002929688,STAY,2,1,2,STAY,UP,0.05886118,0.045356322,0.8957825,False
2025-07-06 18:30:00+00:00,TCS.NS,3264.636474609375,DOWN,2,0,2,DOWN,UP,0.079646245,0.14381993,0.7765338,False
2025-07-06 18:30:00+00:00,HDFCBANK.NS,975.1055908203124,STAY,2,1,2,STAY,UP,0.20651355,0.28739387,0.5060926,False
2025-07-06 18:30:00+00:00,LT.NS,3546.757568359375,STAY,2,1,0,STAY,DOWN,0.52240497,0.24152276,0.23607224,False
2025-07-06 18:30:00+00:00,ITC.NS,396.7974548339844,STAY,2,1,2,STAY,UP,0.2789696,0.08972206,0.6313083,False
2025-07-07 18:30:00+00:00,RELIANCE.NS,1524.43505859375,DOWN,2,0,0,DOWN,DOWN,0.52275515,0.1489958,0.32824907,True
2025-07-07 18:30:00+00:00,BHARTIARTL.NS,1988.148681640625,DOWN,2,0,0,DOWN,DOWN,0.7222044,0.12157708,0.15621856,True
2025-07-07 18:30:00+00:00,TCS.NS,3259.37353515625,DOWN,2,0,2,DOWN,UP,0.08348408,0.12911539,0.78740054,False
2025-07-07 18:30:00+00:00,TMPV.NS,687.4970092773438,STAY,2,1,2,STAY,UP,0.06650135,0.042882226,0.8906164,False
2025-07-07 18:30:00+00:00,ICICIBANK.NS,1418.9957275390625,STAY,2,1,2,STAY,UP,0.2436501,0.1843598,0.5719901,False
2025-07-07 18:30:00+00:00,SBIN.NS,798.2612915039062,UP,2,2,0,UP,DOWN,0.3839696,0.24852784,0.36750254,False
2025-07-07 18:30:00+00:00,HDFCBANK.NS,981.974609375,STAY,2,1,2,STAY,UP,0.22947691,0.3075668,0.4629563,False
2025-07-07 18:30:00+00:00,INFY.NS,1579.8055419921875,DOWN,2,0,0,DOWN,DOWN,0.5218253,0.14585298,0.3323217,True
2025-07-07 18:30:00+00:00,LT.NS,3571.515625,STAY,2,1,0,STAY,DOWN,0.59839904,0.21092504,0.1906759,False
2025-07-07 18:30:00+00:00,ITC.NS,397.7986450195313,DOWN,2,0,2,DOWN,UP,0.28123626,0.092259735,0.626504,False
2025-07-08 18:30:00+00:00,RELIANCE.NS,1505.9942626953125,DOWN,2,0,0,DOWN,DOWN,0.50726676,0.20928554,0.2834477,True
2025-07-08 18:30:00+00:00,TMPV.NS,687.1002807617188,STAY,2,1,2,STAY,UP,0.07532111,0.052097272,0.8725816,False
2025-07-08 18:30:00+00:00,ITC.NS,399.9440002441406,DOWN,2,0,2,DOWN,UP,0.27019417,0.14858148,0.5812244,False
2025-07-08 18:30:00+00:00,TCS.NS,3237.939453125,DOWN,2,0,2,DOWN,UP,0.077519834,0.113764934,0.8087152,False
2025-07-08 18:30:00+00:00,LT.NS,3545.073974609375,STAY,2,1,0,STAY,DOWN,0.5135621,0.22111262,0.2653253,False
2025-07-08 18:30:00+00:00,INFY.NS,1574.9853515625,DOWN,2,0,0,DOWN,DOWN,0.52824587,0.13666327,0.3350909,True
2025-07-08 18:30:00+00:00,ICICIBANK.NS,1409.056884765625,STAY,2,1,2,STAY,UP,0.25895762,0.14839986,0.5926425,False
2025-07-08 18:30:00+00:00,BHARTIARTL.NS,1978.06103515625,DOWN,2,0,0,DOWN,DOWN,0.6909294,0.14911166,0.15995891,True
2025-07-08 18:30:00+00:00,SBIN.NS,796.5913696289062,STAY,2,1,2,STAY,UP,0.34078667,0.1730866,0.4861267,False
2025-07-08 18:30:00+00:00,HDFCBANK.NS,986.7828979492188,STAY,2,1,2,STAY,UP,0.18732321,0.24344295,0.56923383,False
2025-07-09 18:30:00+00:00,RELIANCE.NS,1504.209716796875,DOWN,2,0,0,DOWN,DOWN,0.52995616,0.19102398,0.27901983,True
2025-07-09 18:30:00+00:00,ICICIBANK.NS,1401.38134765625,STAY,2,1,2,STAY,UP,0.2667553,0.1439788,0.5892659,False
2025-07-09 18:30:00+00:00,TCS.NS,3236.216796875,DOWN,2,0,2,DOWN,UP,0.07448899,0.09352074,0.83199024,False
2025-07-09 18:30:00+00:00,ITC.NS,397.46490478515625,DOWN,2,0,2,DOWN,UP,0.26303098,0.09387204,0.6430969,False
2025-07-09 18:30:00+00:00,BHARTIARTL.NS,1923.9991455078125,STAY,2,1,0,STAY,DOWN,0.6487748,0.16791487,0.18331036,False
2025-07-09 18:30:00+00:00,LT.NS,3540.122314453125,STAY,2,1,0,STAY,DOWN,0.5082352,0.225026,0.26673877,False
2025-07-09 18:30:00+00:00,SBIN.NS,793.693603515625,STAY,2,1,2,STAY,UP,0.30701956,0.12318268,0.56979775,False
2025-07-09 18:30:00+00:00,HDFCBANK.NS,984.3296508789062,STAY,2,1,2,STAY,UP,0.17935476,0.22992817,0.5907171,False
2025-07-09 18:30:00+00:00,TMPV.NS,689.8772583007812,DOWN,2,0,2,DOWN,UP,0.083061464,0.08937949,0.82755905,False
2025-07-09 18:30:00+00:00,INFY.NS,1557.728759765625,DOWN,2,0,0,DOWN,DOWN,0.49735716,0.14557743,0.35706538,True
2025-07-10 18:30:00+00:00,ITC.NS,397.4172058105469,DOWN,2,0,2,DOWN,UP,0.25762153,0.09922075,0.6431577,False
2025-07-10 18:30:00+00:00,RELIANCE.NS,1482.3980712890625,DOWN,2,0,0,DOWN,DOWN,0.4962972,0.21068461,0.2930182,True
2025-07-10 18:30:00+00:00,SBIN.NS,794.3321533203125,STAY,2,1,2,STAY,UP,0.3431139,0.11447737,0.5424087,False
2025-07-10 18:30:00+00:00,TMPV.NS,676.1907958984375,STAY,2,1,2,STAY,UP,0.07792793,0.075794324,0.8462778,False
2025-07-10 18:30:00+00:00,ICICIBANK.NS,1399.2164306640625,STAY,2,1,2,STAY,UP,0.26565027,0.11999717,0.6143525,False
2025-07-10 18:30:00+00:00,HDFCBANK.NS,973.2901611328124,STAY,2,1,2,STAY,UP,0.1546595,0.18197279,0.66336775,False
2025-07-10 18:30:00+00:00,BHARTIARTL.NS,1882.27734375,STAY,2,1,0,STAY,DOWN,0.48029843,0.23640192,0.28329965,False
2025-07-10 18:30:00+00:00,INFY.NS,1537.5797119140625,DOWN,2,0,0,DOWN,DOWN,0.5298935,0.14282452,0.32728198,True
2025-07-10 18:30:00+00:00,LT.NS,3506.352294921875,STAY,2,1,2,STAY,UP,0.415256,0.14370516,0.44103885,False
2025-07-10 18:30:00+00:00,TCS.NS,3125.217041015625,DOWN,2,0,2,DOWN,UP,0.09402609,0.08988458,0.8160894,False
2025-07-13 18:30:00+00:00,TMPV.NS,668.9508666992188,STAY,2,1,2,STAY,UP,0.08098322,0.084667765,0.83434904,False
2025-07-13 18:30:00+00:00,RELIANCE.NS,1470.9964599609375,DOWN,2,0,0,DOWN,DOWN,0.5305719,0.18837562,0.2810525,True
2025-07-13 18:30:00+00:00,SBIN.NS,794.528564453125,STAY,2,1,2,STAY,UP,0.32770786,0.1026913,0.5696009,False
2025-07-13 18:30:00+00:00,LT.NS,3462.08447265625,STAY,2,1,0,STAY,DOWN,0.42324072,0.1557069,0.42105237,False
2025-07-13 18:30:00+00:00,HDFCBANK.NS,972.94677734375,STAY,2,1,2,STAY,UP,0.1452842,0.16138753,0.6933282,False
2025-07-13 18:30:00+00:00,TCS.NS,3083.783447265625,STAY,2,1,2,STAY,UP,0.07299048,0.07743938,0.84957016,False
2025-07-13 18:30:00+00:00,BHARTIARTL.NS,1881.2979736328125,STAY,2,1,0,STAY,DOWN,0.5131945,0.21286628,0.27393922,False
2025-07-13 18:30:00+00:00,INFY.NS,1513.8638916015625,DOWN,2,0,0,DOWN,DOWN,0.53299403,0.11022349,0.35678247,True
2025-07-13 18:30:00+00:00,ITC.NS,399.8963012695313,DOWN,2,0,2,DOWN,UP,0.2644813,0.10111721,0.63440144,False
2025-07-13 18:30:00+00:00,ICICIBANK.NS,1400.298828125,STAY,2,1,2,STAY,UP,0.2629897,0.072709605,0.6643007,False
2025-07-14 18:30:00+00:00,TCS.NS,3112.107666015625,DOWN,2,0,2,DOWN,UP,0.08456634,0.076735616,0.838698,False
2025-07-14 18:30:00+00:00,LT.NS,3460.202880859375,STAY,2,1,2,STAY,UP,0.40948814,0.12818816,0.46232373,False
2025-07-14 18:30:00+00:00,BHARTIARTL.NS,1894.32373046875,STAY,2,1,0,STAY,DOWN,0.517501,0.24202296,0.24047603,False
2025-07-14 18:30:00+00:00,ICICIBANK.NS,1407.9744873046875,STAY,2,1,2,STAY,UP,0.23481739,0.07519252,0.68999004,False
2025-07-14 18:30:00+00:00,INFY.NS,1528.614013671875,DOWN,2,0,0,DOWN,DOWN,0.5183771,0.13051341,0.35110947,True
2025-07-14 18:30:00+00:00,SBIN.NS,801.9940185546875,STAY,2,1,2,STAY,UP,0.3892619,0.11527244,0.4954657,False
2025-07-14 18:30:00+00:00,ITC.NS,402.47076416015625,DOWN,2,0,2,DOWN,UP,0.27925462,0.12127184,0.59947354,False
2025-07-14 18:30:00+00:00,RELIANCE.NS,1472.6820068359375,DOWN,2,0,0,DOWN,DOWN,0.541602,0.15575859,0.30263937,True
2025-07-14 18:30:00+00:00,HDFCBANK.NS,979.079833984375,DOWN,2,0,2,DOWN,UP,0.1626114,0.13010553,0.7072831,False
2025-07-14 18:30:00+00:00,TMPV.NS,678.7694091796875,STAY,2,1,2,STAY,UP,0.08243257,0.09323825,0.8243292,False
2025-07-15 18:30:00+00:00,ITC.NS,404.8544921875,DOWN,2,0,2,DOWN,UP,0.29920876,0.14087765,0.55991364,False
2025-07-15 18:30:00+00:00,INFY.NS,1550.1126708984375,DOWN,2,0,0,DOWN,DOWN,0.50602347,0.13195784,0.36201867,True
2025-07-15 18:30:00+00:00,TMPV.NS,673.413818359375,STAY,2,1,2,STAY,UP,0.083495915,0.09603832,0.8204658,False
2025-07-15 18:30:00+00:00,TCS.NS,3104.234375,DOWN,2,0,2,DOWN,UP,0.07627288,0.070347205,0.85337996,False
2025-07-15 18:30:00+00:00,ICICIBANK.NS,1403.6446533203125,STAY,2,1,2,STAY,UP,0.195422,0.053187188,0.7513909,False
2025-07-15 18:30:00+00:00,RELIANCE.NS,1472.8802490234375,DOWN,2,0,0,DOWN,DOWN,0.5117547,0.1613017,0.3269436,True
2025-07-15 18:30:00+00:00,BHARTIARTL.NS,1896.67431640625,STAY,2,1,0,STAY,DOWN,0.5376371,0.23155856,0.23080435,False
2025-07-15 18:30:00+00:00,SBIN.NS,816.9739990234375,DOWN,2,0,0,DOWN,DOWN,0.5229704,0.11614648,0.36088315,True
2025-07-15 18:30:00+00:00,LT.NS,3469.908203125,UP,2,2,2,UP,UP,0.37261063,0.08576986,0.54161954,True
2025-07-15 18:30:00+00:00,HDFCBANK.NS,979.4723510742188,DOWN,2,0,2,DOWN,UP,0.13485563,0.11144829,0.7536961,False
2025-07-16 18:30:00+00:00,BHARTIARTL.NS,1890.112548828125,STAY,2,1,0,STAY,DOWN,0.38684496,0.35288435,0.26027063,False
2025-07-16 18:30:00+00:00,RELIANCE.NS,1463.759033203125,DOWN,2,0,0,DOWN,DOWN,0.46733046,0.18102978,0.35163975,True
2025-07-16 18:30:00+00:00,SBIN.NS,814.32177734375,DOWN,2,0,0,DOWN,DOWN,0.47970918,0.15380557,0.3664852,True
2025-07-16 18:30:00+00:00,ICICIBANK.NS,1396.0673828125,STAY,2,1,2,STAY,UP,0.22790302,0.060394835,0.7117021,False
2025-07-16 18:30:00+00:00,TMPV.NS,676.0916137695312,STAY,2,1,2,STAY,UP,0.08604179,0.094133504,0.8198247,False
2025-07-16 18:30:00+00:00,ITC.NS,404.2347106933594,DOWN,2,0,2,DOWN,UP,0.28806624,0.1673979,0.5445359,False
2025-07-16 18:30:00+00:00,HDFCBANK.NS,974.8602905273438,DOWN,2,0,2,DOWN,UP,0.12306152,0.0951921,0.7817464,False
2025-07-16 18:30:00+00:00,TCS.NS,3081.287109375,DOWN,2,0,2,DOWN,UP,0.062381018,0.057021737,0.88059723,False
2025-07-16 18:30:00+00:00,LT.NS,3440.396484375,UP,2,2,2,UP,UP,0.37226948,0.107044995,0.5206855,True
2025-07-16 18:30:00+00:00,INFY.NS,1526.589599609375,DOWN,2,0,0,DOWN,DOWN,0.52312094,0.120962724,0.35591632,True
2025-07-17 18:30:00+00:00,ITC.NS,403.0905151367188,DOWN,2,0,2,DOWN,UP,0.28705984,0.110583566,0.6023566,False
2025-07-17 18:30:00+00:00,SBIN.NS,808.7717895507812,DOWN,2,0,0,DOWN,DOWN,0.4274595,0.18293011,0.38961038,True
2025-07-17 18:30:00+00:00,TMPV.NS,674.653564453125,STAY,2,1,2,STAY,UP,0.088641666,0.09246685,0.81889147,False
2025-07-17 18:30:00+00:00,INFY.NS,1529.095947265625,DOWN,2,0,0,DOWN,DOWN,0.4997486,0.104830146,0.39542124,True
2025-07-17 18:30:00+00:00,HDFCBANK.NS,960.3862915039062,DOWN,2,0,2,DOWN,UP,0.15349855,0.17181313,0.6746883,False
2025-07-17 18:30:00+00:00,LT.NS,3431.285400390625,UP,2,2,2,UP,UP,0.3393235,0.109700404,0.5509761,True
2025-07-17 18:30:00+00:00,BHARTIARTL.NS,1877.372802734375,STAY,2,1,0,STAY,DOWN,0.56037873,0.2034432,0.23617804,False
2025-07-17 18:30:00+00:00,TCS.NS,3062.756103515625,DOWN,2,0,2,DOWN,UP,0.07617937,0.077648744,0.8461719,False
2025-07-17 18:30:00+00:00,RELIANCE.NS,1463.3624267578125,DOWN,2,0,0,DOWN,DOWN,0.43435928,0.16356893,0.40207174,True
2025-07-17 18:30:00+00:00,ICICIBANK.NS,1403.0543212890625,STAY,2,1,2,STAY,UP,0.21536414,0.055787552,0.7288483,False
2025-07-20 18:30:00+00:00,TCS.NS,3032.31982421875,STAY,2,1,2,STAY,UP,0.10832943,0.05497068,0.83669996,False
2025-07-20 18:30:00+00:00,BHARTIARTL.NS,1885.4708251953125,STAY,2,1,0,STAY,DOWN,0.5589157,0.19834952,0.24273479,False
2025-07-20 18:30:00+00:00,SBIN.NS,809.6068115234375,STAY,2,1,0,STAY,DOWN,0.43471602,0.16741914,0.39786488,False
2025-07-20 18:30:00+00:00,LT.NS,3468.91796875,UP,2,2,2,UP,UP,0.35748538,0.077916235,0.5645984,True
2025-07-20 18:30:00+00:00,INFY.NS,1527.36083984375,DOWN,2,0,0,DOWN,DOWN,0.47845593,0.10520528,0.41633883,True
2025-07-20 18:30:00+00:00,ICICIBANK.NS,1442.4161376953125,DOWN,2,0,2,DOWN,UP,0.3362918,0.10007308,0.5636351,False
2025-07-20 18:30:00+00:00,ITC.NS,400.5637512207031,STAY,2,1,2,STAY,UP,0.2595028,0.08531182,0.65518534,False
2025-07-20 18:30:00+00:00,TMPV.NS,681.7943115234375,STAY,2,1,2,STAY,UP,0.07693296,0.097185425,0.8258816,False
2025-07-20 18:30:00+00:00,RELIANCE.NS,1416.3682861328125,DOWN,2,0,0,DOWN,DOWN,0.5465282,0.15213041,0.30134135,True
2025-07-20 18:30:00+00:00,HDFCBANK.NS,981.5330200195312,DOWN,2,0,2,DOWN,UP,0.19393463,0.17394236,0.632123,False
2025-07-21 18:30:00+00:00,ICICIBANK.NS,1450.0916748046875,DOWN,2,0,2,DOWN,UP,0.38445917,0.11707867,0.49846217,False
2025-07-21 18:30:00+00:00,HDFCBANK.NS,984.771240234375,DOWN,2,0,2,DOWN,UP,0.16792007,0.12430026,0.7077797,False
2025-07-21 18:30:00+00:00,SBIN.NS,800.5697021484375,STAY,2,1,0,STAY,DOWN,0.45217344,0.17530781,0.37251878,False
2025-07-21 18:30:00+00:00,LT.NS,3431.08740234375,UP,2,2,2,UP,UP,0.3382272,0.10304862,0.5587242,True
2025-07-21 18:30:00+00:00,RELIANCE.NS,1400.70361328125,DOWN,2,0,0,DOWN,DOWN,0.48290458,0.1663115,0.35078394,True
2025-07-21 18:30:00+00:00,BHARTIARTL.NS,1883.100830078125,STAY,2,1,0,STAY,DOWN,0.5050821,0.2020883,0.29282963,False
2025-07-21 18:30:00+00:00,TCS.NS,3033.664306640625,DOWN,2,0,2,DOWN,UP,0.10374824,0.060776483,0.83547527,False
2025-07-21 18:30:00+00:00,INFY.NS,1514.4423828125,DOWN,2,0,0,DOWN,DOWN,0.51470655,0.11132924,0.37396416,True
2025-07-21 18:30:00+00:00,ITC.NS,396.6544189453125,STAY,2,1,2,STAY,UP,0.2253078,0.071113996,0.7035782,False
2025-07-21 18:30:00+00:00,TMPV.NS,667.8599243164062,UP,2,2,2,UP,UP,0.076838635,0.09385312,0.8293083,True
2025-07-22 18:30:00+00:00,ICICIBANK.NS,1464.8524169921875,DOWN,2,0,0,DOWN,DOWN,0.4259968,0.15390433,0.4200988,True
2025-07-22 18:30:00+00:00,TMPV.NS,684.4224853515625,STAY,2,1,2,STAY,UP,0.07504432,0.05476914,0.87018657,False
2025-07-22 18:30:00+00:00,RELIANCE.NS,1412.4024658203125,DOWN,2,0,0,DOWN,DOWN,0.504115,0.17115659,0.3247284,True
2025-07-22 18:30:00+00:00,INFY.NS,1517.9129638671875,DOWN,2,0,0,DOWN,DOWN,0.51150686,0.10500102,0.38349214,True
2025-07-22 18:30:00+00:00,TCS.NS,3052.386962890625,DOWN,2,0,2,DOWN,UP,0.09675789,0.06416026,0.8390818,False
2025-07-22 18:30:00+00:00,LT.NS,3451.19091796875,STAY,2,1,2,STAY,UP,0.34698844,0.08363886,0.5693727,False
2025-07-22 18:30:00+00:00,HDFCBANK.NS,993.2103881835938,DOWN,2,0,2,DOWN,UP,0.21070641,0.18423726,0.60505635,False
2025-07-22 18:30:00+00:00,BHARTIARTL.NS,1919.640869140625,DOWN,2,0,0,DOWN,DOWN,0.5977939,0.16499709,0.2372091,True
2025-07-22 18:30:00+00:00,SBIN.NS,806.1196899414062,STAY,2,1,0,STAY,DOWN,0.49355558,0.17412676,0.33231765,False
2025-07-22 18:30:00+00:00,ITC.NS,395.65325927734375,STAY,2,1,2,STAY,UP,0.20149004,0.0684858,0.7300242,False
2025-07-23 18:30:00+00:00,BHARTIARTL.NS,1912.0364990234373,DOWN,2,0,2,DOWN,UP,0.24441613,0.24185257,0.5137313,False
2025-07-23 18:30:00+00:00,TCS.NS,3022.5263671875,DOWN,2,0,2,DOWN,UP,0.11558267,0.057798397,0.8266189,False
2025-07-23 18:30:00+00:00,ITC.NS,390.8857727050781,STAY,2,1,2,STAY,UP,0.1624792,0.072570235,0.7649505,False
2025-07-23 18:30:00+00:00,INFY.NS,1496.70361328125,DOWN,2,0,0,DOWN,DOWN,0.5182008,0.097895116,0.38390404,True
2025-07-23 18:30:00+00:00,HDFCBANK.NS,988.2548217773438,DOWN,2,0,2,DOWN,UP,0.15268457,0.28085166,0.56646377,False
2025-07-23 18:30:00+00:00,LT.NS,3443.862548828125,STAY,2,1,2,STAY,UP,0.3180347,0.07533146,0.60663384,False
2025-07-23 18:30:00+00:00,SBIN.NS,801.25732421875,STAY,2,1,0,STAY,DOWN,0.45953575,0.1830622,0.35740203,False
2025-07-23 18:30:00+00:00,TMPV.NS,694.7369384765625,UP,2,2,2,UP,UP,0.08186532,0.057441775,0.86069286,True
2025-07-23 18:30:00+00:00,ICICIBANK.NS,1459.7353515625,DOWN,2,0,2,DOWN,UP,0.40891215,0.10155231,0.48953557,False
2025-07-23 18:30:00+00:00,RELIANCE.NS,1390.8883056640625,STAY,2,1,0,STAY,DOWN,0.44325918,0.21974213,0.33699867,False
2025-07-24 18:30:00+00:00,LT.NS,3409.59716796875,UP,2,2,2,UP,UP,0.29421136,0.06495202,0.64083666,True
2025-07-24 18:30:00+00:00,ICICIBANK.NS,1453.5357666015625,DOWN,2,0,0,DOWN,DOWN,0.43181694,0.15652753,0.41165558,True
2025-07-24 18:30:00+00:00,ITC.NS,390.361328125,STAY,2,1,2,STAY,UP,0.16447675,0.071903944,0.76361924,False
2025-07-24 18:30:00+00:00,BHARTIARTL.NS,1913.814208984375,DOWN,2,0,2,DOWN,UP,0.2438267,0.23212017,0.5240531,False
2025-07-24 18:30:00+00:00,RELIANCE.NS,1379.7841796875,STAY,2,1,0,STAY,DOWN,0.4310671,0.20583457,0.3630983,False
2025-07-24 18:30:00+00:00,HDFCBANK.NS,985.9922485351562,DOWN,2,0,2,DOWN,UP,0.13707761,0.25161168,0.61131066,False
2025-07-24 18:30:00+00:00,TMPV.NS,681.7447509765625,UP,2,2,2,UP,UP,0.076751,0.07783058,0.84541845,True
2025-07-24 18:30:00+00:00,TCS.NS,3010.812744140625,DOWN,2,0,2,DOWN,UP,0.116507865,0.05877635,0.8247158,False
2025-07-24 18:30:00+00:00,INFY.NS,1461.2261962890625,STAY,2,1,0,STAY,DOWN,0.47895163,0.087186895,0.43386143,False
2025-07-24 18:30:00+00:00,SBIN.NS,792.269287109375,STAY,2,1,0,STAY,DOWN,0.434049,0.18709041,0.37886056,False
2025-07-27 18:30:00+00:00,RELIANCE.NS,1375.7193603515625,STAY,2,1,0,STAY,DOWN,0.4273402,0.18582587,0.3868339,False
2025-07-27 18:30:00+00:00,SBIN.NS,783.0357666015625,UP,2,2,0,UP,DOWN,0.41164303,0.1989064,0.38945058,False
2025-07-27 18:30:00+00:00,LT.NS,3389.097412109375,UP,2,2,2,UP,UP,0.22602995,0.06237196,0.7115981,True
2025-07-27 18:30:00+00:00,ITC.NS,390.8381042480469,STAY,2,1,2,STAY,UP,0.18681884,0.06858905,0.7445921,False
2025-07-27 18:30:00+00:00,TMPV.NS,677.2817993164062,UP,2,2,2,UP,UP,0.08060784,0.059267305,0.8601249,True
2025-07-27 18:30:00+00:00,INFY.NS,1461.515380859375,STAY,2,1,0,STAY,DOWN,0.4963086,0.11921143,0.38447997,False
2025-07-27 18:30:00+00:00,BHARTIARTL.NS,1866.805908203125,STAY,2,1,2,STAY,UP,0.20690502,0.24084353,0.5522514,False
2025-07-27 18:30:00+00:00,ICICIBANK.NS,1464.655517578125,DOWN,2,0,0,DOWN,DOWN,0.4568975,0.12640446,0.41669807,True
2025-07-27 18:30:00+00:00,TCS.NS,2956.56494140625,STAY,2,1,2,STAY,UP,0.12255332,0.06522127,0.8122254,False
2025-07-27 18:30:00+00:00,HDFCBANK.NS,987.9105224609376,DOWN,2,0,2,DOWN,UP,0.12620421,0.19808795,0.6757078,False
2025-07-28 18:30:00+00:00,BHARTIARTL.NS,1894.4578857421875,STAY,2,1,2,STAY,UP,0.21899813,0.2320663,0.54893553,False
2025-07-28 18:30:00+00:00,INFY.NS,1459.2979736328125,STAY,2,1,0,STAY,DOWN,0.4953691,0.12219056,0.3824404,False
2025-07-28 18:30:00+00:00,LT.NS,3461.78759765625,STAY,2,1,2,STAY,UP,0.31641942,0.07638104,0.60719955,False
2025-07-28 18:30:00+00:00,SBIN.NS,785.0494384765625,UP,2,2,0,UP,DOWN,0.46958777,0.17629173,0.35412052,False
2025-07-28 18:30:00+00:00,RELIANCE.NS,1404.966796875,STAY,2,1,2,STAY,UP,0.40282238,0.16727911,0.4298985,False
2025-07-28 18:30:00+00:00,TCS.NS,2934.193359375,UP,2,2,2,UP,UP,0.12598965,0.064009964,0.8100004,True
2025-07-28 18:30:00+00:00,ICICIBANK.NS,1462.4906005859375,DOWN,2,0,2,DOWN,UP,0.37367204,0.09978958,0.5265384,False
2025-07-28 18:30:00+00:00,ITC.NS,389.4555358886719,STAY,2,1,2,STAY,UP,0.17656282,0.068751425,0.7546857,False
2025-07-28 18:30:00+00:00,TMPV.NS,686.6539916992188,STAY,2,1,2,STAY,UP,0.08651932,0.06046826,0.85301244,False
2025-07-28 18:30:00+00:00,HDFCBANK.NS,994.3539428710938,DOWN,2,0,2,DOWN,UP,0.15547308,0.21148065,0.63304627,False
2025-07-29 18:30:00+00:00,RELIANCE.NS,1398.0267333984375,STAY,2,1,2,STAY,UP,0.3996011,0.16908771,0.43131116,False
2025-07-29 18:30:00+00:00,TMPV.NS,662.9506225585938,UP,2,2,2,UP,UP,0.08233129,0.050072458,0.86759627,True
2025-07-29 18:30:00+00:00,LT.NS,3629.64794921875,DOWN,2,0,0,DOWN,DOWN,0.64553535,0.16778265,0.186682,True
2025-07-29 18:30:00+00:00,ITC.NS,388.6450500488281,STAY,2,1,2,STAY,UP,0.1686785,0.059954885,0.7713666,False
2025-07-29 18:30:00+00:00,BHARTIARTL.NS,1908.580078125,STAY,2,1,2,STAY,UP,0.23437102,0.23157035,0.53405863,False
2025-07-29 18:30:00+00:00,INFY.NS,1464.40771484375,STAY,2,1,2,STAY,UP,0.4345145,0.11926955,0.44621593,False
2025-07-29 18:30:00+00:00,SBIN.NS,787.4560546875,UP,2,2,0,UP,DOWN,0.43426114,0.15157294,0.41416585,False
2025-07-29 18:30:00+00:00,TCS.NS,2931.888916015625,UP,2,2,2,UP,UP,0.091396876,0.07830464,0.8302985,True
2025-07-29 18:30:00+00:00,HDFCBANK.NS,996.4197998046876,DOWN,2,0,2,DOWN,UP,0.13215971,0.18825696,0.6795833,False
2025-07-29 18:30:00+00:00,ICICIBANK.NS,1458.751220703125,DOWN,2,0,2,DOWN,UP,0.3460555,0.080450155,0.5734944,False
2025-07-30 18:30:00+00:00,LT.NS,3601.324462890625,STAY,2,1,0,STAY,DOWN,0.6081021,0.18220836,0.20968953,False
2025-07-30 18:30:00+00:00,INFY.NS,1454.76708984375,STAY,2,1,2,STAY,UP,0.4283824,0.11366218,0.45795545,False
2025-07-30 18:30:00+00:00,RELIANCE.NS,1378.2969970703125,STAY,2,1,2,STAY,UP,0.3980764,0.17085773,0.43106592,False
2025-07-30 18:30:00+00:00,SBIN.NS,782.4463500976562,UP,2,2,2,UP,UP,0.39316723,0.16164076,0.44519207,True
2025-07-30 18:30:00+00:00,HDFCBANK.NS,992.6815795898438,DOWN,2,0,2,DOWN,UP,0.12328125,0.13279667,0.74392205,False
2025-07-30 18:30:00+00:00,TMPV.NS,660.47119140625,UP,2,2,2,UP,UP,0.08312259,0.054489058,0.8623884,True
2025-07-30 18:30:00+00:00,BHARTIARTL.NS,1890.507568359375,STAY,2,1,2,STAY,UP,0.22150336,0.2294878,0.54900885,False
2025-07-30 18:30:00+00:00,TCS.NS,2915.7587890625,UP,2,2,2,UP,UP,0.08672388,0.07537771,0.8378984,True
2025-07-30 18:30:00+00:00,ICICIBANK.NS,1457.7672119140625,DOWN,2,0,2,DOWN,UP,0.4301993,0.103733785,0.46606687,False
2025-07-30 18:30:00+00:00,ITC.NS,392.7927856445313,STAY,2,1,2,STAY,UP,0.20900801,0.0657708,0.72522116,False
2025-07-31 18:30:00+00:00,INFY.NS,1416.782958984375,UP,2,2,2,UP,UP,0.30567172,0.079449244,0.614879,True
2025-07-31 18:30:00+00:00,HDFCBANK.NS,989.7304077148438,DOWN,2,0,2,DOWN,UP,0.112412825,0.12896478,0.75862235,False
2025-07-31 18:30:00+00:00,TCS.NS,2883.3056640625,UP,2,2,2,UP,UP,0.08349691,0.10607361,0.81042945,True
2025-07-31 18:30:00+00:00,LT.NS,3552.6005859375,UP,2,2,0,UP,DOWN,0.42872885,0.2621436,0.30912754,False
2025-07-31 18:30:00+00:00,TMPV.NS,643.5118408203125,UP,2,2,2,UP,UP,0.09818147,0.03984495,0.8619736,True
2025-07-31 18:30:00+00:00,RELIANCE.NS,1381.76708984375,STAY,2,1,2,STAY,UP,0.38674083,0.19926089,0.41399825,False
2025-07-31 18:30:00+00:00,ICICIBANK.NS,1448.12353515625,DOWN,2,0,2,DOWN,UP,0.3795488,0.107236356,0.5132149,False
2025-07-31 18:30:00+00:00,ITC.NS,397.08349609375,STAY,2,1,2,STAY,UP,0.2667229,0.09555239,0.6377247,False
2025-07-31 18:30:00+00:00,BHARTIARTL.NS,1860.9791259765625,UP,2,2,2,UP,UP,0.2107496,0.21048607,0.5787643,True
2025-07-31 18:30:00+00:00,SBIN.NS,779.9415283203125,UP,2,2,2,UP,UP,0.4079798,0.11626936,0.47575083,True
2025-08-03 18:30:00+00:00,BHARTIARTL.NS,1890.8037109375,STAY,2,1,2,STAY,UP,0.20827888,0.20715208,0.58456904,False
2025-08-03 18:30:00+00:00,TMPV.NS,648.2227783203125,UP,2,2,2,UP,UP,0.09267641,0.048531428,0.8587922,True
2025-08-03 18:30:00+00:00,HDFCBANK.NS,979.7947387695312,DOWN,2,0,2,DOWN,UP,0.07390834,0.09376103,0.83233064,False
2025-08-03 18:30:00+00:00,SBIN.NS,781.6113891601562,UP,2,2,2,UP,UP,0.42459932,0.12752213,0.44787857,True
2025-08-03 18:30:00+00:00,RELIANCE.NS,1399.4146728515625,STAY,2,1,2,STAY,UP,0.40467277,0.1775543,0.4177729,False
2025-08-03 18:30:00+00:00,LT.NS,3595.976806640625,STAY,2,1,0,STAY,DOWN,0.5603706,0.23957002,0.20005934,False
2025-08-03 18:30:00+00:00,ITC.NS,397.46490478515625,STAY,2,1,2,STAY,UP,0.27901545,0.10008555,0.62089896,False
2025-08-03 18:30:00+00:00,TCS.NS,2951.85986328125,UP,2,2,2,UP,UP,0.10852974,0.095258944,0.79621136,True
2025-08-03 18:30:00+00:00,INFY.NS,1427.291259765625,UP,2,2,2,UP,UP,0.4280596,0.09210013,0.47984022,True
2025-08-03 18:30:00+00:00,ICICIBANK.NS,1439.8575439453125,DOWN,2,0,2,DOWN,UP,0.3624899,0.10907875,0.52843136,False
2025-08-04 18:30:00+00:00,LT.NS,3617.26904296875,STAY,2,1,0,STAY,DOWN,0.5234992,0.28587043,0.19063036,False
2025-08-04 18:30:00+00:00,HDFCBANK.NS,972.7118530273438,STAY,2,1,2,STAY,UP,0.13230366,0.10386258,0.76383376,False
2025-08-04 18:30:00+00:00,TCS.NS,2941.7783203125,UP,2,2,2,UP,UP,0.09690923,0.08625342,0.8168374,True
2025-08-04 18:30:00+00:00,BHARTIARTL.NS,1907.7900390625,STAY,2,1,2,STAY,UP,0.18204676,0.24054624,0.577407,False
2025-08-04 18:30:00+00:00,TMPV.NS,649.2145385742188,UP,2,2,2,UP,UP,0.08630198,0.042972863,0.87072515,True
2025-08-04 18:30:00+00:00,ICICIBANK.NS,1421.3575439453125,STAY,2,1,2,STAY,UP,0.37969762,0.08867784,0.5316245,False
2025-08-04 18:30:00+00:00,RELIANCE.NS,1379.7841796875,UP,2,2,0,UP,DOWN,0.44199452,0.18496014,0.37304533,False
2025-08-04 18:30:00+00:00,SBIN.NS,786.4246215820312,UP,2,2,2,UP,UP,0.39313307,0.12107671,0.48579022,True
2025-08-04 18:30:00+00:00,ITC.NS,394.8904418945313,STAY,2,1,2,STAY,UP,0.22521174,0.07716786,0.69762045,False
2025-08-04 18:30:00+00:00,INFY.NS,1407.8172607421875,UP,2,2,2,UP,UP,0.34819326,0.058912203,0.59289455,True
2025-08-05 18:30:00+00:00,LT.NS,3593.302734375,STAY,2,1,0,STAY,DOWN,0.4838396,0.28894013,0.22722021,False
2025-08-05 18:30:00+00:00,SBIN.NS,790.8941040039062,UP,2,2,0,UP,DOWN,0.44539458,0.10972634,0.44487903,False
2025-08-05 18:30:00+00:00,TMPV.NS,647.4789428710938,UP,2,2,2,UP,UP,0.08739742,0.042557508,0.87004507,True
2025-08-05 18:30:00+00:00,BHARTIARTL.NS,1905.716064453125,STAY,2,1,2,STAY,UP,0.13206618,0.25589243,0.6120414,False
2025-08-05 18:30:00+00:00,INFY.NS,1385.0654296875,UP,2,2,2,UP,UP,0.33194488,0.050240953,0.6178142,True
2025-08-05 18:30:00+00:00,RELIANCE.NS,1380.8748779296875,STAY,2,1,0,STAY,DOWN,0.41945916,0.19819546,0.38234535,False
2025-08-05 18:30:00+00:00,HDFCBANK.NS,976.499267578125,DOWN,2,0,2,DOWN,UP,0.09176597,0.073405616,0.83482844,False
2025-08-05 18:30:00+00:00,TCS.NS,2911.43798828125,UP,2,2,2,UP,UP,0.04471289,0.08841037,0.8668767,True
2025-08-05 18:30:00+00:00,ICICIBANK.NS,1420.5703125,DOWN,2,0,2,DOWN,UP,0.36376852,0.073986396,0.5622451,False
2025-08-05 18:30:00+00:00,ITC.NS,392.8404235839844,STAY,2,1,2,STAY,UP,0.21421234,0.07343283,0.7123548,False
2025-08-06 18:30:00+00:00,LT.NS,3606.375244140625,STAY,2,1,0,STAY,DOWN,0.55726916,0.27201468,0.1707162,False
2025-08-06 18:30:00+00:00,TMPV.NS,641.1812133789062,UP,2,2,2,UP,UP,0.08358722,0.03968656,0.87672627,True
2025-08-06 18:30:00+00:00,HDFCBANK.NS,981.4671020507812,DOWN,2,0,2,DOWN,UP,0.10027279,0.074661285,0.825066,False
2025-08-06 18:30:00+00:00,INFY.NS,1385.2581787109375,UP,2,2,2,UP,UP,0.39702937,0.062469926,0.5405007,True
2025-08-06 18:30:00+00:00,ICICIBANK.NS,1417.322998046875,STAY,2,1,2,STAY,UP,0.44246346,0.06489321,0.4926433,False
2025-08-06 18:30:00+00:00,RELIANCE.NS,1377.50390625,STAY,2,1,0,STAY,DOWN,0.40337184,0.23780198,0.35882613,False
2025-08-06 18:30:00+00:00,BHARTIARTL.NS,1898.704345703125,STAY,2,1,2,STAY,UP,0.13092674,0.24476644,0.62430686,False
2025-08-06 18:30:00+00:00,ITC.NS,394.3660278320313,STAY,2,1,2,STAY,UP,0.21451357,0.078659035,0.70682734,False
2025-08-06 18:30:00+00:00,SBIN.NS,790.8941040039062,UP,2,2,2,UP,UP,0.4334163,0.12668216,0.43990147,True
2025-08-06 18:30:00+00:00,TCS.NS,2925.55224609375,STAY,2,1,2,STAY,UP,0.04880092,0.092198804,0.8590002,False
2025-08-07 18:30:00+00:00,ICICIBANK.NS,1412.9931640625,DOWN,2,0,2,DOWN,UP,0.42984077,0.056946862,0.5132124,False
2025-08-07 18:30:00+00:00,BHARTIARTL.NS,1835.499755859375,UP,2,2,2,UP,UP,0.19981109,0.17233273,0.6278562,True
2025-08-07 18:30:00+00:00,TMPV.NS,628.4865112304688,UP,2,2,2,UP,UP,0.098703854,0.054125268,0.8471709,True
2025-08-07 18:30:00+00:00,ITC.NS,395.2241821289063,DOWN,2,0,2,DOWN,UP,0.23459156,0.07521444,0.690194,False
2025-08-07 18:30:00+00:00,SBIN.NS,790.0591430664062,UP,2,2,0,UP,DOWN,0.42870829,0.14455754,0.42673415,False
2025-08-07 18:30:00+00:00,HDFCBANK.NS,970.8920288085938,DOWN,2,0,2,DOWN,UP,0.08992518,0.066739134,0.8433357,False
2025-08-07 18:30:00+00:00,INFY.NS,1371.9542236328125,UP,2,2,2,UP,UP,0.4044744,0.07258406,0.5229415,True
2025-08-07 18:30:00+00:00,LT.NS,3572.7041015625,STAY,2,1,0,STAY,DOWN,0.45762026,0.34976286,0.19261684,False
2025-08-07 18:30:00+00:00,TCS.NS,2915.374267578125,STAY,2,1,2,STAY,UP,0.04339712,0.0782248,0.87837803,False
2025-08-07 18:30:00+00:00,RELIANCE.NS,1356.0888671875,UP,2,2,0,UP,DOWN,0.41482076,0.24774988,0.33742934,False
2025-08-10 18:30:00+00:00,RELIANCE.NS,1374.331298828125,STAY,2,1,0,STAY,DOWN,0.385937,0.2402011,0.37386194,False
2025-08-10 18:30:00+00:00,INFY.NS,1376.870849609375,UP,2,2,2,UP,UP,0.33400226,0.05349275,0.61250496,True
2025-08-10 18:30:00+00:00,ITC.NS,397.46490478515625,DOWN,2,0,2,DOWN,UP,0.2586055,0.083816186,0.6575783,False
2025-08-10 18:30:00+00:00,ICICIBANK.NS,1413.681884765625,DOWN,2,0,0,DOWN,DOWN,0.47120515,0.058612164,0.4701827,True
2025-08-10 18:30:00+00:00,TMPV.NS,648.37158203125,UP,2,2,2,UP,UP,0.083501756,0.04700962,0.8694886,True
2025-08-10 18:30:00+00:00,LT.NS,3632.916015625,STAY,2,1,0,STAY,DOWN,0.6921799,0.19878218,0.10903791,False
2025-08-10 18:30:00+00:00,TCS.NS,2919.59912109375,STAY,2,1,2,STAY,UP,0.0404813,0.0711178,0.88840085,False
2025-08-10 18:30:00+00:00,BHARTIARTL.NS,1834.314697265625,UP,2,2,2,UP,UP,0.17009325,0.2165432,0.6133635,True
2025-08-10 18:30:00+00:00,HDFCBANK.NS,981.5654296875,DOWN,2,0,2,DOWN,UP,0.08143973,0.06624984,0.8523104,False
2025-08-10 18:30:00+00:00,SBIN.NS,808.8700561523438,UP,2,2,0,UP,DOWN,0.5131387,0.15584978,0.33101153,False
2025-08-11 18:30:00+00:00,ICICIBANK.NS,1410.112060546875,DOWN,2,0,2,DOWN,UP,0.3890445,0.050306406,0.5606491,False
2025-08-11 18:30:00+00:00,RELIANCE.NS,1368.5810546875,STAY,2,1,0,STAY,DOWN,0.3930642,0.2379503,0.3689855,False
2025-08-11 18:30:00+00:00,ITC.NS,396.9881286621094,DOWN,2,0,2,DOWN,UP,0.24570812,0.083732635,0.6705592,False
2025-08-11 18:30:00+00:00,INFY.NS,1372.9183349609375,UP,2,2,2,UP,UP,0.38657308,0.051592898,0.561834,True
2025-08-11 18:30:00+00:00,TCS.NS,2914.414306640625,DOWN,2,0,2,DOWN,UP,0.04648516,0.08004498,0.8734699,False
2025-08-11 18:30:00+00:00,HDFCBANK.NS,968.924560546875,DOWN,2,0,2,DOWN,UP,0.11921717,0.0838649,0.7969179,False
2025-08-11 18:30:00+00:00,SBIN.NS,806.0704956054688,UP,2,2,0,UP,DOWN,0.43440598,0.20114215,0.36445192,False
2025-08-11 18:30:00+00:00,LT.NS,3650.44482421875,STAY,2,1,0,STAY,DOWN,0.79574245,0.1190411,0.08521644,False
2025-08-11 18:30:00+00:00,TMPV.NS,648.7186889648438,STAY,2,1,2,STAY,UP,0.078264624,0.04300823,0.87872714,False
2025-08-11 18:30:00+00:00,BHARTIARTL.NS,1827.302978515625,UP,2,2,2,UP,UP,0.19197476,0.22023503,0.5877902,True
2025-08-12 18:30:00+00:00,SBIN.NS,807.29833984375,UP,2,2,2,UP,UP,0.39519966,0.18224081,0.42255953,True
2025-08-12 18:30:00+00:00,ITC.NS,394.8427734375,DOWN,2,0,2,DOWN,UP,0.22212663,0.08508634,0.69278705,False
2025-08-12 18:30:00+00:00,HDFCBANK.NS,974.0399169921876,DOWN,2,0,2,DOWN,UP,0.118884556,0.0786873,0.8024281,False
2025-08-12 18:30:00+00:00,LT.NS,3657.97119140625,STAY,2,1,0,STAY,DOWN,0.7907838,0.1212138,0.08800233,False
2025-08-12 18:30:00+00:00,TMPV.NS,658.289306640625,STAY,2,1,2,STAY,UP,0.080526315,0.040609866,0.87886375,False
2025-08-12 18:30:00+00:00,BHARTIARTL.NS,1844.1904296875,UP,2,2,2,UP,UP,0.23124078,0.22709452,0.54166466,True
2025-08-12 18:30:00+00:00,RELIANCE.NS,1370.7620849609375,STAY,2,1,2,STAY,UP,0.37043795,0.24945217,0.3801099,False
2025-08-12 18:30:00+00:00,INFY.NS,1375.3284912109375,STAY,2,1,2,STAY,UP,0.42973986,0.06108273,0.5091774,False
2025-08-12 18:30:00+00:00,TCS.NS,2915.1826171875,DOWN,2,0,2,DOWN,UP,0.040804602,0.07385734,0.885338,False
2025-08-12 18:30:00+00:00,ICICIBANK.NS,1408.922119140625,DOWN,2,0,2,DOWN,UP,0.3803634,0.048336867,0.57129973,False
2025-08-13 18:30:00+00:00,LT.NS,3641.432861328125,STAY,2,1,0,STAY,DOWN,0.77750105,0.1378282,0.08467074,False
2025-08-13 18:30:00+00:00,TCS.NS,2901.83642578125,DOWN,2,0,2,DOWN,UP,0.040598944,0.06817231,0.8912288,False
2025-08-13 18:30:00+00:00,TMPV.NS,659.1322631835938,STAY,2,1,2,STAY,UP,0.07411881,0.03793427,0.88794696,False
2025-08-13 18:30:00+00:00,BHARTIARTL.NS,1850.5108642578125,STAY,2,1,2,STAY,UP,0.20357229,0.21885146,0.5775762,False
2025-08-13 18:30:00+00:00,ICICIBANK.NS,1415.3677978515625,DOWN,2,0,2,DOWN,UP,0.3860398,0.04641249,0.56754774,False
2025-08-13 18:30:00+00:00,INFY.NS,1395.6700439453125,STAY,2,1,0,STAY,DOWN,0.5527702,0.082670696,0.36455908,False
2025-08-13 18:30:00+00:00,ITC.NS,392.3160095214844,STAY,2,1,2,STAY,UP,0.20402084,0.0723399,0.72363925,False
2025-08-13 18:30:00+00:00,SBIN.NS,811.9151611328125,UP,2,2,0,UP,DOWN,0.46178403,0.15202695,0.386189,False
2025-08-13 18:30:00+00:00,RELIANCE.NS,1367.4774169921875,STAY,2,1,2,STAY,UP,0.34847316,0.25854576,0.39298105,False
2025-08-13 18:30:00+00:00,HDFCBANK.NS,979.35205078125,DOWN,2,0,2,DOWN,UP,0.09408172,0.060670406,0.8452478,False
2025-08-17 18:30:00+00:00,ICICIBANK.NS,1422.606689453125,DOWN,2,0,2,DOWN,UP,0.35411915,0.053347904,0.59253293,False
2025-08-17 18:30:00+00:00,TCS.NS,2891.178955078125,DOWN,2,0,2,DOWN,UP,0.045835834,0.076435015,0.8777292,False
2025-08-17 18:30:00+00:00,ITC.NS,387.4054870605469,STAY,2,1,2,STAY,UP,0.19796169,0.06324923,0.7387891,False
2025-08-17 18:30:00+00:00,INFY.NS,1384.19775390625,STAY,2,1,2,STAY,UP,0.34188426,0.08141153,0.5767042,False
2025-08-17 18:30:00+00:00,BHARTIARTL.NS,1868.781005859375,STAY,2,1,2,STAY,UP,0.21891037,0.31723613,0.46385357,False
2025-08-17 18:30:00+00:00,SBIN.NS,812.9957275390625,UP,2,2,0,UP,DOWN,0.46532226,0.1795341,0.3551436,False
2025-08-17 18:30:00+00:00,TMPV.NS,670.4385375976562,STAY,2,1,2,STAY,UP,0.07726069,0.039300147,0.8834391,False
2025-08-17 18:30:00+00:00,RELIANCE.NS,1375.3409423828125,STAY,2,1,2,STAY,UP,0.31102833,0.27134296,0.4176287,False
2025-08-17 18:30:00+00:00,LT.NS,3599.938232421875,STAY,2,1,0,STAY,DOWN,0.71968865,0.19027968,0.0900317,False
2025-08-17 18:30:00+00:00,HDFCBANK.NS,985.5003662109376,DOWN,2,0,2,DOWN,UP,0.10479109,0.11281673,0.7823922,False
2025-08-18 18:30:00+00:00,RELIANCE.NS,1413.564208984375,DOWN,2,0,2,DOWN,UP,0.37124723,0.21366325,0.4150895,False
2025-08-18 18:30:00+00:00,BHARTIARTL.NS,1885.964599609375,DOWN,2,0,2,DOWN,UP,0.18966894,0.22483692,0.5854941,False
2025-08-18 18:30:00+00:00,ICICIBANK.NS,1424.29248046875,DOWN,2,0,2,DOWN,UP,0.32982004,0.057255346,0.6129246,False
2025-08-18 18:30:00+00:00,LT.NS,3578.052001953125,STAY,2,1,0,STAY,DOWN,0.48589107,0.31699705,0.1971119,False
2025-08-18 18:30:00+00:00,INFY.NS,1388.2469482421875,STAY,2,1,0,STAY,DOWN,0.46822497,0.11013217,0.4216429,False
2025-08-18 18:30:00+00:00,SBIN.NS,815.697021484375,UP,2,2,2,UP,UP,0.43243328,0.10897645,0.45859024,True
2025-08-18 18:30:00+00:00,TMPV.NS,694.489013671875,UP,2,2,2,UP,UP,0.10889759,0.038434993,0.85266745,True
2025-08-18 18:30:00+00:00,ITC.NS,390.0752868652344,STAY,2,1,2,STAY,UP,0.20713098,0.061933033,0.730936,False
2025-08-18 18:30:00+00:00,HDFCBANK.NS,979.35205078125,DOWN,2,0,2,DOWN,UP,0.100729086,0.07685686,0.8224141,False
2025-08-18 18:30:00+00:00,TCS.NS,2895.9794921875,DOWN,2,0,2,DOWN,UP,0.030370379,0.049891,0.91973865,False
2025-08-19 18:30:00+00:00,LT.NS,3557.55224609375,UP,2,2,0,UP,DOWN,0.4214708,0.34046906,0.23806018,False
2025-08-19 18:30:00+00:00,HDFCBANK.NS,977.9256591796876,DOWN,2,0,2,DOWN,UP,0.07583128,0.0666397,0.85752904,False
2025-08-19 18:30:00+00:00,BHARTIARTL.NS,1904.4322509765625,STAY,2,1,2,STAY,UP,0.18564202,0.28606343,0.52829456,False
2025-08-19 18:30:00+00:00,TCS.NS,2975.09521484375,DOWN,2,0,2,DOWN,UP,0.09621886,0.09695238,0.80682874,False
2025-08-19 18:30:00+00:00,INFY.NS,1442.427001953125,DOWN,2,0,0,DOWN,DOWN,0.53732425,0.12828651,0.33438927,True
2025-08-19 18:30:00+00:00,TMPV.NS,683.9265747070312,UP,2,2,2,UP,UP,0.08999648,0.03473768,0.87526584,True
2025-08-19 18:30:00+00:00,SBIN.NS,814.272705078125,UP,2,2,2,UP,UP,0.3516365,0.0807984,0.5675651,True
2025-08-19 18:30:00+00:00,ITC.NS,387.1671142578125,STAY,2,1,2,STAY,UP,0.19703197,0.06839014,0.73457783,False
2025-08-19 18:30:00+00:00,ICICIBANK.NS,1418.64013671875,DOWN,2,0,2,DOWN,UP,0.32329902,0.049681254,0.6270197,False
2025-08-19 18:30:00+00:00,RELIANCE.NS,1406.4969482421875,DOWN,2,0,2,DOWN,UP,0.37537688,0.22633034,0.3982928,False
2025-08-20 18:30:00+00:00,ITC.NS,386.69036865234375,STAY,2,1,2,STAY,UP,0.2110965,0.07803767,0.7108658,False
2025-08-20 18:30:00+00:00,TMPV.NS,679.76123046875,UP,2,2,2,UP,UP,0.08466204,0.03583068,0.87950724,True
2025-08-20 18:30:00+00:00,INFY.NS,1442.619873046875,STAY,2,1,0,STAY,DOWN,0.47498578,0.13791291,0.38710126,False
2025-08-20 18:30:00+00:00,ICICIBANK.NS,1433.911376953125,DOWN,2,0,2,DOWN,UP,0.31627232,0.090938844,0.5927888,False
2025-08-20 18:30:00+00:00,RELIANCE.NS,1418.24267578125,DOWN,2,0,0,DOWN,DOWN,0.41521785,0.20198889,0.38279328,True
2025-08-20 18:30:00+00:00,TCS.NS,2978.93603515625,DOWN,2,0,2,DOWN,UP,0.08558166,0.09616565,0.8182527,False
2025-08-20 18:30:00+00:00,SBIN.NS,811.0802612304688,UP,2,2,2,UP,UP,0.37668872,0.07917852,0.54413277,True
2025-08-20 18:30:00+00:00,LT.NS,3577.65576171875,UP,2,2,0,UP,DOWN,0.4347362,0.35570762,0.20955624,False
2025-08-20 18:30:00+00:00,BHARTIARTL.NS,1905.9136962890625,STAY,2,1,2,STAY,UP,0.18212332,0.24399485,0.5738818,False
2025-08-20 18:30:00+00:00,HDFCBANK.NS,979.4012451171876,DOWN,2,0,2,DOWN,UP,0.06969907,0.055108536,0.8751924,False
2025-08-21 18:30:00+00:00,SBIN.NS,801.7975463867188,UP,2,2,2,UP,UP,0.32951912,0.07773663,0.59274423,True
2025-08-21 18:30:00+00:00,TMPV.NS,674.703125,UP,2,2,2,UP,UP,0.0652855,0.036427487,0.89828706,True
2025-08-21 18:30:00+00:00,INFY.NS,1434.0396728515625,STAY,2,1,2,STAY,UP,0.41130108,0.14801833,0.4406806,False
2025-08-21 18:30:00+00:00,TCS.NS,2932.273193359375,DOWN,2,0,2,DOWN,UP,0.033466324,0.11709145,0.84944224,False
2025-08-21 18:30:00+00:00,RELIANCE.NS,1402.71435546875,STAY,2,1,2,STAY,UP,0.35244453,0.23950799,0.40804744,False
2025-08-21 18:30:00+00:00,LT.NS,3561.018310546875,UP,2,2,0,UP,DOWN,0.42339575,0.32450503,0.25209922,False
2025-08-21 18:30:00+00:00,ITC.NS,379.7774963378906,STAY,2,1,2,STAY,UP,0.19281314,0.076489545,0.73069733,False
2025-08-21 18:30:00+00:00,HDFCBANK.NS,966.317626953125,STAY,2,1,2,STAY,UP,0.073596336,0.055080704,0.871323,False
2025-08-21 18:30:00+00:00,BHARTIARTL.NS,1909.2713623046875,STAY,2,1,2,STAY,UP,0.20199503,0.30613357,0.49187136,False
2025-08-21 18:30:00+00:00,ICICIBANK.NS,1424.3917236328125,DOWN,2,0,2,DOWN,UP,0.31657478,0.0608141,0.6226111,False
2025-08-24 18:30:00+00:00,SBIN.NS,801.9940185546875,UP,2,2,2,UP,UP,0.3159965,0.07595116,0.6080523,True
2025-08-24 18:30:00+00:00,ICICIBANK.NS,1421.2183837890625,DOWN,2,0,2,DOWN,UP,0.30030045,0.06222703,0.6374725,False
2025-08-24 18:30:00+00:00,LT.NS,3568.247802734375,UP,2,2,0,UP,DOWN,0.42090708,0.374422,0.20467094,False
2025-08-24 18:30:00+00:00,TCS.NS,3015.421630859375,DOWN,2,0,2,DOWN,UP,0.13022207,0.1504913,0.7192867,False
2025-08-24 18:30:00+00:00,RELIANCE.NS,1406.0987548828125,DOWN,2,0,2,DOWN,UP,0.31561807,0.22529939,0.45908254,False
2025-08-24 18:30:00+00:00,TMPV.NS,681.149658203125,STAY,2,1,2,STAY,UP,0.0732103,0.03499352,0.89179623,False
2025-08-24 18:30:00+00:00,INFY.NS,1477.0367431640625,DOWN,2,0,0,DOWN,DOWN,0.4545789,0.15685758,0.38856345,True
2025-08-24 18:30:00+00:00,HDFCBANK.NS,966.0717163085938,STAY,2,1,2,STAY,UP,0.08053673,0.0585033,0.86096,False
2025-08-24 18:30:00+00:00,BHARTIARTL.NS,1906.70361328125,STAY,2,1,2,STAY,UP,0.21520966,0.30401856,0.48077172,False
2025-08-24 18:30:00+00:00,ITC.NS,380.7787170410156,STAY,2,1,2,STAY,UP,0.1813513,0.09290572,0.72574294,False
2025-08-25 18:30:00+00:00,ITC.NS,384.59271240234375,STAY,2,1,2,STAY,UP,0.24075092,0.083360754,0.6758883,False
2025-08-25 18:30:00+00:00,BHARTIARTL.NS,1881.0267333984373,STAY,2,1,2,STAY,UP,0.19707023,0.2866748,0.51625496,False
2025-08-25 18:30:00+00:00,RELIANCE.NS,1378.5262451171875,STAY,2,1,2,STAY,UP,0.34473726,0.26090232,0.39436048,False
2025-08-25 18:30:00+00:00,SBIN.NS,793.5462646484375,UP,2,2,2,UP,UP,0.32896408,0.05477946,0.6162565,True
2025-08-25 18:30:00+00:00,INFY.NS,1474.6265869140625,STAY,2,1,0,STAY,DOWN,0.45043057,0.14122312,0.40834627,False
2025-08-25 18:30:00+00:00,TCS.NS,3031.359619140625,DOWN,2,0,2,DOWN,UP,0.17569435,0.14922042,0.6750852,False
2025-08-25 18:30:00+00:00,TMPV.NS,676.0420532226562,STAY,2,1,2,STAY,UP,0.06519801,0.035767548,0.89903444,False
2025-08-25 18:30:00+00:00,HDFCBANK.NS,957.5625,STAY,2,1,2,STAY,UP,0.12093889,0.07612215,0.80293894,False
2025-08-25 18:30:00+00:00,LT.NS,3507.04541015625,UP,2,2,0,UP,DOWN,0.38171488,0.2562185,0.36206666,False
2025-08-25 18:30:00+00:00,ICICIBANK.NS,1404.7572021484375,DOWN,2,0,2,DOWN,UP,0.30885217,0.05627204,0.63487583,False
2025-08-27 18:30:00+00:00,SBIN.NS,787.750732421875,UP,3,2,1,UP,STAY,0.29068926,0.38531905,0.3239917,False
2025-08-27 18:30:00+00:00,HDFCBANK.NS,942.2162475585938,UP,3,2,2,UP,UP,0.14964579,0.27392232,0.5764319,True
2025-08-27 18:30:00+00:00,ITC.NS,382.2566223144531,STAY,3,1,1,STAY,STAY,0.21139267,0.4409179,0.34768942,True
2025-08-27 18:30:00+00:00,LT.NS,3525.66357421875,UP,3,2,1,UP,STAY,0.25784764,0.49416536,0.24798705,False
2025-08-27 18:30:00+00:00,ICICIBANK.NS,1387.4034423828125,STAY,3,1,2,STAY,UP,0.30830264,0.1963268,0.49537057,False
2025-08-27 18:30:00+00:00,RELIANCE.NS,1379.521728515625,STAY,3,1,2,STAY,UP,0.29853418,0.19596753,0.5054983,False
2025-08-27 18:30:00+00:00,INFY.NS,1446.1868896484375,STAY,3,1,2,STAY,UP,0.32391888,0.14513987,0.53094125,False
2025-08-27 18:30:00+00:00,TMPV.NS,669.89306640625,STAY,3,1,2,STAY,UP,0.19251163,0.11549006,0.6919983,False
2025-08-27 18:30:00+00:00,TCS.NS,2970.390869140625,DOWN,3,0,2,DOWN,UP,0.11174653,0.27749166,0.6107618,False
2025-08-27 18:30:00+00:00,BHARTIARTL.NS,1857.7200927734373,UP,3,2,2,UP,UP,0.18100584,0.18710373,0.6318905,True
2025-08-28 18:30:00+00:00,TMPV.NS,663.49609375,STAY,3,1,2,STAY,UP,0.1878044,0.12452881,0.6876668,False
2025-08-28 18:30:00+00:00,LT.NS,3566.16796875,UP,3,2,1,UP,STAY,0.31211942,0.5087372,0.17914337,False
2025-08-28 18:30:00+00:00,HDFCBANK.NS,936.1171264648438,UP,3,2,2,UP,UP,0.17908928,0.25077036,0.5701403,True
2025-08-28 18:30:00+00:00,TCS.NS,2961.74951171875,DOWN,3,0,2,DOWN,UP,0.08490054,0.21993813,0.69516134,False
2025-08-28 18:30:00+00:00,INFY.NS,1416.782958984375,STAY,3,1,2,STAY,UP,0.3126097,0.15153235,0.5358579,False
2025-08-28 18:30:00+00:00,SBIN.NS,788.291015625,UP,3,2,2,UP,UP,0.26828697,0.33139026,0.40032277,True
2025-08-28 18:30:00+00:00,ICICIBANK.NS,1386.1143798828125,STAY,3,1,2,STAY,UP,0.30376604,0.14632922,0.54990476,False
2025-08-28 18:30:00+00:00,RELIANCE.NS,1350.9537353515625,STAY,3,1,2,STAY,UP,0.35523114,0.18257897,0.46218985,False
2025-08-28 18:30:00+00:00,ITC.NS,390.695068359375,DOWN,3,0,0,DOWN,DOWN,0.46623224,0.35275733,0.18101045,True
2025-08-28 18:30:00+00:00,BHARTIARTL.NS,1865.324462890625,UP,3,2,2,UP,UP,0.17951415,0.17561293,0.6448729,True
2025-08-31 18:30:00+00:00,BHARTIARTL.NS,1876.977783203125,UP,3,2,2,UP,UP,0.180555,0.17986445,0.63958055,True
2025-08-31 18:30:00+00:00,SBIN.NS,791.7781372070312,UP,3,2,2,UP,UP,0.26919705,0.31849644,0.41230652,True
2025-08-31 18:30:00+00:00,ICICIBANK.NS,1399.2039794921875,STAY,3,1,2,STAY,UP,0.25014713,0.12944917,0.62040377,False
2025-08-31 18:30:00+00:00,INFY.NS,1445.5120849609375,STAY,3,1,2,STAY,UP,0.33538207,0.14150392,0.523114,False
2025-08-31 18:30:00+00:00,TCS.NS,2988.537353515625,DOWN,3,0,2,DOWN,UP,0.12057448,0.2695615,0.609864,False
2025-08-31 18:30:00+00:00,RELIANCE.NS,1347.6689453125,STAY,3,1,2,STAY,UP,0.33257627,0.23240598,0.43501773,False
2025-08-31 18:30:00+00:00,LT.NS,3563.593017578125,UP,3,2,1,UP,STAY,0.2778689,0.52368855,0.19844256,False
2025-08-31 18:30:00+00:00,ITC.NS,386.9764404296875,DOWN,3,0,1,DOWN,STAY,0.35338277,0.40317982,0.24343744,False
2025-08-31 18:30:00+00:00,HDFCBANK.NS,935.1333618164062,UP,3,2,2,UP,UP,0.20934013,0.253733,0.53692687,True
2025-08-31 18:30:00+00:00,TMPV.NS,684.4721069335938,DOWN,3,0,2,DOWN,UP,0.17454273,0.10396356,0.7214938,False
2025-09-01 18:30:00+00:00,LT.NS,3540.3203125,UP,3,2,1,UP,STAY,0.28173047,0.4560393,0.26223028,False
2025-09-01 18:30:00+00:00,RELIANCE.NS,1360.2109375,STAY,3,1,2,STAY,UP,0.32041353,0.2781002,0.40148625,False
2025-09-01 18:30:00+00:00,HDFCBANK.NS,929.1326904296876,UP,3,2,2,UP,UP,0.16754542,0.39458138,0.43787318,True
2025-09-01 18:30:00+00:00,BHARTIARTL.NS,1863.7442626953125,UP,3,2,2,UP,UP,0.17308427,0.18327129,0.6436444,True
2025-09-01 18:30:00+00:00,ICICIBANK.NS,1382.54443359375,STAY,3,1,2,STAY,UP,0.2881375,0.20218143,0.5096811,False
2025-09-01 18:30:00+00:00,TCS.NS,2987.4814453125,DOWN,3,0,2,DOWN,UP,0.13056616,0.25710416,0.61232966,False
2025-09-01 18:30:00+00:00,ITC.NS,387.8345947265625,STAY,3,1,0,STAY,DOWN,0.41894078,0.3417011,0.23935814,False
2025-09-01 18:30:00+00:00,INFY.NS,1444.837158203125,STAY,3,1,2,STAY,UP,0.32136533,0.14774768,0.53088695,False
2025-09-01 18:30:00+00:00,TMPV.NS,678.7694091796875,DOWN,3,0,2,DOWN,UP,0.20558198,0.12002048,0.6743976,False
2025-09-01 18:30:00+00:00,SBIN.NS,789.666259765625,UP,3,2,2,UP,UP,0.26136374,0.3077369,0.43089935,True
2025-09-02 18:30:00+00:00,LT.NS,3565.969970703125,UP,3,2,1,UP,STAY,0.32078958,0.44626227,0.23294817,False
2025-09-02 18:30:00+00:00,HDFCBANK.NS,938.9207763671876,UP,3,2,2,UP,UP,0.22528051,0.2884693,0.4862501,True
2025-09-02 18:30:00+00:00,RELIANCE.NS,1366.2828369140625,STAY,3,1,2,STAY,UP,0.32386106,0.25971362,0.41642532,False
2025-09-02 18:30:00+00:00,SBIN.NS,797.7701416015625,UP,3,2,2,UP,UP,0.24773629,0.33206183,0.42020184,True
2025-09-02 18:30:00+00:00,BHARTIARTL.NS,1860.4853515625,UP,3,2,2,UP,UP,0.18597674,0.172144,0.64187926,True
2025-09-02 18:30:00+00:00,TCS.NS,2974.039306640625,DOWN,3,0,2,DOWN,UP,0.124931715,0.24810569,0.6269626,False
2025-09-02 18:30:00+00:00,ICICIBANK.NS,1385.321044921875,STAY,3,1,2,STAY,UP,0.29745963,0.16353242,0.53900796,False
2025-09-02 18:30:00+00:00,ITC.NS,392.60205078125,STAY,3,1,0,STAY,DOWN,0.4836415,0.34919056,0.16716795,False
2025-09-02 18:30:00+00:00,TMPV.NS,686.3564453125,DOWN,3,0,2,DOWN,UP,0.19527008,0.105754144,0.6989758,False
2025-09-02 18:30:00+00:00,INFY.NS,1425.9415283203125,STAY,3,1,2,STAY,UP,0.289724,0.13193189,0.5783441,False
2025-09-03 18:30:00+00:00,LT.NS,3557.849365234375,UP,3,2,1,UP,STAY,0.3280183,0.44167233,0.23030941,False
2025-09-03 18:30:00+00:00,TCS.NS,2972.310791015625,DOWN,3,0,2,DOWN,UP,0.11859678,0.25431818,0.62708503,False
2025-09-03 18:30:00+00:00,SBIN.NS,795.06884765625,UP,3,2,2,UP,UP,0.24459586,0.3037429,0.45166123,True
2025-09-03 18:30:00+00:00,TMPV.NS,681.8439331054688,DOWN,3,0,2,DOWN,UP,0.2219777,0.11729141,0.6607309,False
2025-09-03 18:30:00+00:00,HDFCBANK.NS,945.610107421875,UP,3,2,2,UP,UP,0.21115294,0.26053503,0.528312,True
2025-09-03 18:30:00+00:00,BHARTIARTL.NS,1857.0289306640625,UP,3,2,2,UP,UP,0.19499062,0.17685613,0.6281532,True
2025-09-03 18:30:00+00:00,ICICIBANK.NS,1393.75,UP,3,2,2,UP,UP,0.29711866,0.13889559,0.56398576,True
2025-09-03 18:30:00+00:00,RELIANCE.NS,1353.0440673828125,UP,3,2,2,UP,UP,0.32541573,0.27478868,0.39979565,True
2025-09-03 18:30:00+00:00,ITC.NS,396.5590515136719,STAY,3,1,0,STAY,DOWN,0.50349236,0.34700185,0.1495058,False
2025-09-03 18:30:00+00:00,INFY.NS,1410.4202880859375,STAY,3,1,2,STAY,UP,0.29930165,0.12588173,0.5748166,False
2025-09-04 18:30:00+00:00,RELIANCE.NS,1368.671875,UP,3,2,2,UP,UP,0.33460444,0.2575419,0.40785372,True
2025-09-04 18:30:00+00:00,TCS.NS,2926.80029296875,STAY,3,1,2,STAY,UP,0.0954858,0.14583026,0.758684,False
2025-09-04 18:30:00+00:00,SBIN.NS,792.318359375,UP,3,2,2,UP,UP,0.23700966,0.3014968,0.4614936,True
2025-09-04 18:30:00+00:00,BHARTIARTL.NS,1871.74365234375,UP,3,2,2,UP,UP,0.19256029,0.17081352,0.6366262,True
2025-09-04 18:30:00+00:00,INFY.NS,1392.681396484375,STAY,3,1,2,STAY,UP,0.19138584,0.12026629,0.6883479,False
2025-09-04 18:30:00+00:00,LT.NS,3519.2265625,UP,3,2,1,UP,STAY,0.2789589,0.42100886,0.30003223,False
2025-09-04 18:30:00+00:00,ITC.NS,388.40667724609375,STAY,3,1,1,STAY,STAY,0.40202388,0.4257484,0.17222776,True
2025-09-04 18:30:00+00:00,HDFCBANK.NS,947.7251586914062,UP,3,2,2,UP,UP,0.20149672,0.2688385,0.52966475,True
2025-09-04 18:30:00+00:00,TMPV.NS,686.0093383789062,DOWN,3,0,2,DOWN,UP,0.21856754,0.122125,0.6593074,False
2025-09-04 18:30:00+00:00,ICICIBANK.NS,1391.0726318359375,STAY,3,1,2,STAY,UP,0.2738892,0.15051025,0.5756005,False
2025-09-07 18:30:00+00:00,ICICIBANK.NS,1390.973388671875,STAY,3,1,2,STAY,UP,0.26354307,0.14706261,0.58939433,False
2025-09-07 18:30:00+00:00,BHARTIARTL.NS,1864.238037109375,UP,3,2,2,UP,UP,0.17371632,0.19309649,0.6331872,True
2025-09-07 18:30:00+00:00,ITC.NS,388.5973815917969,STAY,3,1,0,STAY,DOWN,0.43303677,0.397111,0.16985223,False
2025-09-07 18:30:00+00:00,SBIN.NS,794.4794311523438,UP,3,2,2,UP,UP,0.23316737,0.32051378,0.4463189,True
2025-09-07 18:30:00+00:00,HDFCBANK.NS,950.2828369140624,UP,3,2,2,UP,UP,0.18837465,0.27191213,0.53971326,True
2025-09-07 18:30:00+00:00,LT.NS,3495.458740234375,UP,3,2,2,UP,UP,0.24407609,0.26051223,0.49541163,True
2025-09-07 18:30:00+00:00,INFY.NS,1381.402099609375,UP,3,2,2,UP,UP,0.18806253,0.120374106,0.6915634,True
2025-09-07 18:30:00+00:00,TCS.NS,2898.66796875,STAY,3,1,2,STAY,UP,0.066641435,0.12705514,0.8063034,False
2025-09-07 18:30:00+00:00,RELIANCE.NS,1372.15576171875,UP,3,2,2,UP,UP,0.36026916,0.21515496,0.42457587,True
2025-09-07 18:30:00+00:00,TMPV.NS,713.5806274414062,DOWN,3,0,2,DOWN,UP,0.22495617,0.09646675,0.67857707,False
2025-09-08 18:30:00+00:00,SBIN.NS,794.528564453125,UP,3,2,2,UP,UP,0.21405786,0.3240565,0.4618857,True
2025-09-08 18:30:00+00:00,INFY.NS,1450.2359619140625,STAY,3,1,2,STAY,UP,0.29820013,0.123096496,0.5787034,False
2025-09-08 18:30:00+00:00,BHARTIARTL.NS,1870.1634521484373,UP,3,2,2,UP,UP,0.165376,0.1419194,0.69270456,True
2025-09-08 18:30:00+00:00,RELIANCE.NS,1369.8662109375,UP,3,2,2,UP,UP,0.36062187,0.21274085,0.4266373,True
2025-09-08 18:30:00+00:00,TMPV.NS,709.6631469726562,DOWN,3,0,2,DOWN,UP,0.22750157,0.089844145,0.68265426,False
2025-09-08 18:30:00+00:00,TCS.NS,2927.856201171875,STAY,3,1,2,STAY,UP,0.08175484,0.13014017,0.788105,False
2025-09-08 18:30:00+00:00,ITC.NS,390.9811096191406,STAY,3,1,1,STAY,STAY,0.3942581,0.4387943,0.16694759,True
2025-09-08 18:30:00+00:00,HDFCBANK.NS,949.4467163085938,UP,3,2,2,UP,UP,0.19927977,0.22582977,0.5748905,True
2025-09-08 18:30:00+00:00,ICICIBANK.NS,1391.9649658203125,DOWN,3,0,2,DOWN,UP,0.23787925,0.11851261,0.6436081,False
2025-09-08 18:30:00+00:00,LT.NS,3490.903076171875,UP,3,2,2,UP,UP,0.3085089,0.18929848,0.5021926,True
2025-09-09 18:30:00+00:00,RELIANCE.NS,1370.66259765625,UP,3,2,2,UP,UP,0.3620655,0.20562793,0.43230656,True
2025-09-09 18:30:00+00:00,HDFCBANK.NS,950.1845092773438,UP,3,2,2,UP,UP,0.21122791,0.19577932,0.5929927,True
2025-09-09 18:30:00+00:00,BHARTIARTL.NS,1867.8922119140625,UP,3,2,2,UP,UP,0.15708533,0.14519319,0.6977215,True
2025-09-09 18:30:00+00:00,TMPV.NS,703.2661743164062,DOWN,3,0,2,DOWN,UP,0.22770835,0.0921149,0.68017673,False
2025-09-09 18:30:00+00:00,TCS.NS,2986.041259765625,STAY,3,1,2,STAY,UP,0.16863903,0.19155341,0.6398076,False
2025-09-09 18:30:00+00:00,ITC.NS,393.8415832519531,STAY,3,1,1,STAY,STAY,0.41623768,0.42456436,0.15919794,True
2025-09-09 18:30:00+00:00,INFY.NS,1477.518798828125,STAY,3,1,2,STAY,UP,0.39427134,0.10779196,0.4979367,False
2025-09-09 18:30:00+00:00,LT.NS,3515.661376953125,UP,3,2,2,UP,UP,0.29558963,0.13716498,0.56724536,True
2025-09-09 18:30:00+00:00,SBIN.NS,803.7130126953125,UP,3,2,2,UP,UP,0.2571717,0.30139765,0.44143063,True
2025-09-09 18:30:00+00:00,ICICIBANK.NS,1392.163330078125,STAY,3,1,2,STAY,UP,0.23022854,0.120531924,0.64923954,False
2025-09-10 18:30:00+00:00,ICICIBANK.NS,1389.882568359375,STAY,3,1,2,STAY,UP,0.21094193,0.106271364,0.6827867,False
2025-09-10 18:30:00+00:00,ITC.NS,395.7485961914063,STAY,3,1,1,STAY,STAY,0.403078,0.44400004,0.15292197,True
2025-09-10 18:30:00+00:00,LT.NS,3505.4609375,UP,3,2,2,UP,UP,0.20602745,0.11266103,0.68131155,True
2025-09-10 18:30:00+00:00,HDFCBANK.NS,952.0535278320312,UP,3,2,2,UP,UP,0.21358202,0.19515641,0.5912615,True
2025-09-10 18:30:00+00:00,TMPV.NS,700.0429077148438,DOWN,3,0,2,DOWN,UP,0.20952797,0.09834225,0.69212985,False
2025-09-10 18:30:00+00:00,RELIANCE.NS,1376.9337158203125,UP,3,2,2,UP,UP,0.3305826,0.17603514,0.49338222,True
2025-09-10 18:30:00+00:00,INFY.NS,1455.4417724609375,STAY,3,1,2,STAY,UP,0.3413205,0.121285,0.53739446,False
2025-09-10 18:30:00+00:00,TCS.NS,2999.6748046875,STAY,3,1,2,STAY,UP,0.18399759,0.21404362,0.6019588,False
2025-09-10 18:30:00+00:00,BHARTIARTL.NS,1889.2236328125,UP,3,2,2,UP,UP,0.16311152,0.15059112,0.68629736,True
2025-09-10 18:30:00+00:00,SBIN.NS,809.0665283203125,UP,3,2,2,UP,UP,0.25723994,0.33412293,0.40863714,True
2025-09-11 18:30:00+00:00,SBIN.NS,808.96826171875,UP,3,2,2,UP,UP,0.22631085,0.37398434,0.3997048,True
2025-09-11 18:30:00+00:00,TCS.NS,3008.508056640625,DOWN,3,0,2,DOWN,UP,0.13687365,0.21552548,0.6476008,False
2025-09-11 18:30:00+00:00,HDFCBANK.NS,951.5617065429688,UP,3,2,2,UP,UP,0.21622327,0.18976401,0.5940127,True
2025-09-11 18:30:00+00:00,INFY.NS,1470.7703857421875,STAY,3,1,2,STAY,UP,0.40761146,0.105436176,0.4869524,False
2025-09-11 18:30:00+00:00,RELIANCE.NS,1388.579833984375,UP,3,2,2,UP,UP,0.31749707,0.18486202,0.49764088,True
2025-09-11 18:30:00+00:00,TMPV.NS,709.3656005859375,DOWN,3,0,2,DOWN,UP,0.2314794,0.09998903,0.66853154,False
2025-09-11 18:30:00+00:00,ICICIBANK.NS,1405.847900390625,DOWN,3,0,2,DOWN,UP,0.24923383,0.111539125,0.63922703,False
2025-09-11 18:30:00+00:00,LT.NS,3545.173095703125,UP,3,2,2,UP,UP,0.2537543,0.15648267,0.58976305,True
2025-09-11 18:30:00+00:00,BHARTIARTL.NS,1878.952880859375,UP,3,2,2,UP,UP,0.114038855,0.15568557,0.73027563,True
2025-09-11 18:30:00+00:00,ITC.NS,394.509033203125,STAY,3,1,1,STAY,STAY,0.4163085,0.4286297,0.15506181,True
2025-09-14 18:30:00+00:00,INFY.NS,1454.1885986328125,STAY,3,1,2,STAY,UP,0.35069183,0.1303751,0.51893306,False
2025-09-14 18:30:00+00:00,TCS.NS,2987.865234375,STAY,3,1,2,STAY,UP,0.13633135,0.2110707,0.6525979,False
2025-09-14 18:30:00+00:00,TMPV.NS,707.0349731445312,DOWN,3,0,2,DOWN,UP,0.21644105,0.10060265,0.68295634,False
2025-09-14 18:30:00+00:00,HDFCBANK.NS,951.3157348632812,UP,3,2,2,UP,UP,0.21142003,0.19652572,0.59205425,True
2025-09-14 18:30:00+00:00,LT.NS,3551.510986328125,UP,3,2,2,UP,UP,0.27594715,0.26319993,0.46085292,True
2025-09-14 18:30:00+00:00,BHARTIARTL.NS,1880.829345703125,UP,3,2,2,UP,UP,0.13736847,0.18209001,0.6805415,True
2025-09-14 18:30:00+00:00,SBIN.NS,810.1470336914062,UP,3,2,2,UP,UP,0.22216898,0.38096672,0.39686427,True
2025-09-14 18:30:00+00:00,ITC.NS,393.460205078125,UP,3,2,1,UP,STAY,0.40121576,0.40842998,0.19035424,False
2025-09-14 18:30:00+00:00,ICICIBANK.NS,1407.5338134765625,DOWN,3,0,2,DOWN,UP,0.22661978,0.14366256,0.6297177,False
2025-09-14 18:30:00+00:00,RELIANCE.NS,1392.8599853515625,UP,3,2,2,UP,UP,0.29875603,0.20407261,0.49717134,True
2025-09-15 18:30:00+00:00,LT.NS,3632.32177734375,UP,3,2,0,UP,DOWN,0.45748258,0.286146,0.25637147,False
2025-09-15 18:30:00+00:00,ITC.NS,393.8892822265625,STAY,3,1,0,STAY,DOWN,0.4113174,0.40870655,0.17997599,False
2025-09-15 18:30:00+00:00,ICICIBANK.NS,1409.71533203125,DOWN,3,0,2,DOWN,UP,0.20932652,0.16978222,0.6208913,False
2025-09-15 18:30:00+00:00,BHARTIARTL.NS,1915.394287109375,UP,3,2,2,UP,UP,0.11650291,0.22294834,0.6605487,True
2025-09-15 18:30:00+00:00,TCS.NS,3020.31787109375,DOWN,3,0,2,DOWN,UP,0.1735402,0.21116102,0.61529875,False
2025-09-15 18:30:00+00:00,HDFCBANK.NS,951.1190185546876,UP,3,2,2,UP,UP,0.19452873,0.18669884,0.61877245,True
2025-09-15 18:30:00+00:00,RELIANCE.NS,1398.8323974609375,UP,3,2,2,UP,UP,0.32212734,0.16983673,0.50803596,True
2025-09-15 18:30:00+00:00,SBIN.NS,816.82666015625,UP,3,2,1,UP,STAY,0.24981643,0.39475077,0.35543278,False
2025-09-15 18:30:00+00:00,TMPV.NS,707.382080078125,DOWN,3,0,2,DOWN,UP,0.23554654,0.12243902,0.64201444,False
2025-09-15 18:30:00+00:00,INFY.NS,1456.9844970703125,STAY,3,1,2,STAY,UP,0.3819365,0.16005708,0.45800644,False
2025-09-16 18:30:00+00:00,LT.NS,3649.8505859375,UP,3,2,0,UP,DOWN,0.53986603,0.27914366,0.18099028,False
2025-09-16 18:30:00+00:00,ICICIBANK.NS,1407.33544921875,DOWN,3,0,2,DOWN,UP,0.20922922,0.16459121,0.6261795,False
2025-09-16 18:30:00+00:00,RELIANCE.NS,1407.2933349609375,UP,3,2,2,UP,UP,0.3242605,0.16179499,0.5139445,True
2025-09-16 18:30:00+00:00,TCS.NS,3046.337890625,DOWN,3,0,2,DOWN,UP,0.20230272,0.19797783,0.59971946,False
2025-09-16 18:30:00+00:00,TMPV.NS,713.2335205078125,DOWN,3,0,2,DOWN,UP,0.2863837,0.107662715,0.60595363,False
2025-09-16 18:30:00+00:00,INFY.NS,1467.685546875,STAY,3,1,2,STAY,UP,0.37760207,0.15893327,0.46346468,False
2025-09-16 18:30:00+00:00,SBIN.NS,841.973388671875,UP,3,2,2,UP,UP,0.3209561,0.2863832,0.39266068,True
2025-09-16 18:30:00+00:00,HDFCBANK.NS,950.7747192382812,UP,3,2,2,UP,UP,0.19025426,0.19323929,0.6165064,True
2025-09-16 18:30:00+00:00,ITC.NS,390.2659606933594,UP,3,2,0,UP,DOWN,0.44065824,0.37931988,0.18002194,False
2025-09-16 18:30:00+00:00,BHARTIARTL.NS,1917.1719970703125,UP,3,2,2,UP,UP,0.13749065,0.24599604,0.6165133,True
2025-09-17 18:30:00+00:00,SBIN.NS,839.222900390625,UP,3,2,2,UP,UP,0.37643194,0.17796192,0.44560614,True
2025-09-17 18:30:00+00:00,TMPV.NS,705.3489379882812,DOWN,3,0,2,DOWN,UP,0.2711048,0.1270428,0.60185236,False
2025-09-17 18:30:00+00:00,TCS.NS,3050.08251953125,DOWN,3,0,2,DOWN,UP,0.20041631,0.21034308,0.58924055,False
2025-09-17 18:30:00+00:00,INFY.NS,1485.2313232421875,DOWN,3,0,0,DOWN,DOWN,0.43940043,0.1491753,0.41142428,True
2025-09-17 18:30:00+00:00,RELIANCE.NS,1408.4876708984375,UP,3,2,2,UP,UP,0.3312967,0.14948012,0.51922315,True
2025-09-17 18:30:00+00:00,ITC.NS,392.4113464355469,STAY,3,1,0,STAY,DOWN,0.4563483,0.35308096,0.19057074,False
2025-09-17 18:30:00+00:00,BHARTIARTL.NS,1916.974365234375,UP,3,2,2,UP,UP,0.12704521,0.33792394,0.53503084,True
2025-09-17 18:30:00+00:00,LT.NS,3650.345703125,UP,3,2,0,UP,DOWN,0.4797016,0.3854422,0.13485616,False
2025-09-17 18:30:00+00:00,ICICIBANK.NS,1409.814453125,DOWN,3,0,2,DOWN,UP,0.22176771,0.18008459,0.59814775,False
2025-09-17 18:30:00+00:00,HDFCBANK.NS,961.0055541992188,STAY,3,1,2,STAY,UP,0.24154882,0.17936485,0.5790863,False
2025-09-18 18:30:00+00:00,TCS.NS,3042.88134765625,DOWN,3,0,2,DOWN,UP,0.19264825,0.2049146,0.60243714,False
2025-09-18 18:30:00+00:00,HDFCBANK.NS,951.168212890625,STAY,3,1,2,STAY,UP,0.1729602,0.21608463,0.6109552,False
2025-09-18 18:30:00+00:00,BHARTIARTL.NS,1938.009765625,UP,3,2,2,UP,UP,0.12803973,0.37544602,0.49651423,True
2025-09-18 18:30:00+00:00,ICICIBANK.NS,1390.4775390625,DOWN,3,0,2,DOWN,UP,0.18250747,0.16988975,0.6476028,False
2025-09-18 18:30:00+00:00,RELIANCE.NS,1400.9227294921875,UP,3,2,2,UP,UP,0.33475664,0.11442543,0.55081797,True
2025-09-18 18:30:00+00:00,LT.NS,3639.84814453125,UP,3,2,0,UP,DOWN,0.49201548,0.37698412,0.13100044,False
2025-09-18 18:30:00+00:00,INFY.NS,1484.845703125,DOWN,3,0,0,DOWN,DOWN,0.42941102,0.14687718,0.42371175,True
2025-09-18 18:30:00+00:00,TMPV.NS,701.6297607421875,DOWN,3,0,2,DOWN,UP,0.27464932,0.13113995,0.59421074,False
2025-09-18 18:30:00+00:00,SBIN.NS,847.081298828125,UP,3,2,0,UP,DOWN,0.4096841,0.20405346,0.3862624,False
2025-09-18 18:30:00+00:00,ITC.NS,391.5531921386719,STAY,3,1,0,STAY,DOWN,0.45732728,0.3361327,0.20654003,False
2025-09-21 18:30:00+00:00,HDFCBANK.NS,948.5121459960938,UP,3,2,2,UP,UP,0.13985723,0.19213715,0.6680056,True
2025-09-21 18:30:00+00:00,LT.NS,3609.2470703125,UP,3,2,1,UP,STAY,0.43570182,0.4409598,0.12333836,False
2025-09-21 18:30:00+00:00,ITC.NS,388.0252990722656,STAY,3,1,0,STAY,DOWN,0.41377085,0.39442566,0.19180346,False
2025-09-21 18:30:00+00:00,INFY.NS,1445.6083984375,STAY,3,1,2,STAY,UP,0.35750535,0.15038389,0.4921108,False
2025-09-21 18:30:00+00:00,TMPV.NS,690.5219116210938,DOWN,3,0,2,DOWN,UP,0.28122297,0.13497342,0.5838036,False
2025-09-21 18:30:00+00:00,TCS.NS,2951.283935546875,STAY,3,1,2,STAY,UP,0.15546265,0.21212336,0.6324139,False
2025-09-21 18:30:00+00:00,RELIANCE.NS,1384.199951171875,UP,3,2,2,UP,UP,0.3069835,0.1456625,0.547354,True
2025-09-21 18:30:00+00:00,BHARTIARTL.NS,1931.88671875,UP,3,2,2,UP,UP,0.15267676,0.38115197,0.46617123,True
2025-09-21 18:30:00+00:00,ICICIBANK.NS,1389.783447265625,DOWN,3,0,2,DOWN,UP,0.16180226,0.09860434,0.7395934,False
2025-09-21 18:30:00+00:00,SBIN.NS,840.1069946289062,UP,3,2,2,UP,UP,0.30892867,0.33693668,0.35413465,True
2025-09-22 18:30:00+00:00,RELIANCE.NS,1383.40380859375,UP,3,2,2,UP,UP,0.27289042,0.14887986,0.5782297,True
2025-09-22 18:30:00+00:00,TMPV.NS,695.5799560546875,DOWN,3,0,2,DOWN,UP,0.29876822,0.13787425,0.56335753,False
2025-09-22 18:30:00+00:00,BHARTIARTL.NS,1914.604248046875,UP,3,2,2,UP,UP,0.14189193,0.36987624,0.48823184,True
2025-09-22 18:30:00+00:00,ICICIBANK.NS,1382.6436767578125,DOWN,3,0,2,DOWN,UP,0.16721824,0.09221203,0.7405697,False
2025-09-22 18:30:00+00:00,SBIN.NS,855.1851806640625,UP,3,2,0,UP,DOWN,0.39479032,0.22158909,0.38362062,False
2025-09-22 18:30:00+00:00,ITC.NS,384.4496765136719,STAY,3,1,1,STAY,STAY,0.27666146,0.46659866,0.25673983,True
2025-09-22 18:30:00+00:00,TCS.NS,2940.33837890625,STAY,3,1,2,STAY,UP,0.16003415,0.16277878,0.6771871,False
2025-09-22 18:30:00+00:00,INFY.NS,1443.6802978515625,STAY,3,1,2,STAY,UP,0.3753339,0.15395617,0.47070986,False
2025-09-22 18:30:00+00:00,LT.NS,3622.220458984375,UP,3,2,1,UP,STAY,0.43232226,0.44631246,0.121365264,False
2025-09-22 18:30:00+00:00,HDFCBANK.NS,941.6260375976562,UP,3,2,2,UP,UP,0.132965,0.17692985,0.69010514,True
2025-09-23 18:30:00+00:00,ICICIBANK.NS,1371.1405029296875,DOWN,3,0,2,DOWN,UP,0.15401033,0.122232266,0.72375745,False
2025-09-23 18:30:00+00:00,RELIANCE.NS,1376.635009765625,UP,3,2,2,UP,UP,0.26571095,0.1312304,0.60305864,True
2025-09-23 18:30:00+00:00,INFY.NS,1440.884521484375,UP,3,2,2,UP,UP,0.35834855,0.14802319,0.49362832,True
2025-09-23 18:30:00+00:00,LT.NS,3638.263916015625,UP,3,2,0,UP,DOWN,0.5264878,0.33473742,0.13877477,False
2025-09-23 18:30:00+00:00,BHARTIARTL.NS,1907.0986328125,UP,3,2,2,UP,UP,0.13640313,0.3352117,0.52838516,True
2025-09-23 18:30:00+00:00,TCS.NS,2914.414306640625,STAY,3,1,2,STAY,UP,0.1143803,0.15512317,0.7304965,False
2025-09-23 18:30:00+00:00,SBIN.NS,850.8631591796875,UP,3,2,2,UP,UP,0.35365888,0.22001432,0.42632675,True
2025-09-23 18:30:00+00:00,ITC.NS,382.3519592285156,STAY,3,1,1,STAY,STAY,0.18474135,0.53839916,0.27685943,True
2025-09-23 18:30:00+00:00,HDFCBANK.NS,935.5761108398438,UP,3,2,2,UP,UP,0.124871984,0.16927688,0.70585114,True
2025-09-23 18:30:00+00:00,TMPV.NS,677.3313598632812,DOWN,3,0,2,DOWN,UP,0.25075725,0.12688439,0.6223584,False
2025-09-24 18:30:00+00:00,BHARTIARTL.NS,1911.542724609375,UP,3,2,2,UP,UP,0.15048783,0.31747013,0.532042,True
2025-09-24 18:30:00+00:00,ICICIBANK.NS,1364.29833984375,STAY,3,1,2,STAY,UP,0.2069084,0.13371752,0.6593741,False
2025-09-24 18:30:00+00:00,RELIANCE.NS,1366.0838623046875,UP,3,2,2,UP,UP,0.283395,0.14274216,0.57386285,True
2025-09-24 18:30:00+00:00,TMPV.NS,658.8347778320312,DOWN,3,0,2,DOWN,UP,0.15490663,0.13242392,0.71266943,False
2025-09-24 18:30:00+00:00,TCS.NS,2839.523193359375,UP,3,2,2,UP,UP,0.06002457,0.104157716,0.8358177,True
2025-09-24 18:30:00+00:00,LT.NS,3609.14794921875,UP,3,2,0,UP,DOWN,0.46277618,0.39497915,0.1422447,False
2025-09-24 18:30:00+00:00,ITC.NS,381.4938354492188,STAY,3,1,1,STAY,STAY,0.2042137,0.51036364,0.28542268,True
2025-09-24 18:30:00+00:00,INFY.NS,1431.436767578125,UP,3,2,2,UP,UP,0.38236594,0.15594302,0.46169105,True
2025-09-24 18:30:00+00:00,HDFCBANK.NS,934.3955688476562,UP,3,2,2,UP,UP,0.12612136,0.14183402,0.7320446,True
2025-09-24 18:30:00+00:00,SBIN.NS,845.902587890625,UP,3,2,2,UP,UP,0.32632267,0.24335022,0.43032706,True
2025-09-25 18:30:00+00:00,RELIANCE.NS,1371.2598876953125,UP,3,2,2,UP,UP,0.2795476,0.10300763,0.61744475,True
2025-09-25 18:30:00+00:00,SBIN.NS,841.7769165039062,UP,3,2,2,UP,UP,0.31717914,0.25479347,0.42802742,True
2025-09-25 18:30:00+00:00,LT.NS,3693.425048828125,UP,3,2,0,UP,DOWN,0.73576975,0.15952125,0.10470903,False
2025-09-25 18:30:00+00:00,ITC.NS,386.2612915039063,STAY,3,1,1,STAY,STAY,0.21534438,0.5748763,0.20977934,True
2025-09-25 18:30:00+00:00,TCS.NS,2783.54736328125,UP,3,2,2,UP,UP,0.08538139,0.092428505,0.82219005,True
2025-09-25 18:30:00+00:00,HDFCBANK.NS,929.6737060546876,UP,3,2,2,UP,UP,0.1353104,0.20739652,0.6572931,True
2025-09-25 18:30:00+00:00,BHARTIARTL.NS,1892.7789306640625,UP,3,2,2,UP,UP,0.1534164,0.25913024,0.58745337,True
2025-09-25 18:30:00+00:00,INFY.NS,1396.8270263671875,UP,3,2,2,UP,UP,0.33113292,0.12867326,0.54019386,True
2025-09-25 18:30:00+00:00,TMPV.NS,667.364013671875,DOWN,3,0,2,DOWN,UP,0.2354401,0.11803084,0.646529,False
2025-09-25 18:30:00+00:00,ICICIBANK.NS,1348.233642578125,STAY,3,1,2,STAY,UP,0.2867782,0.10225983,0.610962,False
2025-09-28 18:30:00+00:00,ICICIBANK.NS,1336.829833984375,UP,3,2,2,UP,UP,0.32054344,0.17423813,0.50521845,True
2025-09-28 18:30:00+00:00,HDFCBANK.NS,934.8382568359376,UP,3,2,2,UP,UP,0.15617882,0.15382084,0.69000036,True
2025-09-28 18:30:00+00:00,TCS.NS,2780.666748046875,UP,3,2,2,UP,UP,0.07955497,0.14433756,0.7761075,True
2025-09-28 18:30:00+00:00,SBIN.NS,855.3325805664062,UP,3,2,2,UP,UP,0.38148093,0.18836018,0.43015885,True
2025-09-28 18:30:00+00:00,INFY.NS,1389.982177734375,UP,3,2,2,UP,UP,0.32734388,0.125179,0.5474771,True
2025-09-28 18:30:00+00:00,BHARTIARTL.NS,1878.557861328125,UP,3,2,2,UP,UP,0.16553268,0.25867724,0.57579005,True
2025-09-28 18:30:00+00:00,RELIANCE.NS,1366.48193359375,UP,3,2,2,UP,UP,0.28089085,0.10310483,0.61600435,True
2025-09-28 18:30:00+00:00,ITC.NS,388.3113098144531,STAY,3,1,1,STAY,STAY,0.30840015,0.49738702,0.19421278,True
2025-09-28 18:30:00+00:00,TMPV.NS,666.96728515625,DOWN,3,0,2,DOWN,UP,0.19635633,0.115208335,0.6884353,False
2025-09-28 18:30:00+00:00,LT.NS,3652.722412109375,UP,3,2,0,UP,DOWN,0.7136496,0.17725296,0.10909748,False
2025-09-29 18:30:00+00:00,SBIN.NS,857.0025024414062,UP,3,2,2,UP,UP,0.39773765,0.1717331,0.43052924,True
2025-09-29 18:30:00+00:00,TMPV.NS,674.6039428710938,DOWN,3,0,2,DOWN,UP,0.254696,0.11843749,0.62686646,False
2025-09-29 18:30:00+00:00,RELIANCE.NS,1357.722412109375,UP,3,2,2,UP,UP,0.2859061,0.09956793,0.614526,True
2025-09-29 18:30:00+00:00,ITC.NS,382.8763732910156,STAY,3,1,1,STAY,STAY,0.1528083,0.53277373,0.31441796,True
2025-09-29 18:30:00+00:00,HDFCBANK.NS,935.5269165039062,UP,3,2,2,UP,UP,0.118757255,0.12831692,0.7529258,True
2025-09-29 18:30:00+00:00,TCS.NS,2773.2734375,UP,3,2,2,UP,UP,0.08587717,0.12880568,0.7853171,True
2025-09-29 18:30:00+00:00,ICICIBANK.NS,1336.730712890625,STAY,3,1,2,STAY,UP,0.30468038,0.16674468,0.52857494,False
2025-09-29 18:30:00+00:00,BHARTIARTL.NS,1855.0537109375,UP,3,2,2,UP,UP,0.16212204,0.22731784,0.6105601,True
2025-09-29 18:30:00+00:00,LT.NS,3623.60693359375,UP,3,2,0,UP,DOWN,0.63068265,0.24996774,0.119349554,False
2025-09-29 18:30:00+00:00,INFY.NS,1389.982177734375,UP,3,2,2,UP,UP,0.44008088,0.10567351,0.45424566,True
2025-09-30 18:30:00+00:00,TMPV.NS,712.4400634765625,DOWN,3,0,0,DOWN,DOWN,0.48764303,0.13961141,0.37274557,True
2025-09-30 18:30:00+00:00,RELIANCE.NS,1362.4007568359375,UP,3,2,2,UP,UP,0.3703313,0.09276402,0.5369047,True
2025-09-30 18:30:00+00:00,INFY.NS,1393.83837890625,UP,3,2,0,UP,DOWN,0.4522415,0.09867524,0.44908324,False
2025-09-30 18:30:00+00:00,HDFCBANK.NS,949.5450439453124,UP,3,2,2,UP,UP,0.14843245,0.1348556,0.71671194,True
2025-09-30 18:30:00+00:00,SBIN.NS,848.80029296875,UP,3,2,2,UP,UP,0.36822906,0.2452831,0.38648787,True
2025-09-30 18:30:00+00:00,TCS.NS,2798.045166015625,UP,3,2,2,UP,UP,0.087969586,0.12302401,0.7890064,True
2025-09-30 18:30:00+00:00,BHARTIARTL.NS,1844.387939453125,UP,3,2,2,UP,UP,0.18290524,0.19093002,0.62616473,True
2025-09-30 18:30:00+00:00,ICICIBANK.NS,1360.530029296875,STAY,3,1,2,STAY,UP,0.34119013,0.20399632,0.45481354,False
2025-09-30 18:30:00+00:00,ITC.NS,386.7380676269531,STAY,3,1,1,STAY,STAY,0.3083478,0.43922487,0.2524274,True
2025-09-30 18:30:00+00:00,LT.NS,3634.797607421875,UP,3,2,0,UP,DOWN,0.6437508,0.23159337,0.124655806,False
2025-10-02 18:30:00+00:00,SBIN.NS,851.9436645507812,UP,3,2,2,UP,UP,0.37355536,0.24755861,0.37888607,True
2025-10-02 18:30:00+00:00,TMPV.NS,710.2085571289062,DOWN,3,0,0,DOWN,DOWN,0.46550617,0.18304764,0.35144624,True
2025-10-02 18:30:00+00:00,HDFCBANK.NS,949.4467163085938,UP,3,2,2,UP,UP,0.14562455,0.14360754,0.7107679,True
2025-10-02 18:30:00+00:00,LT.NS,3696.990234375,UP,3,2,0,UP,DOWN,0.7683063,0.14437662,0.08731707,False
2025-10-02 18:30:00+00:00,ITC.NS,385.4985046386719,STAY,3,1,0,STAY,DOWN,0.36138505,0.35269088,0.28592405,False
2025-10-02 18:30:00+00:00,TCS.NS,2786.2353515625,UP,3,2,2,UP,UP,0.077875756,0.12875283,0.79337144,True
2025-10-02 18:30:00+00:00,ICICIBANK.NS,1353.786865234375,STAY,3,1,2,STAY,UP,0.32865566,0.20470539,0.46663895,False
2025-10-02 18:30:00+00:00,RELIANCE.NS,1357.125244140625,UP,3,2,2,UP,UP,0.37329108,0.08453369,0.54217523,True
2025-10-02 18:30:00+00:00,INFY.NS,1394.609619140625,UP,3,2,2,UP,UP,0.37757787,0.11815703,0.5042651,True
2025-10-02 18:30:00+00:00,BHARTIARTL.NS,1873.126220703125,UP,3,2,2,UP,UP,0.20258304,0.24394156,0.55347544,True
2025-10-05 18:30:00+00:00,SBIN.NS,858.5741577148438,UP,3,2,0,UP,DOWN,0.39213425,0.21833378,0.38953194,False
2025-10-05 18:30:00+00:00,LT.NS,3700.8525390625,UP,3,2,0,UP,DOWN,0.7643418,0.15200083,0.083657406,False
2025-10-05 18:30:00+00:00,INFY.NS,1422.9530029296875,UP,3,2,2,UP,UP,0.37559432,0.10896181,0.51544386,True
2025-10-05 18:30:00+00:00,RELIANCE.NS,1368.671875,UP,3,2,2,UP,UP,0.29751372,0.08643466,0.6160517,True
2025-10-05 18:30:00+00:00,ICICIBANK.NS,1352.001953125,STAY,3,1,2,STAY,UP,0.34425443,0.19438286,0.46136275,False
2025-10-05 18:30:00+00:00,TMPV.NS,706.7869873046875,DOWN,3,0,2,DOWN,UP,0.40866557,0.18052618,0.41080824,False
2025-10-05 18:30:00+00:00,BHARTIARTL.NS,1879.4466552734373,UP,3,2,2,UP,UP,0.19288287,0.20262831,0.6044888,True
2025-10-05 18:30:00+00:00,HDFCBANK.NS,957.6116333007812,UP,3,2,2,UP,UP,0.16906285,0.23938432,0.59155285,True
2025-10-05 18:30:00+00:00,ITC.NS,382.1135864257813,STAY,3,1,1,STAY,STAY,0.16626431,0.4694937,0.364242,True
2025-10-05 18:30:00+00:00,TCS.NS,2869.28759765625,UP,3,2,2,UP,UP,0.09723983,0.21988519,0.68287504,True
2025-10-06 18:30:00+00:00,TCS.NS,2855.173583984375,UP,3,2,2,UP,UP,0.087552935,0.2490228,0.66342425,True
2025-10-06 18:30:00+00:00,ICICIBANK.NS,1364.3974609375,STAY,3,1,0,STAY,DOWN,0.38167065,0.25468975,0.36363962,False
2025-10-06 18:30:00+00:00,RELIANCE.NS,1378.4267578125,UP,3,2,2,UP,UP,0.2962092,0.101426564,0.6023643,True
2025-10-06 18:30:00+00:00,BHARTIARTL.NS,1905.0247802734373,UP,3,2,2,UP,UP,0.18636617,0.24719015,0.5664437,True
2025-10-06 18:30:00+00:00,SBIN.NS,849.3897094726562,UP,3,2,2,UP,UP,0.3597781,0.25223625,0.38798565,True
2025-10-06 18:30:00+00:00,INFY.NS,1406.0819091796875,UP,3,2,2,UP,UP,0.35411987,0.11804679,0.52783334,True
2025-10-06 18:30:00+00:00,TMPV.NS,692.3070678710938,DOWN,3,0,2,DOWN,UP,0.3864102,0.17170821,0.4418816,False
2025-10-06 18:30:00+00:00,HDFCBANK.NS,966.514404296875,UP,3,2,2,UP,UP,0.21699272,0.3071552,0.47585213,True
2025-10-06 18:30:00+00:00,LT.NS,3693.623046875,UP,3,2,0,UP,DOWN,0.7825646,0.13711122,0.0803242,False
2025-10-06 18:30:00+00:00,ITC.NS,381.2077941894531,STAY,3,1,1,STAY,STAY,0.15518853,0.51293856,0.33187294,True
2025-10-07 18:30:00+00:00,INFY.NS,1441.2701416015625,UP,3,2,2,UP,UP,0.43403426,0.10918206,0.45678365,True
2025-10-07 18:30:00+00:00,ICICIBANK.NS,1358.8443603515625,STAY,3,1,2,STAY,UP,0.34827003,0.29354763,0.3581823,False
2025-10-07 18:30:00+00:00,LT.NS,3693.72216796875,UP,3,2,0,UP,DOWN,0.78418714,0.13831115,0.07750174,False
2025-10-07 18:30:00+00:00,TMPV.NS,675.94287109375,DOWN,3,0,2,DOWN,UP,0.39263114,0.15756525,0.44980356,False
2025-10-07 18:30:00+00:00,BHARTIARTL.NS,1919.3446044921875,UP,3,2,2,UP,UP,0.17647795,0.33119398,0.49232808,True
2025-10-07 18:30:00+00:00,TCS.NS,2906.541259765625,UP,3,2,2,UP,UP,0.1427639,0.2559674,0.6012687,True
2025-10-07 18:30:00+00:00,SBIN.NS,843.0538940429688,UP,3,2,2,UP,UP,0.36424488,0.22593446,0.40982065,True
2025-10-07 18:30:00+00:00,RELIANCE.NS,1361.1068115234375,UP,3,2,2,UP,UP,0.27565205,0.09819427,0.6261537,True
2025-10-07 18:30:00+00:00,ITC.NS,381.16009521484375,UP,3,2,1,UP,STAY,0.16826822,0.4690419,0.36268982,False
2025-10-07 18:30:00+00:00,HDFCBANK.NS,962.7762451171876,STAY,3,1,2,STAY,UP,0.21636043,0.2928224,0.49081722,False
2025-10-08 18:30:00+00:00,HDFCBANK.NS,961.2022094726562,UP,3,2,2,UP,UP,0.20313106,0.27215233,0.52471656,True
2025-10-08 18:30:00+00:00,SBIN.NS,846.835693359375,UP,3,2,2,UP,UP,0.39803883,0.19597434,0.4059868,True
2025-10-08 18:30:00+00:00,LT.NS,3732.740966796875,UP,3,2,0,UP,DOWN,0.8062091,0.118574835,0.07521606,False
2025-10-08 18:30:00+00:00,TCS.NS,2939.666015625,UP,3,2,2,UP,UP,0.24126633,0.2698023,0.48893142,True
2025-10-08 18:30:00+00:00,ICICIBANK.NS,1364.69482421875,STAY,3,1,2,STAY,UP,0.3346659,0.17490943,0.49042466,False
2025-10-08 18:30:00+00:00,RELIANCE.NS,1371.458984375,UP,3,2,2,UP,UP,0.2701128,0.10219173,0.62769544,True
2025-10-08 18:30:00+00:00,ITC.NS,381.3031005859375,STAY,3,1,1,STAY,STAY,0.1782003,0.41593406,0.40586567,True
2025-10-08 18:30:00+00:00,TMPV.NS,675.4965209960938,DOWN,3,0,2,DOWN,UP,0.32998076,0.13393505,0.5360842,False
2025-10-08 18:30:00+00:00,INFY.NS,1455.0562744140625,UP,3,2,0,UP,DOWN,0.46804148,0.109904744,0.4220538,False
2025-10-08 18:30:00+00:00,BHARTIARTL.NS,1917.86328125,UP,3,2,2,UP,UP,0.16414838,0.3174369,0.51841474,True
2025-10-09 18:30:00+00:00,LT.NS,3747.397705078125,UP,3,2,0,UP,DOWN,0.7723121,0.1395035,0.08818437,False
2025-10-09 18:30:00+00:00,ICICIBANK.NS,1368.7607421875,STAY,3,1,2,STAY,UP,0.34802544,0.17095658,0.48101804,False
2025-10-09 18:30:00+00:00,INFY.NS,1460.4549560546875,UP,3,2,2,UP,UP,0.41753957,0.11858827,0.46387222,True
2025-10-09 18:30:00+00:00,HDFCBANK.NS,964.9404296875,STAY,3,1,2,STAY,UP,0.2081393,0.29364386,0.49821687,False
2025-10-09 18:30:00+00:00,TMPV.NS,673.3642578125,DOWN,3,0,2,DOWN,UP,0.35097817,0.15158239,0.49743944,False
2025-10-09 18:30:00+00:00,SBIN.NS,865.0573120117188,UP,3,2,2,UP,UP,0.3713242,0.24844223,0.3802335,True
2025-10-09 18:30:00+00:00,RELIANCE.NS,1375.3409423828125,UP,3,2,2,UP,UP,0.27499995,0.098219074,0.626781,True
2025-10-09 18:30:00+00:00,TCS.NS,2907.59716796875,UP,3,2,2,UP,UP,0.163834,0.25914246,0.57702357,True
2025-10-09 18:30:00+00:00,BHARTIARTL.NS,1915.789306640625,UP,3,2,2,UP,UP,0.14103371,0.3286401,0.5303262,True
2025-10-09 18:30:00+00:00,ITC.NS,384.0682678222656,STAY,3,1,1,STAY,STAY,0.2454716,0.38551432,0.36901405,True
2025-10-12 18:30:00+00:00,RELIANCE.NS,1368.671875,UP,3,2,2,UP,UP,0.26626167,0.09677156,0.63696676,True
2025-10-12 18:30:00+00:00,HDFCBANK.NS,961.1038818359376,UP,3,2,2,UP,UP,0.20089956,0.31207713,0.4870233,True
2025-10-12 18:30:00+00:00,INFY.NS,1439.5347900390625,UP,3,2,2,UP,UP,0.3989711,0.1459695,0.45505947,True
2025-10-12 18:30:00+00:00,SBIN.NS,867.3165893554688,UP,3,2,0,UP,DOWN,0.35873252,0.2861387,0.35512874,False
2025-10-12 18:30:00+00:00,ICICIBANK.NS,1367.8681640625,STAY,3,1,2,STAY,UP,0.33602723,0.16184543,0.50212735,False
2025-10-12 18:30:00+00:00,TMPV.NS,655.31396484375,DOWN,3,0,2,DOWN,UP,0.32785589,0.13967125,0.53247285,False
2025-10-12 18:30:00+00:00,TCS.NS,2887.338134765625,UP,3,2,2,UP,UP,0.1779755,0.26832712,0.55369735,True
2025-10-12 18:30:00+00:00,BHARTIARTL.NS,1930.6029052734373,UP,3,2,2,UP,UP,0.17001331,0.3017683,0.5282184,True
2025-10-12 18:30:00+00:00,LT.NS,3733.0380859375,UP,3,2,0,UP,DOWN,0.7214762,0.15701295,0.12151087,False
2025-10-12 18:30:00+00:00,ITC.NS,380.683349609375,STAY,3,1,2,STAY,UP,0.13712125,0.42852062,0.43435806,False
2025-10-13 18:30:00+00:00,RELIANCE.NS,1369.5677490234375,UP,3,2,2,UP,UP,0.267113,0.096936956,0.6359501,True
2025-10-13 18:30:00+00:00,LT.NS,3708.081787109375,UP,3,2,0,UP,DOWN,0.6492364,0.22037382,0.13038976,False
2025-10-13 18:30:00+00:00,INFY.NS,1436.353515625,UP,3,2,2,UP,UP,0.40567964,0.1376787,0.45664167,True
2025-10-13 18:30:00+00:00,ITC.NS,378.3472595214844,STAY,3,1,1,STAY,STAY,0.13569485,0.44003168,0.4242735,True
2025-10-13 18:30:00+00:00,HDFCBANK.NS,961.25146484375,UP,3,2,2,UP,UP,0.16935614,0.35844535,0.47219855,True
2025-10-13 18:30:00+00:00,ICICIBANK.NS,1372.52880859375,STAY,3,1,2,STAY,UP,0.31364426,0.20516361,0.48119214,False
2025-10-13 18:30:00+00:00,TMPV.NS,392.1966247558594,DOWN,3,0,2,DOWN,UP,0.08182016,0.055398174,0.8627817,False
2025-10-13 18:30:00+00:00,TCS.NS,2842.3076171875,UP,3,2,2,UP,UP,0.119009905,0.2885701,0.59242,True
2025-10-13 18:30:00+00:00,SBIN.NS,861.4227905273438,UP,3,2,2,UP,UP,0.3526015,0.28655517,0.3608433,True
2025-10-13 18:30:00+00:00,BHARTIARTL.NS,1922.406005859375,UP,3,2,2,UP,UP,0.16829616,0.30380303,0.5279008,True
2025-10-14 18:30:00+00:00,BHARTIARTL.NS,1944.0338134765625,UP,3,2,2,UP,UP,0.15611494,0.35699472,0.48689038,True
2025-10-14 18:30:00+00:00,SBIN.NS,870.4107666015625,UP,3,2,0,UP,DOWN,0.349675,0.31237373,0.33795133,False
2025-10-14 18:30:00+00:00,ICICIBANK.NS,1386.7093505859375,STAY,3,1,2,STAY,UP,0.35448176,0.19962019,0.44589812,False
2025-10-14 18:30:00+00:00,INFY.NS,1421.41064453125,UP,3,2,2,UP,UP,0.4291553,0.13135935,0.43948534,True
2025-10-14 18:30:00+00:00,TMPV.NS,387.6344604492188,DOWN,3,0,2,DOWN,UP,0.10577998,0.0719099,0.8223101,False
2025-10-14 18:30:00+00:00,RELIANCE.NS,1367.97509765625,UP,3,2,2,UP,UP,0.22062296,0.07397601,0.70540106,True
2025-10-14 18:30:00+00:00,HDFCBANK.NS,962.3335571289062,UP,3,2,2,UP,UP,0.17397036,0.36599123,0.46003845,True
2025-10-14 18:30:00+00:00,LT.NS,3791.665283203125,UP,3,2,0,UP,DOWN,0.77741414,0.14151284,0.081073016,False
2025-10-14 18:30:00+00:00,TCS.NS,2862.064208984375,UP,3,2,2,UP,UP,0.090149574,0.26490507,0.6449453,True
2025-10-14 18:30:00+00:00,ITC.NS,381.3031005859375,STAY,3,1,1,STAY,STAY,0.14264989,0.44891635,0.4084338,True
2025-10-15 18:30:00+00:00,ITC.NS,386.3089904785156,STAY,3,1,0,STAY,DOWN,0.37323952,0.32129562,0.30546486,False
2025-10-15 18:30:00+00:00,RELIANCE.NS,1391.8646240234375,UP,3,2,2,UP,UP,0.2861305,0.13727394,0.57659554,True
2025-10-15 18:30:00+00:00,BHARTIARTL.NS,1942.947509765625,UP,3,2,2,UP,UP,0.16253746,0.3628804,0.47458217,True
2025-10-15 18:30:00+00:00,HDFCBANK.NS,978.1715698242188,STAY,3,1,1,STAY,STAY,0.19095352,0.41720697,0.3918395,True
2025-10-15 18:30:00+00:00,LT.NS,3824.4453125,UP,3,2,0,UP,DOWN,0.7109827,0.13126676,0.1577506,False
2025-10-15 18:30:00+00:00,TMPV.NS,393.5354919433594,DOWN,3,0,2,DOWN,UP,0.099458925,0.08711014,0.8134309,False
2025-10-15 18:30:00+00:00,ICICIBANK.NS,1405.451416015625,STAY,3,1,0,STAY,DOWN,0.43530214,0.23041892,0.33427894,False
2025-10-15 18:30:00+00:00,INFY.NS,1418.61474609375,UP,3,2,2,UP,UP,0.42025578,0.12990203,0.44984224,True
2025-10-15 18:30:00+00:00,TCS.NS,2862.931396484375,UP,3,2,2,UP,UP,0.08336867,0.25978082,0.6568505,True
2025-10-15 18:30:00+00:00,SBIN.NS,871.2457275390625,UP,3,2,0,UP,DOWN,0.35372058,0.30208713,0.34419227,False
2025-10-16 18:30:00+00:00,RELIANCE.NS,1410.279541015625,UP,3,2,2,UP,UP,0.34839806,0.15570033,0.4959016,True
2025-10-16 18:30:00+00:00,ICICIBANK.NS,1424.5899658203125,DOWN,3,0,0,DOWN,DOWN,0.48925158,0.19586891,0.31487954,True
2025-10-16 18:30:00+00:00,TMPV.NS,393.337158203125,DOWN,3,0,2,DOWN,UP,0.101578414,0.08972108,0.8087005,False
2025-10-16 18:30:00+00:00,SBIN.NS,873.4067993164062,UP,3,2,0,UP,DOWN,0.34377593,0.31718057,0.3390435,False
2025-10-16 18:30:00+00:00,LT.NS,3802.261962890625,UP,3,2,0,UP,DOWN,0.68086755,0.11640247,0.20272999,False
2025-10-16 18:30:00+00:00,TCS.NS,2854.73974609375,UP,3,2,2,UP,UP,0.12009078,0.24687693,0.63303226,True
2025-10-16 18:30:00+00:00,HDFCBANK.NS,986.2381591796876,STAY,3,1,1,STAY,STAY,0.20344971,0.41432852,0.3822218,True
2025-10-16 18:30:00+00:00,BHARTIARTL.NS,1986.9931640625,UP,3,2,2,UP,UP,0.2606724,0.26297796,0.4763496,True
2025-10-16 18:30:00+00:00,INFY.NS,1389.307373046875,UP,3,2,0,UP,DOWN,0.4630374,0.10958709,0.42737553,False
2025-10-16 18:30:00+00:00,ITC.NS,392.9834289550781,DOWN,3,0,0,DOWN,DOWN,0.50714904,0.302816,0.19003494,True
2025-10-19 18:30:00+00:00,ITC.NS,393.8415832519531,DOWN,3,0,0,DOWN,DOWN,0.4813525,0.36300614,0.15564133,True
2025-10-19 18:30:00+00:00,BHARTIARTL.NS,2026.0023193359373,STAY,3,1,2,STAY,UP,0.34680232,0.24164525,0.41155237,False
2025-10-19 18:30:00+00:00,RELIANCE.NS,1460.04931640625,UP,3,2,0,UP,DOWN,0.44072357,0.13724807,0.4220284,False
2025-10-19 18:30:00+00:00,SBIN.NS,891.431884765625,UP,3,2,2,UP,UP,0.32995242,0.31498203,0.35506558,True
2025-10-19 18:30:00+00:00,LT.NS,3835.23974609375,UP,3,2,0,UP,DOWN,0.72669375,0.101252705,0.17205355,False
2025-10-19 18:30:00+00:00,ICICIBANK.NS,1378.6771240234375,STAY,3,1,0,STAY,DOWN,0.40284953,0.23716089,0.35998964,False
2025-10-19 18:30:00+00:00,INFY.NS,1408.395751953125,UP,3,2,0,UP,DOWN,0.44135982,0.12179952,0.43684065,False
2025-10-19 18:30:00+00:00,TCS.NS,2905.81689453125,UP,3,2,2,UP,UP,0.14607003,0.30797958,0.54595035,True
2025-10-19 18:30:00+00:00,TMPV.NS,396.4612426757813,DOWN,3,0,2,DOWN,UP,0.047247507,0.06751305,0.8852395,False
2025-10-19 18:30:00+00:00,HDFCBANK.NS,986.6316528320312,STAY,3,1,2,STAY,UP,0.22077882,0.38342604,0.39579517,False
2025-10-20 18:30:00+00:00,BHARTIARTL.NS,2018.1016845703125,UP,3,2,2,UP,UP,0.25738615,0.18470356,0.55791026,True
2025-10-20 18:30:00+00:00,TCS.NS,2897.625244140625,UP,3,2,2,UP,UP,0.14349484,0.29675978,0.5597454,True
2025-10-20 18:30:00+00:00,LT.NS,3850.58984375,UP,3,2,0,UP,DOWN,0.73165375,0.10182499,0.16652125,False
2025-10-20 18:30:00+00:00,RELIANCE.NS,1458.4566650390625,UP,3,2,0,UP,DOWN,0.44925612,0.13823041,0.41251346,False
2025-10-20 18:30:00+00:00,TMPV.NS,398.5439758300781,DOWN,3,0,2,DOWN,UP,0.045385208,0.06782403,0.88679075,False
2025-10-20 18:30:00+00:00,ICICIBANK.NS,1370.4464111328125,STAY,3,1,2,STAY,UP,0.33961546,0.30695638,0.35342816,False
2025-10-20 18:30:00+00:00,INFY.NS,1419.482421875,UP,3,2,2,UP,UP,0.41113523,0.11815496,0.4707098,True
2025-10-20 18:30:00+00:00,ITC.NS,393.6509094238281,DOWN,3,0,1,DOWN,STAY,0.39636692,0.41933647,0.18429655,False
2025-10-20 18:30:00+00:00,HDFCBANK.NS,991.3043823242188,STAY,3,1,2,STAY,UP,0.21375234,0.37054864,0.41569903,False
2025-10-20 18:30:00+00:00,SBIN.NS,891.775634765625,UP,3,2,2,UP,UP,0.3263257,0.26426384,0.40941048,True
2025-10-22 18:30:00+00:00,RELIANCE.NS,1441.7340087890625,UP,3,2,0,UP,DOWN,0.51581216,0.13465472,0.34953314,False
2025-10-22 18:30:00+00:00,INFY.NS,1473.566162109375,UP,3,2,2,UP,UP,0.3712072,0.103681274,0.52511156,True
2025-10-22 18:30:00+00:00,BHARTIARTL.NS,1982.9442138671875,UP,3,2,2,UP,UP,0.27306974,0.24025016,0.4866801,True
2025-10-22 18:30:00+00:00,TCS.NS,2961.713134765625,UP,3,2,2,UP,UP,0.26947033,0.29113203,0.43939763,True
2025-10-22 18:30:00+00:00,LT.NS,3880.794921875,UP,3,2,0,UP,DOWN,0.70023686,0.09953979,0.20022339,False
2025-10-22 18:30:00+00:00,ITC.NS,396.6067504882813,DOWN,3,0,0,DOWN,DOWN,0.5167546,0.35441738,0.12882799,True
2025-10-22 18:30:00+00:00,ICICIBANK.NS,1352.2994384765625,UP,3,2,0,UP,DOWN,0.4005044,0.2281575,0.37133807,False
2025-10-22 18:30:00+00:00,HDFCBANK.NS,992.386474609375,STAY,3,1,1,STAY,STAY,0.22720753,0.3896106,0.38318187,True
2025-10-22 18:30:00+00:00,TMPV.NS,402.5110473632813,DOWN,3,0,2,DOWN,UP,0.045206938,0.06917587,0.88561726,False
2025-10-22 18:30:00+00:00,SBIN.NS,895.41015625,UP,3,2,2,UP,UP,0.3469034,0.2819749,0.3711217,True
2025-10-23 18:30:00+00:00,INFY.NS,1470.57763671875,UP,3,2,2,UP,UP,0.36899516,0.12996545,0.5010394,True
2025-10-23 18:30:00+00:00,TMPV.NS,399.9820251464844,DOWN,3,0,2,DOWN,UP,0.04882566,0.064216234,0.8869581,False
2025-10-23 18:30:00+00:00,SBIN.NS,888.4849853515625,UP,3,2,0,UP,DOWN,0.36162806,0.29328287,0.34508908,False
2025-10-23 18:30:00+00:00,ITC.NS,397.4172058105469,DOWN,3,0,0,DOWN,DOWN,0.51226014,0.36219385,0.12554595,True
2025-10-23 18:30:00+00:00,TCS.NS,2952.07568359375,UP,3,2,2,UP,UP,0.2472879,0.29805204,0.45466,True
2025-10-23 18:30:00+00:00,RELIANCE.NS,1444.9193115234375,UP,3,2,0,UP,DOWN,0.523184,0.14565706,0.33115894,False
2025-10-23 18:30:00+00:00,ICICIBANK.NS,1366.182373046875,STAY,3,1,0,STAY,DOWN,0.37908265,0.27056423,0.3503531,False
2025-10-23 18:30:00+00:00,BHARTIARTL.NS,2004.0782470703125,UP,3,2,2,UP,UP,0.28112614,0.24327229,0.4756015,True
2025-10-23 18:30:00+00:00,LT.NS,3867.128173828125,UP,3,2,0,UP,DOWN,0.7150912,0.11381877,0.17108995,False
2025-10-23 18:30:00+00:00,HDFCBANK.NS,978.5650634765624,STAY,3,1,2,STAY,UP,0.19987765,0.38416564,0.4159567,False
2025-10-26 18:30:00+00:00,RELIANCE.NS,1477.2696533203125,UP,3,2,0,UP,DOWN,0.6699427,0.14242242,0.1876349,False
2025-10-26 18:30:00+00:00,HDFCBANK.NS,986.6316528320312,STAY,3,1,2,STAY,UP,0.20399782,0.39065957,0.4053426,False
2025-10-26 18:30:00+00:00,BHARTIARTL.NS,2054.246826171875,STAY,3,1,2,STAY,UP,0.31557277,0.24428983,0.44013745,False
2025-10-26 18:30:00+00:00,SBIN.NS,906.411865234375,UP,3,2,2,UP,UP,0.34317473,0.23337586,0.4234494,True
2025-10-26 18:30:00+00:00,INFY.NS,1472.633056640625,UP,3,2,2,UP,UP,0.3640102,0.13598414,0.50000566,True
2025-10-26 18:30:00+00:00,TCS.NS,2972.98828125,UP,3,2,2,UP,UP,0.27196214,0.2571358,0.47090206,True
2025-10-26 18:30:00+00:00,LT.NS,3885.845703125,STAY,3,1,0,STAY,DOWN,0.7156312,0.11049153,0.17387731,False
2025-10-26 18:30:00+00:00,TMPV.NS,406.6764831542969,DOWN,3,0,2,DOWN,UP,0.0581548,0.065671496,0.87617373,False
2025-10-26 18:30:00+00:00,ITC.NS,401.0881652832031,DOWN,3,0,0,DOWN,DOWN,0.5710846,0.30177122,0.12714416,True
2025-10-26 18:30:00+00:00,ICICIBANK.NS,1366.083251953125,STAY,3,1,0,STAY,DOWN,0.38047987,0.2675454,0.3519747,False
2025-10-27 18:30:00+00:00,SBIN.NS,913.779052734375,UP,3,2,2,UP,UP,0.34492087,0.22659305,0.42848602,True
2025-10-27 18:30:00+00:00,TMPV.NS,408.1145629882813,DOWN,3,0,2,DOWN,UP,0.063200176,0.077032566,0.85976726,False
2025-10-27 18:30:00+00:00,ICICIBANK.NS,1351.7044677734375,STAY,3,1,0,STAY,DOWN,0.40714303,0.22083904,0.37201795,False
2025-10-27 18:30:00+00:00,INFY.NS,1468.4241943359375,UP,3,2,2,UP,UP,0.41112912,0.13086945,0.4580014,True
2025-10-27 18:30:00+00:00,RELIANCE.NS,1480.056884765625,UP,3,2,0,UP,DOWN,0.6714918,0.12287439,0.20563382,False
2025-10-27 18:30:00+00:00,HDFCBANK.NS,987.2218627929688,STAY,3,1,1,STAY,STAY,0.19207181,0.42446774,0.38346046,True
2025-10-27 18:30:00+00:00,ITC.NS,398.466064453125,DOWN,3,0,0,DOWN,DOWN,0.60652214,0.27796263,0.11551526,True
2025-10-27 18:30:00+00:00,BHARTIARTL.NS,2064.22119140625,STAY,3,1,2,STAY,UP,0.31039214,0.25600114,0.43360668,False
2025-10-27 18:30:00+00:00,TCS.NS,2946.968017578125,UP,3,2,2,UP,UP,0.26941302,0.23703788,0.49354914,True
2025-10-27 18:30:00+00:00,LT.NS,3934.37158203125,STAY,3,1,0,STAY,DOWN,0.7209165,0.122117415,0.15696612,False
2025-10-28 18:30:00+00:00,TCS.NS,2946.67919921875,UP,3,2,2,UP,UP,0.26938403,0.23925705,0.4913589,True
2025-10-28 18:30:00+00:00,TMPV.NS,407.9658203125,DOWN,3,0,2,DOWN,UP,0.076968454,0.091493115,0.83153844,False
2025-10-28 18:30:00+00:00,BHARTIARTL.NS,2074.4921875,DOWN,3,0,2,DOWN,UP,0.32860872,0.23945098,0.43194035,False
2025-10-28 18:30:00+00:00,RELIANCE.NS,1497.277099609375,UP,3,2,0,UP,DOWN,0.73424214,0.11647645,0.1492814,False
2025-10-28 18:30:00+00:00,LT.NS,3919.81396484375,STAY,3,1,0,STAY,DOWN,0.68099827,0.1258261,0.19317563,False
2025-10-28 18:30:00+00:00,HDFCBANK.NS,991.451904296875,STAY,3,1,1,STAY,STAY,0.18470523,0.42858118,0.38671356,True
2025-10-28 18:30:00+00:00,ICICIBANK.NS,1358.9434814453125,STAY,3,1,0,STAY,DOWN,0.41025102,0.22854574,0.3612032,False
2025-10-28 18:30:00+00:00,ITC.NS,401.9940185546875,DOWN,3,0,0,DOWN,DOWN,0.58497804,0.2887074,0.12631457,True
2025-10-28 18:30:00+00:00,INFY.NS,1478.408203125,UP,3,2,2,UP,UP,0.43207923,0.11397888,0.4539419,True
2025-10-28 18:30:00+00:00,SBIN.NS,923.11083984375,UP,3,2,2,UP,UP,0.3573642,0.24927655,0.39335918,True
2025-10-29 18:30:00+00:00,LT.NS,3948.929443359375,UP,3,2,0,UP,DOWN,0.73539114,0.12905438,0.13555448,False
2025-10-29 18:30:00+00:00,ICICIBANK.NS,1351.0103759765625,STAY,3,1,0,STAY,DOWN,0.45799074,0.20116885,0.34084037,False
2025-10-29 18:30:00+00:00,HDFCBANK.NS,981.9097900390624,STAY,3,1,2,STAY,UP,0.16919966,0.32520875,0.50559163,False
2025-10-29 18:30:00+00:00,INFY.NS,1462.1597900390625,UP,3,2,2,UP,UP,0.36760017,0.15248263,0.4799172,True
2025-10-29 18:30:00+00:00,RELIANCE.NS,1481.6494140625,UP,3,2,0,UP,DOWN,0.6939238,0.11887655,0.18719967,False
2025-10-29 18:30:00+00:00,TCS.NS,2925.187744140625,UP,3,2,2,UP,UP,0.3089457,0.19567746,0.49537683,True
2025-10-29 18:30:00+00:00,BHARTIARTL.NS,2040.618408203125,STAY,3,1,2,STAY,UP,0.3129176,0.2347843,0.45229813,False
2025-10-29 18:30:00+00:00,SBIN.NS,917.8064575195312,UP,3,2,2,UP,UP,0.3528246,0.23233503,0.4148404,True
2025-10-29 18:30:00+00:00,ITC.NS,399.2765197753906,DOWN,3,0,0,DOWN,DOWN,0.5640984,0.34203145,0.09387014,True
2025-10-29 18:30:00+00:00,TMPV.NS,409.0567626953125,DOWN,3,0,2,DOWN,UP,0.07462806,0.098233774,0.8271382,False
2025-10-30 18:30:00+00:00,INFY.NS,1450.9034423828125,UP,3,2,2,UP,UP,0.40713048,0.1739147,0.41895485,True
2025-10-30 18:30:00+00:00,ITC.NS,400.8021545410156,DOWN,3,0,0,DOWN,DOWN,0.62578636,0.2714816,0.10273203,True
2025-10-30 18:30:00+00:00,HDFCBANK.NS,971.2362670898438,STAY,3,1,2,STAY,UP,0.1778156,0.2749251,0.5472593,False
2025-10-30 18:30:00+00:00,TMPV.NS,406.6269226074219,DOWN,3,0,2,DOWN,UP,0.074138515,0.08910842,0.836753,False
2025-10-30 18:30:00+00:00,LT.NS,3991.909423828125,STAY,3,1,0,STAY,DOWN,0.70940614,0.14223401,0.14835979,False
2025-10-30 18:30:00+00:00,SBIN.NS,920.4095458984376,UP,3,2,2,UP,UP,0.35229874,0.23221555,0.41548574,True
2025-10-30 18:30:00+00:00,BHARTIARTL.NS,2028.9649658203125,STAY,3,1,2,STAY,UP,0.28562298,0.23611122,0.47826573,False
2025-10-30 18:30:00+00:00,ICICIBANK.NS,1334.0533447265625,STAY,3,1,0,STAY,DOWN,0.53656626,0.17835191,0.28508183,False
2025-10-30 18:30:00+00:00,RELIANCE.NS,1479.5592041015625,UP,3,2,0,UP,DOWN,0.5756934,0.10657115,0.3177354,False
2025-10-30 18:30:00+00:00,TCS.NS,2947.064208984375,UP,3,2,2,UP,UP,0.20354308,0.22027926,0.57617766,True
2025-11-02 18:30:00+00:00,TCS.NS,2907.35888671875,UP,3,2,2,UP,UP,0.23157439,0.24926789,0.5191577,True
2025-11-02 18:30:00+00:00,HDFCBANK.NS,976.499267578125,STAY,3,1,2,STAY,UP,0.16500972,0.28178486,0.55320543,False
2025-11-02 18:30:00+00:00,TMPV.NS,413.5693054199219,DOWN,3,0,2,DOWN,UP,0.0867827,0.10465622,0.8085611,False
2025-11-02 18:30:00+00:00,BHARTIARTL.NS,2048.22265625,STAY,3,1,2,STAY,UP,0.3046359,0.22498612,0.47037798,False
2025-11-02 18:30:00+00:00,SBIN.NS,932.8847045898438,STAY,3,1,2,STAY,UP,0.3588872,0.18874988,0.45236292,False
2025-11-02 18:30:00+00:00,ITC.NS,394.6997680664063,DOWN,3,0,0,DOWN,DOWN,0.5342991,0.37103766,0.09466329,True
2025-11-02 18:30:00+00:00,INFY.NS,1454.0355224609375,UP,3,2,2,UP,UP,0.38892588,0.18353386,0.42754027,True
2025-11-02 18:30:00+00:00,ICICIBANK.NS,1335.14404296875,STAY,3,1,0,STAY,DOWN,0.5214216,0.17095561,0.30762276,False
2025-11-02 18:30:00+00:00,RELIANCE.NS,1477.866943359375,UP,3,2,0,UP,DOWN,0.54069966,0.117593884,0.34170642,False
2025-11-02 18:30:00+00:00,LT.NS,3941.9970703125,UP,3,2,0,UP,DOWN,0.7272212,0.1570222,0.11575658,False
2025-11-03 18:30:00+00:00,ITC.NS,389.8845825195313,DOWN,3,0,1,DOWN,STAY,0.36681658,0.5017219,0.13146152,False
2025-11-03 18:30:00+00:00,RELIANCE.NS,1466.3203125,UP,3,2,0,UP,DOWN,0.5154923,0.15376891,0.33073875,False
2025-11-03 18:30:00+00:00,HDFCBANK.NS,969.2196655273438,STAY,3,1,2,STAY,UP,0.13816355,0.28459117,0.5772453,False
2025-11-03 18:30:00+00:00,INFY.NS,1436.808349609375,UP,3,2,0,UP,DOWN,0.42658946,0.19447134,0.3789392,False
2025-11-03 18:30:00+00:00,TMPV.NS,403.15570068359375,DOWN,3,0,2,DOWN,UP,0.07740117,0.10440795,0.8181909,False
2025-11-03 18:30:00+00:00,ICICIBANK.NS,1325.7235107421875,STAY,3,1,0,STAY,DOWN,0.5274492,0.19216983,0.280381,False
2025-11-03 18:30:00+00:00,SBIN.NS,940.644775390625,STAY,3,1,2,STAY,UP,0.36105266,0.1963217,0.4426256,False
2025-11-03 18:30:00+00:00,TCS.NS,2881.723876953125,UP,3,2,2,UP,UP,0.21997921,0.2115551,0.56846565,True
2025-11-03 18:30:00+00:00,LT.NS,3886.439697265625,UP,3,2,0,UP,DOWN,0.613271,0.2306566,0.15607241,False
2025-11-03 18:30:00+00:00,BHARTIARTL.NS,2087.0341796875,STAY,3,1,2,STAY,UP,0.32591417,0.27092367,0.40316215,False
2025-11-05 18:30:00+00:00,ITC.NS,388.5496826171875,STAY,3,1,1,STAY,STAY,0.35024706,0.5056453,0.14410764,True
2025-11-05 18:30:00+00:00,SBIN.NS,943.739013671875,STAY,3,1,2,STAY,UP,0.32442385,0.26746967,0.40810642,False
2025-11-05 18:30:00+00:00,TCS.NS,2901.6728515625,UP,3,2,2,UP,UP,0.1935308,0.20345058,0.60301864,True
2025-11-05 18:30:00+00:00,HDFCBANK.NS,968.6294555664062,STAY,3,1,2,STAY,UP,0.1484855,0.23140903,0.6201055,False
2025-11-05 18:30:00+00:00,LT.NS,3844.053955078125,UP,3,2,0,UP,DOWN,0.66173875,0.16834642,0.16991484,False
2025-11-05 18:30:00+00:00,BHARTIARTL.NS,2068.86279296875,STAY,3,1,2,STAY,UP,0.29781657,0.24093507,0.46124834,False
2025-11-05 18:30:00+00:00,INFY.NS,1435.6336669921875,UP,3,2,0,UP,DOWN,0.4659163,0.16532612,0.36875755,False
2025-11-05 18:30:00+00:00,ICICIBANK.NS,1309.3614501953125,UP,3,2,0,UP,DOWN,0.4959646,0.2537159,0.25031954,False
2025-11-05 18:30:00+00:00,TMPV.NS,404.4945983886719,DOWN,3,0,2,DOWN,UP,0.10480849,0.1461744,0.7490171,False
2025-11-05 18:30:00+00:00,RELIANCE.NS,1489.2144775390625,UP,3,2,0,UP,DOWN,0.5622413,0.12567565,0.31208307,False
2025-11-06 18:30:00+00:00,SBIN.NS,938.92578125,UP,3,2,2,UP,UP,0.34282166,0.30422375,0.35295457,True
2025-11-06 18:30:00+00:00,ITC.NS,385.2601318359375,STAY,3,1,1,STAY,STAY,0.33867073,0.5071728,0.15415649,True
2025-11-06 18:30:00+00:00,RELIANCE.NS,1471.19775390625,UP,3,2,0,UP,DOWN,0.53766406,0.14508213,0.31725383,False
2025-11-06 18:30:00+00:00,LT.NS,3844.945068359375,UP,3,2,0,UP,DOWN,0.6759039,0.15708305,0.167013,False
2025-11-06 18:30:00+00:00,ICICIBANK.NS,1331.7724609375,STAY,3,1,0,STAY,DOWN,0.5137701,0.212491,0.2737389,False
2025-11-06 18:30:00+00:00,HDFCBANK.NS,966.317626953125,STAY,3,1,2,STAY,UP,0.13934194,0.2422953,0.6183628,False
2025-11-06 18:30:00+00:00,BHARTIARTL.NS,1976.327392578125,UP,3,2,2,UP,UP,0.15818983,0.2393448,0.60246533,True
2025-11-06 18:30:00+00:00,TMPV.NS,402.3623046875,DOWN,3,0,2,DOWN,UP,0.114949726,0.1304491,0.7546011,False
2025-11-06 18:30:00+00:00,INFY.NS,1445.5198974609375,UP,3,2,0,UP,DOWN,0.49561143,0.13984269,0.36454582,False
2025-11-06 18:30:00+00:00,TCS.NS,2883.265869140625,UP,3,2,2,UP,UP,0.21308576,0.20466465,0.5822496,True
2025-11-09 18:30:00+00:00,TMPV.NS,407.0732116699219,DOWN,3,0,2,DOWN,UP,0.09175825,0.14753038,0.7607113,False
2025-11-09 18:30:00+00:00,RELIANCE.NS,1482.44580078125,UP,3,2,0,UP,DOWN,0.5443068,0.13860662,0.31708655,False
2025-11-09 18:30:00+00:00,BHARTIARTL.NS,1994.6962890625,UP,3,2,2,UP,UP,0.16224651,0.20882706,0.6289264,True
2025-11-09 18:30:00+00:00,HDFCBANK.NS,968.4818725585938,STAY,3,1,2,STAY,UP,0.13853668,0.24050851,0.6209548,False
2025-11-09 18:30:00+00:00,ITC.NS,386.69036865234375,STAY,3,1,1,STAY,STAY,0.36886698,0.47602728,0.1551057,True
2025-11-09 18:30:00+00:00,TCS.NS,2915.4541015625,UP,3,2,2,UP,UP,0.20517357,0.2187254,0.57610106,True
2025-11-09 18:30:00+00:00,SBIN.NS,934.3090209960938,UP,3,2,1,UP,STAY,0.3294844,0.33599532,0.33452034,False
2025-11-09 18:30:00+00:00,ICICIBANK.NS,1336.730712890625,STAY,3,1,0,STAY,DOWN,0.42132625,0.24954462,0.32912913,False
2025-11-09 18:30:00+00:00,LT.NS,3880.596923828125,UP,3,2,0,UP,DOWN,0.68367875,0.15642366,0.15989767,False
2025-11-09 18:30:00+00:00,INFY.NS,1481.4425048828125,UP,3,2,0,UP,DOWN,0.48928577,0.17038341,0.3403308,False
2025-11-10 18:30:00+00:00,HDFCBANK.NS,975.564697265625,STAY,3,1,2,STAY,UP,0.13105011,0.26927376,0.59967613,False
2025-11-10 18:30:00+00:00,RELIANCE.NS,1486.5269775390625,UP,3,2,0,UP,DOWN,0.5426396,0.14450392,0.31285647,False
2025-11-10 18:30:00+00:00,TMPV.NS,404.2466735839844,DOWN,3,0,2,DOWN,UP,0.07013474,0.111978725,0.8178866,False
2025-11-10 18:30:00+00:00,SBIN.NS,936.4209594726562,STAY,3,1,1,STAY,STAY,0.28807414,0.36188507,0.35004082,True
2025-11-10 18:30:00+00:00,TCS.NS,2936.46337890625,UP,3,2,2,UP,UP,0.196606,0.18516558,0.61822844,True
2025-11-10 18:30:00+00:00,BHARTIARTL.NS,2016.9166259765625,UP,3,2,2,UP,UP,0.1556935,0.2425437,0.60176283,True
2025-11-10 18:30:00+00:00,LT.NS,3916.74365234375,UP,3,2,0,UP,DOWN,0.6190514,0.1034943,0.2774543,False
2025-11-10 18:30:00+00:00,INFY.NS,1497.88671875,UP,3,2,0,UP,DOWN,0.4817519,0.15228887,0.3659592,False
2025-11-10 18:30:00+00:00,ICICIBANK.NS,1346.944580078125,STAY,3,1,0,STAY,DOWN,0.41107276,0.23661469,0.35231256,False
2025-11-10 18:30:00+00:00,ITC.NS,387.929931640625,STAY,3,1,0,STAY,DOWN,0.42217097,0.41437638,0.16345268,False
2025-11-11 18:30:00+00:00,SBIN.NS,940.2028198242188,STAY,3,1,1,STAY,STAY,0.28101802,0.36479884,0.35418317,True
2025-11-11 18:30:00+00:00,ITC.NS,388.0729370117188,STAY,3,1,1,STAY,STAY,0.38737527,0.4434239,0.16920087,True
2025-11-11 18:30:00+00:00,LT.NS,3916.34765625,UP,3,2,0,UP,DOWN,0.60585415,0.11633031,0.27781555,False
2025-11-11 18:30:00+00:00,ICICIBANK.NS,1347.53955078125,STAY,3,1,0,STAY,DOWN,0.4076824,0.24004689,0.35227072,False
2025-11-11 18:30:00+00:00,RELIANCE.NS,1504.5435791015625,UP,3,2,0,UP,DOWN,0.6697646,0.15332468,0.17691074,False
2025-11-11 18:30:00+00:00,TMPV.NS,398.8414916992188,DOWN,3,0,2,DOWN,UP,0.12227693,0.15356496,0.72415805,False
2025-11-11 18:30:00+00:00,HDFCBANK.NS,973.4005126953124,STAY,3,1,2,STAY,UP,0.1369225,0.2712508,0.5918267,False
2025-11-11 18:30:00+00:00,TCS.NS,3018.18701171875,UP,3,2,2,UP,UP,0.35048598,0.22768694,0.42182714,True
2025-11-11 18:30:00+00:00,INFY.NS,1518.8333740234375,UP,3,2,0,UP,DOWN,0.577925,0.1101762,0.31189877,False
2025-11-11 18:30:00+00:00,BHARTIARTL.NS,2048.025146484375,UP,3,2,2,UP,UP,0.17985652,0.21466441,0.60547906,True
2025-11-12 18:30:00+00:00,TCS.NS,2993.033935546875,UP,3,2,2,UP,UP,0.27017063,0.24617434,0.483655,True
2025-11-12 18:30:00+00:00,BHARTIARTL.NS,2065.801513671875,STAY,3,1,2,STAY,UP,0.18523197,0.22794425,0.5868238,False
2025-11-12 18:30:00+00:00,ICICIBANK.NS,1374.3138427734375,DOWN,3,0,0,DOWN,DOWN,0.37481755,0.33024096,0.29494146,True
2025-11-12 18:30:00+00:00,TMPV.NS,394.6760559082031,DOWN,3,0,2,DOWN,UP,0.07643229,0.13745633,0.7861114,False
2025-11-12 18:30:00+00:00,RELIANCE.NS,1503.9464111328125,UP,3,2,0,UP,DOWN,0.642461,0.13075121,0.2267878,False
2025-11-12 18:30:00+00:00,LT.NS,3963.7841796875,STAY,3,1,0,STAY,DOWN,0.654512,0.13024314,0.21524489,False
2025-11-12 18:30:00+00:00,SBIN.NS,937.1085815429688,STAY,3,1,1,STAY,STAY,0.27248654,0.39937818,0.32813528,True
2025-11-12 18:30:00+00:00,ITC.NS,386.83343505859375,STAY,3,1,1,STAY,STAY,0.38579136,0.43503258,0.17917612,True
2025-11-12 18:30:00+00:00,HDFCBANK.NS,970.596923828125,STAY,3,1,2,STAY,UP,0.1300086,0.26049498,0.6094964,False
2025-11-12 18:30:00+00:00,INFY.NS,1509.14306640625,UP,3,2,0,UP,DOWN,0.55380905,0.110637315,0.33555362,False
2025-11-13 18:30:00+00:00,TCS.NS,2993.322998046875,UP,3,2,2,UP,UP,0.25993574,0.21972057,0.5203437,True
2025-11-13 18:30:00+00:00,TMPV.NS,387.9815979003906,DOWN,3,0,2,DOWN,UP,0.08506695,0.09037966,0.8245534,False
2025-11-13 18:30:00+00:00,LT.NS,3965.665771484375,STAY,3,1,0,STAY,DOWN,0.604399,0.17246585,0.22313511,False
2025-11-13 18:30:00+00:00,INFY.NS,1470.9691162109375,UP,3,2,0,UP,DOWN,0.48027116,0.16407861,0.35565028,False
2025-11-13 18:30:00+00:00,SBIN.NS,950.7133178710938,STAY,3,1,2,STAY,UP,0.30444077,0.3307807,0.36477855,False
2025-11-13 18:30:00+00:00,RELIANCE.NS,1511.9095458984375,STAY,3,1,0,STAY,DOWN,0.63059884,0.14219213,0.227209,False
2025-11-13 18:30:00+00:00,BHARTIARTL.NS,2074.5908203125,STAY,3,1,2,STAY,UP,0.2121813,0.30561948,0.48219925,False
2025-11-13 18:30:00+00:00,ICICIBANK.NS,1361.521728515625,DOWN,3,0,1,DOWN,STAY,0.3500716,0.36274415,0.28718424,False
2025-11-13 18:30:00+00:00,HDFCBANK.NS,973.4988403320312,STAY,3,1,2,STAY,UP,0.10355612,0.21074809,0.6856958,False
2025-11-13 18:30:00+00:00,ITC.NS,389.1694641113281,STAY,3,1,1,STAY,STAY,0.34877357,0.46693802,0.1842884,True
2025-11-16 18:30:00+00:00,SBIN.NS,956.1159057617188,STAY,3,1,2,STAY,UP,0.29583943,0.30493924,0.3992213,False
2025-11-16 18:30:00+00:00,INFY.NS,1475.66748046875,UP,3,2,0,UP,DOWN,0.48021644,0.16508451,0.35469905,False
2025-11-16 18:30:00+00:00,TCS.NS,2989.660888671875,UP,3,2,2,UP,UP,0.2484492,0.24901637,0.5025344,True
2025-11-16 18:30:00+00:00,BHARTIARTL.NS,2085.94775390625,STAY,3,1,2,STAY,UP,0.23364325,0.27458495,0.49177182,False
2025-11-16 18:30:00+00:00,ICICIBANK.NS,1367.4715576171875,DOWN,3,0,0,DOWN,DOWN,0.40524715,0.2482405,0.3465123,True
2025-11-16 18:30:00+00:00,RELIANCE.NS,1511.3123779296875,STAY,3,1,0,STAY,DOWN,0.5668906,0.14646561,0.28664377,False
2025-11-16 18:30:00+00:00,ITC.NS,388.1683044433594,STAY,3,1,1,STAY,STAY,0.34198517,0.5001457,0.15786918,True
2025-11-16 18:30:00+00:00,HDFCBANK.NS,980.3357543945312,STAY,3,1,2,STAY,UP,0.10808182,0.19573794,0.6961802,False
2025-11-16 18:30:00+00:00,LT.NS,3988.740478515625,STAY,3,1,0,STAY,DOWN,0.5971912,0.1853786,0.21743013,False
2025-11-16 18:30:00+00:00,TMPV.NS,369.6337890625,DOWN,3,0,2,DOWN,UP,0.039661184,0.06484067,0.8954982,False
2025-11-17 18:30:00+00:00,ICICIBANK.NS,1361.9183349609375,DOWN,3,0,0,DOWN,DOWN,0.40466046,0.25848132,0.33685827,True
2025-11-17 18:30:00+00:00,LT.NS,3960.912353515625,UP,3,2,0,UP,DOWN,0.58301103,0.18370467,0.23328428,False
2025-11-17 18:30:00+00:00,INFY.NS,1454.91650390625,UP,3,2,0,UP,DOWN,0.47359225,0.16480544,0.36160228,False
2025-11-17 18:30:00+00:00,RELIANCE.NS,1512.4072265625,UP,3,2,0,UP,DOWN,0.56623036,0.17488094,0.25888866,False
2025-11-17 18:30:00+00:00,HDFCBANK.NS,976.302490234375,STAY,3,1,2,STAY,UP,0.09673286,0.1960171,0.70725006,False
2025-11-17 18:30:00+00:00,ITC.NS,386.9764404296875,STAY,3,1,1,STAY,STAY,0.3503836,0.47259971,0.17701665,True
2025-11-17 18:30:00+00:00,SBIN.NS,955.2318725585938,STAY,3,1,2,STAY,UP,0.27907664,0.3435001,0.3774233,False
2025-11-17 18:30:00+00:00,TMPV.NS,368.2452697753906,STAY,3,1,2,STAY,UP,0.026818307,0.05448428,0.9186974,False
2025-11-17 18:30:00+00:00,BHARTIARTL.NS,2122.488037109375,DOWN,3,0,2,DOWN,UP,0.2518059,0.33380443,0.41438967,False
2025-11-17 18:30:00+00:00,TCS.NS,2975.10888671875,UP,3,2,2,UP,UP,0.20040649,0.25708526,0.54250824,True
2025-11-18 18:30:00+00:00,RELIANCE.NS,1511.9095458984375,UP,3,2,0,UP,DOWN,0.45821524,0.2442456,0.29753911,False
2025-11-18 18:30:00+00:00,TMPV.NS,357.8812866210937,STAY,3,1,2,STAY,UP,0.019620346,0.06542971,0.91494995,False
2025-11-18 18:30:00+00:00,BHARTIARTL.NS,2132.956298828125,DOWN,3,0,2,DOWN,UP,0.24114785,0.37465864,0.38419348,False
2025-11-18 18:30:00+00:00,HDFCBANK.NS,978.41748046875,STAY,3,1,2,STAY,UP,0.1022397,0.21924743,0.6785129,False
2025-11-18 18:30:00+00:00,ITC.NS,384.7833862304688,DOWN,3,0,1,DOWN,STAY,0.35657823,0.46016455,0.18325718,False
2025-11-18 18:30:00+00:00,LT.NS,3980.718994140625,UP,3,2,0,UP,DOWN,0.5768239,0.18921879,0.23395729,False
2025-11-18 18:30:00+00:00,INFY.NS,1508.4578857421875,UP,3,2,0,UP,DOWN,0.5008023,0.12786445,0.3713333,False
2025-11-18 18:30:00+00:00,ICICIBANK.NS,1371.5372314453125,DOWN,3,0,2,DOWN,UP,0.38381302,0.21611,0.40007693,False
2025-11-18 18:30:00+00:00,SBIN.NS,965.3494873046876,STAY,3,1,2,STAY,UP,0.29907814,0.29910797,0.40181392,False
2025-11-18 18:30:00+00:00,TCS.NS,3033.510009765625,UP,3,2,2,UP,UP,0.30022213,0.20973976,0.49003807,True
2025-11-19 18:30:00+00:00,SBIN.NS,964.1707153320312,STAY,3,1,2,STAY,UP,0.27943677,0.32134092,0.39922225,False
2025-11-19 18:30:00+00:00,LT.NS,3998.3466796875,UP,3,2,0,UP,DOWN,0.5943173,0.17412874,0.23155397,False
2025-11-19 18:30:00+00:00,ICICIBANK.NS,1371.4381103515625,STAY,3,1,2,STAY,UP,0.3629785,0.25830632,0.3787152,False
2025-11-19 18:30:00+00:00,TCS.NS,3030.715576171875,UP,3,2,2,UP,UP,0.3189471,0.18175393,0.49929896,True
2025-11-19 18:30:00+00:00,INFY.NS,1503.955322265625,UP,3,2,0,UP,DOWN,0.4749923,0.14175075,0.38325694,False
2025-11-19 18:30:00+00:00,HDFCBANK.NS,992.4356689453124,STAY,3,1,2,STAY,UP,0.12057893,0.298071,0.5813501,False
2025-11-19 18:30:00+00:00,RELIANCE.NS,1541.9705810546875,UP,3,2,0,UP,DOWN,0.5395349,0.21565266,0.24481238,False
2025-11-19 18:30:00+00:00,BHARTIARTL.NS,2131.474853515625,DOWN,3,0,1,DOWN,STAY,0.21740307,0.3969478,0.38564914,False
2025-11-19 18:30:00+00:00,ITC.NS,386.5950317382813,DOWN,3,0,1,DOWN,STAY,0.35417578,0.46464342,0.18118079,False
2025-11-19 18:30:00+00:00,TMPV.NS,356.83990478515625,UP,3,2,2,UP,UP,0.025950404,0.052811157,0.9212384,True
2025-11-20 18:30:00+00:00,TCS.NS,3036.30517578125,UP,3,2,2,UP,UP,0.31151402,0.19020458,0.4982814,True
2025-11-20 18:30:00+00:00,RELIANCE.NS,1539.4820556640625,UP,3,2,0,UP,DOWN,0.55101746,0.2338367,0.21514584,False
2025-11-20 18:30:00+00:00,ICICIBANK.NS,1358.0509033203125,STAY,3,1,2,STAY,UP,0.32456684,0.25594264,0.41949055,False
2025-11-20 18:30:00+00:00,INFY.NS,1512.2752685546875,UP,3,2,0,UP,DOWN,0.5162837,0.17279944,0.3109169,False
2025-11-20 18:30:00+00:00,TMPV.NS,359.2697448730469,UP,3,2,2,UP,UP,0.025305733,0.07672733,0.897967,True
2025-11-20 18:30:00+00:00,LT.NS,3985.967529296875,UP,3,2,0,UP,DOWN,0.5749178,0.19168623,0.23339596,False
2025-11-20 18:30:00+00:00,SBIN.NS,955.3792114257812,UP,3,2,1,UP,STAY,0.13144475,0.4738494,0.39470583,False
2025-11-20 18:30:00+00:00,HDFCBANK.NS,981.8114013671876,DOWN,3,0,2,DOWN,UP,0.08251062,0.19989654,0.71759284,False
2025-11-20 18:30:00+00:00,BHARTIARTL.NS,2135.820068359375,DOWN,3,0,1,DOWN,STAY,0.22027783,0.40823662,0.37148553,False
2025-11-20 18:30:00+00:00,ITC.NS,388.8834228515625,DOWN,3,0,0,DOWN,DOWN,0.39966094,0.36226732,0.23807171,True
2025-11-23 18:30:00+00:00,TCS.NS,3027.24609375,UP,3,2,0,UP,DOWN,0.42486036,0.16428377,0.41085583,False
2025-11-23 18:30:00+00:00,INFY.NS,1515.2117919921875,UP,3,2,0,UP,DOWN,0.538016,0.17388658,0.28809744,False
2025-11-23 18:30:00+00:00,ICICIBANK.NS,1356.960205078125,UP,3,2,2,UP,UP,0.34043735,0.23184964,0.42771307,True
2025-11-23 18:30:00+00:00,ITC.NS,384.7833862304688,DOWN,3,0,1,DOWN,STAY,0.39693528,0.4078621,0.1952026,False
2025-11-23 18:30:00+00:00,RELIANCE.NS,1528.831298828125,STAY,3,1,0,STAY,DOWN,0.52347916,0.19897911,0.27754173,False
2025-11-23 18:30:00+00:00,BHARTIARTL.NS,2125.35205078125,DOWN,3,0,2,DOWN,UP,0.18895511,0.38609338,0.4249515,False
2025-11-23 18:30:00+00:00,LT.NS,3974.47998046875,UP,3,2,0,UP,DOWN,0.5434358,0.20310871,0.25345543,False
2025-11-23 18:30:00+00:00,TMPV.NS,355.35223388671875,UP,3,2,2,UP,UP,0.02451481,0.066562414,0.90892273,True
2025-11-23 18:30:00+00:00,SBIN.NS,953.4146118164062,UP,3,2,1,UP,STAY,0.13212316,0.5254991,0.3423778,False
2025-11-23 18:30:00+00:00,HDFCBANK.NS,982.8934936523438,DOWN,3,0,2,DOWN,UP,0.09684748,0.21249361,0.6906589,False
2025-11-24 18:30:00+00:00,RELIANCE.NS,1532.61376953125,DOWN,3,0,0,DOWN,DOWN,0.51526296,0.23579565,0.24894136,True
2025-11-24 18:30:00+00:00,TCS.NS,3006.044189453125,UP,3,2,2,UP,UP,0.3845435,0.17942908,0.43602735,True
2025-11-24 18:30:00+00:00,ITC.NS,382.1612548828125,DOWN,3,0,1,DOWN,STAY,0.22801316,0.5327622,0.23922458,False
2025-11-24 18:30:00+00:00,SBIN.NS,966.1844482421876,UP,3,2,1,UP,STAY,0.13683952,0.45990038,0.40326014,False
2025-11-24 18:30:00+00:00,LT.NS,3958.040283203125,UP,3,2,0,UP,DOWN,0.507293,0.23862292,0.2540841,False
2025-11-24 18:30:00+00:00,HDFCBANK.NS,973.6956176757812,DOWN,3,0,2,DOWN,UP,0.082583316,0.1702958,0.74712086,False
2025-11-24 18:30:00+00:00,TMPV.NS,349.5503845214844,UP,3,2,2,UP,UP,0.025471823,0.06926452,0.9052637,True
2025-11-24 18:30:00+00:00,INFY.NS,1498.1802978515625,UP,3,2,0,UP,DOWN,0.51304996,0.1814608,0.30548924,False
2025-11-24 18:30:00+00:00,BHARTIARTL.NS,2134.73388671875,DOWN,3,0,2,DOWN,UP,0.19308403,0.3952295,0.41168648,False
2025-11-24 18:30:00+00:00,ICICIBANK.NS,1346.4488525390625,UP,3,2,2,UP,UP,0.33751646,0.23164332,0.43084025,True
2025-11-25 18:30:00+00:00,LT.NS,4022.708740234375,STAY,3,1,0,STAY,DOWN,0.61201894,0.17255709,0.21542396,False
2025-11-25 18:30:00+00:00,ITC.NS,383.5915222167969,DOWN,3,0,1,DOWN,STAY,0.22712764,0.48082083,0.2920515,False
2025-11-25 18:30:00+00:00,HDFCBANK.NS,987.5662231445312,DOWN,3,0,2,DOWN,UP,0.083730884,0.2016932,0.7145759,False
2025-11-25 18:30:00+00:00,RELIANCE.NS,1562.6748046875,DOWN,3,0,0,DOWN,DOWN,0.48531312,0.27985647,0.23483044,True
2025-11-25 18:30:00+00:00,INFY.NS,1524.902099609375,UP,3,2,0,UP,DOWN,0.507085,0.17374785,0.31916714,False
2025-11-25 18:30:00+00:00,ICICIBANK.NS,1363.5050048828125,UP,3,2,2,UP,UP,0.32484618,0.27196643,0.40318742,True
2025-11-25 18:30:00+00:00,SBIN.NS,966.4791870117188,STAY,3,1,1,STAY,STAY,0.13158214,0.47059646,0.3978214,True
2025-11-25 18:30:00+00:00,TCS.NS,3048.158935546875,STAY,3,1,2,STAY,UP,0.41360477,0.16556057,0.4208347,False
2025-11-25 18:30:00+00:00,TMPV.NS,356.29443359375,STAY,3,1,2,STAY,UP,0.024198713,0.09044867,0.8853526,False
2025-11-25 18:30:00+00:00,BHARTIARTL.NS,2100.366455078125,DOWN,3,0,1,DOWN,STAY,0.16442147,0.51493,0.32064852,False
2025-11-26 18:30:00+00:00,LT.NS,4041.822021484375,STAY,3,1,0,STAY,DOWN,0.76738894,0.11243196,0.120179124,False
2025-11-26 18:30:00+00:00,SBIN.NS,955.624755859375,UP,3,2,1,UP,STAY,0.12308215,0.52586406,0.35105374,False
2025-11-26 18:30:00+00:00,TMPV.NS,354.8563537597656,STAY,3,1,2,STAY,UP,0.02608236,0.05660572,0.9173119,False
2025-11-26 18:30:00+00:00,HDFCBANK.NS,993.0750732421876,DOWN,3,0,2,DOWN,UP,0.091437325,0.19627489,0.71228784,False
2025-11-26 18:30:00+00:00,INFY.NS,1533.2220458984375,UP,3,2,0,UP,DOWN,0.55777067,0.163265,0.27896434,False
2025-11-26 18:30:00+00:00,BHARTIARTL.NS,2089.3056640625,DOWN,3,0,1,DOWN,STAY,0.16005568,0.46872085,0.37122348,False
2025-11-26 18:30:00+00:00,TCS.NS,3022.81298828125,UP,3,2,2,UP,UP,0.37289572,0.17367439,0.45342988,True
2025-11-26 18:30:00+00:00,RELIANCE.NS,1556.2047119140625,DOWN,3,0,0,DOWN,DOWN,0.50243753,0.2615349,0.23602755,True
2025-11-26 18:30:00+00:00,ITC.NS,385.4985046386719,DOWN,3,0,1,DOWN,STAY,0.3412512,0.42345175,0.2352971,False
2025-11-26 18:30:00+00:00,ICICIBANK.NS,1380.5611572265625,STAY,3,1,0,STAY,DOWN,0.37839785,0.24345568,0.37814644,False
2025-11-27 18:30:00+00:00,BHARTIARTL.NS,2075.479736328125,DOWN,3,0,1,DOWN,STAY,0.16382,0.4475092,0.38867083,False
2025-11-27 18:30:00+00:00,TCS.NS,3023.68017578125,UP,3,2,2,UP,UP,0.36142996,0.18534987,0.4532202,True
2025-11-27 18:30:00+00:00,ITC.NS,385.4508361816406,DOWN,3,0,1,DOWN,STAY,0.34527725,0.3602223,0.29450047,False
2025-11-27 18:30:00+00:00,TMPV.NS,353.86456298828125,STAY,3,1,2,STAY,UP,0.023010002,0.048239436,0.9287506,False
2025-11-27 18:30:00+00:00,ICICIBANK.NS,1377.189697265625,STAY,3,1,2,STAY,UP,0.30479985,0.18871449,0.50648564,False
2025-11-27 18:30:00+00:00,HDFCBANK.NS,991.2059936523438,DOWN,3,0,2,DOWN,UP,0.10688657,0.32155985,0.5715535,False
2025-11-27 18:30:00+00:00,RELIANCE.NS,1560.285888671875,DOWN,3,0,0,DOWN,DOWN,0.5006051,0.2670231,0.2323718,True
2025-11-27 18:30:00+00:00,LT.NS,4030.2353515625,STAY,3,1,0,STAY,DOWN,0.747266,0.12813994,0.12459403,False
2025-11-27 18:30:00+00:00,SBIN.NS,961.6658935546876,UP,3,2,1,UP,STAY,0.11713414,0.5118756,0.37099025,False
2025-11-27 18:30:00+00:00,INFY.NS,1527.055419921875,UP,3,2,0,UP,DOWN,0.51471925,0.16762134,0.3176594,False
2025-11-30 18:30:00+00:00,ITC.NS,385.4508361816406,DOWN,3,0,2,DOWN,UP,0.306781,0.3339233,0.35929573,False
2025-11-30 18:30:00+00:00,HDFCBANK.NS,985.7954711914062,DOWN,3,0,2,DOWN,UP,0.10300838,0.27944613,0.61754555,False
2025-11-30 18:30:00+00:00,RELIANCE.NS,1558.892333984375,DOWN,3,0,0,DOWN,DOWN,0.5055791,0.27714598,0.2172749,True
2025-11-30 18:30:00+00:00,INFY.NS,1530.872802734375,UP,3,2,0,UP,DOWN,0.54206413,0.15470053,0.30323538,False
2025-11-30 18:30:00+00:00,LT.NS,4033.80029296875,DOWN,3,0,0,DOWN,DOWN,0.7432434,0.12586834,0.13088825,True
2025-11-30 18:30:00+00:00,TMPV.NS,360.8069763183594,DOWN,3,0,2,DOWN,UP,0.01938837,0.06676993,0.91384166,False
2025-11-30 18:30:00+00:00,BHARTIARTL.NS,2063.7275390625,DOWN,3,0,2,DOWN,UP,0.19404516,0.3307685,0.4751863,False
2025-11-30 18:30:00+00:00,TCS.NS,3019.72900390625,UP,3,2,2,UP,UP,0.33967495,0.1699885,0.49033654,True
2025-11-30 18:30:00+00:00,SBIN.NS,955.870361328125,UP,3,2,1,UP,STAY,0.13792604,0.43561435,0.42645964,False
2025-11-30 18:30:00+00:00,ICICIBANK.NS,1378.478759765625,UP,3,2,2,UP,UP,0.285737,0.25361386,0.4606491,True
2025-12-01 18:30:00+00:00,ITC.NS,382.3043212890625,DOWN,3,0,2,DOWN,UP,0.1752226,0.29389685,0.5308806,False
2025-12-01 18:30:00+00:00,ICICIBANK.NS,1361.521728515625,UP,3,2,2,UP,UP,0.2788602,0.19257222,0.52856755,True
2025-12-01 18:30:00+00:00,TMPV.NS,358.7738647460937,DOWN,3,0,2,DOWN,UP,0.021885054,0.055234,0.922881,False
2025-12-01 18:30:00+00:00,TCS.NS,3021.945556640625,STAY,3,1,2,STAY,UP,0.3506993,0.122352526,0.52694815,False
2025-12-01 18:30:00+00:00,SBIN.NS,950.1730346679688,UP,3,2,1,UP,STAY,0.15590599,0.42960298,0.414491,False
2025-12-01 18:30:00+00:00,BHARTIARTL.NS,2077.849853515625,DOWN,3,0,2,DOWN,UP,0.1958474,0.36564156,0.43851098,False
2025-12-01 18:30:00+00:00,INFY.NS,1527.9364013671875,UP,3,2,0,UP,DOWN,0.5149448,0.17769852,0.3073567,False
2025-12-01 18:30:00+00:00,HDFCBANK.NS,973.6956176757812,DOWN,3,0,2,DOWN,UP,0.08931759,0.2342442,0.6764382,False
2025-12-01 18:30:00+00:00,LT.NS,3991.513427734375,DOWN,3,0,0,DOWN,DOWN,0.6868521,0.15556525,0.15758266,True
2025-12-01 18:30:00+00:00,RELIANCE.NS,1539.1834716796875,DOWN,3,0,0,DOWN,DOWN,0.4883419,0.23777115,0.27388695,True
2025-12-02 18:30:00+00:00,LT.NS,3949.424560546875,DOWN,3,0,0,DOWN,DOWN,0.67196363,0.14097291,0.18706341,True
2025-12-02 18:30:00+00:00,INFY.NS,1545.261474609375,STAY,3,1,0,STAY,DOWN,0.59283817,0.16085057,0.24631123,False
2025-12-02 18:30:00+00:00,RELIANCE.NS,1531.718017578125,DOWN,3,0,0,DOWN,DOWN,0.47578543,0.21183398,0.31238055,True
2025-12-02 18:30:00+00:00,TCS.NS,3064.638427734375,STAY,3,1,2,STAY,UP,0.31684038,0.1460851,0.53707457,False
2025-12-02 18:30:00+00:00,BHARTIARTL.NS,2060.073486328125,DOWN,3,0,2,DOWN,UP,0.24201195,0.30527017,0.45271784,False
2025-12-02 18:30:00+00:00,ITC.NS,381.875244140625,DOWN,3,0,2,DOWN,UP,0.188835,0.2891967,0.5219683,False
2025-12-02 18:30:00+00:00,HDFCBANK.NS,984.2214965820312,DOWN,3,0,2,DOWN,UP,0.09488871,0.2548702,0.6502411,False
2025-12-02 18:30:00+00:00,TMPV.NS,353.9141845703125,STAY,3,1,2,STAY,UP,0.021914214,0.063175276,0.91491055,False
2025-12-02 18:30:00+00:00,SBIN.NS,934.2107543945312,UP,3,2,2,UP,UP,0.19520731,0.38452733,0.42026535,True
2025-12-02 18:30:00+00:00,ICICIBANK.NS,1379.8670654296875,STAY,3,1,2,STAY,UP,0.29665536,0.19472583,0.5086188,False
2025-12-03 18:30:00+00:00,SBIN.NS,931.31298828125,UP,3,2,2,UP,UP,0.1936346,0.36178032,0.4445851,True
2025-12-03 18:30:00+00:00,ICICIBANK.NS,1375.1070556640625,STAY,3,1,2,STAY,UP,0.21240309,0.2166281,0.57096887,False
2025-12-03 18:30:00+00:00,RELIANCE.NS,1528.53271484375,DOWN,3,0,0,DOWN,DOWN,0.5412427,0.17738447,0.2813728,True
2025-12-03 18:30:00+00:00,TMPV.NS,353.5174865722656,STAY,3,1,2,STAY,UP,0.021602456,0.058714498,0.9196831,False
2025-12-03 18:30:00+00:00,BHARTIARTL.NS,2077.65234375,DOWN,3,0,2,DOWN,UP,0.22960675,0.30093408,0.4694592,False
2025-12-03 18:30:00+00:00,LT.NS,3945.067138671875,DOWN,3,0,0,DOWN,DOWN,0.6899701,0.13917032,0.17085958,True
2025-12-03 18:30:00+00:00,ITC.NS,384.3066101074219,DOWN,3,0,2,DOWN,UP,0.28301355,0.2947008,0.42228565,False
2025-12-03 18:30:00+00:00,HDFCBANK.NS,980.9752197265624,DOWN,3,0,2,DOWN,UP,0.09727218,0.2463634,0.6563644,False
2025-12-03 18:30:00+00:00,INFY.NS,1563.7611083984375,UP,3,2,0,UP,DOWN,0.5882267,0.18732154,0.22445177,False
2025-12-03 18:30:00+00:00,TCS.NS,3112.053466796875,STAY,3,1,2,STAY,UP,0.40052274,0.12944111,0.47003615,False
2025-12-04 18:30:00+00:00,SBIN.NS,954.2987060546876,UP,3,2,2,UP,UP,0.22210601,0.19029146,0.58760256,True
2025-12-04 18:30:00+00:00,ITC.NS,386.1182861328125,DOWN,3,0,0,DOWN,DOWN,0.4117654,0.23534133,0.3528933,True
2025-12-04 18:30:00+00:00,ICICIBANK.NS,1380.858642578125,STAY,3,1,2,STAY,UP,0.20423242,0.27703977,0.51872784,False
2025-12-04 18:30:00+00:00,LT.NS,3999.138916015625,DOWN,3,0,0,DOWN,DOWN,0.7655032,0.16462034,0.06987646,True
2025-12-04 18:30:00+00:00,INFY.NS,1581.9671630859375,UP,3,2,0,UP,DOWN,0.5845407,0.18058099,0.23487829,False
2025-12-04 18:30:00+00:00,TCS.NS,3120.72705078125,STAY,3,1,2,STAY,UP,0.4084463,0.1137017,0.47785196,False
2025-12-04 18:30:00+00:00,BHARTIARTL.NS,2082.590087890625,DOWN,3,0,2,DOWN,UP,0.19974636,0.23967522,0.5605784,False
2025-12-04 18:30:00+00:00,HDFCBANK.NS,986.9759521484376,DOWN,3,0,2,DOWN,UP,0.08597909,0.18484657,0.7291744,False
2025-12-04 18:30:00+00:00,TMPV.NS,350.69091796875,DOWN,3,0,2,DOWN,UP,0.02111124,0.049106102,0.9297827,False
2025-12-04 18:30:00+00:00,RELIANCE.NS,1533.5096435546875,DOWN,3,0,0,DOWN,DOWN,0.51245713,0.1947205,0.29282236,True
2025-12-07 18:30:00+00:00,ITC.NS,383.5915222167969,DOWN,3,0,2,DOWN,UP,0.21083705,0.2793166,0.5098463,False
2025-12-07 18:30:00+00:00,LT.NS,3958.040283203125,DOWN,3,0,0,DOWN,DOWN,0.66810375,0.26985338,0.062042814,True
2025-12-07 18:30:00+00:00,INFY.NS,1576.681640625,UP,3,2,0,UP,DOWN,0.6821448,0.11566006,0.20219512,False
2025-12-07 18:30:00+00:00,RELIANCE.NS,1535.898681640625,DOWN,3,0,0,DOWN,DOWN,0.52258104,0.19533812,0.2820808,True
2025-12-07 18:30:00+00:00,TMPV.NS,345.4345092773437,DOWN,3,0,2,DOWN,UP,0.024655106,0.06006113,0.9152838,False
2025-12-07 18:30:00+00:00,HDFCBANK.NS,986.7791748046876,DOWN,3,0,2,DOWN,UP,0.086882785,0.18537107,0.7277462,False
2025-12-07 18:30:00+00:00,BHARTIARTL.NS,2060.27099609375,DOWN,3,0,2,DOWN,UP,0.17716315,0.279771,0.54306585,False
2025-12-07 18:30:00+00:00,ICICIBANK.NS,1377.98291015625,STAY,3,1,2,STAY,UP,0.16335511,0.27978835,0.5568566,False
2025-12-07 18:30:00+00:00,TCS.NS,3119.088623046875,DOWN,3,0,2,DOWN,UP,0.3849493,0.14754187,0.46750888,False
2025-12-07 18:30:00+00:00,SBIN.NS,939.466064453125,UP,3,2,2,UP,UP,0.2293389,0.17618603,0.5944751,True
2025-12-08 18:30:00+00:00,TCS.NS,3091.912109375,STAY,3,1,2,STAY,UP,0.31783417,0.17619556,0.50597024,False
2025-12-08 18:30:00+00:00,BHARTIARTL.NS,2063.7275390625,DOWN,3,0,2,DOWN,UP,0.18203573,0.28822947,0.5297348,False
2025-12-08 18:30:00+00:00,TMPV.NS,341.8641357421875,STAY,3,1,2,STAY,UP,0.021257045,0.06500218,0.91374075,False
2025-12-08 18:30:00+00:00,RELIANCE.NS,1522.3612060546875,DOWN,3,0,0,DOWN,DOWN,0.48601297,0.21111849,0.30286855,True
2025-12-08 18:30:00+00:00,LT.NS,3958.832763671875,DOWN,3,0,0,DOWN,DOWN,0.69513017,0.24247067,0.062399168,True
2025-12-08 18:30:00+00:00,HDFCBANK.NS,980.8768310546876,DOWN,3,0,2,DOWN,UP,0.078845434,0.16528288,0.75587165,False
2025-12-08 18:30:00+00:00,INFY.NS,1565.1314697265625,UP,3,2,0,UP,DOWN,0.63146645,0.1325097,0.23602383,False
2025-12-08 18:30:00+00:00,ICICIBANK.NS,1363.7032470703125,STAY,3,1,2,STAY,UP,0.11700229,0.17652524,0.70647246,False
2025-12-08 18:30:00+00:00,SBIN.NS,942.3638305664062,UP,3,2,2,UP,UP,0.22043833,0.19350852,0.5860532,True
2025-12-08 18:30:00+00:00,ITC.NS,382.399658203125,DOWN,3,0,2,DOWN,UP,0.18906108,0.29478562,0.5161533,False
2025-12-09 18:30:00+00:00,TCS.NS,3073.5048828125,STAY,3,1,2,STAY,UP,0.22624452,0.28021938,0.49353608,False
2025-12-09 18:30:00+00:00,HDFCBANK.NS,973.6956176757812,DOWN,3,0,2,DOWN,UP,0.078027695,0.16529326,0.756679,False
2025-12-09 18:30:00+00:00,ITC.NS,384.4019775390625,DOWN,3,0,2,DOWN,UP,0.32994547,0.26811743,0.40193707,False
2025-12-09 18:30:00+00:00,TMPV.NS,340.5748291015625,STAY,3,1,2,STAY,UP,0.018924305,0.054541335,0.9265344,False
2025-12-09 18:30:00+00:00,BHARTIARTL.NS,2041.3095703125,DOWN,3,0,2,DOWN,UP,0.17567182,0.26199687,0.5623313,False
2025-12-09 18:30:00+00:00,SBIN.NS,942.7567749023438,UP,3,2,2,UP,UP,0.20707268,0.182516,0.6104113,True
2025-12-09 18:30:00+00:00,LT.NS,3952.692626953125,DOWN,3,0,0,DOWN,DOWN,0.64178675,0.2532608,0.10495246,True
2025-12-09 18:30:00+00:00,RELIANCE.NS,1529.8267822265625,DOWN,3,0,0,DOWN,DOWN,0.50467944,0.18852724,0.3067933,True
2025-12-09 18:30:00+00:00,INFY.NS,1551.2322998046875,UP,3,2,0,UP,DOWN,0.583662,0.13593249,0.28040555,False
2025-12-09 18:30:00+00:00,ICICIBANK.NS,1352.2001953125,STAY,3,1,2,STAY,UP,0.13808435,0.15862362,0.7032921,False
2025-12-10 18:30:00+00:00,BHARTIARTL.NS,2027.68115234375,DOWN,3,0,2,DOWN,UP,0.16804437,0.25086215,0.58109355,False
2025-12-10 18:30:00+00:00,ICICIBANK.NS,1348.63037109375,STAY,3,1,2,STAY,UP,0.15369405,0.15824765,0.6880583,False
2025-12-10 18:30:00+00:00,LT.NS,3965.170654296875,DOWN,3,0,0,DOWN,DOWN,0.66337514,0.2178121,0.11881273,True
2025-12-10 18:30:00+00:00,TMPV.NS,343.798095703125,STAY,3,1,2,STAY,UP,0.01758204,0.055721365,0.9266966,False
2025-12-10 18:30:00+00:00,ITC.NS,384.1636047363281,DOWN,3,0,2,DOWN,UP,0.3256629,0.266265,0.40807208,False
2025-12-10 18:30:00+00:00,RELIANCE.NS,1537.889404296875,DOWN,3,0,0,DOWN,DOWN,0.4544661,0.20452352,0.3410104,True
2025-12-10 18:30:00+00:00,INFY.NS,1564.1527099609375,UP,3,2,0,UP,DOWN,0.5794762,0.1380893,0.28243455,False
2025-12-10 18:30:00+00:00,HDFCBANK.NS,984.0247802734376,DOWN,3,0,2,DOWN,UP,0.09622272,0.19221917,0.7115581,False
2025-12-10 18:30:00+00:00,SBIN.NS,946.1947631835938,UP,3,2,2,UP,UP,0.17234342,0.17575718,0.6518994,True
2025-12-10 18:30:00+00:00,TCS.NS,3076.10693359375,STAY,3,1,2,STAY,UP,0.24291436,0.27454904,0.48253664,False
2025-12-11 18:30:00+00:00,ITC.NS,381.4938354492188,DOWN,3,0,2,DOWN,UP,0.1715025,0.24373235,0.58476514,False
2025-12-11 18:30:00+00:00,SBIN.NS,946.0965576171876,UP,3,2,2,UP,UP,0.16253605,0.1718896,0.6655743,True
2025-12-11 18:30:00+00:00,BHARTIARTL.NS,2057.505615234375,DOWN,3,0,2,DOWN,UP,0.16647331,0.23692396,0.5966027,False
2025-12-11 18:30:00+00:00,LT.NS,4034.69189453125,DOWN,3,0,0,DOWN,DOWN,0.7732063,0.16878796,0.058005765,True
2025-12-11 18:30:00+00:00,TCS.NS,3103.669189453125,STAY,3,1,2,STAY,UP,0.21756707,0.23216018,0.55027276,False
2025-12-11 18:30:00+00:00,HDFCBANK.NS,985.2052612304688,DOWN,3,0,2,DOWN,UP,0.09143292,0.19737534,0.7111918,False
2025-12-11 18:30:00+00:00,TMPV.NS,344.5915222167969,STAY,3,1,2,STAY,UP,0.011558894,0.038838465,0.9496026,False
2025-12-11 18:30:00+00:00,ICICIBANK.NS,1354.5802001953125,STAY,3,1,2,STAY,UP,0.1395054,0.15719318,0.7033014,False
2025-12-11 18:30:00+00:00,RELIANCE.NS,1549.3365478515625,DOWN,3,0,0,DOWN,DOWN,0.48536995,0.1887575,0.3258725,True
2025-12-11 18:30:00+00:00,INFY.NS,1564.348388671875,UP,3,2,0,UP,DOWN,0.6198697,0.11880927,0.26132104,False
2025-12-14 18:30:00+00:00,SBIN.NS,950.1239624023438,UP,3,2,2,UP,UP,0.15849201,0.16723031,0.6742777,True
2025-12-14 18:30:00+00:00,ICICIBANK.NS,1353.786865234375,STAY,3,1,2,STAY,UP,0.13603538,0.14696954,0.71699506,False
2025-12-14 18:30:00+00:00,RELIANCE.NS,1549.037841796875,DOWN,3,0,0,DOWN,DOWN,0.497893,0.21192494,0.29018208,True
2025-12-14 18:30:00+00:00,LT.NS,4052.7158203125,DOWN,3,0,0,DOWN,DOWN,0.7594508,0.1896315,0.050917726,True
2025-12-14 18:30:00+00:00,INFY.NS,1572.766357421875,UP,3,2,0,UP,DOWN,0.62128735,0.12681144,0.25190118,False
2025-12-14 18:30:00+00:00,ITC.NS,383.5915222167969,DOWN,3,0,2,DOWN,UP,0.2020411,0.24216342,0.5557955,False
2025-12-14 18:30:00+00:00,BHARTIARTL.NS,2043.97607421875,DOWN,3,0,2,DOWN,UP,0.1800756,0.2258814,0.594043,False
2025-12-14 18:30:00+00:00,TMPV.NS,344.2939758300781,STAY,3,1,2,STAY,UP,0.012328025,0.041815568,0.94585645,False
2025-12-14 18:30:00+00:00,HDFCBANK.NS,979.89306640625,DOWN,3,0,2,DOWN,UP,0.105132565,0.21786001,0.67700744,False
2025-12-14 18:30:00+00:00,TCS.NS,3113.017333984375,STAY,3,1,2,STAY,UP,0.26332408,0.27543414,0.46124178,False
2025-12-15 18:30:00+00:00,LT.NS,4024.491455078125,DOWN,3,0,0,DOWN,DOWN,0.6488437,0.29384264,0.05731367,True
2025-12-15 18:30:00+00:00,TMPV.NS,342.60797119140625,STAY,3,1,2,STAY,UP,0.01119677,0.051722053,0.93708116,False
2025-12-15 18:30:00+00:00,ITC.NS,383.0194091796875,DOWN,3,0,2,DOWN,UP,0.1872629,0.240785,0.5719521,False
2025-12-15 18:30:00+00:00,INFY.NS,1559.1607666015625,UP,3,2,0,UP,DOWN,0.6108422,0.12367311,0.26548472,False
2025-12-15 18:30:00+00:00,TCS.NS,3088.828125,STAY,3,1,2,STAY,UP,0.219464,0.27428725,0.5062487,False
2025-12-15 18:30:00+00:00,BHARTIARTL.NS,2075.87451171875,DOWN,3,0,2,DOWN,UP,0.18584543,0.22059391,0.5935607,False
2025-12-15 18:30:00+00:00,RELIANCE.NS,1535.201904296875,DOWN,3,0,0,DOWN,DOWN,0.40763044,0.25739038,0.33497915,True
2025-12-15 18:30:00+00:00,ICICIBANK.NS,1354.5802001953125,STAY,3,1,2,STAY,UP,0.1369994,0.13534789,0.7276527,False
2025-12-15 18:30:00+00:00,SBIN.NS,944.1319580078124,UP,3,2,2,UP,UP,0.15249497,0.17946516,0.66803986,True
2025-12-15 18:30:00+00:00,HDFCBANK.NS,978.1223754882812,DOWN,3,0,2,DOWN,UP,0.1027579,0.2288621,0.66837996,False
2025-12-16 18:30:00+00:00,TMPV.NS,343.5005798339844,STAY,3,1,2,STAY,UP,0.011704669,0.05568436,0.9326109,False
2025-12-16 18:30:00+00:00,TCS.NS,3101.067138671875,STAY,3,1,2,STAY,UP,0.19653378,0.29522046,0.50824577,False
2025-12-16 18:30:00+00:00,RELIANCE.NS,1537.292236328125,DOWN,3,0,2,DOWN,UP,0.35275593,0.17406555,0.47317845,False
2025-12-16 18:30:00+00:00,BHARTIARTL.NS,2081.800048828125,DOWN,3,0,2,DOWN,UP,0.19127682,0.2526015,0.55612165,False
2025-12-16 18:30:00+00:00,ICICIBANK.NS,1341.0938720703125,STAY,3,1,2,STAY,UP,0.22362046,0.17328855,0.60309094,False
2025-12-16 18:30:00+00:00,ITC.NS,381.2077941894531,DOWN,3,0,2,DOWN,UP,0.14022511,0.23453794,0.6252369,False
2025-12-16 18:30:00+00:00,INFY.NS,1568.0679931640625,UP,3,2,0,UP,DOWN,0.5572244,0.17451318,0.26826245,False
2025-12-16 18:30:00+00:00,SBIN.NS,958.5716552734376,UP,3,2,2,UP,UP,0.16969998,0.19723678,0.6330632,True
2025-12-16 18:30:00+00:00,LT.NS,4023.104736328125,DOWN,3,0,0,DOWN,DOWN,0.62626255,0.31889638,0.05484104,True
2025-12-16 18:30:00+00:00,HDFCBANK.NS,967.989990234375,DOWN,3,0,2,DOWN,UP,0.078323185,0.1969476,0.72472924,False
2025-12-17 18:30:00+00:00,RELIANCE.NS,1537.292236328125,DOWN,3,0,2,DOWN,UP,0.3372104,0.14204505,0.5207446,False
2025-12-17 18:30:00+00:00,ITC.NS,381.7798767089844,DOWN,3,0,2,DOWN,UP,0.15706338,0.23295769,0.609979,False
2025-12-17 18:30:00+00:00,LT.NS,3992.107666015625,DOWN,3,0,0,DOWN,DOWN,0.6132334,0.31581312,0.07095352,True
2025-12-17 18:30:00+00:00,INFY.NS,1592.3427734375,STAY,3,1,0,STAY,DOWN,0.5738035,0.18594395,0.24025257,False
2025-12-17 18:30:00+00:00,TCS.NS,3161.78173828125,STAY,3,1,2,STAY,UP,0.32797897,0.26313508,0.40888596,False
2025-12-17 18:30:00+00:00,TMPV.NS,342.955078125,UP,3,2,2,UP,UP,0.011434404,0.053402923,0.9351626,True
2025-12-17 18:30:00+00:00,ICICIBANK.NS,1345.4571533203125,STAY,3,1,2,STAY,UP,0.22605526,0.18771574,0.586229,False
2025-12-17 18:30:00+00:00,SBIN.NS,960.2415771484376,UP,3,2,2,UP,UP,0.14239928,0.24350676,0.61409396,True
2025-12-17 18:30:00+00:00,BHARTIARTL.NS,2065.9990234375,DOWN,3,0,2,DOWN,UP,0.1658469,0.26212773,0.57202536,False
2025-12-17 18:30:00+00:00,HDFCBANK.NS,963.7599487304688,DOWN,3,0,2,DOWN,UP,0.06349724,0.16734077,0.76916194,False
2025-12-18 18:30:00+00:00,RELIANCE.NS,1557.8968505859375,DOWN,3,0,0,DOWN,DOWN,0.44219682,0.30693945,0.25086373,True
2025-12-18 18:30:00+00:00,INFY.NS,1603.9906005859375,STAY,3,1,0,STAY,DOWN,0.62623113,0.17167613,0.20209268,False
2025-12-18 18:30:00+00:00,BHARTIARTL.NS,2071.6279296875,DOWN,3,0,2,DOWN,UP,0.14473897,0.30455166,0.55070937,False
2025-12-18 18:30:00+00:00,TMPV.NS,349.74871826171875,UP,3,2,2,UP,UP,0.016439727,0.05858292,0.9249773,True
2025-12-18 18:30:00+00:00,TCS.NS,3162.938232421875,STAY,3,1,2,STAY,UP,0.3263919,0.25036064,0.42324743,False
2025-12-18 18:30:00+00:00,ICICIBANK.NS,1342.7796630859375,UP,3,2,2,UP,UP,0.23920184,0.123054266,0.6377439,True
2025-12-18 18:30:00+00:00,SBIN.NS,962.94287109375,UP,3,2,2,UP,UP,0.1476994,0.27498218,0.57731843,True
2025-12-18 18:30:00+00:00,ITC.NS,382.399658203125,DOWN,3,0,2,DOWN,UP,0.19412674,0.26722634,0.53864694,False
2025-12-18 18:30:00+00:00,HDFCBANK.NS,969.465576171875,DOWN,3,0,2,DOWN,UP,0.09352918,0.21986437,0.68660647,False
2025-12-18 18:30:00+00:00,LT.NS,4034.097412109375,STAY,3,1,0,STAY,DOWN,0.65829813,0.28636238,0.055339523,False
2025-12-21 18:30:00+00:00,ITC.NS,383.9729309082031,DOWN,3,0,2,DOWN,UP,0.31286603,0.2347344,0.45239955,False
2025-12-21 18:30:00+00:00,HDFCBANK.NS,971.6298217773438,DOWN,3,0,2,DOWN,UP,0.098620236,0.2289265,0.6724532,False
2025-12-21 18:30:00+00:00,INFY.NS,1653.8125,DOWN,3,0,0,DOWN,DOWN,0.64439654,0.12732005,0.22828342,True
2025-12-21 18:30:00+00:00,TMPV.NS,356.1952514648437,UP,3,2,2,UP,UP,0.020620735,0.08081433,0.89856493,True
2025-12-21 18:30:00+00:00,RELIANCE.NS,1568.1495361328125,DOWN,3,0,0,DOWN,DOWN,0.46441433,0.3597303,0.17585534,True
2025-12-21 18:30:00+00:00,TCS.NS,3204.281982421875,DOWN,3,0,0,DOWN,DOWN,0.41906586,0.24221285,0.33872128,True
2025-12-21 18:30:00+00:00,SBIN.NS,957.0491333007812,UP,3,2,2,UP,UP,0.14995562,0.24290252,0.6071419,True
2025-12-21 18:30:00+00:00,BHARTIARTL.NS,2120.907958984375,DOWN,3,0,2,DOWN,UP,0.20041724,0.28948903,0.5100937,False
2025-12-21 18:30:00+00:00,ICICIBANK.NS,1357.059326171875,UP,3,2,2,UP,UP,0.20637979,0.09630206,0.6973182,True
2025-12-21 18:30:00+00:00,LT.NS,4033.008056640625,STAY,3,1,0,STAY,DOWN,0.6356578,0.3081308,0.05621139,False
2025-12-22 18:30:00+00:00,HDFCBANK.NS,980.3849487304688,DOWN,3,0,2,DOWN,UP,0.11704913,0.23640215,0.6465487,False
2025-12-22 18:30:00+00:00,INFY.NS,1632.9637451171875,DOWN,3,0,0,DOWN,DOWN,0.6743584,0.099820614,0.22582099,True
2025-12-22 18:30:00+00:00,ICICIBANK.NS,1351.605224609375,UP,3,2,2,UP,UP,0.17737097,0.09811181,0.7245172,True
2025-12-22 18:30:00+00:00,RELIANCE.NS,1563.4710693359375,DOWN,3,0,0,DOWN,DOWN,0.4423885,0.3294931,0.22811833,True
2025-12-22 18:30:00+00:00,BHARTIARTL.NS,2096.5146484375,DOWN,3,0,2,DOWN,UP,0.14694633,0.2909939,0.56205976,False
2025-12-22 18:30:00+00:00,SBIN.NS,954.691650390625,UP,3,2,2,UP,UP,0.1345137,0.2523877,0.61309856,True
2025-12-22 18:30:00+00:00,LT.NS,4019.539794921875,STAY,3,1,0,STAY,DOWN,0.6305342,0.3053155,0.06415037,False
2025-12-22 18:30:00+00:00,ITC.NS,388.40667724609375,DOWN,3,0,0,DOWN,DOWN,0.4553516,0.23321794,0.31143045,True
2025-12-22 18:30:00+00:00,TCS.NS,3189.92236328125,DOWN,3,0,0,DOWN,DOWN,0.4315652,0.21047463,0.35796022,True
2025-12-22 18:30:00+00:00,TMPV.NS,360.26153564453125,UP,3,2,2,UP,UP,0.023232337,0.088841066,0.8879266,True
2025-12-23 18:30:00+00:00,BHARTIARTL.NS,2097.304931640625,DOWN,3,0,2,DOWN,UP,0.14211476,0.3012201,0.5566651,False
2025-12-23 18:30:00+00:00,ICICIBANK.NS,1348.43212890625,UP,3,2,2,UP,UP,0.16450627,0.08094839,0.75454533,True
2025-12-23 18:30:00+00:00,ITC.NS,387.6915588378906,DOWN,3,0,0,DOWN,DOWN,0.42646676,0.34412453,0.22940874,True
2025-12-23 18:30:00+00:00,HDFCBANK.NS,980.9752197265624,DOWN,3,0,2,DOWN,UP,0.12850381,0.22491632,0.64657986,False
2025-12-23 18:30:00+00:00,SBIN.NS,951.7938842773438,UP,3,2,2,UP,UP,0.1322911,0.24128741,0.6264215,True
2025-12-23 18:30:00+00:00,TMPV.NS,356.2448425292969,UP,3,2,2,UP,UP,0.017950254,0.07717679,0.904873,True
2025-12-23 18:30:00+00:00,RELIANCE.NS,1551.0286865234375,DOWN,3,0,0,DOWN,DOWN,0.41259477,0.29868484,0.28872037,True
2025-12-23 18:30:00+00:00,TCS.NS,3198.595947265625,DOWN,3,0,0,DOWN,DOWN,0.42440856,0.23554306,0.34004834,True
2025-12-23 18:30:00+00:00,LT.NS,4014.39013671875,STAY,3,1,0,STAY,DOWN,0.6166422,0.313451,0.069906786,False
2025-12-23 18:30:00+00:00,INFY.NS,1628.16748046875,DOWN,3,0,0,DOWN,DOWN,0.6462613,0.104183756,0.24955498,True
2025-12-25 18:30:00+00:00,TMPV.NS,355.8481140136719,UP,3,2,2,UP,UP,0.017417487,0.08085139,0.90173113,True
2025-12-25 18:30:00+00:00,HDFCBANK.NS,975.9581909179688,DOWN,3,0,2,DOWN,UP,0.10449792,0.21246907,0.68303305,False
2025-12-25 18:30:00+00:00,RELIANCE.NS,1552.0240478515625,DOWN,3,0,2,DOWN,UP,0.35655427,0.23453817,0.40890753,False
2025-12-25 18:30:00+00:00,INFY.NS,1621.0220947265625,DOWN,3,0,0,DOWN,DOWN,0.6107567,0.10433809,0.28490517,True
2025-12-25 18:30:00+00:00,TCS.NS,3161.0107421875,DOWN,3,0,2,DOWN,UP,0.30835763,0.2508619,0.4407805,False
2025-12-25 18:30:00+00:00,ICICIBANK.NS,1339.110595703125,UP,3,2,2,UP,UP,0.18829341,0.07946498,0.73224163,True
2025-12-25 18:30:00+00:00,LT.NS,4008.15087890625,STAY,3,1,0,STAY,DOWN,0.5445011,0.36702818,0.0884707,False
2025-12-25 18:30:00+00:00,BHARTIARTL.NS,2079.232177734375,DOWN,3,0,2,DOWN,UP,0.09033486,0.26352403,0.6461411,False
2025-12-25 18:30:00+00:00,ITC.NS,385.3554992675781,DOWN,3,0,0,DOWN,DOWN,0.36525002,0.3473049,0.28744504,True
2025-12-25 18:30:00+00:00,SBIN.NS,949.1907348632812,UP,3,2,2,UP,UP,0.111571096,0.18943472,0.69899416,True
2025-12-28 18:30:00+00:00,ITC.NS,383.8775634765625,DOWN,3,0,2,DOWN,UP,0.27818096,0.34311873,0.37870032,False
2025-12-28 18:30:00+00:00,SBIN.NS,947.962890625,UP,3,2,2,UP,UP,0.10461276,0.2994196,0.59596765,True
2025-12-28 18:30:00+00:00,RELIANCE.NS,1538.4866943359375,DOWN,3,0,2,DOWN,UP,0.36113808,0.18668245,0.4521795,False
2025-12-28 18:30:00+00:00,LT.NS,3999.634033203125,UP,3,2,0,UP,DOWN,0.5740702,0.32933214,0.09659766,False
2025-12-28 18:30:00+00:00,TCS.NS,3133.544677734375,DOWN,3,0,2,DOWN,UP,0.27528626,0.24975382,0.47495985,False
2025-12-28 18:30:00+00:00,ICICIBANK.NS,1332.070068359375,UP,3,2,2,UP,UP,0.19824654,0.09896129,0.7027922,True
2025-12-28 18:30:00+00:00,TMPV.NS,355.6497802734375,UP,3,2,2,UP,UP,0.016750146,0.079858,0.9033919,True
2025-12-28 18:30:00+00:00,INFY.NS,1609.863525390625,DOWN,3,0,0,DOWN,DOWN,0.5977915,0.11887252,0.28333598,True
2025-12-28 18:30:00+00:00,HDFCBANK.NS,975.564697265625,DOWN,3,0,2,DOWN,UP,0.10487244,0.20442629,0.69070125,False
2025-12-28 18:30:00+00:00,BHARTIARTL.NS,2055.728271484375,DOWN,3,0,2,DOWN,UP,0.12380679,0.27213472,0.60405856,False
2025-12-29 18:30:00+00:00,TMPV.NS,358.7738647460937,UP,3,2,2,UP,UP,0.020094223,0.087736666,0.8921692,True
2025-12-29 18:30:00+00:00,TCS.NS,3129.01513671875,DOWN,3,0,2,DOWN,UP,0.24125995,0.21608254,0.5426575,False
2025-12-29 18:30:00+00:00,BHARTIARTL.NS,2073.701904296875,DOWN,3,0,2,DOWN,UP,0.12990344,0.27288988,0.5972067,False
2025-12-29 18:30:00+00:00,ICICIBANK.NS,1331.276611328125,UP,3,2,2,UP,UP,0.2740218,0.077262886,0.64871526,True
2025-12-29 18:30:00+00:00,LT.NS,4012.805419921875,UP,3,2,0,UP,DOWN,0.6384231,0.27162036,0.08995655,False
2025-12-29 18:30:00+00:00,HDFCBANK.NS,974.7777709960938,DOWN,3,0,2,DOWN,UP,0.111524194,0.14101762,0.74745816,False
2025-12-29 18:30:00+00:00,INFY.NS,1587.2528076171875,DOWN,3,0,0,DOWN,DOWN,0.6400237,0.10680513,0.2531712,True
2025-12-29 18:30:00+00:00,ITC.NS,381.9705810546875,DOWN,3,0,2,DOWN,UP,0.18012784,0.34420088,0.47567126,False
2025-12-29 18:30:00+00:00,SBIN.NS,956.2141723632812,UP,3,2,2,UP,UP,0.14026211,0.19001026,0.6697276,True
2025-12-29 18:30:00+00:00,RELIANCE.NS,1532.71337890625,DOWN,3,0,2,DOWN,UP,0.29312378,0.13062896,0.5762473,False
2025-12-30 18:30:00+00:00,TCS.NS,3089.887939453125,DOWN,3,0,2,DOWN,UP,0.26349467,0.1459365,0.5905689,False
2025-12-30 18:30:00+00:00,RELIANCE.NS,1563.172607421875,DOWN,3,0,2,DOWN,UP,0.33910277,0.27534413,0.38555315,False
2025-12-30 18:30:00+00:00,HDFCBANK.NS,975.0728759765624,DOWN,3,0,2,DOWN,UP,0.105408706,0.15719385,0.73739743,False
2025-12-30 18:30:00+00:00,TMPV.NS,364.3277893066406,UP,3,2,2,UP,UP,0.021784322,0.0980973,0.88011837,True
2025-12-30 18:30:00+00:00,ICICIBANK.NS,1331.67333984375,UP,3,2,2,UP,UP,0.22749338,0.07152185,0.7009847,True
2025-12-30 18:30:00+00:00,ITC.NS,384.2589721679688,DOWN,3,0,2,DOWN,UP,0.28563398,0.31011218,0.4042539,False
2025-12-30 18:30:00+00:00,BHARTIARTL.NS,2079.429931640625,DOWN,3,0,2,DOWN,UP,0.106687196,0.2571655,0.6361473,False
2025-12-30 18:30:00+00:00,LT.NS,4044.000732421875,UP,3,2,0,UP,DOWN,0.6432593,0.29530722,0.06143349,False
2025-12-30 18:30:00+00:00,SBIN.NS,964.8092651367188,UP,3,2,2,UP,UP,0.1274871,0.22815832,0.64435464,True
2025-12-30 18:30:00+00:00,INFY.NS,1581.1842041015625,DOWN,3,0,0,DOWN,DOWN,0.64601415,0.09190801,0.26207784,True
2025-12-31 18:30:00+00:00,LT.NS,4100.35009765625,STAY,3,1,0,STAY,DOWN,0.7463739,0.2018614,0.05176473,False
2025-12-31 18:30:00+00:00,HDFCBANK.NS,975.023681640625,DOWN,3,0,2,DOWN,UP,0.113262594,0.16266382,0.7240736,False
2025-12-31 18:30:00+00:00,BHARTIARTL.NS,2084.170166015625,DOWN,3,0,2,DOWN,UP,0.086190365,0.21389242,0.6999172,False
2025-12-31 18:30:00+00:00,TCS.NS,3110.31884765625,DOWN,3,0,2,DOWN,UP,0.16276014,0.22508775,0.6121521,False
2025-12-31 18:30:00+00:00,INFY.NS,1595.2791748046875,DOWN,3,0,0,DOWN,DOWN,0.6174473,0.09438573,0.28816694,True
2025-12-31 18:30:00+00:00,TMPV.NS,364.526123046875,UP,3,2,2,UP,UP,0.02252373,0.09352228,0.8839539,True
2025-12-31 18:30:00+00:00,ITC.NS,346.9295959472656,DOWN,3,0,2,DOWN,UP,0.025703989,0.094013445,0.8802826,False
2025-12-31 18:30:00+00:00,ICICIBANK.NS,1326.8143310546875,UP,3,2,2,UP,UP,0.22675276,0.09388892,0.6793583,True
2025-12-31 18:30:00+00:00,RELIANCE.NS,1568.3485107421875,DOWN,3,0,0,DOWN,DOWN,0.37800917,0.32110214,0.30088866,True
2025-12-31 18:30:00+00:00,SBIN.NS,967.3140869140624,UP,3,2,2,UP,UP,0.09419477,0.38498294,0.5208223,True
2026-01-01 18:30:00+00:00,TCS.NS,3132.773681640625,DOWN,3,0,2,DOWN,UP,0.17079736,0.23130597,0.59789664,False
2026-01-01 18:30:00+00:00,INFY.NS,1605.6546630859375,DOWN,3,0,0,DOWN,DOWN,0.61056995,0.091400996,0.2980291,True
2026-01-01 18:30:00+00:00,TMPV.NS,367.3031311035156,STAY,3,1,2,STAY,UP,0.022679888,0.10645163,0.87086844,False
2026-01-01 18:30:00+00:00,SBIN.NS,981.2626953125,UP,3,2,1,UP,STAY,0.11121684,0.47547102,0.41331217,False
2026-01-01 18:30:00+00:00,BHARTIARTL.NS,2080.121337890625,DOWN,3,0,2,DOWN,UP,0.089125454,0.19562863,0.7152459,False
2026-01-01 18:30:00+00:00,HDFCBANK.NS,985.3035888671876,DOWN,3,0,2,DOWN,UP,0.14857133,0.23273408,0.61869454,False
2026-01-01 18:30:00+00:00,ITC.NS,333.77130126953125,DOWN,3,0,2,DOWN,UP,0.011345849,0.042291593,0.94636256,False
2026-01-01 18:30:00+00:00,ICICIBANK.NS,1344.06884765625,UP,3,2,2,UP,UP,0.17907538,0.07785176,0.74307287,True
2026-01-01 18:30:00+00:00,RELIANCE.NS,1584.9718017578125,DOWN,3,0,0,DOWN,DOWN,0.44335535,0.33238575,0.22425893,True
2026-01-01 18:30:00+00:00,LT.NS,4123.1279296875,STAY,3,1,0,STAY,DOWN,0.84009004,0.118688464,0.04122155,False
2026-01-04 18:30:00+00:00,ICICIBANK.NS,1360.0341796875,UP,3,2,2,UP,UP,0.1839364,0.08156951,0.7344941,True
2026-01-04 18:30:00+00:00,BHARTIARTL.NS,2078.83740234375,DOWN,3,0,2,DOWN,UP,0.09374141,0.19696037,0.70929825,False
2026-01-04 18:30:00+00:00,TMPV.NS,370.4767761230469,UP,3,2,2,UP,UP,0.028446771,0.10265374,0.8688995,True
2026-01-04 18:30:00+00:00,SBIN.NS,987.7457885742188,UP,3,2,1,UP,STAY,0.11286331,0.45889395,0.4282428,False
2026-01-04 18:30:00+00:00,ITC.NS,333.4376220703125,DOWN,3,0,2,DOWN,UP,0.012190961,0.038651124,0.9491579,False
2026-01-04 18:30:00+00:00,LT.NS,4110.25341796875,UP,3,2,0,UP,DOWN,0.82343197,0.13296995,0.043598033,False
2026-01-04 18:30:00+00:00,RELIANCE.NS,1570.8370361328125,DOWN,3,0,0,DOWN,DOWN,0.4266122,0.29752558,0.27586222,True
2026-01-04 18:30:00+00:00,HDFCBANK.NS,961.5957641601562,DOWN,3,0,2,DOWN,UP,0.06505753,0.1812654,0.75367707,False
2026-01-04 18:30:00+00:00,INFY.NS,1572.374755859375,DOWN,3,0,0,DOWN,DOWN,0.6311253,0.09542088,0.2734538,True
2026-01-04 18:30:00+00:00,TCS.NS,3099.428955078125,DOWN,3,0,2,DOWN,UP,0.18720658,0.25649276,0.55630064,False
2026-01-05 18:30:00+00:00,SBIN.NS,1000.8594360351562,UP,3,2,2,UP,UP,0.11411239,0.37763336,0.5082543,True
2026-01-05 18:30:00+00:00,TCS.NS,3137.688720703125,DOWN,3,0,2,DOWN,UP,0.16842723,0.23863356,0.59293926,False
2026-01-05 18:30:00+00:00,ITC.NS,326.5248107910156,STAY,3,1,2,STAY,UP,0.011592378,0.033804115,0.9546035,False
2026-01-05 18:30:00+00:00,HDFCBANK.NS,946.544677734375,DOWN,3,0,2,DOWN,UP,0.10479179,0.15882382,0.7363844,False
2026-01-05 18:30:00+00:00,RELIANCE.NS,1500.6614990234375,DOWN,3,0,0,DOWN,DOWN,0.46608457,0.20736447,0.326551,True
2026-01-05 18:30:00+00:00,TMPV.NS,365.8650207519531,UP,3,2,2,UP,UP,0.020756584,0.06444686,0.91479653,True
2026-01-05 18:30:00+00:00,LT.NS,4100.54833984375,UP,3,2,0,UP,DOWN,0.8212964,0.13095999,0.04774362,False
2026-01-05 18:30:00+00:00,INFY.NS,1578.0518798828125,DOWN,3,0,0,DOWN,DOWN,0.6316653,0.0878174,0.2805173,True
2026-01-05 18:30:00+00:00,ICICIBANK.NS,1399.4022216796875,STAY,3,1,2,STAY,UP,0.3054728,0.19533546,0.49919176,False
2026-01-05 18:30:00+00:00,BHARTIARTL.NS,2079.133544921875,DOWN,3,0,2,DOWN,UP,0.09693365,0.2162228,0.6868436,False
2026-01-06 18:30:00+00:00,BHARTIARTL.NS,2058.2958984375,DOWN,3,0,2,DOWN,UP,0.09563609,0.20369227,0.7006716,False
2026-01-06 18:30:00+00:00,INFY.NS,1604.2843017578125,DOWN,3,0,0,DOWN,DOWN,0.6334776,0.08686389,0.27965853,True
2026-01-06 18:30:00+00:00,ITC.NS,325.3805847167969,DOWN,3,0,2,DOWN,UP,0.011714076,0.053832665,0.9344532,False
2026-01-06 18:30:00+00:00,TMPV.NS,360.3607177734375,UP,3,2,2,UP,UP,0.014287216,0.05825751,0.9274553,True
2026-01-06 18:30:00+00:00,ICICIBANK.NS,1415.7642822265625,DOWN,3,0,2,DOWN,UP,0.3569693,0.16130984,0.48172086,False
2026-01-06 18:30:00+00:00,HDFCBANK.NS,933.608642578125,DOWN,3,0,2,DOWN,UP,0.141603,0.18762955,0.6707674,False
2026-01-06 18:30:00+00:00,LT.NS,4116.7900390625,UP,3,2,0,UP,DOWN,0.82580984,0.1310192,0.04317091,False
2026-01-06 18:30:00+00:00,TCS.NS,3176.044921875,DOWN,3,0,2,DOWN,UP,0.2658709,0.2573636,0.4767655,False
2026-01-06 18:30:00+00:00,RELIANCE.NS,1497.277099609375,DOWN,3,0,0,DOWN,DOWN,0.51756555,0.17157724,0.31085724,True
2026-01-06 18:30:00+00:00,SBIN.NS,989.3175048828124,UP,3,2,1,UP,STAY,0.10295446,0.51233405,0.3847115,False
2026-01-07 18:30:00+00:00,HDFCBANK.NS,931.296875,DOWN,3,0,2,DOWN,UP,0.16691725,0.2408055,0.5922772,False
2026-01-07 18:30:00+00:00,INFY.NS,1579.128662109375,DOWN,3,0,0,DOWN,DOWN,0.6053803,0.101672225,0.2929475,True
2026-01-07 18:30:00+00:00,SBIN.NS,980.3294677734376,UP,3,2,1,UP,STAY,0.099031754,0.4745651,0.42640316,False
2026-01-07 18:30:00+00:00,TCS.NS,3087.671142578125,DOWN,3,0,2,DOWN,UP,0.24094176,0.23359577,0.52546245,False
2026-01-07 18:30:00+00:00,BHARTIARTL.NS,2040.618408203125,DOWN,3,0,2,DOWN,UP,0.12411155,0.17061736,0.7052711,False
2026-01-07 18:30:00+00:00,ICICIBANK.NS,1423.00341796875,DOWN,3,0,2,DOWN,UP,0.34254664,0.18699785,0.47045553,False
2026-01-07 18:30:00+00:00,TMPV.NS,356.4927978515625,UP,3,2,2,UP,UP,0.013486174,0.053033315,0.93348056,True
2026-01-07 18:30:00+00:00,LT.NS,3989.43359375,UP,3,2,0,UP,DOWN,0.8700569,0.08947328,0.040469788,False
2026-01-07 18:30:00+00:00,RELIANCE.NS,1463.831787109375,DOWN,3,0,0,DOWN,DOWN,0.55747104,0.17925906,0.26326987,True
2026-01-07 18:30:00+00:00,ITC.NS,325.0468444824219,DOWN,3,0,2,DOWN,UP,0.019661441,0.1470391,0.83329946,False
2026-01-08 18:30:00+00:00,ICICIBANK.NS,1392.56005859375,STAY,3,1,2,STAY,UP,0.37366813,0.15436354,0.4719683,False
2026-01-08 18:30:00+00:00,SBIN.NS,982.7852172851562,UP,3,2,1,UP,STAY,0.099343546,0.48061615,0.42004028,False
2026-01-08 18:30:00+00:00,TCS.NS,3091.43017578125,DOWN,3,0,2,DOWN,UP,0.23193015,0.22839071,0.5396791,False
2026-01-08 18:30:00+00:00,ITC.NS,321.47125244140625,STAY,3,1,2,STAY,UP,0.022917433,0.1612639,0.81581867,False
2026-01-08 18:30:00+00:00,BHARTIARTL.NS,2001.905517578125,STAY,3,1,2,STAY,UP,0.19796413,0.2042919,0.597744,False
2026-01-08 18:30:00+00:00,INFY.NS,1579.91162109375,DOWN,3,0,0,DOWN,DOWN,0.61948377,0.10825306,0.27226314,True
2026-01-08 18:30:00+00:00,HDFCBANK.NS,923.72216796875,STAY,3,1,2,STAY,UP,0.20563275,0.2254409,0.5689264,False
2026-01-08 18:30:00+00:00,RELIANCE.NS,1468.51025390625,DOWN,3,0,0,DOWN,DOWN,0.5303253,0.19657871,0.273096,True
2026-01-08 18:30:00+00:00,LT.NS,3986.2646484375,UP,3,2,0,UP,DOWN,0.85169035,0.09752786,0.050781872,False
2026-01-08 18:30:00+00:00,TMPV.NS,351.23638916015625,UP,3,2,2,UP,UP,0.014031805,0.044895597,0.9410726,True
2026-01-11 18:30:00+00:00,ICICIBANK.NS,1401.286376953125,DOWN,3,0,2,DOWN,UP,0.40846664,0.16669692,0.4248365,False
2026-01-11 18:30:00+00:00,TCS.NS,3122.076416015625,DOWN,3,0,2,DOWN,UP,0.23881072,0.23124334,0.52994597,False
2026-01-11 18:30:00+00:00,BHARTIARTL.NS,2018.595458984375,DOWN,3,0,2,DOWN,UP,0.1646554,0.20033203,0.63501257,False
2026-01-11 18:30:00+00:00,INFY.NS,1562.09716796875,DOWN,3,0,0,DOWN,DOWN,0.5920413,0.12990263,0.27805603,True
2026-01-11 18:30:00+00:00,HDFCBANK.NS,921.7055053710938,DOWN,3,0,2,DOWN,UP,0.2094276,0.23292157,0.55765086,False
2026-01-11 18:30:00+00:00,SBIN.NS,997.1758422851562,UP,3,2,2,UP,UP,0.112464905,0.42176375,0.4657714,True
2026-01-11 18:30:00+00:00,ITC.NS,322.6631164550781,DOWN,3,0,2,DOWN,UP,0.02522509,0.18131217,0.79346275,False
2026-01-11 18:30:00+00:00,TMPV.NS,347.6659851074219,UP,3,2,2,UP,UP,0.014299489,0.041270185,0.94443035,True
2026-01-11 18:30:00+00:00,LT.NS,3980.124755859375,UP,3,2,0,UP,DOWN,0.73369014,0.20577064,0.060539223,False
2026-01-11 18:30:00+00:00,RELIANCE.NS,1476.373779296875,DOWN,3,0,0,DOWN,DOWN,0.5584473,0.15283039,0.28872228,True
2026-01-12 18:30:00+00:00,ICICIBANK.NS,1424.9866943359375,DOWN,3,0,0,DOWN,DOWN,0.44826585,0.13386269,0.4178715,True
2026-01-12 18:30:00+00:00,INFY.NS,1565.1314697265625,DOWN,3,0,0,DOWN,DOWN,0.5963176,0.12291661,0.28076577,True
2026-01-12 18:30:00+00:00,HDFCBANK.NS,922.0989990234376,DOWN,3,0,2,DOWN,UP,0.21288724,0.20396069,0.5831521,False
2026-01-12 18:30:00+00:00,BHARTIARTL.NS,2001.7080078125,DOWN,3,0,2,DOWN,UP,0.19710712,0.19488555,0.6080074,False
2026-01-12 18:30:00+00:00,RELIANCE.NS,1446.11376953125,DOWN,3,0,0,DOWN,DOWN,0.38656303,0.2626366,0.3508004,True
2026-01-12 18:30:00+00:00,TCS.NS,3149.446044921875,DOWN,3,0,2,DOWN,UP,0.2375189,0.25804314,0.5044379,False
2026-01-12 18:30:00+00:00,SBIN.NS,1010.2402954101562,UP,3,2,2,UP,UP,0.10647923,0.3304832,0.5630376,True
2026-01-12 18:30:00+00:00,TMPV.NS,346.8725891113281,UP,3,2,2,UP,UP,0.015528935,0.041855793,0.94261533,True
2026-01-12 18:30:00+00:00,ITC.NS,319.1351928710937,DOWN,3,0,2,DOWN,UP,0.02424456,0.16855663,0.8071988,False
2026-01-12 18:30:00+00:00,LT.NS,3849.797607421875,UP,3,2,0,UP,DOWN,0.71931416,0.19870329,0.081982546,False
2026-01-13 18:30:00+00:00,HDFCBANK.NS,910.3926391601562,DOWN,3,0,2,DOWN,UP,0.176658,0.2240984,0.5992436,False
2026-01-13 18:30:00+00:00,INFY.NS,1565.91455078125,DOWN,3,0,0,DOWN,DOWN,0.56477094,0.12587078,0.30935827,True
2026-01-13 18:30:00+00:00,BHARTIARTL.NS,1997.3626708984373,DOWN,3,0,2,DOWN,UP,0.19152181,0.19683883,0.6116393,False
2026-01-13 18:30:00+00:00,TCS.NS,3076.684814453125,DOWN,3,0,2,DOWN,UP,0.2504608,0.20884249,0.5406967,False
2026-01-13 18:30:00+00:00,LT.NS,3828.40673828125,UP,3,2,0,UP,DOWN,0.70121706,0.18813086,0.11065207,False
2026-01-13 18:30:00+00:00,ICICIBANK.NS,1406.5421142578125,STAY,3,1,0,STAY,DOWN,0.44466355,0.15094163,0.40439487,False
2026-01-13 18:30:00+00:00,SBIN.NS,1010.14208984375,UP,3,2,2,UP,UP,0.10962107,0.34962785,0.54075104,True
2026-01-13 18:30:00+00:00,RELIANCE.NS,1452.086181640625,DOWN,3,0,2,DOWN,UP,0.361677,0.2604962,0.37782684,False
2026-01-13 18:30:00+00:00,TMPV.NS,346.92218017578125,UP,3,2,2,UP,UP,0.013630564,0.041109566,0.9452599,True
2026-01-13 18:30:00+00:00,ITC.NS,319.182861328125,DOWN,3,0,2,DOWN,UP,0.02808675,0.19568071,0.7762326,False
2026-01-14 18:30:00+00:00,TCS.NS,3076.684814453125,DOWN,3,0,2,DOWN,UP,0.19162135,0.26689672,0.5414819,False
2026-01-14 18:30:00+00:00,ICICIBANK.NS,1406.5421142578125,DOWN,3,0,2,DOWN,UP,0.3309247,0.16044812,0.5086272,False
2026-01-14 18:30:00+00:00,LT.NS,3828.40673828125,UP,3,2,0,UP,DOWN,0.6096059,0.24131896,0.14907515,False
2026-01-14 18:30:00+00:00,ITC.NS,319.182861328125,DOWN,3,0,2,DOWN,UP,0.023738448,0.17131366,0.8049479,False
2026-01-14 18:30:00+00:00,RELIANCE.NS,1452.086181640625,DOWN,3,0,2,DOWN,UP,0.3360694,0.23730549,0.4266251,False
2026-01-14 18:30:00+00:00,BHARTIARTL.NS,1997.3626708984373,DOWN,3,0,2,DOWN,UP,0.14017522,0.18098253,0.67884225,False
2026-01-14 18:30:00+00:00,SBIN.NS,1010.14208984375,UP,3,2,2,UP,UP,0.09470264,0.30702177,0.5982756,True
2026-01-14 18:30:00+00:00,INFY.NS,1565.91455078125,DOWN,3,0,2,DOWN,UP,0.43440577,0.11315575,0.4524385,False
2026-01-14 18:30:00+00:00,HDFCBANK.NS,910.3926391601562,DOWN,3,0,2,DOWN,UP,0.15310131,0.22992963,0.61696905,False
2026-01-14 18:30:00+00:00,TMPV.NS,346.92218017578125,UP,3,2,2,UP,UP,0.010313824,0.033556476,0.9561297,True
2026-01-18 18:30:00+00:00,ICICIBANK.NS,1369.05810546875,STAY,3,1,0,STAY,DOWN,0.4228852,0.18496436,0.39215037,False
2026-01-18 18:30:00+00:00,BHARTIARTL.NS,1985.01806640625,DOWN,3,0,2,DOWN,UP,0.1475286,0.28804982,0.5644216,False
2026-01-18 18:30:00+00:00,LT.NS,3832.367919921875,STAY,3,1,0,STAY,DOWN,0.62466455,0.20161827,0.17371713,False
2026-01-18 18:30:00+00:00,SBIN.NS,1020.0142211914062,UP,3,2,2,UP,UP,0.114090964,0.2869174,0.59899163,True
2026-01-18 18:30:00+00:00,INFY.NS,1645.59033203125,DOWN,3,0,0,DOWN,DOWN,0.43789226,0.14878224,0.41332555,True
2026-01-18 18:30:00+00:00,TCS.NS,3104.258056640625,DOWN,3,0,2,DOWN,UP,0.23543264,0.20123,0.5633373,False
2026-01-18 18:30:00+00:00,ITC.NS,317.7049255371094,DOWN,3,0,2,DOWN,UP,0.024002936,0.21379651,0.7622006,False
2026-01-18 18:30:00+00:00,TMPV.NS,341.1698913574219,UP,3,2,2,UP,UP,0.009502004,0.03094909,0.95954895,True
2026-01-18 18:30:00+00:00,HDFCBANK.NS,912.8027954101562,DOWN,3,0,2,DOWN,UP,0.1781576,0.2476673,0.5741751,False
2026-01-18 18:30:00+00:00,RELIANCE.NS,1407.0941162109375,DOWN,3,0,0,DOWN,DOWN,0.44876924,0.18698624,0.36424455,True
2026-01-19 18:30:00+00:00,ITC.NS,311.12579345703125,DOWN,3,0,2,DOWN,UP,0.026249126,0.21686588,0.756885,False
2026-01-19 18:30:00+00:00,TCS.NS,3044.10791015625,DOWN,3,0,2,DOWN,UP,0.2666676,0.19568744,0.5376449,False
2026-01-19 18:30:00+00:00,ICICIBANK.NS,1364.29833984375,STAY,3,1,2,STAY,UP,0.37563112,0.1617258,0.46264303,False
2026-01-19 18:30:00+00:00,BHARTIARTL.NS,1971.1920166015625,DOWN,3,0,2,DOWN,UP,0.15094706,0.27750933,0.57154363,False
2026-01-19 18:30:00+00:00,SBIN.NS,1018.0496215820312,UP,3,2,2,UP,UP,0.12547831,0.31510344,0.5594182,True
2026-01-19 18:30:00+00:00,INFY.NS,1623.7628173828125,DOWN,3,0,0,DOWN,DOWN,0.4239198,0.15564945,0.42043078,True
2026-01-19 18:30:00+00:00,RELIANCE.NS,1387.5843505859375,STAY,3,1,0,STAY,DOWN,0.55315715,0.14278974,0.30405316,False
2026-01-19 18:30:00+00:00,LT.NS,3773.6416015625,UP,3,2,0,UP,DOWN,0.6236983,0.16595696,0.21034476,False
2026-01-19 18:30:00+00:00,TMPV.NS,335.07049560546875,UP,3,2,2,UP,UP,0.010173131,0.03423983,0.95558697,True
2026-01-19 18:30:00+00:00,HDFCBANK.NS,916.049072265625,DOWN,3,0,2,DOWN,UP,0.17599507,0.17924367,0.64476126,False
2026-01-20 18:30:00+00:00,BHARTIARTL.NS,1971.290771484375,DOWN,3,0,2,DOWN,UP,0.16922635,0.22574787,0.6050257,False
2026-01-20 18:30:00+00:00,INFY.NS,1619.358154296875,DOWN,3,0,2,DOWN,UP,0.40701127,0.1671384,0.42585027,False
2026-01-20 18:30:00+00:00,ICICIBANK.NS,1337.7222900390625,DOWN,3,0,0,DOWN,DOWN,0.4234279,0.18876383,0.38780832,True
2026-01-20 18:30:00+00:00,TMPV.NS,336.458984375,UP,3,2,2,UP,UP,0.012346007,0.036444698,0.95120925,True
2026-01-20 18:30:00+00:00,ITC.NS,309.6478881835937,DOWN,3,0,2,DOWN,UP,0.024954941,0.2088587,0.76618636,False
2026-01-20 18:30:00+00:00,HDFCBANK.NS,905.3755493164062,DOWN,3,0,2,DOWN,UP,0.1750844,0.2213305,0.6035851,False
2026-01-20 18:30:00+00:00,SBIN.NS,1010.4368286132812,UP,3,2,2,UP,UP,0.12626728,0.4188173,0.45491543,True
2026-01-20 18:30:00+00:00,TCS.NS,3064.027099609375,DOWN,3,0,2,DOWN,UP,0.23604502,0.21612574,0.5478293,False
2026-01-20 18:30:00+00:00,LT.NS,3730.067138671875,UP,3,2,0,UP,DOWN,0.56370896,0.17744754,0.25884348,False
2026-01-20 18:30:00+00:00,RELIANCE.NS,1398.1356201171875,STAY,3,1,0,STAY,DOWN,0.4950523,0.12196545,0.38298225,False
2026-01-21 18:30:00+00:00,LT.NS,3757.10302734375,STAY,3,1,0,STAY,DOWN,0.50545615,0.14095964,0.35358423,False
2026-01-21 18:30:00+00:00,ITC.NS,309.7432556152344,DOWN,3,0,2,DOWN,UP,0.025356758,0.22400615,0.75063705,False
2026-01-21 18:30:00+00:00,SBIN.NS,1029.7879638671875,UP,3,2,2,UP,UP,0.1347009,0.18171111,0.68358797,True
2026-01-21 18:30:00+00:00,HDFCBANK.NS,903.75244140625,DOWN,3,0,2,DOWN,UP,0.1609549,0.20339948,0.6356456,False
2026-01-21 18:30:00+00:00,TMPV.NS,344.4427185058594,DOWN,3,0,2,DOWN,UP,0.009833834,0.028633418,0.9615328,False
2026-01-21 18:30:00+00:00,TCS.NS,3091.305419921875,DOWN,3,0,2,DOWN,UP,0.19505204,0.22070779,0.5842402,False
2026-01-21 18:30:00+00:00,RELIANCE.NS,1396.0452880859375,STAY,3,1,0,STAY,DOWN,0.57723665,0.12635808,0.29640526,False
2026-01-21 18:30:00+00:00,INFY.NS,1628.265380859375,DOWN,3,0,0,DOWN,DOWN,0.41544503,0.18042338,0.4041316,True
2026-01-21 18:30:00+00:00,ICICIBANK.NS,1334.2515869140625,DOWN,3,0,0,DOWN,DOWN,0.48910755,0.20114362,0.30974883,True
2026-01-21 18:30:00+00:00,BHARTIARTL.NS,1977.31494140625,DOWN,3,0,2,DOWN,UP,0.17859936,0.20960021,0.6118004,False
2026-01-22 18:30:00+00:00,ITC.NS,308.36065673828125,DOWN,3,0,2,DOWN,UP,0.02610435,0.15398574,0.8199099,False
2026-01-22 18:30:00+00:00,LT.NS,3707.586669921875,UP,3,2,0,UP,DOWN,0.4641946,0.15695862,0.3788468,False
2026-01-22 18:30:00+00:00,RELIANCE.NS,1379.720703125,STAY,3,1,0,STAY,DOWN,0.57565683,0.15142821,0.27291492,False
2026-01-22 18:30:00+00:00,SBIN.NS,1011.271728515625,UP,3,2,2,UP,UP,0.17073211,0.22407562,0.60519224,True
2026-01-22 18:30:00+00:00,ICICIBANK.NS,1332.169189453125,DOWN,3,0,0,DOWN,DOWN,0.5751187,0.19172814,0.2331531,True
2026-01-22 18:30:00+00:00,INFY.NS,1635.4107666015625,DOWN,3,0,0,DOWN,DOWN,0.40325397,0.2021081,0.3946379,True
2026-01-22 18:30:00+00:00,TMPV.NS,341.6162109375,STAY,3,1,2,STAY,UP,0.008974626,0.030837217,0.96018815,False
2026-01-22 18:30:00+00:00,TCS.NS,3103.178466796875,DOWN,3,0,2,DOWN,UP,0.20869736,0.21090776,0.58039486,False
2026-01-22 18:30:00+00:00,BHARTIARTL.NS,1960.032470703125,DOWN,3,0,2,DOWN,UP,0.15798369,0.2591053,0.582911,False
2026-01-22 18:30:00+00:00,HDFCBANK.NS,901.1947021484376,DOWN,3,0,2,DOWN,UP,0.20897347,0.21096146,0.58006513,False
2026-01-26 18:30:00+00:00,RELIANCE.NS,1374.146484375,STAY,3,1,0,STAY,DOWN,0.6913983,0.13745722,0.17114446,False
2026-01-26 18:30:00+00:00,ICICIBANK.NS,1350.0186767578125,DOWN,3,0,0,DOWN,DOWN,0.49114895,0.20252751,0.3063236,True
2026-01-26 18:30:00+00:00,INFY.NS,1647.05859375,DOWN,3,0,0,DOWN,DOWN,0.4703533,0.19695213,0.33269456,True
2026-01-26 18:30:00+00:00,BHARTIARTL.NS,1948.873046875,DOWN,3,0,2,DOWN,UP,0.16761966,0.24480663,0.5875737,False
2026-01-26 18:30:00+00:00,ITC.NS,303.83154296875,STAY,3,1,2,STAY,UP,0.025901143,0.1253707,0.8487282,False
2026-01-26 18:30:00+00:00,SBIN.NS,1034.5030517578125,UP,3,2,2,UP,UP,0.23543528,0.106443554,0.6581211,True
2026-01-26 18:30:00+00:00,TCS.NS,3098.762939453125,DOWN,3,0,2,DOWN,UP,0.1963192,0.2101251,0.59355575,False
2026-01-26 18:30:00+00:00,TMPV.NS,337.7482604980469,STAY,3,1,2,STAY,UP,0.008900005,0.03425142,0.95684856,False
2026-01-26 18:30:00+00:00,LT.NS,3751.1611328125,STAY,3,1,2,STAY,UP,0.4114811,0.17168905,0.41682988,False
2026-01-26 18:30:00+00:00,HDFCBANK.NS,911.3272094726562,DOWN,3,0,2,DOWN,UP,0.14872226,0.15872416,0.6925536,False
2026-01-27 18:30:00+00:00,ICICIBANK.NS,1356.2659912109375,DOWN,3,0,0,DOWN,DOWN,0.49125665,0.20057352,0.30816987,True
2026-01-27 18:30:00+00:00,SBIN.NS,1044.6697998046875,UP,3,2,2,UP,UP,0.27779505,0.10419927,0.6180057,True
2026-01-27 18:30:00+00:00,ITC.NS,306.2153015136719,DOWN,3,0,2,DOWN,UP,0.026284492,0.14207754,0.83163804,False
2026-01-27 18:30:00+00:00,TMPV.NS,337.64910888671875,DOWN,3,0,2,DOWN,UP,0.008823174,0.030457243,0.96071965,False
2026-01-27 18:30:00+00:00,RELIANCE.NS,1390.2718505859375,STAY,3,1,0,STAY,DOWN,0.5853171,0.1851135,0.2295694,False
2026-01-27 18:30:00+00:00,INFY.NS,1631.2017822265625,DOWN,3,0,0,DOWN,DOWN,0.4626419,0.15410776,0.38325042,True
2026-01-27 18:30:00+00:00,LT.NS,3757.301025390625,STAY,3,1,2,STAY,UP,0.3406548,0.17372566,0.48561957,False
2026-01-27 18:30:00+00:00,BHARTIARTL.NS,1933.3680419921875,DOWN,3,0,2,DOWN,UP,0.16756046,0.22605002,0.6063895,False
2026-01-27 18:30:00+00:00,TCS.NS,3140.073486328125,DOWN,3,0,2,DOWN,UP,0.17710342,0.28572264,0.537174,False
2026-01-27 18:30:00+00:00,HDFCBANK.NS,917.524658203125,DOWN,3,0,2,DOWN,UP,0.14494848,0.17287092,0.6821806,False
2026-01-28 18:30:00+00:00,ICICIBANK.NS,1372.0330810546875,DOWN,3,0,0,DOWN,DOWN,0.53255534,0.17809416,0.2893505,True
2026-01-28 18:30:00+00:00,INFY.NS,1624.35009765625,DOWN,3,0,0,DOWN,DOWN,0.430603,0.1709393,0.39845774,True
2026-01-28 18:30:00+00:00,BHARTIARTL.NS,1943.44140625,DOWN,3,0,2,DOWN,UP,0.15897803,0.21166958,0.6293524,False
2026-01-28 18:30:00+00:00,HDFCBANK.NS,920.2791137695312,DOWN,3,0,2,DOWN,UP,0.16970752,0.17237094,0.65792155,False
2026-01-28 18:30:00+00:00,TMPV.NS,348.9057006835937,DOWN,3,0,2,DOWN,UP,0.010399886,0.028534714,0.96106535,False
2026-01-28 18:30:00+00:00,LT.NS,3894.857421875,DOWN,3,0,0,DOWN,DOWN,0.5695531,0.2322221,0.19822478,True
2026-01-28 18:30:00+00:00,ITC.NS,303.7839050292969,DOWN,3,0,2,DOWN,UP,0.025897302,0.18998384,0.7841189,False
2026-01-28 18:30:00+00:00,TCS.NS,3085.41796875,DOWN,3,0,2,DOWN,UP,0.1639495,0.2644986,0.5715519,False
2026-01-28 18:30:00+00:00,RELIANCE.NS,1384.59814453125,STAY,3,1,0,STAY,DOWN,0.62059164,0.18994215,0.18946624,False
2026-01-28 18:30:00+00:00,SBIN.NS,1047.3218994140625,STAY,3,1,2,STAY,UP,0.2490654,0.11222505,0.63870955,False
2026-01-29 18:30:00+00:00,ICICIBANK.NS,1343.672119140625,DOWN,3,0,0,DOWN,DOWN,0.44109163,0.20561703,0.3532914,True
2026-01-29 18:30:00+00:00,TMPV.NS,347.17010498046875,DOWN,3,0,2,DOWN,UP,0.008811895,0.034194287,0.9569938,False
2026-01-29 18:30:00+00:00,ITC.NS,307.1687927246094,DOWN,3,0,2,DOWN,UP,0.010504963,0.055251535,0.9342435,False
2026-01-29 18:30:00+00:00,HDFCBANK.NS,914.1307983398438,DOWN,3,0,2,DOWN,UP,0.15374298,0.21132445,0.6349326,False
2026-01-29 18:30:00+00:00,INFY.NS,1606.241943359375,DOWN,3,0,0,DOWN,DOWN,0.40238988,0.20509198,0.39251813,True
2026-01-29 18:30:00+00:00,TCS.NS,3065.302734375,DOWN,3,0,2,DOWN,UP,0.1832152,0.20665905,0.6101258,False
2026-01-29 18:30:00+00:00,BHARTIARTL.NS,1944.2313232421875,DOWN,3,0,2,DOWN,UP,0.17314078,0.21024722,0.616612,False
2026-01-29 18:30:00+00:00,SBIN.NS,1058.078125,STAY,3,1,2,STAY,UP,0.25441414,0.109975494,0.63561034,False
2026-01-29 18:30:00+00:00,LT.NS,3894.263427734375,DOWN,3,0,0,DOWN,DOWN,0.6067302,0.25739938,0.13587038,True
2026-01-29 18:30:00+00:00,RELIANCE.NS,1388.9779052734375,STAY,3,1,0,STAY,DOWN,0.6051266,0.20680828,0.1880651,False
2026-02-01 18:30:00+00:00,INFY.NS,1594.8875732421875,DOWN,3,0,2,DOWN,UP,0.40728483,0.1492318,0.44348338,False
2026-02-01 18:30:00+00:00,RELIANCE.NS,1384.0009765625,STAY,3,1,0,STAY,DOWN,0.61796904,0.18895917,0.1930718,False
2026-02-01 18:30:00+00:00,TMPV.NS,359.9143981933594,DOWN,3,0,2,DOWN,UP,0.015244712,0.037395187,0.94736004,False
2026-02-01 18:30:00+00:00,TCS.NS,3110.1455078125,DOWN,3,0,2,DOWN,UP,0.18086231,0.19243619,0.6267015,False
2026-02-01 18:30:00+00:00,ICICIBANK.NS,1341.4906005859375,DOWN,3,0,0,DOWN,DOWN,0.43060994,0.22920913,0.3401809,True
2026-02-01 18:30:00+00:00,ITC.NS,300.06524658203125,STAY,3,1,2,STAY,UP,0.009819185,0.0674431,0.9227378,False
2026-02-01 18:30:00+00:00,SBIN.NS,1010.4859008789062,UP,3,2,2,UP,UP,0.24316747,0.20782848,0.549004,True
2026-02-01 18:30:00+00:00,HDFCBANK.NS,912.9994506835938,DOWN,3,0,2,DOWN,UP,0.15275237,0.23496331,0.61228424,False
2026-02-01 18:30:00+00:00,BHARTIARTL.NS,1940.972412109375,DOWN,3,0,2,DOWN,UP,0.15527838,0.215455,0.6292666,False
2026-02-01 18:30:00+00:00,LT.NS,3883.369873046875,DOWN,3,0,0,DOWN,DOWN,0.51911217,0.31842977,0.16245806,True
2026-02-02 18:30:00+00:00,ITC.NS,301.924560546875,STAY,3,1,2,STAY,UP,0.009295081,0.05526436,0.93544054,False
2026-02-02 18:30:00+00:00,SBIN.NS,1045.3572998046875,STAY,3,1,2,STAY,UP,0.23630361,0.143704,0.6199923,False
2026-02-02 18:30:00+00:00,TCS.NS,3164.80078125,DOWN,3,0,2,DOWN,UP,0.21666777,0.25902262,0.5243096,False
2026-02-02 18:30:00+00:00,TMPV.NS,368.9891052246094,DOWN,3,0,2,DOWN,UP,0.016707689,0.04549927,0.9377931,False
2026-02-02 18:30:00+00:00,LT.NS,3999.733154296875,DOWN,3,0,0,DOWN,DOWN,0.7612161,0.15504664,0.0837373,True
2026-02-02 18:30:00+00:00,HDFCBANK.NS,933.2643432617188,DOWN,3,0,2,DOWN,UP,0.18262632,0.196062,0.62131166,False
2026-02-02 18:30:00+00:00,ICICIBANK.NS,1378.08203125,DOWN,3,0,0,DOWN,DOWN,0.44863525,0.18923487,0.3621299,True
2026-02-02 18:30:00+00:00,BHARTIARTL.NS,1972.4759521484373,DOWN,3,0,2,DOWN,UP,0.14304097,0.31294766,0.54401135,False
2026-02-02 18:30:00+00:00,INFY.NS,1620.9241943359375,DOWN,3,0,2,DOWN,UP,0.32789317,0.15772827,0.51437855,False
2026-02-02 18:30:00+00:00,RELIANCE.NS,1430.4859619140625,DOWN,3,0,0,DOWN,DOWN,0.39769173,0.2372529,0.36505532,True
2026-02-03 18:30:00+00:00,ITC.NS,305.5264587402344,DOWN,3,0,2,DOWN,UP,0.008602154,0.059502505,0.9318954,False
2026-02-03 18:30:00+00:00,TCS.NS,2942.84375,DOWN,3,0,2,DOWN,UP,0.19567251,0.19011731,0.6142102,False
2026-02-03 18:30:00+00:00,INFY.NS,1503.2701416015625,DOWN,3,0,2,DOWN,UP,0.29203728,0.16305406,0.54490864,False
2026-02-03 18:30:00+00:00,HDFCBANK.NS,937.5927124023438,DOWN,3,0,2,DOWN,UP,0.16853605,0.20533343,0.6261305,False
2026-02-03 18:30:00+00:00,BHARTIARTL.NS,2000.6217041015625,DOWN,3,0,2,DOWN,UP,0.15420665,0.30972797,0.53606534,False
2026-02-03 18:30:00+00:00,RELIANCE.NS,1450.095458984375,DOWN,3,0,0,DOWN,DOWN,0.40219724,0.29597738,0.30182537,True
2026-02-03 18:30:00+00:00,ICICIBANK.NS,1396.625732421875,DOWN,3,0,0,DOWN,DOWN,0.49746233,0.21126553,0.2912722,True
2026-02-03 18:30:00+00:00,LT.NS,4047.566162109375,DOWN,3,0,0,DOWN,DOWN,0.7354753,0.19864309,0.06588154,True
2026-02-03 18:30:00+00:00,TMPV.NS,372.3611755371094,DOWN,3,0,2,DOWN,UP,0.02322386,0.06449342,0.9122827,False
2026-02-03 18:30:00+00:00,SBIN.NS,1049.2864990234375,STAY,3,1,2,STAY,UP,0.24198157,0.14007626,0.61794215,False
2026-02-04 18:30:00+00:00,RELIANCE.NS,1436.757080078125,DOWN,3,0,0,DOWN,DOWN,0.3963036,0.32006958,0.28362685,True
2026-02-04 18:30:00+00:00,TMPV.NS,371.0718383789063,DOWN,3,0,2,DOWN,UP,0.02426727,0.052237414,0.92349523,False
2026-02-04 18:30:00+00:00,TCS.NS,2935.38623046875,DOWN,3,0,2,DOWN,UP,0.169376,0.17028238,0.6603417,False
2026-02-04 18:30:00+00:00,ITC.NS,301.9732666015625,DOWN,3,0,2,DOWN,UP,0.00885698,0.06177372,0.9293693,False
2026-02-04 18:30:00+00:00,BHARTIARTL.NS,1967.6368408203125,DOWN,3,0,2,DOWN,UP,0.121661715,0.38453177,0.4938065,False
2026-02-04 18:30:00+00:00,INFY.NS,1488.00048828125,DOWN,3,0,2,DOWN,UP,0.27312508,0.17328122,0.55359375,False
2026-02-04 18:30:00+00:00,ICICIBANK.NS,1384.8251953125,DOWN,3,0,0,DOWN,DOWN,0.4364266,0.26031396,0.30325937,True
2026-02-04 18:30:00+00:00,LT.NS,4023.996337890625,DOWN,3,0,0,DOWN,DOWN,0.6909891,0.23923633,0.06977462,True
2026-02-04 18:30:00+00:00,HDFCBANK.NS,934.248046875,DOWN,3,0,2,DOWN,UP,0.17271484,0.19393757,0.63334763,False
2026-02-04 18:30:00+00:00,SBIN.NS,1054.49267578125,STAY,3,1,2,STAY,UP,0.24441113,0.14796305,0.60762584,False
2026-02-05 18:30:00+00:00,TCS.NS,2886.422119140625,DOWN,3,0,2,DOWN,UP,0.14505522,0.17345059,0.6814942,False
2026-02-05 18:30:00+00:00,RELIANCE.NS,1444.123046875,DOWN,3,0,0,DOWN,DOWN,0.42799252,0.30214253,0.26986492,True
2026-02-05 18:30:00+00:00,BHARTIARTL.NS,2013.0650634765625,DOWN,3,0,2,DOWN,UP,0.17377819,0.2921978,0.534024,False
2026-02-05 18:30:00+00:00,SBIN.NS,1047.5184326171875,DOWN,3,0,2,DOWN,UP,0.23137617,0.15341172,0.61521214,False
2026-02-05 18:30:00+00:00,HDFCBANK.NS,925.7879638671876,DOWN,3,0,2,DOWN,UP,0.14958239,0.19197114,0.6584465,False
2026-02-05 18:30:00+00:00,LT.NS,4028.749755859375,DOWN,3,0,0,DOWN,DOWN,0.74118996,0.19858333,0.06022665,True
2026-02-05 18:30:00+00:00,ITC.NS,317.1595153808594,DOWN,3,0,2,DOWN,UP,0.011311303,0.06387883,0.9248099,False
2026-02-05 18:30:00+00:00,ICICIBANK.NS,1394.344970703125,DOWN,3,0,0,DOWN,DOWN,0.43650663,0.28814346,0.27534997,True
2026-02-05 18:30:00+00:00,INFY.NS,1475.177978515625,DOWN,3,0,2,DOWN,UP,0.2814139,0.10820766,0.6103784,False
2026-02-05 18:30:00+00:00,TMPV.NS,366.4601135253906,DOWN,3,0,2,DOWN,UP,0.020519381,0.045640618,0.93384,False
2026-02-08 18:30:00+00:00,RELIANCE.NS,1454.873291015625,DOWN,3,0,0,DOWN,DOWN,0.45259702,0.29272756,0.25467545,True
2026-02-08 18:30:00+00:00,SBIN.NS,1125.708984375,DOWN,3,0,2,DOWN,UP,0.23137313,0.33845133,0.43017548,False
2026-02-08 18:30:00+00:00,TMPV.NS,374.2951049804688,DOWN,3,0,2,DOWN,UP,0.030429874,0.06502453,0.90454555,False
2026-02-08 18:30:00+00:00,ICICIBANK.NS,1384.626953125,DOWN,3,0,0,DOWN,DOWN,0.47215027,0.27213255,0.2557172,True
2026-02-08 18:30:00+00:00,BHARTIARTL.NS,2012.8675537109373,DOWN,3,0,2,DOWN,UP,0.19013302,0.31926897,0.49059796,False
2026-02-08 18:30:00+00:00,TCS.NS,2892.8984375,DOWN,3,0,2,DOWN,UP,0.15241593,0.18879773,0.65878636,False
2026-02-08 18:30:00+00:00,ITC.NS,314.23907470703125,DOWN,3,0,2,DOWN,UP,0.010885092,0.07983163,0.9092832,False
2026-02-08 18:30:00+00:00,LT.NS,4073.809814453125,DOWN,3,0,0,DOWN,DOWN,0.7571655,0.18693677,0.055897757,True
2026-02-08 18:30:00+00:00,INFY.NS,1465.4876708984375,DOWN,3,0,2,DOWN,UP,0.29189098,0.111188546,0.5969205,False
2026-02-08 18:30:00+00:00,HDFCBANK.NS,922.0006103515624,DOWN,3,0,2,DOWN,UP,0.13985516,0.19219084,0.66795397,False
2026-02-09 18:30:00+00:00,TMPV.NS,376.2290649414063,DOWN,3,0,2,DOWN,UP,0.031819988,0.050662484,0.91751754,False
2026-02-09 18:30:00+00:00,TCS.NS,2928.61572265625,DOWN,3,0,2,DOWN,UP,0.2131321,0.17875123,0.6081166,False
2026-02-09 18:30:00+00:00,SBIN.NS,1123.8426513671875,DOWN,3,0,2,DOWN,UP,0.25023112,0.29141495,0.4583539,False
2026-02-09 18:30:00+00:00,LT.NS,4128.673828125,DOWN,3,0,0,DOWN,DOWN,0.7669693,0.16903934,0.06399132,True
2026-02-09 18:30:00+00:00,RELIANCE.NS,1451.7874755859375,DOWN,3,0,0,DOWN,DOWN,0.4958113,0.25450286,0.24968576,True
2026-02-09 18:30:00+00:00,HDFCBANK.NS,917.2295532226562,DOWN,3,0,2,DOWN,UP,0.13542812,0.17407136,0.6905005,False
2026-02-09 18:30:00+00:00,BHARTIARTL.NS,1986.302001953125,DOWN,3,0,2,DOWN,UP,0.136303,0.28141278,0.5822842,False
2026-02-09 18:30:00+00:00,ITC.NS,312.876220703125,DOWN,3,0,2,DOWN,UP,0.009421439,0.08356104,0.9070175,False
2026-02-09 18:30:00+00:00,INFY.NS,1466.0750732421875,DOWN,3,0,2,DOWN,UP,0.30486244,0.10677874,0.5883588,False
2026-02-09 18:30:00+00:00,ICICIBANK.NS,1394.7415771484375,DOWN,3,0,0,DOWN,DOWN,0.47912508,0.2641716,0.25670335,True
2026-02-10 18:30:00+00:00,ITC.NS,309.80975341796875,DOWN,3,0,2,DOWN,UP,0.008576602,0.083179615,0.90824383,False
2026-02-10 18:30:00+00:00,TCS.NS,2855.21875,DOWN,3,0,2,DOWN,UP,0.127169,0.27257112,0.6002599,False
2026-02-10 18:30:00+00:00,BHARTIARTL.NS,1987.0919189453125,DOWN,3,0,2,DOWN,UP,0.12216628,0.31093332,0.56690043,False
2026-02-10 18:30:00+00:00,ICICIBANK.NS,1394.344970703125,DOWN,3,0,0,DOWN,DOWN,0.46721667,0.27446336,0.25832,True
2026-02-10 18:30:00+00:00,TMPV.NS,381.5350646972656,DOWN,3,0,2,DOWN,UP,0.030511398,0.054648194,0.9148404,False
2026-02-10 18:30:00+00:00,RELIANCE.NS,1461.9405517578125,DOWN,3,0,0,DOWN,DOWN,0.4693603,0.2682771,0.2623626,True
2026-02-10 18:30:00+00:00,SBIN.NS,1161.9556884765625,DOWN,3,0,2,DOWN,UP,0.32625923,0.32940948,0.34433132,False
2026-02-10 18:30:00+00:00,LT.NS,4130.06005859375,DOWN,3,0,0,DOWN,DOWN,0.8492603,0.101317674,0.049422093,True
2026-02-10 18:30:00+00:00,HDFCBANK.NS,912.0157470703124,DOWN,3,0,2,DOWN,UP,0.13353232,0.16488752,0.7015802,False
2026-02-10 18:30:00+00:00,INFY.NS,1440.7236328125,DOWN,3,0,2,DOWN,UP,0.3889951,0.095655575,0.5153493,False
2026-02-11 18:30:00+00:00,BHARTIARTL.NS,1989.462158203125,DOWN,3,0,2,DOWN,UP,0.12411215,0.29670855,0.5791793,False
2026-02-11 18:30:00+00:00,SBIN.NS,1171.2874755859375,DOWN,3,0,2,DOWN,UP,0.28672352,0.34570315,0.36757335,False
2026-02-11 18:30:00+00:00,INFY.NS,1356.64306640625,DOWN,3,0,0,DOWN,DOWN,0.5212209,0.09261202,0.38616705,True
2026-02-11 18:30:00+00:00,RELIANCE.NS,1442.231689453125,DOWN,3,0,0,DOWN,DOWN,0.44944382,0.29380965,0.25674656,True
2026-02-11 18:30:00+00:00,HDFCBANK.NS,905.6215209960938,DOWN,3,0,2,DOWN,UP,0.13784796,0.14910015,0.7130519,False
2026-02-11 18:30:00+00:00,TMPV.NS,380.29534912109375,DOWN,3,0,2,DOWN,UP,0.025235722,0.044612683,0.93015164,False
2026-02-11 18:30:00+00:00,ITC.NS,309.0309753417969,DOWN,3,0,2,DOWN,UP,0.008512454,0.08725448,0.90423304,False
2026-02-11 18:30:00+00:00,TCS.NS,2698.514404296875,DOWN,3,0,2,DOWN,UP,0.14814666,0.24106061,0.6107927,False
2026-02-11 18:30:00+00:00,LT.NS,4145.41015625,DOWN,3,0,0,DOWN,DOWN,0.874527,0.0792474,0.046225585,True
2026-02-11 18:30:00+00:00,ICICIBANK.NS,1418.045166015625,DOWN,3,0,0,DOWN,DOWN,0.52242666,0.26760134,0.209972,True
2026-02-12 18:30:00+00:00,ICICIBANK.NS,1402.77392578125,DOWN,3,0,0,DOWN,DOWN,0.49347425,0.2788646,0.22766113,True
2026-02-12 18:30:00+00:00,SBIN.NS,1177.377685546875,DOWN,3,0,1,DOWN,STAY,0.36602676,0.3756824,0.25829083,False
2026-02-12 18:30:00+00:00,TMPV.NS,377.1216735839844,DOWN,3,0,2,DOWN,UP,0.03462944,0.06905975,0.8963108,False
2026-02-12 18:30:00+00:00,BHARTIARTL.NS,1979.783935546875,DOWN,3,0,2,DOWN,UP,0.105452016,0.30185282,0.5926952,False
2026-02-12 18:30:00+00:00,HDFCBANK.NS,889.1932373046875,DOWN,3,0,2,DOWN,UP,0.16614354,0.16711299,0.6667435,False
2026-02-12 18:30:00+00:00,TCS.NS,2641.700439453125,DOWN,3,0,2,DOWN,UP,0.11906771,0.165974,0.71495825,False
2026-02-12 18:30:00+00:00,ITC.NS,305.4291076660156,DOWN,3,0,2,DOWN,UP,0.007932954,0.08135159,0.9107154,False
2026-02-12 18:30:00+00:00,RELIANCE.NS,1413.0665283203125,DOWN,3,0,0,DOWN,DOWN,0.44639736,0.27841237,0.27519026,True
2026-02-12 18:30:00+00:00,LT.NS,4133.5263671875,DOWN,3,0,0,DOWN,DOWN,0.9010583,0.061987296,0.036954362,True
2026-02-12 18:30:00+00:00,INFY.NS,1340.1009521484375,DOWN,3,0,0,DOWN,DOWN,0.5096315,0.109713666,0.38065478,True
2026-02-15 18:30:00+00:00,INFY.NS,1336.6751708984375,DOWN,3,0,0,DOWN,DOWN,0.45077437,0.13088636,0.41833922,True
2026-02-15 18:30:00+00:00,ICICIBANK.NS,1399.7989501953125,DOWN,3,0,0,DOWN,DOWN,0.49686655,0.26801467,0.2351188,True
2026-02-15 18:30:00+00:00,TMPV.NS,374.1463317871094,DOWN,3,0,2,DOWN,UP,0.029410243,0.06228846,0.90830135,False
2026-02-15 18:30:00+00:00,LT.NS,4160.859375,DOWN,3,0,0,DOWN,DOWN,0.90570337,0.056511015,0.03778564,True
2026-02-15 18:30:00+00:00,ITC.NS,309.5177307128906,DOWN,3,0,2,DOWN,UP,0.009007747,0.09334755,0.8976447,False
2026-02-15 18:30:00+00:00,SBIN.NS,1186.70947265625,DOWN,3,0,0,DOWN,DOWN,0.37008256,0.36335006,0.26656735,True
2026-02-15 18:30:00+00:00,RELIANCE.NS,1430.4859619140625,DOWN,3,0,0,DOWN,DOWN,0.3965438,0.311814,0.29164213,True
2026-02-15 18:30:00+00:00,TCS.NS,2655.830322265625,DOWN,3,0,2,DOWN,UP,0.1206722,0.192879,0.6864488,False
2026-02-15 18:30:00+00:00,BHARTIARTL.NS,2004.177001953125,DOWN,3,0,2,DOWN,UP,0.116443194,0.30412844,0.5794284,False
2026-02-15 18:30:00+00:00,HDFCBANK.NS,910.7368774414062,DOWN,3,0,2,DOWN,UP,0.17909075,0.20543513,0.6154741,False
2026-02-16 18:30:00+00:00,RELIANCE.NS,1416.450927734375,DOWN,3,0,0,DOWN,DOWN,0.4186788,0.29660255,0.28471866,True
2026-02-16 18:30:00+00:00,INFY.NS,1361.73291015625,DOWN,3,0,0,DOWN,DOWN,0.47930938,0.12357576,0.39711487,True
2026-02-16 18:30:00+00:00,ITC.NS,316.8188171386719,DOWN,3,0,2,DOWN,UP,0.010932319,0.07125728,0.9178104,False
2026-02-16 18:30:00+00:00,TCS.NS,2666.427490234375,DOWN,3,0,2,DOWN,UP,0.12292524,0.20451103,0.67256373,False
2026-02-16 18:30:00+00:00,HDFCBANK.NS,910.6385498046876,DOWN,3,0,2,DOWN,UP,0.16310696,0.1893748,0.6475183,False
2026-02-16 18:30:00+00:00,SBIN.NS,1191.9156494140625,DOWN,3,0,0,DOWN,DOWN,0.3904427,0.33666185,0.27289546,True
2026-02-16 18:30:00+00:00,ICICIBANK.NS,1395.7332763671875,DOWN,3,0,0,DOWN,DOWN,0.45805082,0.29688698,0.24506217,True
2026-02-16 18:30:00+00:00,BHARTIARTL.NS,1995.1900634765625,DOWN,3,0,2,DOWN,UP,0.10851216,0.30669555,0.5847923,False
2026-02-16 18:30:00+00:00,LT.NS,4238.40185546875,DOWN,3,0,0,DOWN,DOWN,0.9054664,0.05992747,0.03460622,True
2026-02-16 18:30:00+00:00,TMPV.NS,379.7002868652344,DOWN,3,0,2,DOWN,UP,0.025015071,0.04452423,0.93046075,False
2026-02-17 18:30:00+00:00,BHARTIARTL.NS,1996.6715087890625,DOWN,3,0,2,DOWN,UP,0.10580953,0.3125165,0.581674,False
2026-02-17 18:30:00+00:00,RELIANCE.NS,1434.666748046875,DOWN,3,0,0,DOWN,DOWN,0.4161543,0.3038832,0.27996248,True
2026-02-17 18:30:00+00:00,INFY.NS,1344.603515625,DOWN,3,0,0,DOWN,DOWN,0.4539294,0.13792904,0.40814152,True
2026-02-17 18:30:00+00:00,SBIN.NS,1197.3182373046875,DOWN,3,0,0,DOWN,DOWN,0.4312885,0.3310791,0.23763241,True
2026-02-17 18:30:00+00:00,LT.NS,4284.05615234375,DOWN,3,0,0,DOWN,DOWN,0.9135182,0.050988603,0.035493232,True
2026-02-17 18:30:00+00:00,ICICIBANK.NS,1396.4273681640625,DOWN,3,0,0,DOWN,DOWN,0.4563847,0.28155795,0.2620573,True
2026-02-17 18:30:00+00:00,TMPV.NS,379.7002868652344,DOWN,3,0,2,DOWN,UP,0.02031384,0.039840836,0.9398453,False
2026-02-17 18:30:00+00:00,TCS.NS,2644.349609375,DOWN,3,0,2,DOWN,UP,0.1012042,0.22081634,0.67797947,False
2026-02-17 18:30:00+00:00,ITC.NS,323.6331787109375,DOWN,3,0,2,DOWN,UP,0.013142054,0.09136783,0.89549005,False
2026-02-17 18:30:00+00:00,HDFCBANK.NS,909.6548461914062,DOWN,3,0,2,DOWN,UP,0.14438722,0.20050706,0.6551057,False
2026-02-18 18:30:00+00:00,LT.NS,4239.09521484375,DOWN,4,0,0,DOWN,DOWN,0.8153372,0.09990415,0.084758654,True
2026-02-18 18:30:00+00:00,TCS.NS,2627.66845703125,DOWN,4,0,2,DOWN,UP,0.12528887,0.17360425,0.7011069,False
2026-02-18 18:30:00+00:00,HDFCBANK.NS,900.702880859375,DOWN,4,0,2,DOWN,UP,0.13595842,0.21811925,0.6459223,False
2026-02-18 18:30:00+00:00,SBIN.NS,1184.3519287109375,DOWN,4,0,1,DOWN,STAY,0.36345047,0.42880034,0.2077492,False
2026-02-18 18:30:00+00:00,INFY.NS,1341.471435546875,STAY,4,1,0,STAY,DOWN,0.42456457,0.22779801,0.3476374,False
2026-02-18 18:30:00+00:00,ITC.NS,317.3542175292969,DOWN,4,0,2,DOWN,UP,0.032132786,0.11159868,0.8562686,False
2026-02-18 18:30:00+00:00,BHARTIARTL.NS,1963.884033203125,DOWN,4,0,2,DOWN,UP,0.16216417,0.29745197,0.5403838,False
2026-02-18 18:30:00+00:00,TMPV.NS,372.6091003417969,DOWN,4,0,2,DOWN,UP,0.049634073,0.09468834,0.8556776,False
2026-02-18 18:30:00+00:00,ICICIBANK.NS,1377.189697265625,DOWN,4,0,1,DOWN,STAY,0.37906638,0.43165505,0.18927853,False
2026-02-18 18:30:00+00:00,RELIANCE.NS,1403.0130615234375,DOWN,4,0,1,DOWN,STAY,0.3541475,0.38606298,0.25978953,False
2026-02-19 18:30:00+00:00,TCS.NS,2635.81298828125,DOWN,4,0,2,DOWN,UP,0.15272461,0.15642284,0.6908525,False
2026-02-19 18:30:00+00:00,LT.NS,4338.22705078125,DOWN,4,0,0,DOWN,DOWN,0.8075687,0.118656896,0.07377437,True
2026-02-19 18:30:00+00:00,INFY.NS,1324.5377197265625,STAY,4,1,0,STAY,DOWN,0.47424147,0.16038024,0.36537832,False
2026-02-19 18:30:00+00:00,ITC.NS,318.32769775390625,DOWN,4,0,2,DOWN,UP,0.031127715,0.1093474,0.8595249,False
2026-02-19 18:30:00+00:00,HDFCBANK.NS,897.0138549804688,DOWN,4,0,2,DOWN,UP,0.13123119,0.20944765,0.6593211,False
2026-02-19 18:30:00+00:00,BHARTIARTL.NS,1952.8232421875,DOWN,4,0,2,DOWN,UP,0.16690381,0.2938592,0.5392369,False
2026-02-19 18:30:00+00:00,SBIN.NS,1194.5677490234375,DOWN,4,0,0,DOWN,DOWN,0.44957286,0.35369736,0.19672976,True
2026-02-19 18:30:00+00:00,ICICIBANK.NS,1382.8419189453125,DOWN,4,0,1,DOWN,STAY,0.4064749,0.4067304,0.18679473,False
2026-02-19 18:30:00+00:00,RELIANCE.NS,1412.8675537109375,DOWN,4,0,2,DOWN,UP,0.2747862,0.3301881,0.39502567,False
2026-02-19 18:30:00+00:00,TMPV.NS,374.8901672363281,DOWN,4,0,2,DOWN,UP,0.050868794,0.09883538,0.85029584,False
2026-02-22 18:30:00+00:00,LT.NS,4375.3642578125,DOWN,4,0,0,DOWN,DOWN,0.79553443,0.120716125,0.08374945,True
2026-02-22 18:30:00+00:00,HDFCBANK.NS,908.5726928710938,DOWN,4,0,2,DOWN,UP,0.13481222,0.22497846,0.6402093,False
2026-02-22 18:30:00+00:00,TMPV.NS,376.82415771484375,DOWN,4,0,2,DOWN,UP,0.037665956,0.11884806,0.84348595,False
2026-02-22 18:30:00+00:00,SBIN.NS,1206.0606689453125,DOWN,4,0,0,DOWN,DOWN,0.4498862,0.3695556,0.18055816,True
2026-02-22 18:30:00+00:00,BHARTIARTL.NS,1972.4759521484373,DOWN,4,0,2,DOWN,UP,0.17784828,0.27082038,0.55133134,False
2026-02-22 18:30:00+00:00,ICICIBANK.NS,1387.7010498046875,DOWN,4,0,0,DOWN,DOWN,0.41841456,0.39236552,0.18921986,True
2026-02-22 18:30:00+00:00,TCS.NS,2626.0986328125,DOWN,4,0,2,DOWN,UP,0.1437549,0.13944726,0.7167979,False
2026-02-22 18:30:00+00:00,INFY.NS,1299.3822021484375,DOWN,4,0,0,DOWN,DOWN,0.42671293,0.16386975,0.40941727,True
2026-02-22 18:30:00+00:00,RELIANCE.NS,1421.4278564453125,DOWN,4,0,2,DOWN,UP,0.2669427,0.34600356,0.3870537,False
2026-02-22 18:30:00+00:00,ITC.NS,316.7701416015625,DOWN,4,0,2,DOWN,UP,0.026252083,0.09826941,0.87547845,False
2026-02-23 18:30:00+00:00,ICICIBANK.NS,1373.2230224609375,DOWN,4,0,1,DOWN,STAY,0.39476612,0.4180866,0.18714729,False
2026-02-23 18:30:00+00:00,INFY.NS,1248.4835205078125,STAY,4,1,2,STAY,UP,0.33780226,0.11214393,0.55005383,False
2026-02-23 18:30:00+00:00,BHARTIARTL.NS,1916.8756103515625,DOWN,4,0,2,DOWN,UP,0.2280399,0.2751411,0.496819,False
2026-02-23 18:30:00+00:00,HDFCBANK.NS,895.6858520507812,DOWN,4,0,2,DOWN,UP,0.13470903,0.1850936,0.68019736,False
2026-02-23 18:30:00+00:00,SBIN.NS,1201.640380859375,DOWN,4,0,0,DOWN,DOWN,0.44255674,0.35037687,0.20706643,True
2026-02-23 18:30:00+00:00,TCS.NS,2525.423095703125,DOWN,4,0,2,DOWN,UP,0.11289082,0.079763025,0.8073462,False
2026-02-23 18:30:00+00:00,RELIANCE.NS,1422.2242431640625,DOWN,4,0,2,DOWN,UP,0.27846414,0.3346703,0.38686562,False
2026-02-23 18:30:00+00:00,TMPV.NS,374.4438781738281,DOWN,4,0,2,DOWN,UP,0.035829335,0.10862324,0.85554737,False
2026-02-23 18:30:00+00:00,LT.NS,4218.00146484375,DOWN,4,0,0,DOWN,DOWN,0.7933857,0.12631564,0.080298685,True
2026-02-23 18:30:00+00:00,ITC.NS,314.9205322265625,DOWN,4,0,2,DOWN,UP,0.024499165,0.09244477,0.8830561,False
2026-02-24 18:30:00+00:00,SBIN.NS,1178.85107421875,DOWN,4,0,0,DOWN,DOWN,0.35050964,0.33743426,0.3120561,True
2026-02-24 18:30:00+00:00,TMPV.NS,378.70849609375,DOWN,4,0,2,DOWN,UP,0.044386446,0.13433065,0.82128286,False
2026-02-24 18:30:00+00:00,ICICIBANK.NS,1388.791748046875,DOWN,4,0,1,DOWN,STAY,0.39203238,0.42931384,0.17865376,False
2026-02-24 18:30:00+00:00,TCS.NS,2579.980224609375,DOWN,4,0,2,DOWN,UP,0.11753474,0.096372314,0.7860929,False
2026-02-24 18:30:00+00:00,LT.NS,4256.9208984375,DOWN,4,0,0,DOWN,DOWN,0.8011865,0.12640134,0.0724121,True
2026-02-24 18:30:00+00:00,RELIANCE.NS,1392.063720703125,DOWN,4,0,2,DOWN,UP,0.24242145,0.32851204,0.42906645,False
2026-02-24 18:30:00+00:00,ITC.NS,311.2699890136719,DOWN,4,0,2,DOWN,UP,0.02657342,0.08662099,0.8868056,False
2026-02-24 18:30:00+00:00,INFY.NS,1262.7742919921875,STAY,4,1,2,STAY,UP,0.384124,0.12937282,0.48650324,False
2026-02-24 18:30:00+00:00,BHARTIARTL.NS,1889.6187744140625,DOWN,4,0,2,DOWN,UP,0.25483024,0.21069969,0.5344701,False
2026-02-24 18:30:00+00:00,HDFCBANK.NS,892.8330078125,DOWN,4,0,2,DOWN,UP,0.13047746,0.21906407,0.6504585,False
2026-02-25 18:30:00+00:00,HDFCBANK.NS,883.9794311523438,DOWN,4,0,2,DOWN,UP,0.13329871,0.25256106,0.6141403,False
2026-02-25 18:30:00+00:00,TMPV.NS,388.3286743164063,DOWN,4,0,2,DOWN,UP,0.089993,0.12407992,0.7859271,False
2026-02-25 18:30:00+00:00,ICICIBANK.NS,1393.155029296875,DOWN,4,0,1,DOWN,STAY,0.40293905,0.43591216,0.16114877,False
2026-02-25 18:30:00+00:00,LT.NS,4245.037109375,DOWN,4,0,0,DOWN,DOWN,0.78753984,0.14069642,0.07176375,True
2026-02-25 18:30:00+00:00,RELIANCE.NS,1400.3255615234375,DOWN,4,0,2,DOWN,UP,0.2415559,0.3452948,0.4131493,False
2026-02-25 18:30:00+00:00,ITC.NS,309.8584289550781,DOWN,4,0,2,DOWN,UP,0.025828771,0.082311265,0.89185995,False
2026-02-25 18:30:00+00:00,TCS.NS,2598.03515625,DOWN,4,0,2,DOWN,UP,0.16390823,0.1538075,0.68228424,False
2026-02-25 18:30:00+00:00,SBIN.NS,1188.084716796875,DOWN,4,0,0,DOWN,DOWN,0.3577047,0.3551925,0.2871028,True
2026-02-25 18:30:00+00:00,INFY.NS,1261.7955322265625,UP,4,2,2,UP,UP,0.42383483,0.124476984,0.4516882,True
2026-02-25 18:30:00+00:00,BHARTIARTL.NS,1905.6173095703125,DOWN,4,0,2,DOWN,UP,0.27883142,0.2176217,0.50354683,False
2026-02-26 18:30:00+00:00,RELIANCE.NS,1387.48486328125,DOWN,4,0,2,DOWN,UP,0.27868482,0.30491972,0.41639546,False
2026-02-26 18:30:00+00:00,TMPV.NS,379.5019226074219,DOWN,4,0,2,DOWN,UP,0.08666367,0.1655372,0.74779916,False
2026-02-26 18:30:00+00:00,BHARTIARTL.NS,1855.942626953125,STAY,4,1,2,STAY,UP,0.30202255,0.18456656,0.5134109,False
2026-02-26 18:30:00+00:00,SBIN.NS,1180.4227294921875,DOWN,4,0,1,DOWN,STAY,0.32209978,0.39274952,0.2851507,False
2026-02-26 18:30:00+00:00,INFY.NS,1272.5625,STAY,4,1,2,STAY,UP,0.4031804,0.12888752,0.46793202,False
2026-02-26 18:30:00+00:00,TCS.NS,2587.92822265625,DOWN,4,0,2,DOWN,UP,0.16359645,0.15811034,0.6782932,False
2026-02-26 18:30:00+00:00,ICICIBANK.NS,1367.3724365234375,DOWN,4,0,1,DOWN,STAY,0.36025771,0.43689767,0.20284466,False
2026-02-26 18:30:00+00:00,LT.NS,4236.91650390625,DOWN,4,0,0,DOWN,DOWN,0.7565451,0.16109732,0.082357526,True
2026-02-26 18:30:00+00:00,HDFCBANK.NS,873.3060302734375,DOWN,4,0,2,DOWN,UP,0.16394626,0.25372362,0.58233017,False
2026-02-26 18:30:00+00:00,ITC.NS,305.2830810546875,DOWN,4,0,2,DOWN,UP,0.028611552,0.07559568,0.89579284,False
2026-03-01 18:30:00+00:00,RELIANCE.NS,1351.75,STAY,4,1,2,STAY,UP,0.24849747,0.23679955,0.5147029,False
2026-03-01 18:30:00+00:00,ICICIBANK.NS,1362.5133056640625,STAY,4,1,1,STAY,STAY,0.33089724,0.46599376,0.20310895,True
2026-03-01 18:30:00+00:00,TCS.NS,2564.4765625,STAY,4,1,2,STAY,UP,0.14198542,0.114311256,0.74370337,False
2026-03-01 18:30:00+00:00,LT.NS,4027.36328125,STAY,4,1,0,STAY,DOWN,0.51142824,0.32042614,0.16814566,False
2026-03-01 18:30:00+00:00,ITC.NS,306.548583984375,DOWN,4,0,2,DOWN,UP,0.026996395,0.08241601,0.89058757,False
2026-03-01 18:30:00+00:00,TMPV.NS,367.5510559082031,DOWN,4,0,2,DOWN,UP,0.064353995,0.2443383,0.6913077,False
2026-03-01 18:30:00+00:00,BHARTIARTL.NS,1849.9183349609373,STAY,4,1,2,STAY,UP,0.24784714,0.17730264,0.57485026,False
2026-03-01 18:30:00+00:00,SBIN.NS,1168.831787109375,DOWN,4,0,2,DOWN,UP,0.3557871,0.28252515,0.36168778,False
2026-03-01 18:30:00+00:00,HDFCBANK.NS,865.0918579101562,DOWN,4,0,2,DOWN,UP,0.16572864,0.27702233,0.557249,False
2026-03-01 18:30:00+00:00,INFY.NS,1261.5997314453125,STAY,4,1,2,STAY,UP,0.35353267,0.1245193,0.521948,False
2026-03-03 18:30:00+00:00,RELIANCE.NS,1338.8099365234375,STAY,4,1,2,STAY,UP,0.33463156,0.1702628,0.49510565,False
2026-03-03 18:30:00+00:00,HDFCBANK.NS,854.5167846679688,DOWN,4,0,2,DOWN,UP,0.205524,0.27129737,0.52317864,False
2026-03-03 18:30:00+00:00,INFY.NS,1279.7078857421875,STAY,4,1,2,STAY,UP,0.34955662,0.23455124,0.41589215,False
2026-03-03 18:30:00+00:00,LT.NS,3845.044189453125,UP,4,2,1,UP,STAY,0.3051853,0.37376973,0.32104504,False
2026-03-03 18:30:00+00:00,ICICIBANK.NS,1353.9852294921875,STAY,4,1,1,STAY,STAY,0.33928245,0.40514907,0.25556847,True
2026-03-03 18:30:00+00:00,BHARTIARTL.NS,1882.2119140625,DOWN,4,0,2,DOWN,UP,0.25058153,0.23659348,0.512825,False
2026-03-03 18:30:00+00:00,TMPV.NS,348.3106689453125,STAY,4,1,2,STAY,UP,0.15938959,0.102010645,0.7385997,False
2026-03-03 18:30:00+00:00,SBIN.NS,1153.704345703125,DOWN,4,0,0,DOWN,DOWN,0.43030882,0.18733956,0.38235164,True
2026-03-03 18:30:00+00:00,ITC.NS,303.6768493652344,STAY,4,1,2,STAY,UP,0.029564058,0.07598581,0.8944502,False
2026-03-03 18:30:00+00:00,TCS.NS,2539.2587890625,STAY,4,1,2,STAY,UP,0.14639182,0.18363194,0.66997623,False
2026-03-04 18:30:00+00:00,LT.NS,3999.634033203125,STAY,4,1,0,STAY,DOWN,0.4079328,0.34111136,0.25095582,False
2026-03-04 18:30:00+00:00,ICICIBANK.NS,1346.2503662109375,STAY,4,1,1,STAY,STAY,0.2919369,0.44760785,0.26045528,True
2026-03-04 18:30:00+00:00,INFY.NS,1278.141845703125,DOWN,4,0,2,DOWN,UP,0.4023526,0.1664152,0.43123224,False
2026-03-04 18:30:00+00:00,TCS.NS,2530.427490234375,STAY,4,1,2,STAY,UP,0.13292131,0.12088614,0.7461926,False
2026-03-04 18:30:00+00:00,HDFCBANK.NS,863.4686889648438,DOWN,4,0,2,DOWN,UP,0.19612774,0.29679313,0.5070791,False
2026-03-04 18:30:00+00:00,TMPV.NS,352.2281494140625,STAY,4,1,2,STAY,UP,0.108090326,0.11162671,0.7802829,False
2026-03-04 18:30:00+00:00,ITC.NS,303.23876953125,STAY,4,1,2,STAY,UP,0.027858067,0.07929566,0.8928463,False
2026-03-04 18:30:00+00:00,BHARTIARTL.NS,1883.2982177734373,DOWN,4,0,2,DOWN,UP,0.2666826,0.19841802,0.53489935,False
2026-03-04 18:30:00+00:00,RELIANCE.NS,1383.005615234375,STAY,4,1,2,STAY,UP,0.34789297,0.277931,0.37417606,False
2026-03-04 18:30:00+00:00,SBIN.NS,1148.79296875,DOWN,4,0,0,DOWN,DOWN,0.4990826,0.16586275,0.33505464,True
2026-03-05 18:30:00+00:00,LT.NS,3911.593994140625,UP,4,2,1,UP,STAY,0.33059508,0.3809802,0.2884248,False
2026-03-05 18:30:00+00:00,TMPV.NS,347.8643493652344,STAY,4,1,2,STAY,UP,0.09703139,0.08990459,0.81306404,False
2026-03-05 18:30:00+00:00,RELIANCE.NS,1398.334716796875,DOWN,4,0,2,DOWN,UP,0.29355568,0.34011415,0.36633018,False
2026-03-05 18:30:00+00:00,BHARTIARTL.NS,1847.5482177734373,STAY,4,1,2,STAY,UP,0.2532114,0.19861808,0.5481705,False
2026-03-05 18:30:00+00:00,ICICIBANK.NS,1302.419921875,UP,4,2,0,UP,DOWN,0.39636356,0.3176733,0.28596318,False
2026-03-05 18:30:00+00:00,TCS.NS,2509.625244140625,STAY,4,1,2,STAY,UP,0.1524873,0.12860174,0.71891093,False
2026-03-05 18:30:00+00:00,SBIN.NS,1122.7620849609375,DOWN,4,0,0,DOWN,DOWN,0.42956161,0.16388386,0.40655455,True
2026-03-05 18:30:00+00:00,INFY.NS,1280.686767578125,DOWN,4,0,0,DOWN,DOWN,0.41166997,0.17725126,0.41107875,True
2026-03-05 18:30:00+00:00,ITC.NS,301.48651123046875,STAY,4,1,2,STAY,UP,0.027802605,0.09011694,0.88208044,False
2026-03-05 18:30:00+00:00,HDFCBANK.NS,843.10546875,DOWN,4,0,2,DOWN,UP,0.29328075,0.2486937,0.45802552,False
2026-03-08 18:30:00+00:00,ITC.NS,297.8846435546875,STAY,4,1,2,STAY,UP,0.04234163,0.10794181,0.8497166,False
2026-03-08 18:30:00+00:00,RELIANCE.NS,1417.4462890625,DOWN,4,0,2,DOWN,UP,0.30398682,0.34768698,0.34832618,False
2026-03-08 18:30:00+00:00,HDFCBANK.NS,827.0215454101562,DOWN,4,0,2,DOWN,UP,0.26614735,0.233272,0.5005806,False
2026-03-08 18:30:00+00:00,BHARTIARTL.NS,1843.4990234375,DOWN,4,0,2,DOWN,UP,0.3357029,0.18071987,0.48357725,False
2026-03-08 18:30:00+00:00,INFY.NS,1287.14697265625,DOWN,4,0,0,DOWN,DOWN,0.48303732,0.2027138,0.3142488,True
2026-03-08 18:30:00+00:00,TCS.NS,2479.99169921875,DOWN,4,0,2,DOWN,UP,0.14104524,0.12566887,0.7332859,False
2026-03-08 18:30:00+00:00,ICICIBANK.NS,1267.7125244140625,UP,4,2,0,UP,DOWN,0.3644883,0.3227145,0.3127972,False
2026-03-08 18:30:00+00:00,LT.NS,3804.93603515625,UP,4,2,2,UP,UP,0.2413059,0.29436255,0.46433154,True
2026-03-08 18:30:00+00:00,TMPV.NS,329.26861572265625,UP,4,2,2,UP,UP,0.07216437,0.069628745,0.85820687,True
2026-03-08 18:30:00+00:00,SBIN.NS,1079.050048828125,STAY,4,1,0,STAY,DOWN,0.43991366,0.16117871,0.3989077,False
2026-03-09 18:30:00+00:00,BHARTIARTL.NS,1827.4017333984373,STAY,4,1,2,STAY,UP,0.3367718,0.18041322,0.48281497,False
2026-03-09 18:30:00+00:00,TMPV.NS,342.36004638671875,UP,4,2,2,UP,UP,0.076631196,0.0648818,0.858487,True
2026-03-09 18:30:00+00:00,ICICIBANK.NS,1300.9324951171875,STAY,4,1,2,STAY,UP,0.32622454,0.31576908,0.3580064,False
2026-03-09 18:30:00+00:00,SBIN.NS,1092.5074462890625,STAY,4,1,2,STAY,UP,0.43152118,0.13543771,0.43304107,False
2026-03-09 18:30:00+00:00,TCS.NS,2465.9599609375,DOWN,4,0,2,DOWN,UP,0.15433273,0.14414787,0.7015194,False
2026-03-09 18:30:00+00:00,ITC.NS,300.8537292480469,STAY,4,1,2,STAY,UP,0.041521356,0.09238113,0.8660975,False
2026-03-09 18:30:00+00:00,RELIANCE.NS,1402.3162841796875,DOWN,4,0,1,DOWN,STAY,0.28331938,0.37226316,0.34441745,False
2026-03-09 18:30:00+00:00,HDFCBANK.NS,835.629150390625,DOWN,4,0,2,DOWN,UP,0.30524462,0.239553,0.4552024,False
2026-03-09 18:30:00+00:00,INFY.NS,1268.1578369140625,DOWN,4,0,0,DOWN,DOWN,0.41355145,0.20024447,0.38620406,True
2026-03-09 18:30:00+00:00,LT.NS,3838.5078125,UP,4,2,2,UP,UP,0.25887355,0.3409392,0.4001873,True
2026-03-10 18:30:00+00:00,BHARTIARTL.NS,1784.5411376953125,UP,4,2,2,UP,UP,0.4147198,0.14335984,0.44192034,True
2026-03-10 18:30:00+00:00,HDFCBANK.NS,820.38134765625,DOWN,4,0,2,DOWN,UP,0.32722312,0.24651726,0.42625964,False
2026-03-10 18:30:00+00:00,RELIANCE.NS,1383.8017578125,STAY,4,1,2,STAY,UP,0.33124214,0.3185344,0.35022342,False
2026-03-10 18:30:00+00:00,ITC.NS,300.8050842285156,STAY,4,1,2,STAY,UP,0.042765804,0.10612435,0.8511098,False
2026-03-10 18:30:00+00:00,ICICIBANK.NS,1283.777099609375,STAY,4,1,1,STAY,STAY,0.2798055,0.37661925,0.34357527,True
2026-03-10 18:30:00+00:00,LT.NS,3801.667724609375,UP,4,2,2,UP,UP,0.29091448,0.2696273,0.43945822,True
2026-03-10 18:30:00+00:00,SBIN.NS,1071.781005859375,STAY,4,1,2,STAY,UP,0.34083745,0.17116968,0.4879929,False
2026-03-10 18:30:00+00:00,TCS.NS,2418.6640625,STAY,4,1,2,STAY,UP,0.15143391,0.17463964,0.6739265,False
2026-03-10 18:30:00+00:00,INFY.NS,1249.2667236328125,DOWN,4,0,2,DOWN,UP,0.33887142,0.27652863,0.38459995,False
2026-03-10 18:30:00+00:00,TMPV.NS,332.591064453125,UP,4,2,2,UP,UP,0.092519365,0.07706481,0.8304158,True
2026-03-11 18:30:00+00:00,RELIANCE.NS,1385.7926025390625,UP,4,2,2,UP,UP,0.3021167,0.32915473,0.3687286,True
2026-03-11 18:30:00+00:00,ICICIBANK.NS,1255.9119873046875,STAY,4,1,0,STAY,DOWN,0.398847,0.26573467,0.33541825,False
2026-03-11 18:30:00+00:00,LT.NS,3683.521728515625,UP,4,2,2,UP,UP,0.11960615,0.16761266,0.7127812,True
2026-03-11 18:30:00+00:00,ITC.NS,296.0350341796875,UP,4,2,2,UP,UP,0.040182438,0.106296934,0.85352063,True
2026-03-11 18:30:00+00:00,INFY.NS,1238.9891357421875,DOWN,4,0,0,DOWN,DOWN,0.39116687,0.23312205,0.37571105,True
2026-03-11 18:30:00+00:00,TMPV.NS,321.8799133300781,UP,4,2,2,UP,UP,0.08173423,0.06971078,0.84855497,True
2026-03-11 18:30:00+00:00,SBIN.NS,1065.9854736328125,STAY,4,1,2,STAY,UP,0.36502048,0.12733072,0.50764877,False
2026-03-11 18:30:00+00:00,HDFCBANK.NS,819.2008666992188,DOWN,4,0,2,DOWN,UP,0.33117908,0.20925313,0.45956782,False
2026-03-11 18:30:00+00:00,TCS.NS,2396.5859375,STAY,4,1,2,STAY,UP,0.16087787,0.14063968,0.69848245,False
2026-03-11 18:30:00+00:00,BHARTIARTL.NS,1778.9119873046875,UP,4,2,0,UP,DOWN,0.54798466,0.14185137,0.31016397,False
2026-03-12 18:30:00+00:00,TCS.NS,2365.284423828125,UP,4,2,2,UP,UP,0.13969041,0.10761472,0.75269485,True
2026-03-12 18:30:00+00:00,SBIN.NS,1028.4619140625,UP,4,2,2,UP,UP,0.39262185,0.119327344,0.48805085,True
2026-03-12 18:30:00+00:00,BHARTIARTL.NS,1780.98583984375,UP,4,2,0,UP,DOWN,0.5738576,0.11669106,0.3094513,False
2026-03-12 18:30:00+00:00,HDFCBANK.NS,803.7071533203125,DOWN,4,0,2,DOWN,UP,0.37046066,0.1890433,0.44049606,False
2026-03-12 18:30:00+00:00,ITC.NS,293.455322265625,UP,4,2,2,UP,UP,0.04785745,0.10206571,0.8500769,True
2026-03-12 18:30:00+00:00,TMPV.NS,311.5158996582031,UP,4,2,2,UP,UP,0.08645546,0.068986945,0.8445576,True
2026-03-12 18:30:00+00:00,LT.NS,3405.73486328125,UP,4,2,2,UP,UP,0.26387575,0.16269737,0.5734269,True
2026-03-12 18:30:00+00:00,INFY.NS,1221.8597412109375,DOWN,4,0,2,DOWN,UP,0.33991012,0.19876646,0.46132347,False
2026-03-12 18:30:00+00:00,RELIANCE.NS,1374.3455810546875,UP,4,2,2,UP,UP,0.30360058,0.34185502,0.35454443,True
2026-03-12 18:30:00+00:00,ICICIBANK.NS,1244.3099365234375,STAY,4,1,0,STAY,DOWN,0.4633798,0.22898193,0.30763826,False
2026-03-15 18:30:00+00:00,INFY.NS,1223.3280029296875,DOWN,4,0,2,DOWN,UP,0.28624314,0.23170467,0.48205215,False
2026-03-15 18:30:00+00:00,RELIANCE.NS,1388.6793212890625,UP,4,2,1,UP,STAY,0.34102702,0.35591185,0.30306113,False
2026-03-15 18:30:00+00:00,TMPV.NS,311.8134155273437,UP,4,2,2,UP,UP,0.093538694,0.087987736,0.8184736,True
2026-03-15 18:30:00+00:00,HDFCBANK.NS,826.9231567382812,DOWN,4,0,2,DOWN,UP,0.32197455,0.23961043,0.438415,False
2026-03-15 18:30:00+00:00,BHARTIARTL.NS,1766.5673828125,UP,4,2,0,UP,DOWN,0.50627196,0.16054265,0.33318537,False
2026-03-15 18:30:00+00:00,SBIN.NS,1047.8131103515625,STAY,4,1,2,STAY,UP,0.39762667,0.12924871,0.4731246,False
2026-03-15 18:30:00+00:00,ITC.NS,300.0749816894531,UP,4,2,2,UP,UP,0.03569492,0.07473174,0.88957334,True
2026-03-15 18:30:00+00:00,TCS.NS,2364.0087890625,UP,4,2,2,UP,UP,0.12243901,0.12639312,0.7511679,True
2026-03-15 18:30:00+00:00,ICICIBANK.NS,1262.258544921875,STAY,4,1,0,STAY,DOWN,0.5010991,0.28503826,0.21386261,False
2026-03-15 18:30:00+00:00,LT.NS,3435.8408203125,UP,4,2,2,UP,UP,0.23094343,0.15899628,0.61006033,True
2026-03-16 18:30:00+00:00,INFY.NS,1206.785888671875,DOWN,4,0,2,DOWN,UP,0.25935516,0.20664647,0.53399837,False
2026-03-16 18:30:00+00:00,SBIN.NS,1045.8485107421875,STAY,4,1,2,STAY,UP,0.41065478,0.14142452,0.44792077,False
2026-03-16 18:30:00+00:00,TCS.NS,2346.837158203125,STAY,4,1,2,STAY,UP,0.13957389,0.13233326,0.72809285,False
2026-03-16 18:30:00+00:00,ITC.NS,296.76513671875,UP,4,2,2,UP,UP,0.03544237,0.08801074,0.87654686,True
2026-03-16 18:30:00+00:00,TMPV.NS,316.5739440917969,UP,4,2,2,UP,UP,0.09763634,0.09878847,0.80357516,True
2026-03-16 18:30:00+00:00,BHARTIARTL.NS,1804.2926025390625,STAY,4,1,0,STAY,DOWN,0.49108157,0.166097,0.3428214,False
2026-03-16 18:30:00+00:00,HDFCBANK.NS,831.5958251953125,DOWN,4,0,0,DOWN,DOWN,0.4208767,0.2991181,0.28000516,True
2026-03-16 18:30:00+00:00,LT.NS,3508.531005859375,UP,4,2,2,UP,UP,0.2164347,0.20991346,0.5736518,True
2026-03-16 18:30:00+00:00,RELIANCE.NS,1391.167724609375,UP,4,2,1,UP,STAY,0.33647057,0.3792413,0.28428817,False
2026-03-16 18:30:00+00:00,ICICIBANK.NS,1277.9263916015625,STAY,4,1,0,STAY,DOWN,0.5019444,0.24133231,0.25672325,False
2026-03-17 18:30:00+00:00,HDFCBANK.NS,829.333251953125,DOWN,4,0,0,DOWN,DOWN,0.39542165,0.32516885,0.27940956,True
2026-03-17 18:30:00+00:00,ITC.NS,295.986328125,UP,4,2,2,UP,UP,0.034560036,0.097413965,0.86802596,True
2026-03-17 18:30:00+00:00,LT.NS,3573.001220703125,UP,4,2,2,UP,UP,0.20828077,0.23051818,0.56120104,True
2026-03-17 18:30:00+00:00,RELIANCE.NS,1401.6195068359375,UP,4,2,0,UP,DOWN,0.40022603,0.31871545,0.2810585,False
2026-03-17 18:30:00+00:00,TMPV.NS,322.0782775878906,UP,4,2,2,UP,UP,0.10573603,0.12974612,0.76451784,True
2026-03-17 18:30:00+00:00,SBIN.NS,1050.8582763671875,STAY,4,1,2,STAY,UP,0.35759926,0.12773961,0.51466113,False
2026-03-17 18:30:00+00:00,BHARTIARTL.NS,1832.339599609375,DOWN,4,0,0,DOWN,DOWN,0.45655409,0.18550304,0.35794285,True
2026-03-17 18:30:00+00:00,TCS.NS,2395.01611328125,STAY,4,1,2,STAY,UP,0.108830236,0.17488341,0.7162863,False
2026-03-17 18:30:00+00:00,INFY.NS,1240.261474609375,DOWN,4,0,2,DOWN,UP,0.26151973,0.22645889,0.51202136,False
2026-03-17 18:30:00+00:00,ICICIBANK.NS,1278.521484375,DOWN,4,0,0,DOWN,DOWN,0.5024233,0.2528839,0.2446928,True
2026-03-18 18:30:00+00:00,ITC.NS,290.0968017578125,UP,4,2,2,UP,UP,0.040598944,0.10224345,0.8571576,True
2026-03-18 18:30:00+00:00,SBIN.NS,1030.3282470703125,UP,4,2,2,UP,UP,0.39370283,0.15223753,0.45405957,True
2026-03-18 18:30:00+00:00,RELIANCE.NS,1378.4267578125,UP,4,2,1,UP,STAY,0.34421423,0.35628223,0.29950354,False
2026-03-18 18:30:00+00:00,INFY.NS,1194.9422607421875,DOWN,4,0,2,DOWN,UP,0.18520467,0.19184153,0.6229538,False
2026-03-18 18:30:00+00:00,LT.NS,3401.278564453125,UP,4,2,2,UP,UP,0.18924895,0.19169663,0.61905444,True
2026-03-18 18:30:00+00:00,TCS.NS,2311.806640625,UP,4,2,2,UP,UP,0.11047086,0.17314763,0.7163815,True
2026-03-18 18:30:00+00:00,BHARTIARTL.NS,1804.2926025390625,STAY,4,1,0,STAY,DOWN,0.45791635,0.18080513,0.3612785,False
2026-03-18 18:30:00+00:00,HDFCBANK.NS,785.2130126953125,STAY,4,1,0,STAY,DOWN,0.54150635,0.21472447,0.24376923,False
2026-03-18 18:30:00+00:00,TMPV.NS,306.75537109375,UP,4,2,2,UP,UP,0.094050184,0.09118365,0.8147661,True
2026-03-18 18:30:00+00:00,ICICIBANK.NS,1239.6490478515625,UP,4,2,0,UP,DOWN,0.4812982,0.24757472,0.27112707,False
2026-03-19 18:30:00+00:00,HDFCBANK.NS,767.7518310546875,STAY,4,1,0,STAY,DOWN,0.52751046,0.18250936,0.28998014,False
2026-03-19 18:30:00+00:00,TMPV.NS,311.5158996582031,UP,4,2,2,UP,UP,0.09194555,0.14240372,0.76565075,True
2026-03-19 18:30:00+00:00,ICICIBANK.NS,1234.9884033203125,UP,4,2,0,UP,DOWN,0.49413553,0.24713221,0.25873226,False
2026-03-19 18:30:00+00:00,SBIN.NS,1039.26708984375,UP,4,2,0,UP,DOWN,0.43345296,0.15493968,0.41160738,False
2026-03-19 18:30:00+00:00,RELIANCE.NS,1407.8905029296875,STAY,4,1,0,STAY,DOWN,0.40787974,0.29953003,0.2925903,False
2026-03-19 18:30:00+00:00,BHARTIARTL.NS,1823.1551513671875,STAY,4,1,0,STAY,DOWN,0.44811472,0.15907812,0.39280716,False
2026-03-19 18:30:00+00:00,LT.NS,3401.57568359375,UP,4,2,2,UP,UP,0.19742185,0.24183616,0.56074196,True
2026-03-19 18:30:00+00:00,INFY.NS,1229.2987060546875,DOWN,4,0,2,DOWN,UP,0.25875193,0.2024527,0.53879535,False
2026-03-19 18:30:00+00:00,TCS.NS,2345.7578125,STAY,4,1,2,STAY,UP,0.10430183,0.16329154,0.7324067,False
2026-03-19 18:30:00+00:00,ITC.NS,291.9950866699219,UP,4,2,2,UP,UP,0.030330876,0.07856201,0.89110714,True
2026-03-22 18:30:00+00:00,TMPV.NS,302.7386779785156,UP,4,2,2,UP,UP,0.10599414,0.12993169,0.76407415,True
2026-03-22 18:30:00+00:00,BHARTIARTL.NS,1773.5791015625,UP,4,2,2,UP,UP,0.38421875,0.17013763,0.4456436,True
2026-03-22 18:30:00+00:00,INFY.NS,1230.1796875,DOWN,4,0,2,DOWN,UP,0.25459212,0.22708654,0.51832134,False
2026-03-22 18:30:00+00:00,LT.NS,3310.0693359375,UP,4,2,2,UP,UP,0.16138421,0.1940685,0.64454734,True
2026-03-22 18:30:00+00:00,HDFCBANK.NS,732.04248046875,UP,4,2,0,UP,DOWN,0.5056918,0.27349076,0.22081745,False
2026-03-22 18:30:00+00:00,RELIANCE.NS,1401.3209228515625,STAY,4,1,0,STAY,DOWN,0.38487965,0.3318596,0.2832608,False
2026-03-22 18:30:00+00:00,TCS.NS,2339.085205078125,STAY,4,1,2,STAY,UP,0.1122093,0.16606005,0.7217307,False
2026-03-22 18:30:00+00:00,ICICIBANK.NS,1212.4781494140625,UP,4,2,0,UP,DOWN,0.49789846,0.23685615,0.26524544,False
2026-03-22 18:30:00+00:00,SBIN.NS,1013.6292724609376,STAY,4,1,0,STAY,DOWN,0.4646414,0.15703434,0.37832424,False
2026-03-22 18:30:00+00:00,ITC.NS,282.7470397949219,UP,4,2,2,UP,UP,0.037771083,0.080350146,0.88187873,True
2026-03-23 18:30:00+00:00,ICICIBANK.NS,1240.7398681640625,STAY,4,1,0,STAY,DOWN,0.50360364,0.21825741,0.27813897,False
2026-03-23 18:30:00+00:00,HDFCBANK.NS,752.454833984375,STAY,4,1,0,STAY,DOWN,0.49361256,0.28471342,0.221674,False
2026-03-23 18:30:00+00:00,TCS.NS,2353.803955078125,STAY,4,1,2,STAY,UP,0.109780945,0.1806837,0.70953536,False
2026-03-23 18:30:00+00:00,TMPV.NS,308.6397399902344,UP,4,2,2,UP,UP,0.115229234,0.0997227,0.785048,True
2026-03-23 18:30:00+00:00,ITC.NS,283.5258178710937,UP,4,2,2,UP,UP,0.040599484,0.088290185,0.8711104,True
2026-03-23 18:30:00+00:00,LT.NS,3482.782470703125,UP,4,2,2,UP,UP,0.1921157,0.28810838,0.5197759,True
2026-03-23 18:30:00+00:00,BHARTIARTL.NS,1779.7020263671875,DOWN,4,0,2,DOWN,UP,0.38562584,0.17938948,0.43498465,False
2026-03-23 18:30:00+00:00,INFY.NS,1251.224365234375,DOWN,4,0,2,DOWN,UP,0.33231318,0.25359794,0.41408888,False
2026-03-23 18:30:00+00:00,RELIANCE.NS,1405.302490234375,STAY,4,1,0,STAY,DOWN,0.37306967,0.3426672,0.28426313,False
2026-03-23 18:30:00+00:00,SBIN.NS,1012.5487670898438,DOWN,4,0,0,DOWN,DOWN,0.48223773,0.15113045,0.36663178,True
2026-03-24 18:30:00+00:00,TMPV.NS,315.334228515625,UP,4,2,2,UP,UP,0.1059349,0.14667284,0.74739224,True
2026-03-24 18:30:00+00:00,ITC.NS,287.8578186035156,STAY,4,1,2,STAY,UP,0.031409867,0.094998054,0.87359214,False
2026-03-24 18:30:00+00:00,HDFCBANK.NS,769.5717163085938,DOWN,4,0,1,DOWN,STAY,0.37255,0.45528322,0.17216675,False
2026-03-24 18:30:00+00:00,INFY.NS,1252.00732421875,DOWN,4,0,2,DOWN,UP,0.31892827,0.2659563,0.4151154,False
2026-03-24 18:30:00+00:00,ICICIBANK.NS,1249.1688232421875,STAY,4,1,0,STAY,DOWN,0.47124967,0.27051225,0.25823805,False
2026-03-24 18:30:00+00:00,SBIN.NS,1041.821044921875,DOWN,4,0,0,DOWN,DOWN,0.4701139,0.15528221,0.37460387,True
2026-03-24 18:30:00+00:00,TCS.NS,2332.80517578125,DOWN,4,0,2,DOWN,UP,0.11669211,0.1872087,0.6960992,False
2026-03-24 18:30:00+00:00,RELIANCE.NS,1406.596435546875,DOWN,4,0,2,DOWN,UP,0.3358719,0.32717958,0.3369485,False
2026-03-24 18:30:00+00:00,BHARTIARTL.NS,1812.0943603515625,DOWN,4,0,2,DOWN,UP,0.4059245,0.17709577,0.41697976,False
2026-03-24 18:30:00+00:00,LT.NS,3614.000732421875,UP,4,2,2,UP,UP,0.22199063,0.32318166,0.4548277,True
2026-03-26 18:30:00+00:00,HDFCBANK.NS,743.8963623046875,STAY,4,1,0,STAY,DOWN,0.39521435,0.3806619,0.22412375,False
2026-03-26 18:30:00+00:00,TMPV.NS,300.70556640625,UP,4,2,2,UP,UP,0.104598574,0.13348155,0.76191986,True
2026-03-26 18:30:00+00:00,LT.NS,3529.625,UP,4,2,2,UP,UP,0.2070307,0.2846802,0.5082891,True
2026-03-26 18:30:00+00:00,BHARTIARTL.NS,1820.9825439453125,DOWN,4,0,0,DOWN,DOWN,0.511764,0.14395897,0.34427702,True
2026-03-26 18:30:00+00:00,SBIN.NS,1001.4487915039062,DOWN,4,0,0,DOWN,DOWN,0.47494024,0.15092362,0.37413618,True
2026-03-26 18:30:00+00:00,ITC.NS,286.88433837890625,UP,4,2,2,UP,UP,0.02974443,0.0927973,0.8774583,True
2026-03-26 18:30:00+00:00,ICICIBANK.NS,1223.4854736328125,STAY,4,1,0,STAY,DOWN,0.4798498,0.25788817,0.26226205,False
2026-03-26 18:30:00+00:00,INFY.NS,1242.806396484375,DOWN,4,0,2,DOWN,UP,0.2502012,0.30777782,0.44202098,False
2026-03-26 18:30:00+00:00,TCS.NS,2344.97265625,DOWN,4,0,2,DOWN,UP,0.11646325,0.20399871,0.6795381,False
2026-03-26 18:30:00+00:00,RELIANCE.NS,1341.8956298828125,STAY,4,1,2,STAY,UP,0.30347425,0.22804625,0.4684795,False
2026-03-29 18:30:00+00:00,SBIN.NS,962.058837890625,STAY,4,1,0,STAY,DOWN,0.5105364,0.1317607,0.3577029,False
2026-03-29 18:30:00+00:00,TMPV.NS,293.7631530761719,UP,4,2,2,UP,UP,0.12206383,0.12141079,0.7565254,True
2026-03-29 18:30:00+00:00,INFY.NS,1224.1109619140625,DOWN,4,0,2,DOWN,UP,0.24332261,0.2464306,0.51024675,False
2026-03-29 18:30:00+00:00,HDFCBANK.NS,719.6473999023438,UP,4,2,0,UP,DOWN,0.38992986,0.35611406,0.2539561,False
2026-03-29 18:30:00+00:00,TCS.NS,2314.652099609375,DOWN,4,0,2,DOWN,UP,0.12738284,0.20590773,0.66670936,False
2026-03-29 18:30:00+00:00,LT.NS,3470.205322265625,UP,4,2,2,UP,UP,0.18993478,0.30210993,0.5079553,True
2026-03-29 18:30:00+00:00,RELIANCE.NS,1337.7149658203125,STAY,4,1,2,STAY,UP,0.31402227,0.27437156,0.4116062,False
2026-03-29 18:30:00+00:00,BHARTIARTL.NS,1760.2469482421875,UP,4,2,0,UP,DOWN,0.4401,0.17602718,0.38387284,False
2026-03-29 18:30:00+00:00,ITC.NS,280.0699768066406,UP,4,2,2,UP,UP,0.032920655,0.1124304,0.854649,True
2026-03-29 18:30:00+00:00,ICICIBANK.NS,1195.8187255859375,UP,4,2,0,UP,DOWN,0.4386676,0.24779454,0.3135379,False
2026-03-31 18:30:00+00:00,HDFCBANK.NS,730.17333984375,UP,4,2,0,UP,DOWN,0.4126637,0.3903214,0.1970149,False
2026-03-31 18:30:00+00:00,LT.NS,3572.60498046875,UP,4,2,2,UP,UP,0.2275846,0.3297637,0.44265172,True
2026-03-31 18:30:00+00:00,TCS.NS,2363.02734375,DOWN,4,0,2,DOWN,UP,0.13856626,0.181345,0.6800887,False
2026-03-31 18:30:00+00:00,SBIN.NS,999.7789306640624,DOWN,4,0,0,DOWN,DOWN,0.53237736,0.15266821,0.31495443,True
2026-03-31 18:30:00+00:00,BHARTIARTL.NS,1759.7530517578125,UP,4,2,0,UP,DOWN,0.41173705,0.1969477,0.39131525,False
2026-03-31 18:30:00+00:00,ITC.NS,283.9638977050781,UP,4,2,2,UP,UP,0.028175686,0.13053694,0.8412873,True
2026-03-31 18:30:00+00:00,TMPV.NS,300.4576416015625,UP,4,2,2,UP,UP,0.116778135,0.1421028,0.741119,True
2026-03-31 18:30:00+00:00,ICICIBANK.NS,1202.561767578125,UP,4,2,0,UP,DOWN,0.4364872,0.2583542,0.30515862,False
2026-03-31 18:30:00+00:00,RELIANCE.NS,1362.8984375,DOWN,4,0,2,DOWN,UP,0.31020063,0.2921988,0.39760062,False
2026-03-31 18:30:00+00:00,INFY.NS,1248.6793212890625,DOWN,4,0,2,DOWN,UP,0.21431983,0.17587923,0.60980093,False
2026-04-01 18:30:00+00:00,ICICIBANK.NS,1205.635986328125,UP,4,2,0,UP,DOWN,0.39986062,0.29062995,0.30950946,False
2026-04-01 18:30:00+00:00,RELIANCE.NS,1344.2845458984375,STAY,4,1,2,STAY,UP,0.31823128,0.29700884,0.38475987,False
2026-04-01 18:30:00+00:00,ITC.NS,285.0834045410156,UP,4,2,2,UP,UP,0.02713129,0.09809291,0.87477577,True
2026-04-01 18:30:00+00:00,TCS.NS,2404.730224609375,DOWN,4,0,2,DOWN,UP,0.16961801,0.1707924,0.6595896,False
2026-04-01 18:30:00+00:00,BHARTIARTL.NS,1767.4560546875,UP,4,2,0,UP,DOWN,0.44533986,0.17450754,0.38015255,False
2026-04-01 18:30:00+00:00,INFY.NS,1273.247802734375,DOWN,4,0,2,DOWN,UP,0.2950356,0.18775792,0.5172065,False
2026-04-01 18:30:00+00:00,HDFCBANK.NS,738.6826171875,UP,4,2,0,UP,DOWN,0.426083,0.3785487,0.19536825,False
2026-04-01 18:30:00+00:00,TMPV.NS,300.8047180175781,UP,4,2,2,UP,UP,0.09318572,0.13005821,0.77675605,True
2026-04-01 18:30:00+00:00,SBIN.NS,1000.3683471679688,DOWN,4,0,0,DOWN,DOWN,0.5339557,0.14158398,0.3244604,True
2026-04-01 18:30:00+00:00,LT.NS,3578.151123046875,UP,4,2,2,UP,UP,0.22679532,0.31538904,0.4578156,True
2026-04-05 18:30:00+00:00,LT.NS,3691.642333984375,UP,4,2,2,UP,UP,0.20904219,0.37884557,0.41211224,True
2026-04-05 18:30:00+00:00,ITC.NS,287.0303649902344,UP,4,2,2,UP,UP,0.025615163,0.09081373,0.8835711,True
2026-04-05 18:30:00+00:00,HDFCBANK.NS,758.45556640625,STAY,4,1,1,STAY,STAY,0.36990914,0.447632,0.18245886,True
2026-04-05 18:30:00+00:00,INFY.NS,1278.5333251953125,DOWN,4,0,2,DOWN,UP,0.28712082,0.15763904,0.55524015,False
2026-04-05 18:30:00+00:00,TCS.NS,2427.4951171875,DOWN,4,0,2,DOWN,UP,0.16157229,0.17087066,0.667557,False
2026-04-05 18:30:00+00:00,TMPV.NS,304.8710021972656,UP,4,2,2,UP,UP,0.07722773,0.12218821,0.8005841,True
2026-04-05 18:30:00+00:00,BHARTIARTL.NS,1770.5177001953125,UP,4,2,0,UP,DOWN,0.4571551,0.1842987,0.35854623,False
2026-04-05 18:30:00+00:00,RELIANCE.NS,1298.6953125,STAY,4,1,2,STAY,UP,0.32244155,0.259081,0.41847745,False
2026-04-05 18:30:00+00:00,SBIN.NS,1014.4642333984376,DOWN,4,0,0,DOWN,DOWN,0.5485072,0.14756444,0.30392838,True
2026-04-05 18:30:00+00:00,ICICIBANK.NS,1221.10546875,STAY,4,1,0,STAY,DOWN,0.40443298,0.32463917,0.27092788,False
2026-04-06 18:30:00+00:00,TMPV.NS,306.1603088378906,UP,4,2,2,UP,UP,0.089832574,0.16289024,0.7472772,True
2026-04-06 18:30:00+00:00,ITC.NS,290.5348815917969,UP,4,2,2,UP,UP,0.027356626,0.09122935,0.88141406,True
2026-04-06 18:30:00+00:00,LT.NS,3687.284912109375,UP,4,2,2,UP,UP,0.21296737,0.38061342,0.40641925,True
2026-04-06 18:30:00+00:00,SBIN.NS,1012.1558227539062,DOWN,4,0,0,DOWN,DOWN,0.49889892,0.21816365,0.28293747,True
2026-04-06 18:30:00+00:00,INFY.NS,1311.0301513671875,DOWN,4,0,2,DOWN,UP,0.30078104,0.21224195,0.48697698,False
2026-04-06 18:30:00+00:00,RELIANCE.NS,1298.5958251953125,UP,4,2,2,UP,UP,0.32709152,0.23736763,0.4355408,True
2026-04-06 18:30:00+00:00,HDFCBANK.NS,759.4392700195312,STAY,4,1,1,STAY,STAY,0.3552039,0.5245918,0.120204315,True
2026-04-06 18:30:00+00:00,BHARTIARTL.NS,1807.5516357421875,UP,4,2,2,UP,UP,0.39567465,0.20169204,0.4026333,True
2026-04-06 18:30:00+00:00,ICICIBANK.NS,1235.0875244140625,STAY,4,1,0,STAY,DOWN,0.4623381,0.31102625,0.22663566,False
2026-04-06 18:30:00+00:00,TCS.NS,2492.1591796875,DOWN,4,0,2,DOWN,UP,0.16490212,0.20619184,0.6289061,False
2026-04-07 18:30:00+00:00,RELIANCE.NS,1341.5970458984375,STAY,4,1,2,STAY,UP,0.34613663,0.25524375,0.3986196,False
2026-04-07 18:30:00+00:00,BHARTIARTL.NS,1838.4625244140625,STAY,4,1,0,STAY,DOWN,0.40319487,0.24895534,0.34784985,False
2026-04-07 18:30:00+00:00,TMPV.NS,331.9960021972656,UP,4,2,2,UP,UP,0.1083701,0.164063,0.72756684,True
2026-04-07 18:30:00+00:00,HDFCBANK.NS,802.82177734375,DOWN,4,0,1,DOWN,STAY,0.35420406,0.57287925,0.07291667,False
2026-04-07 18:30:00+00:00,LT.NS,3967.1513671875,STAY,4,1,1,STAY,STAY,0.28142047,0.41742966,0.30114982,True
2026-04-07 18:30:00+00:00,ITC.NS,294.4288024902344,STAY,4,1,2,STAY,UP,0.030294165,0.09822427,0.8714816,False
2026-04-07 18:30:00+00:00,INFY.NS,1317.68603515625,DOWN,4,0,0,DOWN,DOWN,0.38309118,0.24276929,0.37413952,True
2026-04-07 18:30:00+00:00,ICICIBANK.NS,1298.2550048828125,DOWN,4,0,0,DOWN,DOWN,0.6139686,0.22028103,0.16575035,True
2026-04-07 18:30:00+00:00,TCS.NS,2511.195068359375,DOWN,4,0,2,DOWN,UP,0.2307522,0.20819314,0.5610547,False
2026-04-07 18:30:00+00:00,SBIN.NS,1042.656005859375,DOWN,4,0,0,DOWN,DOWN,0.45381933,0.21762362,0.32855704,True
2026-04-08 18:30:00+00:00,TCS.NS,2540.436279296875,DOWN,4,0,2,DOWN,UP,0.26194873,0.21689814,0.5211531,False
2026-04-08 18:30:00+00:00,TMPV.NS,330.5083312988281,UP,4,2,2,UP,UP,0.09836131,0.20255032,0.69908834,True
2026-04-08 18:30:00+00:00,LT.NS,3858.512451171875,STAY,4,1,1,STAY,STAY,0.18474728,0.5512749,0.2639779,True
2026-04-08 18:30:00+00:00,RELIANCE.NS,1323.87890625,STAY,4,1,2,STAY,UP,0.32647404,0.24557902,0.42794698,False
2026-04-08 18:30:00+00:00,ICICIBANK.NS,1270.58837890625,STAY,4,1,0,STAY,DOWN,0.4763171,0.31346053,0.21022238,False
2026-04-08 18:30:00+00:00,INFY.NS,1303.395263671875,DOWN,4,0,2,DOWN,UP,0.39161482,0.21648586,0.39189932,False
2026-04-08 18:30:00+00:00,HDFCBANK.NS,784.72119140625,DOWN,4,0,1,DOWN,STAY,0.38617003,0.50628614,0.10754382,False
2026-04-08 18:30:00+00:00,SBIN.NS,1022.5189819335938,DOWN,4,0,0,DOWN,DOWN,0.46553582,0.203017,0.33144715,True
2026-04-08 18:30:00+00:00,ITC.NS,294.9642028808594,STAY,4,1,2,STAY,UP,0.029240292,0.115786776,0.85497296,False
2026-04-08 18:30:00+00:00,BHARTIARTL.NS,1836.2899169921875,STAY,4,1,0,STAY,DOWN,0.4111953,0.21663918,0.37216547,False
2026-04-09 18:30:00+00:00,RELIANCE.NS,1343.9859619140625,STAY,4,1,2,STAY,UP,0.33501798,0.283159,0.381823,False
2026-04-09 18:30:00+00:00,SBIN.NS,1047.8131103515625,DOWN,4,0,0,DOWN,DOWN,0.48173347,0.18415216,0.3341143,True
2026-04-09 18:30:00+00:00,ICICIBANK.NS,1310.848876953125,DOWN,4,0,0,DOWN,DOWN,0.5087176,0.3039298,0.18735261,True
2026-04-09 18:30:00+00:00,HDFCBANK.NS,797.1161499023438,DOWN,4,0,0,DOWN,DOWN,0.48392537,0.41416124,0.10191343,True
2026-04-09 18:30:00+00:00,INFY.NS,1265.12353515625,DOWN,4,0,2,DOWN,UP,0.25476545,0.2535926,0.49164194,False
2026-04-09 18:30:00+00:00,BHARTIARTL.NS,1846.758056640625,STAY,4,1,0,STAY,DOWN,0.42245054,0.19924992,0.37829953,False
2026-04-09 18:30:00+00:00,TCS.NS,2476.94970703125,DOWN,4,0,2,DOWN,UP,0.16186127,0.16488817,0.67325056,False
2026-04-09 18:30:00+00:00,ITC.NS,296.1810607910156,STAY,4,1,2,STAY,UP,0.03028287,0.12133422,0.8483829,False
2026-04-09 18:30:00+00:00,LT.NS,3921.59619140625,UP,4,2,1,UP,STAY,0.21599734,0.49729967,0.286703,False
2026-04-09 18:30:00+00:00,TMPV.NS,339.78143310546875,UP,4,2,2,UP,UP,0.14814864,0.23116477,0.6206866,True
2026-04-12 18:30:00+00:00,RELIANCE.NS,1309.0474853515625,UP,4,2,2,UP,UP,0.33441845,0.25012025,0.4154613,True
2026-04-12 18:30:00+00:00,BHARTIARTL.NS,1847.64697265625,STAY,4,1,0,STAY,DOWN,0.42828244,0.21013038,0.3615872,False
2026-04-12 18:30:00+00:00,HDFCBANK.NS,781.7699584960938,STAY,4,1,0,STAY,DOWN,0.5064858,0.3581349,0.1353793,False
2026-04-12 18:30:00+00:00,TMPV.NS,342.6575622558594,UP,4,2,2,UP,UP,0.17815687,0.23694825,0.5848949,True
2026-04-12 18:30:00+00:00,LT.NS,3916.050537109375,UP,4,2,1,UP,STAY,0.20864245,0.50822026,0.28313732,False
2026-04-12 18:30:00+00:00,ICICIBANK.NS,1339.8046875,DOWN,4,0,0,DOWN,DOWN,0.4957635,0.30854076,0.19569574,True
2026-04-12 18:30:00+00:00,ITC.NS,290.72955322265625,STAY,4,1,2,STAY,UP,0.028221393,0.11370559,0.85807306,False
2026-04-12 18:30:00+00:00,INFY.NS,1249.756103515625,DOWN,4,0,2,DOWN,UP,0.22323464,0.23027074,0.5464946,False
2026-04-12 18:30:00+00:00,SBIN.NS,1044.7188720703125,DOWN,4,0,0,DOWN,DOWN,0.48363954,0.21646823,0.29989228,True
2026-04-12 18:30:00+00:00,TCS.NS,2426.2197265625,DOWN,4,0,2,DOWN,UP,0.12205947,0.16820088,0.7097396,False
2026-04-14 18:30:00+00:00,ITC.NS,294.0393981933594,STAY,4,1,2,STAY,UP,0.027796548,0.121216245,0.8509872,False
2026-04-14 18:30:00+00:00,ICICIBANK.NS,1336.829833984375,DOWN,4,0,0,DOWN,DOWN,0.44837815,0.32851475,0.22310713,True
2026-04-14 18:30:00+00:00,RELIANCE.NS,1337.9140625,STAY,4,1,2,STAY,UP,0.3739334,0.23543516,0.3906315,False
2026-04-14 18:30:00+00:00,TCS.NS,2506.975830078125,DOWN,4,0,2,DOWN,UP,0.16428488,0.19881894,0.6368962,False
2026-04-14 18:30:00+00:00,HDFCBANK.NS,796.72265625,DOWN,4,0,0,DOWN,DOWN,0.47354996,0.42848286,0.0979672,True
2026-04-14 18:30:00+00:00,INFY.NS,1277.6524658203125,DOWN,4,0,2,DOWN,UP,0.26824152,0.22792163,0.5038368,False
2026-04-14 18:30:00+00:00,SBIN.NS,1052.528076171875,DOWN,4,0,0,DOWN,DOWN,0.44891828,0.24944967,0.30163208,True
2026-04-14 18:30:00+00:00,LT.NS,4036.87060546875,STAY,4,1,0,STAY,DOWN,0.474278,0.29347757,0.23224448,False
2026-04-14 18:30:00+00:00,BHARTIARTL.NS,1832.6357421875,STAY,4,1,0,STAY,DOWN,0.38946557,0.24819762,0.36233678,False
2026-04-14 18:30:00+00:00,TMPV.NS,354.9555358886719,UP,4,2,2,UP,UP,0.2796617,0.15645719,0.5638811,True
2026-04-15 18:30:00+00:00,BHARTIARTL.NS,1817.7235107421875,STAY,4,1,2,STAY,UP,0.34594172,0.25636375,0.39769456,False
2026-04-15 18:30:00+00:00,HDFCBANK.NS,782.5077514648438,DOWN,4,0,1,DOWN,STAY,0.40224755,0.4612425,0.13650997,False
2026-04-15 18:30:00+00:00,SBIN.NS,1048.255126953125,DOWN,4,0,0,DOWN,DOWN,0.43061396,0.27886602,0.29052004,True
2026-04-15 18:30:00+00:00,LT.NS,4079.949462890625,STAY,4,1,0,STAY,DOWN,0.5071134,0.25282902,0.24005763,False
2026-04-15 18:30:00+00:00,TMPV.NS,353.3686828613281,UP,4,2,2,UP,UP,0.3278484,0.15920615,0.5129455,True
2026-04-15 18:30:00+00:00,INFY.NS,1291.2579345703125,DOWN,4,0,2,DOWN,UP,0.34921244,0.22998862,0.42079893,False
2026-04-15 18:30:00+00:00,RELIANCE.NS,1337.1177978515625,STAY,4,1,2,STAY,UP,0.33688465,0.25604153,0.4070739,False
2026-04-15 18:30:00+00:00,ITC.NS,295.35357666015625,STAY,4,1,2,STAY,UP,0.027858816,0.11983291,0.8523083,False
2026-04-15 18:30:00+00:00,ICICIBANK.NS,1334.2515869140625,DOWN,4,0,0,DOWN,DOWN,0.41784877,0.3559064,0.22624479,True
2026-04-15 18:30:00+00:00,TCS.NS,2528.56298828125,DOWN,4,0,2,DOWN,UP,0.16791117,0.20015807,0.63193077,False
2026-04-16 18:30:00+00:00,RELIANCE.NS,1358.7178955078125,DOWN,4,0,2,DOWN,UP,0.36266825,0.2545755,0.38275626,False
2026-04-16 18:30:00+00:00,HDFCBANK.NS,786.8853759765625,DOWN,4,0,1,DOWN,STAY,0.43834707,0.44339967,0.11825331,False
2026-04-16 18:30:00+00:00,ICICIBANK.NS,1335.540771484375,DOWN,4,0,0,DOWN,DOWN,0.4284257,0.3459378,0.22563651,True
2026-04-16 18:30:00+00:00,BHARTIARTL.NS,1823.9451904296875,STAY,4,1,2,STAY,UP,0.3699594,0.22192131,0.4081193,False
2026-04-16 18:30:00+00:00,SBIN.NS,1061.1231689453125,DOWN,4,0,0,DOWN,DOWN,0.52228224,0.18372938,0.29398838,True
2026-04-16 18:30:00+00:00,LT.NS,4056.47900390625,STAY,4,1,0,STAY,DOWN,0.50582755,0.25396326,0.24020919,False
2026-04-16 18:30:00+00:00,TCS.NS,2533.07666015625,DOWN,4,0,2,DOWN,UP,0.14744334,0.19410086,0.6584558,False
2026-04-16 18:30:00+00:00,INFY.NS,1290.7685546875,DOWN,4,0,2,DOWN,UP,0.3338075,0.21761163,0.44858083,False
2026-04-16 18:30:00+00:00,ITC.NS,298.6634216308594,DOWN,4,0,2,DOWN,UP,0.034744784,0.11648201,0.8487732,False
2026-04-16 18:30:00+00:00,TMPV.NS,357.137451171875,UP,4,2,2,UP,UP,0.38546667,0.18064272,0.43389058,True
2026-04-19 18:30:00+00:00,TCS.NS,2531.212646484375,DOWN,4,0,2,DOWN,UP,0.17183444,0.18116552,0.6470001,False
2026-04-19 18:30:00+00:00,BHARTIARTL.NS,1823.1551513671875,STAY,4,1,2,STAY,UP,0.37520587,0.22113277,0.40366137,False
2026-04-19 18:30:00+00:00,ITC.NS,296.9111633300781,DOWN,4,0,2,DOWN,UP,0.03264273,0.13479777,0.83255947,False
2026-04-19 18:30:00+00:00,LT.NS,4011.815185546875,STAY,4,1,0,STAY,DOWN,0.48955438,0.264984,0.2454616,False
2026-04-19 18:30:00+00:00,SBIN.NS,1088.2344970703125,DOWN,4,0,0,DOWN,DOWN,0.47644788,0.19950533,0.3240468,True
2026-04-19 18:30:00+00:00,TMPV.NS,352.7736511230469,UP,4,2,2,UP,UP,0.38582185,0.13400207,0.48017615,True
2026-04-19 18:30:00+00:00,HDFCBANK.NS,782.5077514648438,DOWN,4,0,1,DOWN,STAY,0.4082403,0.45878336,0.13297637,False
2026-04-19 18:30:00+00:00,ICICIBANK.NS,1344.862060546875,DOWN,4,0,0,DOWN,DOWN,0.5155852,0.23645064,0.24796416,True
2026-04-19 18:30:00+00:00,INFY.NS,1284.7977294921875,DOWN,4,0,2,DOWN,UP,0.29340178,0.33255526,0.37404296,False
2026-04-19 18:30:00+00:00,RELIANCE.NS,1357.0257568359375,DOWN,4,0,2,DOWN,UP,0.351751,0.26691496,0.38133398,False
2026-04-20 18:30:00+00:00,ITC.NS,301.4378356933594,DOWN,4,0,2,DOWN,UP,0.0350342,0.14822166,0.8167441,False
2026-04-20 18:30:00+00:00,TCS.NS,2561.532958984375,DOWN,4,0,2,DOWN,UP,0.23118368,0.21578178,0.55303454,False
2026-04-20 18:30:00+00:00,INFY.NS,1285.385009765625,DOWN,4,0,2,DOWN,UP,0.3317447,0.20907585,0.4591794,False
2026-04-20 18:30:00+00:00,LT.NS,4035.97900390625,STAY,4,1,0,STAY,DOWN,0.48048836,0.2677503,0.25176135,False
2026-04-20 18:30:00+00:00,SBIN.NS,1092.1636962890625,DOWN,4,0,0,DOWN,DOWN,0.51803136,0.21484448,0.2671242,True
2026-04-20 18:30:00+00:00,BHARTIARTL.NS,1831.944580078125,DOWN,4,0,2,DOWN,UP,0.3732017,0.22630899,0.4004893,False
2026-04-20 18:30:00+00:00,RELIANCE.NS,1347.07177734375,DOWN,4,0,2,DOWN,UP,0.34935564,0.2926659,0.35797846,False
2026-04-20 18:30:00+00:00,HDFCBANK.NS,798.5425415039062,DOWN,4,0,0,DOWN,DOWN,0.48239452,0.4023366,0.11526884,True
2026-04-20 18:30:00+00:00,ICICIBANK.NS,1376.79296875,DOWN,4,0,0,DOWN,DOWN,0.5510182,0.22302353,0.2259583,True
2026-04-20 18:30:00+00:00,TMPV.NS,352.97198486328125,UP,4,2,2,UP,UP,0.423563,0.113067105,0.46336988,True
2026-04-21 18:30:00+00:00,RELIANCE.NS,1355.8311767578125,DOWN,4,0,0,DOWN,DOWN,0.39614952,0.2426949,0.3611556,True
2026-04-21 18:30:00+00:00,ITC.NS,297.3978881835937,DOWN,4,0,2,DOWN,UP,0.034473136,0.14033408,0.8251928,False
2026-04-21 18:30:00+00:00,TMPV.NS,358.873046875,UP,4,2,2,UP,UP,0.39099723,0.15767336,0.45132938,True
2026-04-21 18:30:00+00:00,INFY.NS,1241.729736328125,DOWN,4,0,2,DOWN,UP,0.20956536,0.20272055,0.58771414,False
2026-04-21 18:30:00+00:00,TCS.NS,2490.883544921875,DOWN,4,0,2,DOWN,UP,0.1345603,0.19031322,0.6751265,False
2026-04-21 18:30:00+00:00,HDFCBANK.NS,786.8853759765625,DOWN,4,0,0,DOWN,DOWN,0.44176465,0.42921874,0.12901656,True
2026-04-21 18:30:00+00:00,ICICIBANK.NS,1356.166748046875,DOWN,4,0,0,DOWN,DOWN,0.55570567,0.2017222,0.24257208,True
2026-04-21 18:30:00+00:00,LT.NS,3982.20458984375,STAY,4,1,0,STAY,DOWN,0.376845,0.32849604,0.29465893,False
2026-04-21 18:30:00+00:00,BHARTIARTL.NS,1806.2677001953125,STAY,4,1,2,STAY,UP,0.33677366,0.22421108,0.4390152,False
2026-04-21 18:30:00+00:00,SBIN.NS,1083.76513671875,DOWN,4,0,0,DOWN,DOWN,0.5319677,0.17966996,0.28836238,True
2026-04-22 18:30:00+00:00,ICICIBANK.NS,1336.730712890625,DOWN,4,0,0,DOWN,DOWN,0.4117881,0.27241492,0.315797,True
2026-04-22 18:30:00+00:00,ITC.NS,297.20318603515625,DOWN,4,0,2,DOWN,UP,0.030429734,0.13331847,0.8362518,False
2026-04-22 18:30:00+00:00,BHARTIARTL.NS,1818.3160400390625,STAY,4,1,2,STAY,UP,0.36396658,0.22763829,0.40839508,False
2026-04-22 18:30:00+00:00,LT.NS,4014.88525390625,STAY,4,1,0,STAY,DOWN,0.4288219,0.27456847,0.2966096,False
2026-04-22 18:30:00+00:00,RELIANCE.NS,1337.21728515625,DOWN,4,0,2,DOWN,UP,0.31059626,0.29537228,0.3940315,False
2026-04-22 18:30:00+00:00,HDFCBANK.NS,771.5883178710938,DOWN,4,0,1,DOWN,STAY,0.4040783,0.43789005,0.1580316,False
2026-04-22 18:30:00+00:00,TMPV.NS,349.05450439453125,UP,4,2,2,UP,UP,0.3245305,0.09879076,0.5766787,True
2026-04-22 18:30:00+00:00,INFY.NS,1214.32275390625,DOWN,4,0,2,DOWN,UP,0.15314674,0.17280136,0.6740519,False
2026-04-22 18:30:00+00:00,SBIN.NS,1074.875244140625,DOWN,4,0,0,DOWN,DOWN,0.53388596,0.14992139,0.31619266,True
2026-04-22 18:30:00+00:00,TCS.NS,2474.496826171875,DOWN,4,0,2,DOWN,UP,0.13084659,0.1813413,0.6878121,False
2026-04-23 18:30:00+00:00,ICICIBANK.NS,1315.1129150390625,DOWN,4,0,2,DOWN,UP,0.35494968,0.28344026,0.36161008,False
2026-04-23 18:30:00+00:00,ITC.NS,293.6013488769531,DOWN,4,0,2,DOWN,UP,0.030312423,0.13701357,0.832674,False
2026-04-23 18:30:00+00:00,BHARTIARTL.NS,1791.9478759765625,STAY,4,1,2,STAY,UP,0.3505581,0.21187358,0.43756837,False
2026-04-23 18:30:00+00:00,LT.NS,3975.47021484375,STAY,4,1,0,STAY,DOWN,0.37035686,0.3543183,0.27532482,False
2026-04-23 18:30:00+00:00,SBIN.NS,1081.60400390625,DOWN,4,0,0,DOWN,DOWN,0.5224833,0.14606833,0.33144838,True
2026-04-23 18:30:00+00:00,TCS.NS,2351.939453125,DOWN,4,0,2,DOWN,UP,0.08468401,0.101490036,0.81382596,False
2026-04-23 18:30:00+00:00,HDFCBANK.NS,772.0802001953125,DOWN,4,0,1,DOWN,STAY,0.33673722,0.50824714,0.1550156,False
2026-04-23 18:30:00+00:00,INFY.NS,1130.144287109375,UP,4,2,2,UP,UP,0.15677035,0.09564394,0.7475857,True
2026-04-23 18:30:00+00:00,RELIANCE.NS,1321.6890869140625,DOWN,4,0,2,DOWN,UP,0.28789333,0.33016118,0.38194543,False
2026-04-23 18:30:00+00:00,TMPV.NS,347.6164245605469,UP,4,2,2,UP,UP,0.3029037,0.171662,0.52543426,True
2026-04-26 18:30:00+00:00,TMPV.NS,351.43475341796875,UP,4,2,2,UP,UP,0.40625986,0.13525483,0.45848528,True
2026-04-26 18:30:00+00:00,TCS.NS,2401.6884765625,DOWN,4,0,2,DOWN,UP,0.11610575,0.1177381,0.7661562,False
2026-04-26 18:30:00+00:00,SBIN.NS,1092.1636962890625,DOWN,4,0,0,DOWN,DOWN,0.45202774,0.16918722,0.37878504,True
2026-04-26 18:30:00+00:00,LT.NS,4014.39013671875,DOWN,4,0,0,DOWN,DOWN,0.44985133,0.27021754,0.27993116,True
2026-04-26 18:30:00+00:00,HDFCBANK.NS,776.9496459960938,DOWN,4,0,1,DOWN,STAY,0.3567409,0.49094498,0.15231419,False
2026-04-26 18:30:00+00:00,BHARTIARTL.NS,1797.478271484375,STAY,4,1,2,STAY,UP,0.35048082,0.20825559,0.44126356,False
2026-04-26 18:30:00+00:00,ICICIBANK.NS,1303.114013671875,DOWN,4,0,2,DOWN,UP,0.31584737,0.30489466,0.37925798,False
2026-04-26 18:30:00+00:00,RELIANCE.NS,1359.51416015625,DOWN,4,0,2,DOWN,UP,0.3333415,0.2764838,0.3901747,False
2026-04-26 18:30:00+00:00,ITC.NS,295.7916564941406,DOWN,4,0,2,DOWN,UP,0.031746972,0.14008763,0.82816535,False
2026-04-26 18:30:00+00:00,INFY.NS,1145.5118408203125,STAY,4,1,2,STAY,UP,0.15150474,0.10818745,0.74030775,False
2026-04-27 18:30:00+00:00,LT.NS,3998.643798828125,DOWN,4,0,0,DOWN,DOWN,0.4067293,0.30531862,0.28795213,True
2026-04-27 18:30:00+00:00,TMPV.NS,347.9139404296875,UP,4,2,2,UP,UP,0.3298606,0.12944777,0.5406916,True
2026-04-27 18:30:00+00:00,ITC.NS,296.3757629394531,DOWN,4,0,2,DOWN,UP,0.034690827,0.12835757,0.8369516,False
2026-04-27 18:30:00+00:00,RELIANCE.NS,1382.5078125,DOWN,4,0,0,DOWN,DOWN,0.41328046,0.27391884,0.31280068,True
2026-04-27 18:30:00+00:00,ICICIBANK.NS,1281.1988525390625,STAY,4,1,2,STAY,UP,0.28647345,0.281852,0.4316745,False
2026-04-27 18:30:00+00:00,BHARTIARTL.NS,1820.8837890625,DOWN,4,0,2,DOWN,UP,0.3890606,0.19780011,0.4131393,False
2026-04-27 18:30:00+00:00,INFY.NS,1127.697265625,UP,4,2,2,UP,UP,0.17440541,0.09395342,0.7316411,True
2026-04-27 18:30:00+00:00,SBIN.NS,1071.9775390625,DOWN,4,0,0,DOWN,DOWN,0.46384618,0.16909394,0.36705986,True
2026-04-27 18:30:00+00:00,TCS.NS,2398.8427734375,DOWN,4,0,2,DOWN,UP,0.102347516,0.1166326,0.78101987,False
2026-04-27 18:30:00+00:00,HDFCBANK.NS,769.817626953125,DOWN,4,0,1,DOWN,STAY,0.3346624,0.48943555,0.17590205,False
2026-04-28 18:30:00+00:00,ICICIBANK.NS,1270.290771484375,STAY,4,1,2,STAY,UP,0.24910119,0.2763734,0.47452542,False
2026-04-28 18:30:00+00:00,BHARTIARTL.NS,1864.6331787109373,DOWN,4,0,2,DOWN,UP,0.40443757,0.18038674,0.4151757,False
2026-04-28 18:30:00+00:00,SBIN.NS,1067.655517578125,DOWN,4,0,2,DOWN,UP,0.38556775,0.1447774,0.46965486,False
2026-04-28 18:30:00+00:00,LT.NS,4056.47900390625,DOWN,4,0,0,DOWN,DOWN,0.53226006,0.23548156,0.23225838,True
2026-04-28 18:30:00+00:00,ITC.NS,307.86279296875,DOWN,4,0,2,DOWN,UP,0.042756844,0.14635667,0.8108865,False
2026-04-28 18:30:00+00:00,TMPV.NS,349.79833984375,UP,4,2,2,UP,UP,0.3715141,0.16355544,0.4649304,True
2026-04-28 18:30:00+00:00,HDFCBANK.NS,766.3253784179688,DOWN,4,0,0,DOWN,DOWN,0.4237998,0.31459573,0.26160446,True
2026-04-28 18:30:00+00:00,RELIANCE.NS,1418.83984375,DOWN,4,0,0,DOWN,DOWN,0.4501493,0.26055247,0.28929824,True
2026-04-28 18:30:00+00:00,TCS.NS,2428.280029296875,DOWN,4,0,2,DOWN,UP,0.10007592,0.18645051,0.71347356,False
2026-04-28 18:30:00+00:00,INFY.NS,1142.7711181640625,STAY,4,1,2,STAY,UP,0.17301251,0.12167707,0.7053104,False
2026-04-29 18:30:00+00:00,HDFCBANK.NS,759.1441650390625,DOWN,4,0,0,DOWN,DOWN,0.5126198,0.23990399,0.2474762,True
2026-04-29 18:30:00+00:00,BHARTIARTL.NS,1863.349365234375,DOWN,4,0,2,DOWN,UP,0.37193277,0.17493656,0.4531307,False
2026-04-29 18:30:00+00:00,SBIN.NS,1049.5321044921875,DOWN,4,0,2,DOWN,UP,0.40711606,0.14108959,0.4517944,False
2026-04-29 18:30:00+00:00,LT.NS,3975.173095703125,DOWN,4,0,1,DOWN,STAY,0.33371755,0.37197006,0.2943124,False
2026-04-29 18:30:00+00:00,RELIANCE.NS,1424.215087890625,DOWN,4,0,0,DOWN,DOWN,0.45430464,0.23244734,0.31324804,True
2026-04-29 18:30:00+00:00,ICICIBANK.NS,1252.8380126953125,UP,4,2,2,UP,UP,0.2838419,0.22633457,0.48982346,True
2026-04-29 18:30:00+00:00,ITC.NS,306.548583984375,DOWN,4,0,2,DOWN,UP,0.042995516,0.12825844,0.828746,False
2026-04-29 18:30:00+00:00,TMPV.NS,338.74005126953125,UP,4,2,2,UP,UP,0.18464768,0.17742832,0.637924,True
2026-04-29 18:30:00+00:00,TCS.NS,2427.4951171875,DOWN,4,0,2,DOWN,UP,0.10965021,0.1185891,0.7717607,False
2026-04-29 18:30:00+00:00,INFY.NS,1156.768310546875,DOWN,4,0,2,DOWN,UP,0.204493,0.089328445,0.7061786,False
2026-04-30 18:30:00+00:00,ITC.NS,306.548583984375,DOWN,4,0,2,DOWN,UP,0.046991426,0.15349029,0.7995183,False
2026-04-30 18:30:00+00:00,INFY.NS,1156.768310546875,DOWN,4,0,2,DOWN,UP,0.1816175,0.1309973,0.6873852,False
2026-04-30 18:30:00+00:00,TMPV.NS,338.74005126953125,UP,4,2,2,UP,UP,0.17587927,0.10749681,0.71662396,True
2026-04-30 18:30:00+00:00,LT.NS,3975.173095703125,STAY,4,1,1,STAY,STAY,0.31835258,0.39662293,0.2850245,True
2026-04-30 18:30:00+00:00,RELIANCE.NS,1424.215087890625,DOWN,4,0,0,DOWN,DOWN,0.4054058,0.2578637,0.33673048,True
2026-04-30 18:30:00+00:00,SBIN.NS,1049.5321044921875,DOWN,4,0,2,DOWN,UP,0.349444,0.14658645,0.50396955,False
2026-04-30 18:30:00+00:00,ICICIBANK.NS,1252.8380126953125,UP,4,2,2,UP,UP,0.2667355,0.24659014,0.4866744,True
2026-04-30 18:30:00+00:00,TCS.NS,2427.4951171875,DOWN,4,0,2,DOWN,UP,0.08799615,0.13654967,0.77545416,False
2026-04-30 18:30:00+00:00,HDFCBANK.NS,759.1441650390625,STAY,4,1,0,STAY,DOWN,0.39775845,0.2709305,0.33131102,False
2026-04-30 18:30:00+00:00,BHARTIARTL.NS,1863.349365234375,DOWN,4,0,2,DOWN,UP,0.28553912,0.17574571,0.5387152,False
2026-05-04 18:30:00+00:00,ITC.NS,303.19012451171875,DOWN,4,0,2,DOWN,UP,0.045626428,0.15306963,0.8013039,False
2026-05-04 18:30:00+00:00,TMPV.NS,337.3515625,UP,4,2,2,UP,UP,0.23171897,0.12567286,0.64260817,True
2026-05-04 18:30:00+00:00,TCS.NS,2381.76953125,DOWN,4,0,2,DOWN,UP,0.0892168,0.10370851,0.80707467,False
2026-05-04 18:30:00+00:00,INFY.NS,1153.1466064453125,STAY,4,1,2,STAY,UP,0.225388,0.121407226,0.65320474,False
2026-05-04 18:30:00+00:00,SBIN.NS,1041.133544921875,DOWN,4,0,2,DOWN,UP,0.37958485,0.15640803,0.4640071,False
2026-05-04 18:30:00+00:00,LT.NS,4015.28125,UP,4,2,1,UP,STAY,0.36920756,0.3987467,0.23204572,False
2026-05-04 18:30:00+00:00,BHARTIARTL.NS,1783.65234375,UP,4,2,2,UP,UP,0.3312615,0.15866566,0.5100729,True
2026-05-04 18:30:00+00:00,HDFCBANK.NS,759.734375,STAY,4,1,0,STAY,DOWN,0.42080897,0.24719888,0.33199212,False
2026-05-04 18:30:00+00:00,ICICIBANK.NS,1240.839111328125,UP,4,2,2,UP,UP,0.29201898,0.215929,0.49205208,True
2026-05-04 18:30:00+00:00,RELIANCE.NS,1456.864013671875,DOWN,4,0,0,DOWN,DOWN,0.6140934,0.1782497,0.20765689,True
2026-05-05 18:30:00+00:00,RELIANCE.NS,1431.2823486328125,DOWN,4,0,0,DOWN,DOWN,0.4922059,0.23746552,0.2703286,True
2026-05-05 18:30:00+00:00,TMPV.NS,355.2034606933594,STAY,4,1,0,STAY,DOWN,0.43967783,0.16893765,0.39138457,False
2026-05-05 18:30:00+00:00,INFY.NS,1142.4774169921875,STAY,4,1,2,STAY,UP,0.24523099,0.14923277,0.6055362,False
2026-05-05 18:30:00+00:00,TCS.NS,2389.71728515625,DOWN,4,0,2,DOWN,UP,0.091989376,0.10736501,0.80064565,False
2026-05-05 18:30:00+00:00,BHARTIARTL.NS,1810.9091796875,UP,4,2,2,UP,UP,0.31520683,0.17167623,0.51311696,True
2026-05-05 18:30:00+00:00,HDFCBANK.NS,783.58984375,STAY,4,1,0,STAY,DOWN,0.43011466,0.2948978,0.2749875,False
2026-05-05 18:30:00+00:00,ICICIBANK.NS,1268.8033447265625,UP,4,2,2,UP,UP,0.2794324,0.23923486,0.48133272,True
2026-05-05 18:30:00+00:00,ITC.NS,302.4599914550781,DOWN,4,0,2,DOWN,UP,0.04191303,0.16006134,0.7980256,False
2026-05-05 18:30:00+00:00,SBIN.NS,1076.5943603515625,DOWN,4,0,2,DOWN,UP,0.37819263,0.13233186,0.48947546,False
2026-05-05 18:30:00+00:00,LT.NS,3969.726318359375,UP,4,2,1,UP,STAY,0.31228682,0.38515586,0.30255735,False
2026-05-06 18:30:00+00:00,TMPV.NS,356.29443359375,STAY,4,1,2,STAY,UP,0.35247356,0.109546326,0.53798014,False
2026-05-06 18:30:00+00:00,ICICIBANK.NS,1268.3074951171875,UP,4,2,2,UP,UP,0.3353829,0.20496292,0.45965412,True
2026-05-06 18:30:00+00:00,TCS.NS,2356.35498046875,DOWN,4,0,2,DOWN,UP,0.098244585,0.10571746,0.7960379,False
2026-05-06 18:30:00+00:00,HDFCBANK.NS,783.0979614257812,STAY,4,1,0,STAY,DOWN,0.4371976,0.2541198,0.30868268,False
2026-05-06 18:30:00+00:00,BHARTIARTL.NS,1803.8974609375,UP,4,2,2,UP,UP,0.34333625,0.15067267,0.5059911,True
2026-05-06 18:30:00+00:00,INFY.NS,1138.07275390625,STAY,4,1,2,STAY,UP,0.26424947,0.15297347,0.582777,False
2026-05-06 18:30:00+00:00,RELIANCE.NS,1429.590087890625,DOWN,4,0,0,DOWN,DOWN,0.43739957,0.2724674,0.290133,True
2026-05-06 18:30:00+00:00,SBIN.NS,1072.6651611328125,DOWN,4,0,2,DOWN,UP,0.39298448,0.14013146,0.46688402,False
2026-05-06 18:30:00+00:00,ITC.NS,299.2474975585937,DOWN,4,0,2,DOWN,UP,0.037994113,0.13621148,0.8257944,False
2026-05-06 18:30:00+00:00,LT.NS,3984.0859375,UP,4,2,0,UP,DOWN,0.4046738,0.34914514,0.24618106,False
2026-05-07 18:30:00+00:00,TCS.NS,2349.486083984375,DOWN,4,0,2,DOWN,UP,0.097372375,0.10043913,0.8021885,False
2026-05-07 18:30:00+00:00,ITC.NS,299.29620361328125,DOWN,4,0,2,DOWN,UP,0.035523355,0.16073985,0.8037368,False
2026-05-07 18:30:00+00:00,TMPV.NS,352.52569580078125,STAY,4,1,2,STAY,UP,0.32770222,0.11673835,0.55555946,False
2026-05-07 18:30:00+00:00,HDFCBANK.NS,768.145263671875,STAY,4,1,0,STAY,DOWN,0.4311839,0.24364336,0.32517272,False
2026-05-07 18:30:00+00:00,SBIN.NS,1001.2523193359376,UP,4,2,2,UP,UP,0.36577192,0.12561874,0.5086093,True
2026-05-07 18:30:00+00:00,BHARTIARTL.NS,1811.6993408203125,UP,4,2,2,UP,UP,0.31457317,0.15694748,0.52847934,True
2026-05-07 18:30:00+00:00,ICICIBANK.NS,1254.226318359375,UP,4,2,2,UP,UP,0.28079048,0.2611896,0.45801985,True
2026-05-07 18:30:00+00:00,INFY.NS,1154.2232666015625,DOWN,4,0,2,DOWN,UP,0.24685323,0.16964507,0.5835017,False
2026-05-07 18:30:00+00:00,RELIANCE.NS,1428.5947265625,DOWN,4,0,0,DOWN,DOWN,0.4201673,0.272558,0.30727467,True
2026-05-07 18:30:00+00:00,LT.NS,3936.05517578125,UP,4,2,1,UP,STAY,0.36170188,0.41729125,0.22100686,False
2026-05-10 18:30:00+00:00,SBIN.NS,956.3615112304688,UP,4,2,2,UP,UP,0.35686538,0.11173357,0.5314011,True
2026-05-10 18:30:00+00:00,TCS.NS,2348.014404296875,DOWN,4,0,2,DOWN,UP,0.093949355,0.09328931,0.8127613,False
2026-05-10 18:30:00+00:00,RELIANCE.NS,1381.81103515625,DOWN,4,0,2,DOWN,UP,0.33045894,0.3031844,0.36635664,False
2026-05-10 18:30:00+00:00,HDFCBANK.NS,751.2251586914062,UP,4,2,0,UP,DOWN,0.43069616,0.23303787,0.33626598,False
2026-05-10 18:30:00+00:00,ICICIBANK.NS,1255.8128662109375,UP,4,2,0,UP,DOWN,0.37883404,0.25017262,0.37099335,False
2026-05-10 18:30:00+00:00,TMPV.NS,343.1534423828125,UP,4,2,2,UP,UP,0.23370044,0.120445006,0.64585453,True
2026-05-10 18:30:00+00:00,LT.NS,3902.0869140625,UP,4,2,1,UP,STAY,0.3275497,0.43860444,0.23384593,False
2026-05-10 18:30:00+00:00,BHARTIARTL.NS,1737.9278564453125,UP,4,2,2,UP,UP,0.3425614,0.14907378,0.5083648,True
2026-05-10 18:30:00+00:00,ITC.NS,297.7386169433594,DOWN,4,0,2,DOWN,UP,0.036781654,0.15720123,0.80601716,False
2026-05-10 18:30:00+00:00,INFY.NS,1152.0699462890625,DOWN,4,0,2,DOWN,UP,0.22286998,0.15092507,0.62620497,False
2026-05-11 18:30:00+00:00,TCS.NS,2257.151611328125,DOWN,4,0,2,DOWN,UP,0.08219371,0.08537779,0.83242846,False
2026-05-11 18:30:00+00:00,HDFCBANK.NS,738.2399291992188,UP,4,2,0,UP,DOWN,0.43017974,0.23227637,0.3375439,False
2026-05-11 18:30:00+00:00,BHARTIARTL.NS,1734.965087890625,UP,4,2,2,UP,UP,0.35872775,0.13175447,0.5095177,True
2026-05-11 18:30:00+00:00,RELIANCE.NS,1357.722412109375,DOWN,4,0,2,DOWN,UP,0.34486374,0.23651233,0.41862395,False
2026-05-11 18:30:00+00:00,LT.NS,3819.196533203125,UP,4,2,0,UP,DOWN,0.48721758,0.35940215,0.15338023,False
2026-05-11 18:30:00+00:00,ITC.NS,292.7252197265625,STAY,4,1,2,STAY,UP,0.04385168,0.13157234,0.824576,False
2026-05-11 18:30:00+00:00,INFY.NS,1116.1473388671875,DOWN,4,0,2,DOWN,UP,0.21420841,0.16666852,0.61912304,False
2026-05-11 18:30:00+00:00,SBIN.NS,957.3438110351562,UP,4,2,2,UP,UP,0.3189976,0.13603804,0.5449644,True
2026-05-11 18:30:00+00:00,ICICIBANK.NS,1229.93115234375,UP,4,2,0,UP,DOWN,0.3702257,0.2620588,0.36771545,False
2026-05-11 18:30:00+00:00,TMPV.NS,334.0787353515625,UP,4,2,2,UP,UP,0.10957059,0.10914644,0.78128296,True
2026-05-12 18:30:00+00:00,BHARTIARTL.NS,1766.9622802734375,UP,4,2,2,UP,UP,0.37147343,0.16557533,0.46295118,True
2026-05-12 18:30:00+00:00,TMPV.NS,334.0787353515625,UP,4,2,2,UP,UP,0.13302048,0.094809555,0.77217,True
2026-05-12 18:30:00+00:00,ITC.NS,296.3757629394531,DOWN,4,0,2,DOWN,UP,0.03991597,0.15816909,0.801915,False
2026-05-12 18:30:00+00:00,INFY.NS,1099.3115234375,DOWN,4,0,2,DOWN,UP,0.30123925,0.12869367,0.5700671,False
2026-05-12 18:30:00+00:00,LT.NS,3877.923095703125,UP,4,2,0,UP,DOWN,0.5332418,0.36055833,0.10619984,False
2026-05-12 18:30:00+00:00,SBIN.NS,952.9234619140624,UP,4,2,2,UP,UP,0.404948,0.12715003,0.46790195,True
2026-05-12 18:30:00+00:00,HDFCBANK.NS,737.4037475585938,UP,4,2,0,UP,DOWN,0.38936505,0.25009602,0.360539,False
2026-05-12 18:30:00+00:00,RELIANCE.NS,1352.54638671875,DOWN,4,0,2,DOWN,UP,0.328149,0.21045102,0.4614,False
2026-05-12 18:30:00+00:00,TCS.NS,2230.167236328125,DOWN,4,0,2,DOWN,UP,0.0791356,0.073446944,0.8474174,False
2026-05-12 18:30:00+00:00,ICICIBANK.NS,1225.2703857421875,UP,4,2,0,UP,DOWN,0.3649588,0.30088484,0.33415636,False
2026-05-13 18:30:00+00:00,INFY.NS,1071.8067626953125,DOWN,4,0,2,DOWN,UP,0.24333343,0.10869434,0.6479722,False
2026-05-13 18:30:00+00:00,BHARTIARTL.NS,1860.09033203125,STAY,4,1,2,STAY,UP,0.38922092,0.17221645,0.4385626,False
2026-05-13 18:30:00+00:00,RELIANCE.NS,1355.5325927734375,DOWN,4,0,2,DOWN,UP,0.31956613,0.25254652,0.4278874,False
2026-05-13 18:30:00+00:00,SBIN.NS,962.5499877929688,UP,4,2,0,UP,DOWN,0.4498274,0.1311613,0.4190113,False
2026-05-13 18:30:00+00:00,TCS.NS,2203.8701171875,DOWN,4,0,2,DOWN,UP,0.09195745,0.07661186,0.83143073,False
2026-05-13 18:30:00+00:00,TMPV.NS,335.96307373046875,UP,4,2,2,UP,UP,0.13947794,0.11130764,0.7492145,True
2026-05-13 18:30:00+00:00,HDFCBANK.NS,757.0291748046875,UP,4,2,2,UP,UP,0.37241155,0.23055732,0.39703116,True
2026-05-13 18:30:00+00:00,ITC.NS,299.0528259277344,DOWN,4,0,2,DOWN,UP,0.039442856,0.19139494,0.76916224,False
2026-05-13 18:30:00+00:00,ICICIBANK.NS,1235.5833740234375,UP,4,2,0,UP,DOWN,0.36612067,0.3026355,0.33124384,False
2026-05-13 18:30:00+00:00,LT.NS,3902.284912109375,UP,4,2,0,UP,DOWN,0.65117306,0.26955846,0.07926848,False
2026-05-14 18:30:00+00:00,RELIANCE.NS,1330.24951171875,STAY,4,1,2,STAY,UP,0.28905874,0.18566565,0.5252756,False
2026-05-14 18:30:00+00:00,SBIN.NS,963.2000122070312,UP,4,2,0,UP,DOWN,0.50217396,0.12873,0.36909604,False
2026-05-14 18:30:00+00:00,HDFCBANK.NS,755.0125122070312,UP,4,2,2,UP,UP,0.31980288,0.26674077,0.41345638,True
2026-05-14 18:30:00+00:00,ICICIBANK.NS,1234.095947265625,UP,4,2,2,UP,UP,0.32518035,0.33535677,0.33946288,True
2026-05-14 18:30:00+00:00,INFY.NS,1095.2984619140625,DOWN,4,0,2,DOWN,UP,0.24423471,0.1397837,0.6159816,False
2026-05-14 18:30:00+00:00,TMPV.NS,353.6166381835937,STAY,4,1,2,STAY,UP,0.24903828,0.089475185,0.66148657,False
2026-05-14 18:30:00+00:00,TCS.NS,2221.532470703125,DOWN,4,0,2,DOWN,UP,0.082132034,0.081473894,0.836394,False
2026-05-14 18:30:00+00:00,BHARTIARTL.NS,1881.7181396484373,DOWN,4,0,2,DOWN,UP,0.40724805,0.14949809,0.44325384,False
2026-05-14 18:30:00+00:00,LT.NS,3871.188720703125,UP,4,2,0,UP,DOWN,0.52389395,0.36969987,0.10640619,False
2026-05-14 18:30:00+00:00,ITC.NS,301.2431640625,DOWN,4,0,2,DOWN,UP,0.036811844,0.17747818,0.78571,False
2026-05-17 18:30:00+00:00,RELIANCE.NS,1329.7518310546875,DOWN,4,0,2,DOWN,UP,0.29061714,0.24250418,0.46687868,False
2026-05-17 18:30:00+00:00,SBIN.NS,939.4000244140624,UP,4,2,0,UP,DOWN,0.58778805,0.093353964,0.31885803,False
2026-05-17 18:30:00+00:00,TMPV.NS,350.2445983886719,STAY,4,1,2,STAY,UP,0.20212714,0.13775751,0.66011536,False
2026-05-17 18:30:00+00:00,LT.NS,3879.903564453125,UP,4,2,0,UP,DOWN,0.6453425,0.27408922,0.080568254,False
2026-05-17 18:30:00+00:00,INFY.NS,1118.3006591796875,DOWN,4,0,2,DOWN,UP,0.23897243,0.16096045,0.6000671,False
2026-05-17 18:30:00+00:00,TCS.NS,2240.3720703125,DOWN,4,0,2,DOWN,UP,0.07893701,0.10540754,0.81565547,False
2026-05-17 18:30:00+00:00,HDFCBANK.NS,756.143798828125,UP,4,2,2,UP,UP,0.24343282,0.20362908,0.55293816,True
2026-05-17 18:30:00+00:00,ITC.NS,301.924560546875,DOWN,4,0,2,DOWN,UP,0.040403925,0.18330418,0.7762919,False
2026-05-17 18:30:00+00:00,ICICIBANK.NS,1240.6407470703125,UP,4,2,1,UP,STAY,0.32443973,0.35690913,0.31865117,False
2026-05-17 18:30:00+00:00,BHARTIARTL.NS,1914.01171875,DOWN,4,0,0,DOWN,DOWN,0.38241434,0.2398898,0.37769583,True
2026-05-18 18:30:00+00:00,BHARTIARTL.NS,1889.7174072265625,DOWN,4,0,2,DOWN,UP,0.40323147,0.1668424,0.42992616,False
2026-05-18 18:30:00+00:00,INFY.NS,1171.5484619140625,DOWN,4,0,2,DOWN,UP,0.279155,0.27114925,0.44969574,False
2026-05-18 18:30:00+00:00,ICICIBANK.NS,1230.4268798828125,UP,4,2,2,UP,UP,0.32331732,0.32168087,0.35500184,True
2026-05-18 18:30:00+00:00,SBIN.NS,948.7999877929688,UP,4,2,0,UP,DOWN,0.6103131,0.11043504,0.27925184,False
2026-05-18 18:30:00+00:00,HDFCBANK.NS,750.044677734375,UP,4,2,2,UP,UP,0.24921954,0.17848231,0.57229817,True
2026-05-18 18:30:00+00:00,TMPV.NS,358.2283935546875,STAY,4,1,2,STAY,UP,0.34952,0.15053499,0.49994498,False
2026-05-18 18:30:00+00:00,LT.NS,3883.07275390625,UP,4,2,0,UP,DOWN,0.7051188,0.22245081,0.0724304,False
2026-05-18 18:30:00+00:00,ITC.NS,302.0705871582031,DOWN,4,0,2,DOWN,UP,0.039231792,0.17671956,0.7840487,False
2026-05-18 18:30:00+00:00,TCS.NS,2283.448974609375,DOWN,4,0,2,DOWN,UP,0.10407695,0.14638083,0.7495422,False
2026-05-18 18:30:00+00:00,RELIANCE.NS,1316.6124267578125,STAY,4,1,2,STAY,UP,0.4019346,0.17790383,0.42016158,False
2026-05-19 18:30:00+00:00,TMPV.NS,358.2779846191406,DOWN,4,0,2,DOWN,UP,0.30568296,0.11131908,0.582998,False
2026-05-19 18:30:00+00:00,HDFCBANK.NS,747.1427001953125,UP,4,2,2,UP,UP,0.23154736,0.20230973,0.566143,True
2026-05-19 18:30:00+00:00,LT.NS,3872.872314453125,UP,4,2,0,UP,DOWN,0.6613379,0.24825932,0.09040277,False
2026-05-19 18:30:00+00:00,INFY.NS,1168.4161376953125,DOWN,4,0,2,DOWN,UP,0.36066434,0.18319063,0.45614502,False
2026-05-19 18:30:00+00:00,BHARTIARTL.NS,1881.224365234375,STAY,4,1,0,STAY,DOWN,0.4307539,0.16193601,0.4073101,False
2026-05-19 18:30:00+00:00,RELIANCE.NS,1353.442138671875,DOWN,4,0,2,DOWN,UP,0.3005811,0.19337344,0.50604546,False
2026-05-19 18:30:00+00:00,TCS.NS,2283.7431640625,DOWN,4,0,2,DOWN,UP,0.089650124,0.09562575,0.8147241,False
2026-05-19 18:30:00+00:00,ITC.NS,299.3935241699219,DOWN,4,0,2,DOWN,UP,0.03389771,0.17146045,0.79464185,False
2026-05-19 18:30:00+00:00,ICICIBANK.NS,1226.9561767578125,UP,4,2,1,UP,STAY,0.24744944,0.4321166,0.32043397,False
2026-05-19 18:30:00+00:00,SBIN.NS,950.9000244140624,UP,4,2,0,UP,DOWN,0.64041275,0.107388124,0.2521991,False
2026-05-20 18:30:00+00:00,TMPV.NS,358.3771667480469,DOWN,4,0,2,DOWN,UP,0.33780017,0.10619436,0.5560054,False
2026-05-20 18:30:00+00:00,ICICIBANK.NS,1232.41015625,UP,4,2,1,UP,STAY,0.24399462,0.45048988,0.30551547,False
2026-05-20 18:30:00+00:00,SBIN.NS,950.9000244140624,UP,4,2,0,UP,DOWN,0.60193855,0.112293735,0.28576773,False
2026-05-20 18:30:00+00:00,ITC.NS,299.8802490234375,DOWN,4,0,2,DOWN,UP,0.036490474,0.17611612,0.7873934,False
2026-05-20 18:30:00+00:00,INFY.NS,1156.180908203125,DOWN,4,0,2,DOWN,UP,0.30184236,0.19045801,0.50769967,False
2026-05-20 18:30:00+00:00,HDFCBANK.NS,746.7984008789062,UP,4,2,2,UP,UP,0.26593614,0.17362055,0.56044334,True
2026-05-20 18:30:00+00:00,TCS.NS,2283.546875,DOWN,4,0,2,DOWN,UP,0.10371755,0.124319255,0.77196324,False
2026-05-20 18:30:00+00:00,BHARTIARTL.NS,1861.8680419921875,STAY,4,1,2,STAY,UP,0.3850002,0.19669631,0.4183035,False
2026-05-20 18:30:00+00:00,LT.NS,3890.5,UP,4,2,0,UP,DOWN,0.7694939,0.16047572,0.07003047,False
2026-05-20 18:30:00+00:00,RELIANCE.NS,1343.388671875,DOWN,4,0,2,DOWN,UP,0.31067187,0.21312015,0.476208,False
2026-05-21 18:30:00+00:00,RELIANCE.NS,1348.26611328125,DOWN,4,0,2,DOWN,UP,0.35093454,0.19308755,0.45597795,False
2026-05-21 18:30:00+00:00,BHARTIARTL.NS,1848.1407470703125,UP,4,2,2,UP,UP,0.3548474,0.19256319,0.45258936,True
2026-05-21 18:30:00+00:00,ICICIBANK.NS,1253.73046875,UP,4,2,1,UP,STAY,0.27335903,0.45386377,0.2727772,False
2026-05-21 18:30:00+00:00,SBIN.NS,949.2000122070312,UP,4,2,0,UP,DOWN,0.6211857,0.111259006,0.26755527,False
2026-05-21 18:30:00+00:00,HDFCBANK.NS,754.3239135742188,UP,4,2,2,UP,UP,0.26633048,0.20862882,0.5250407,True
2026-05-21 18:30:00+00:00,INFY.NS,1149.622802734375,DOWN,4,0,2,DOWN,UP,0.2534382,0.195403,0.5511588,False
2026-05-21 18:30:00+00:00,TCS.NS,2273.83251953125,DOWN,4,0,2,DOWN,UP,0.11663294,0.116034776,0.76733226,False
2026-05-21 18:30:00+00:00,ITC.NS,293.6986999511719,STAY,4,1,2,STAY,UP,0.04228321,0.12887801,0.8288388,False
2026-05-21 18:30:00+00:00,TMPV.NS,360.3607177734375,DOWN,4,0,2,DOWN,UP,0.3655539,0.09558643,0.5388597,False
2026-05-21 18:30:00+00:00,LT.NS,3926.60009765625,UP,4,2,0,UP,DOWN,0.7591017,0.16983683,0.071061514,False
2026-05-24 18:30:00+00:00,SBIN.NS,969.5999755859376,UP,4,2,0,UP,DOWN,0.55640996,0.15284765,0.2907424,False
2026-05-24 18:30:00+00:00,ICICIBANK.NS,1281.0006103515625,UP,4,2,1,UP,STAY,0.3233154,0.38295284,0.29373172,False
2026-05-24 18:30:00+00:00,LT.NS,4033.39990234375,STAY,4,1,0,STAY,DOWN,0.75832695,0.18396953,0.057703536,False
2026-05-24 18:30:00+00:00,HDFCBANK.NS,774.0476684570312,UP,4,2,2,UP,UP,0.21877526,0.2393423,0.54188246,True
2026-05-24 18:30:00+00:00,INFY.NS,1143.75,DOWN,4,0,2,DOWN,UP,0.17996505,0.14522654,0.6748084,False
2026-05-24 18:30:00+00:00,TMPV.NS,370.1792602539063,DOWN,4,0,2,DOWN,UP,0.33238718,0.08217137,0.58544147,False
2026-05-24 18:30:00+00:00,BHARTIARTL.NS,1851.49853515625,UP,4,2,2,UP,UP,0.35960597,0.22047582,0.4199182,True
2026-05-24 18:30:00+00:00,RELIANCE.NS,1360.7086181640625,DOWN,4,0,2,DOWN,UP,0.37070626,0.19144379,0.4378499,False
2026-05-24 18:30:00+00:00,ITC.NS,295.8890075683594,DOWN,4,0,2,DOWN,UP,0.038381476,0.16773394,0.7938845,False
2026-05-24 18:30:00+00:00,TCS.NS,2295.61328125,DOWN,4,0,2,DOWN,UP,0.11730704,0.13045716,0.75223583,False
2026-05-25 18:30:00+00:00,BHARTIARTL.NS,1823.9451904296875,UP,4,2,2,UP,UP,0.33919725,0.19159879,0.46920392,True
2026-05-25 18:30:00+00:00,TCS.NS,2263.78759765625,DOWN,4,0,2,DOWN,UP,0.10545852,0.17319413,0.7213474,False
2026-05-25 18:30:00+00:00,HDFCBANK.NS,766.22705078125,UP,4,2,2,UP,UP,0.19873469,0.16365725,0.6376081,True
2026-05-25 18:30:00+00:00,SBIN.NS,968.5,UP,4,2,0,UP,DOWN,0.51990974,0.1500104,0.33007985,False
2026-05-25 18:30:00+00:00,LT.NS,4037.800048828125,STAY,4,1,0,STAY,DOWN,0.7775895,0.16914628,0.053264216,False
2026-05-25 18:30:00+00:00,TMPV.NS,382.4276428222656,DOWN,4,0,2,DOWN,UP,0.40665692,0.1284929,0.46485022,False
2026-05-25 18:30:00+00:00,ICICIBANK.NS,1268.4066162109375,UP,4,2,1,UP,STAY,0.29169863,0.41799316,0.29030812,False
2026-05-25 18:30:00+00:00,ITC.NS,293.6499938964844,STAY,4,1,2,STAY,UP,0.043611147,0.13224134,0.8241475,False
2026-05-25 18:30:00+00:00,INFY.NS,1142.966796875,DOWN,4,0,2,DOWN,UP,0.14100131,0.17638592,0.6826127,False
2026-05-25 18:30:00+00:00,RELIANCE.NS,1350.0579833984375,DOWN,4,0,0,DOWN,DOWN,0.40890718,0.20349859,0.38759428,True
2026-05-26 18:30:00+00:00,ITC.NS,291.95001220703125,DOWN,4,0,2,DOWN,UP,0.042702664,0.16586365,0.7914337,False
2026-05-26 18:30:00+00:00,BHARTIARTL.NS,1829.1793212890625,STAY,4,1,2,STAY,UP,0.361835,0.17330536,0.4648596,False
2026-05-26 18:30:00+00:00,LT.NS,4047.5,DOWN,4,0,0,DOWN,DOWN,0.7986019,0.15119891,0.050199185,True
2026-05-26 18:30:00+00:00,SBIN.NS,967.7999877929688,UP,4,2,0,UP,DOWN,0.50421894,0.1508243,0.34495673,False
2026-05-26 18:30:00+00:00,TMPV.NS,397.6513671875,DOWN,4,0,0,DOWN,DOWN,0.4333099,0.20207341,0.36461666,True
2026-05-26 18:30:00+00:00,ICICIBANK.NS,1262.0601806640625,UP,4,2,1,UP,STAY,0.31192595,0.39470318,0.2933708,False
2026-05-26 18:30:00+00:00,TCS.NS,2271.744140625,DOWN,4,0,2,DOWN,UP,0.099197045,0.14884672,0.7519562,False
2026-05-26 18:30:00+00:00,INFY.NS,1135.3321533203125,DOWN,4,0,2,DOWN,UP,0.13109627,0.14425413,0.72464955,False
2026-05-26 18:30:00+00:00,HDFCBANK.NS,746.3065185546875,UP,4,2,2,UP,UP,0.2939747,0.20105106,0.50497425,True
2026-05-26 18:30:00+00:00,RELIANCE.NS,1344.2845458984375,DOWN,4,0,0,DOWN,DOWN,0.41114375,0.24525104,0.3436052,True
2026-05-27 18:30:00+00:00,BHARTIARTL.NS,1829.1793212890625,UP,4,2,2,UP,UP,0.31486043,0.16202138,0.5231182,True
2026-05-27 18:30:00+00:00,TMPV.NS,397.6513671875,DOWN,4,0,2,DOWN,UP,0.3374374,0.27365446,0.38890812,False
2026-05-27 18:30:00+00:00,HDFCBANK.NS,746.3065185546875,UP,4,2,2,UP,UP,0.11945257,0.14730965,0.73323774,True
2026-05-27 18:30:00+00:00,RELIANCE.NS,1344.2845458984375,DOWN,4,0,2,DOWN,UP,0.29626048,0.26938725,0.43435228,False
2026-05-27 18:30:00+00:00,ITC.NS,291.95001220703125,DOWN,4,0,2,DOWN,UP,0.033353668,0.18682878,0.7798175,False
2026-05-27 18:30:00+00:00,TCS.NS,2271.744140625,DOWN,4,0,2,DOWN,UP,0.086275175,0.12554164,0.7881832,False
2026-05-27 18:30:00+00:00,ICICIBANK.NS,1262.0601806640625,UP,4,2,1,UP,STAY,0.2390681,0.41365695,0.34727493,False
2026-05-27 18:30:00+00:00,LT.NS,4047.5,DOWN,4,0,0,DOWN,DOWN,0.7603624,0.17110768,0.068529956,True
2026-05-27 18:30:00+00:00,SBIN.NS,967.7999877929688,UP,4,2,2,UP,UP,0.37816536,0.1382401,0.48359448,True
2026-05-27 18:30:00+00:00,INFY.NS,1135.3321533203125,DOWN,4,0,2,DOWN,UP,0.09106394,0.12627345,0.7826626,False
2026-05-31 18:30:00+00:00,TMPV.NS,381.7333984375,DOWN,4,0,2,DOWN,UP,0.40709677,0.112444095,0.4804591,False
2026-05-31 18:30:00+00:00,ICICIBANK.NS,1229.3360595703125,UP,4,2,1,UP,STAY,0.2585512,0.43211585,0.309333,False
2026-05-31 18:30:00+00:00,HDFCBANK.NS,730.6160278320312,UP,4,2,2,UP,UP,0.3226027,0.238398,0.43899933,True
2026-05-31 18:30:00+00:00,SBIN.NS,954.0999755859376,UP,4,2,0,UP,DOWN,0.41550246,0.19721381,0.3872837,False
2026-05-31 18:30:00+00:00,BHARTIARTL.NS,1788.0963134765625,UP,4,2,2,UP,UP,0.3566434,0.1498708,0.49348584,True
2026-05-31 18:30:00+00:00,RELIANCE.NS,1313.9249267578125,STAY,4,1,0,STAY,DOWN,0.41283727,0.3134141,0.27374864,False
2026-05-31 18:30:00+00:00,LT.NS,4010.800048828125,DOWN,4,0,0,DOWN,DOWN,0.74434906,0.18341334,0.07223756,True
2026-05-31 18:30:00+00:00,TCS.NS,2284.8720703125,DOWN,4,0,2,DOWN,UP,0.14924142,0.13393065,0.71682787,False
2026-05-31 18:30:00+00:00,INFY.NS,1177.02978515625,DOWN,4,0,2,DOWN,UP,0.20167348,0.18337025,0.6149563,False
2026-05-31 18:30:00+00:00,ITC.NS,279.6499938964844,STAY,4,1,2,STAY,UP,0.070707254,0.13319442,0.7960983,False
2026-06-01 18:30:00+00:00,HDFCBANK.NS,736.0757446289062,UP,4,2,2,UP,UP,0.27969941,0.26123556,0.45906496,True
2026-06-01 18:30:00+00:00,TCS.NS,2433.556884765625,DOWN,4,0,2,DOWN,UP,0.23293315,0.1918249,0.5752419,False
2026-06-01 18:30:00+00:00,INFY.NS,1243.8831787109375,DOWN,4,0,2,DOWN,UP,0.33650634,0.2500742,0.41341949,False
2026-06-01 18:30:00+00:00,ITC.NS,283.25,DOWN,4,0,2,DOWN,UP,0.058620937,0.12804447,0.81333464,False
2026-06-01 18:30:00+00:00,LT.NS,4000.89990234375,DOWN,4,0,0,DOWN,DOWN,0.7348427,0.19989122,0.06526605,True
2026-06-01 18:30:00+00:00,RELIANCE.NS,1308.5498046875,STAY,4,1,0,STAY,DOWN,0.44309524,0.27607065,0.2808341,False
2026-06-01 18:30:00+00:00,TMPV.NS,386.9898071289063,DOWN,4,0,0,DOWN,DOWN,0.4557854,0.18560793,0.35860664,True
2026-06-01 18:30:00+00:00,BHARTIARTL.NS,1791.651611328125,UP,4,2,2,UP,UP,0.35095552,0.14094354,0.5081009,True
2026-06-01 18:30:00+00:00,SBIN.NS,956.6500244140624,UP,4,2,0,UP,DOWN,0.4220273,0.16312563,0.4148471,False
2026-06-01 18:30:00+00:00,ICICIBANK.NS,1216.3455810546875,UP,4,2,1,UP,STAY,0.23373139,0.40683502,0.3594336,False
2026-06-02 18:30:00+00:00,INFY.NS,1196.7039794921875,DOWN,4,0,2,DOWN,UP,0.28924492,0.22855118,0.4822039,False
2026-06-02 18:30:00+00:00,LT.NS,3953.199951171875,DOWN,4,0,0,DOWN,DOWN,0.72489,0.21332945,0.0617806,True
2026-06-02 18:30:00+00:00,ITC.NS,277.0,STAY,4,1,2,STAY,UP,0.056055002,0.10310712,0.84083784,False
2026-06-02 18:30:00+00:00,TMPV.NS,394.8743896484375,DOWN,4,0,2,DOWN,UP,0.3495312,0.11856559,0.5319032,False
2026-06-02 18:30:00+00:00,TCS.NS,2229.475830078125,STAY,4,1,2,STAY,UP,0.11494475,0.16753913,0.7175161,False
2026-06-02 18:30:00+00:00,BHARTIARTL.NS,1801.4285888671875,UP,4,2,2,UP,UP,0.36545235,0.13242693,0.5021207,True
2026-06-02 18:30:00+00:00,RELIANCE.NS,1307.15625,STAY,4,1,0,STAY,DOWN,0.45143256,0.30001667,0.24855079,False
2026-06-02 18:30:00+00:00,ICICIBANK.NS,1231.6168212890625,UP,4,2,2,UP,UP,0.2508817,0.36642092,0.38269737,True
2026-06-02 18:30:00+00:00,HDFCBANK.NS,741.3878784179688,UP,4,2,2,UP,UP,0.24794883,0.29963022,0.45242092,True
2026-06-02 18:30:00+00:00,SBIN.NS,970.4500122070312,UP,4,2,2,UP,UP,0.376595,0.16598001,0.45742503,True
2026-06-03 18:30:00+00:00,ITC.NS,280.29998779296875,STAY,4,1,2,STAY,UP,0.050221056,0.109113865,0.8406651,False
2026-06-03 18:30:00+00:00,ICICIBANK.NS,1241.2357177734375,UP,4,2,1,UP,STAY,0.26663965,0.41055533,0.32280496,False
2026-06-03 18:30:00+00:00,RELIANCE.NS,1297.699951171875,STAY,4,1,0,STAY,DOWN,0.48192137,0.250493,0.2675856,False
2026-06-03 18:30:00+00:00,SBIN.NS,979.25,UP,4,2,0,UP,DOWN,0.42088413,0.18081051,0.39830536,False
2026-06-03 18:30:00+00:00,LT.NS,3942.10009765625,DOWN,4,0,0,DOWN,DOWN,0.71271974,0.22283694,0.06444329,True
2026-06-03 18:30:00+00:00,HDFCBANK.NS,741.9288940429688,UP,4,2,2,UP,UP,0.22927946,0.29872695,0.47199354,True
2026-06-03 18:30:00+00:00,TCS.NS,2228.77978515625,STAY,4,1,2,STAY,UP,0.12086162,0.13768384,0.7414546,False
2026-06-03 18:30:00+00:00,TMPV.NS,396.4116516113281,DOWN,4,0,2,DOWN,UP,0.33182278,0.13237506,0.5358022,False
2026-06-03 18:30:00+00:00,INFY.NS,1175.855224609375,DOWN,4,0,2,DOWN,UP,0.24237216,0.22448345,0.5331444,False
2026-06-03 18:30:00+00:00,BHARTIARTL.NS,1796.293212890625,UP,4,2,2,UP,UP,0.36068806,0.1298263,0.50948566,True
2026-06-04 18:30:00+00:00,RELIANCE.NS,1291.0,UP,4,2,0,UP,DOWN,0.4303444,0.2914035,0.2782521,False
2026-06-04 18:30:00+00:00,HDFCBANK.NS,734.8952026367188,UP,4,2,2,UP,UP,0.18591166,0.3054995,0.5085888,True
2026-06-04 18:30:00+00:00,LT.NS,3953.199951171875,DOWN,4,0,0,DOWN,DOWN,0.73596466,0.1973606,0.06667476,True
2026-06-04 18:30:00+00:00,ITC.NS,280.70001220703125,STAY,4,1,2,STAY,UP,0.045114983,0.1190279,0.83585715,False
2026-06-04 18:30:00+00:00,TCS.NS,2186.9091796875,UP,4,2,2,UP,UP,0.11985384,0.13542196,0.7447242,True
2026-06-04 18:30:00+00:00,ICICIBANK.NS,1251.548828125,UP,4,2,1,UP,STAY,0.25710654,0.42463705,0.31825638,False
2026-06-04 18:30:00+00:00,INFY.NS,1172.1357421875,DOWN,4,0,2,DOWN,UP,0.23211248,0.18061896,0.5872686,False
2026-06-04 18:30:00+00:00,BHARTIARTL.NS,1775.8504638671875,UP,4,2,2,UP,UP,0.33042344,0.13361819,0.53595835,True
2026-06-04 18:30:00+00:00,TMPV.NS,394.5272521972656,DOWN,4,0,2,DOWN,UP,0.35068586,0.119955845,0.5293583,False
2026-06-04 18:30:00+00:00,SBIN.NS,977.7000122070312,UP,4,2,0,UP,DOWN,0.45708895,0.18555619,0.3573548,False
2026-06-07 18:30:00+00:00,RELIANCE.NS,1263.300048828125,UP,4,2,0,UP,DOWN,0.4555794,0.22907265,0.31534794,False
2026-06-07 18:30:00+00:00,LT.NS,3875.5,STAY,4,1,0,STAY,DOWN,0.7133746,0.20756069,0.079064645,False
2026-06-07 18:30:00+00:00,BHARTIARTL.NS,1790.7628173828125,UP,4,2,2,UP,UP,0.3554946,0.13280511,0.5117003,True
2026-06-07 18:30:00+00:00,TCS.NS,2139.668212890625,UP,4,2,2,UP,UP,0.09606624,0.11475188,0.7891819,True
2026-06-07 18:30:00+00:00,TMPV.NS,385.7996826171875,DOWN,4,0,2,DOWN,UP,0.35537836,0.10607973,0.5385419,False
2026-06-07 18:30:00+00:00,INFY.NS,1162.4453125,DOWN,4,0,2,DOWN,UP,0.20079704,0.1709117,0.62829125,False
2026-06-07 18:30:00+00:00,SBIN.NS,981.9500122070312,UP,4,2,0,UP,DOWN,0.4441778,0.20033626,0.35548595,False
2026-06-07 18:30:00+00:00,HDFCBANK.NS,726.6319580078125,UP,4,2,2,UP,UP,0.1933193,0.31289002,0.49379063,True
2026-06-07 18:30:00+00:00,ICICIBANK.NS,1239.748291015625,UP,4,2,1,UP,STAY,0.27667537,0.43800813,0.2853165,False
2026-06-07 18:30:00+00:00,ITC.NS,279.45001220703125,STAY,4,1,2,STAY,UP,0.03505695,0.10494244,0.86000067,False
2026-06-08 18:30:00+00:00,INFY.NS,1155.300048828125,DOWN,4,0,2,DOWN,UP,0.17127955,0.15614624,0.6725742,False
2026-06-08 18:30:00+00:00,HDFCBANK.NS,726.3367919921875,UP,4,2,2,UP,UP,0.20609438,0.28466168,0.5092439,True
2026-06-08 18:30:00+00:00,TCS.NS,2139.2705078125,UP,4,2,2,UP,UP,0.094562806,0.11214482,0.79329234,True
2026-06-08 18:30:00+00:00,ITC.NS,280.0,STAY,4,1,2,STAY,UP,0.031584997,0.097847134,0.87056786,False
2026-06-08 18:30:00+00:00,RELIANCE.NS,1269.199951171875,UP,4,2,0,UP,DOWN,0.46411303,0.22707517,0.30881178,False
2026-06-08 18:30:00+00:00,SBIN.NS,1002.7000122070312,UP,4,2,0,UP,DOWN,0.4552535,0.19296937,0.35177708,False
2026-06-08 18:30:00+00:00,ICICIBANK.NS,1264.3409423828125,UP,4,2,2,UP,UP,0.31837618,0.29434648,0.38727733,True
2026-06-08 18:30:00+00:00,BHARTIARTL.NS,1776.6405029296875,UP,4,2,2,UP,UP,0.35820422,0.13931035,0.5024854,True
2026-06-08 18:30:00+00:00,TMPV.NS,384.6095275878906,DOWN,4,0,2,DOWN,UP,0.38867134,0.13215841,0.47917023,False
2026-06-08 18:30:00+00:00,LT.NS,3900.60009765625,STAY,4,1,0,STAY,DOWN,0.746517,0.18034491,0.073138036,False
2026-06-09 18:30:00+00:00,LT.NS,3917.5,DOWN,4,0,0,DOWN,DOWN,0.79226696,0.1445946,0.0631385,True
2026-06-09 18:30:00+00:00,ICICIBANK.NS,1282.488037109375,UP,4,2,2,UP,UP,0.32734075,0.30315238,0.36950684,True
2026-06-09 18:30:00+00:00,INFY.NS,1145.300048828125,DOWN,4,0,2,DOWN,UP,0.14477839,0.257957,0.5972646,False
2026-06-09 18:30:00+00:00,HDFCBANK.NS,734.698486328125,UP,4,2,2,UP,UP,0.20410606,0.3257581,0.4701358,True
2026-06-09 18:30:00+00:00,BHARTIARTL.NS,1753.1363525390625,UP,4,2,2,UP,UP,0.34841707,0.12962303,0.5219599,True
2026-06-09 18:30:00+00:00,TCS.NS,2142.154541015625,UP,4,2,2,UP,UP,0.10478503,0.17998335,0.7152316,True
2026-06-09 18:30:00+00:00,RELIANCE.NS,1258.800048828125,UP,4,2,0,UP,DOWN,0.5885636,0.16540867,0.24602771,False
2026-06-09 18:30:00+00:00,TMPV.NS,377.8655090332031,DOWN,4,0,2,DOWN,UP,0.3921688,0.090580545,0.51725066,False
2026-06-09 18:30:00+00:00,SBIN.NS,1003.25,UP,4,2,0,UP,DOWN,0.43344802,0.20435904,0.36219293,False
2026-06-09 18:30:00+00:00,ITC.NS,283.6499938964844,STAY,4,1,2,STAY,UP,0.03088494,0.0916666,0.87744844,False
2026-06-10 18:30:00+00:00,TMPV.NS,372.8074340820313,DOWN,4,0,2,DOWN,UP,0.42322326,0.07784556,0.4989312,False
2026-06-10 18:30:00+00:00,INFY.NS,1114.5999755859375,DOWN,4,0,2,DOWN,UP,0.106626734,0.1110137,0.7823596,False
2026-06-10 18:30:00+00:00,ITC.NS,282.3999938964844,STAY,4,1,2,STAY,UP,0.027918989,0.098198116,0.8738829,False
2026-06-10 18:30:00+00:00,HDFCBANK.NS,732.485107421875,UP,4,2,2,UP,UP,0.21305339,0.27108112,0.5158655,True
2026-06-10 18:30:00+00:00,SBIN.NS,1000.7000122070312,STAY,4,1,0,STAY,DOWN,0.43190125,0.20939195,0.3587068,False
2026-06-10 18:30:00+00:00,ICICIBANK.NS,1305.9898681640625,UP,4,2,0,UP,DOWN,0.4228356,0.22633578,0.3508286,False
2026-06-10 18:30:00+00:00,LT.NS,3862.0,STAY,4,1,0,STAY,DOWN,0.7758458,0.15161902,0.0725352,False
2026-06-10 18:30:00+00:00,TCS.NS,2123.95458984375,UP,4,2,2,UP,UP,0.10892683,0.09959776,0.7914754,True
2026-06-10 18:30:00+00:00,BHARTIARTL.NS,1760.4443359375,UP,4,2,2,UP,UP,0.40534943,0.1689347,0.42571592,True
2026-06-10 18:30:00+00:00,RELIANCE.NS,1263.0,STAY,4,1,0,STAY,DOWN,0.6097143,0.16770092,0.22258475,False
2026-06-11 18:30:00+00:00,TMPV.NS,386.79144287109375,DOWN,4,0,2,DOWN,UP,0.35314775,0.08317779,0.56367445,False
2026-06-11 18:30:00+00:00,SBIN.NS,1017.1500244140624,STAY,4,1,0,STAY,DOWN,0.42787808,0.21278317,0.35933876,False
2026-06-11 18:30:00+00:00,HDFCBANK.NS,759.8819580078125,DOWN,4,0,2,DOWN,UP,0.2594073,0.3099455,0.43064722,False
2026-06-11 18:30:00+00:00,INFY.NS,1116.4000244140625,DOWN,4,0,2,DOWN,UP,0.14304134,0.11607078,0.7408879,False
2026-06-11 18:30:00+00:00,BHARTIARTL.NS,1799.8485107421875,UP,4,2,0,UP,DOWN,0.4297776,0.19074202,0.3794804,False
2026-06-11 18:30:00+00:00,ICICIBANK.NS,1329.5909423828125,UP,4,2,0,UP,DOWN,0.43390405,0.22728018,0.33881572,False
2026-06-11 18:30:00+00:00,TCS.NS,2149.61376953125,UP,4,2,2,UP,UP,0.1205119,0.09597146,0.78351665,True
2026-06-11 18:30:00+00:00,RELIANCE.NS,1293.0,STAY,4,1,0,STAY,DOWN,0.55635864,0.20817992,0.23546144,False
2026-06-11 18:30:00+00:00,LT.NS,4049.300048828125,DOWN,4,0,0,DOWN,DOWN,0.80833614,0.13444437,0.05721945,True
2026-06-11 18:30:00+00:00,ITC.NS,285.1000061035156,STAY,4,1,2,STAY,UP,0.028932031,0.09730496,0.873763,False
2026-06-14 18:30:00+00:00,HDFCBANK.NS,764.7022094726562,DOWN,4,0,2,DOWN,UP,0.27678683,0.27643734,0.44677585,False
2026-06-14 18:30:00+00:00,RELIANCE.NS,1307.0,DOWN,4,0,0,DOWN,DOWN,0.5275522,0.23850088,0.23394692,True
2026-06-14 18:30:00+00:00,INFY.NS,1134.9000244140625,DOWN,4,0,2,DOWN,UP,0.15592204,0.13935457,0.7047234,False
2026-06-14 18:30:00+00:00,TCS.NS,2150.21044921875,UP,4,2,2,UP,UP,0.109260835,0.10725055,0.78348863,True
2026-06-14 18:30:00+00:00,ITC.NS,287.8999938964844,STAY,4,1,2,STAY,UP,0.031299755,0.11243776,0.85626245,False
2026-06-14 18:30:00+00:00,SBIN.NS,1020.8499755859376,STAY,4,1,0,STAY,DOWN,0.4030884,0.22101597,0.37589568,False
2026-06-14 18:30:00+00:00,ICICIBANK.NS,1316.501220703125,UP,4,2,0,UP,DOWN,0.40360552,0.26301327,0.3333812,False
2026-06-14 18:30:00+00:00,BHARTIARTL.NS,1818.3160400390625,UP,4,2,2,UP,UP,0.38415146,0.19121605,0.4246325,True
2026-06-14 18:30:00+00:00,TMPV.NS,393.1387939453125,DOWN,4,0,2,DOWN,UP,0.27343902,0.0909824,0.6355786,False
2026-06-14 18:30:00+00:00,LT.NS,4169.7998046875,DOWN,4,0,0,DOWN,DOWN,0.8220193,0.12452755,0.05345317,True
2026-06-15 18:30:00+00:00,SBIN.NS,1015.2999877929688,STAY,4,1,0,STAY,DOWN,0.39881065,0.22159612,0.3795932,False
2026-06-15 18:30:00+00:00,BHARTIARTL.NS,1829.9693603515625,UP,4,2,2,UP,UP,0.39328682,0.19883966,0.40787354,True
2026-06-15 18:30:00+00:00,TCS.NS,2187.0087890625,UP,4,2,2,UP,UP,0.12625907,0.1277116,0.7460293,True
2026-06-15 18:30:00+00:00,RELIANCE.NS,1328.800048828125,DOWN,4,0,0,DOWN,DOWN,0.5412738,0.24167894,0.21704724,True
2026-06-15 18:30:00+00:00,HDFCBANK.NS,772.1294555664062,DOWN,4,0,2,DOWN,UP,0.30538222,0.3033647,0.39125314,False
2026-06-15 18:30:00+00:00,INFY.NS,1143.5999755859375,DOWN,4,0,2,DOWN,UP,0.12406501,0.13628663,0.73964834,False
2026-06-15 18:30:00+00:00,ITC.NS,291.6499938964844,DOWN,4,0,2,DOWN,UP,0.03737082,0.120797984,0.8418312,False
2026-06-15 18:30:00+00:00,TMPV.NS,390.3618469238281,DOWN,4,0,2,DOWN,UP,0.27499822,0.1103921,0.61460966,False
2026-06-15 18:30:00+00:00,LT.NS,4186.39990234375,DOWN,4,0,0,DOWN,DOWN,0.80949867,0.14519526,0.045306068,True
2026-06-15 18:30:00+00:00,ICICIBANK.NS,1323.145263671875,UP,4,2,0,UP,DOWN,0.41394028,0.27864638,0.3074133,False
2026-06-16 18:30:00+00:00,ITC.NS,290.75,STAY,4,1,2,STAY,UP,0.035067916,0.122914106,0.84201795,False
2026-06-16 18:30:00+00:00,SBIN.NS,1026.5,STAY,4,1,0,STAY,DOWN,0.3976436,0.20537859,0.39697778,False
2026-06-16 18:30:00+00:00,RELIANCE.NS,1332.699951171875,DOWN,4,0,0,DOWN,DOWN,0.49563238,0.27735713,0.22701041,True
2026-06-16 18:30:00+00:00,TMPV.NS,357.98046875,DOWN,4,0,2,DOWN,UP,0.31866446,0.10464215,0.5766934,False
2026-06-16 18:30:00+00:00,BHARTIARTL.NS,1852.38720703125,UP,4,2,0,UP,DOWN,0.44073018,0.19497341,0.36429635,False
2026-06-16 18:30:00+00:00,INFY.NS,1157.699951171875,STAY,4,1,2,STAY,UP,0.1376403,0.12442281,0.73793685,False
2026-06-16 18:30:00+00:00,HDFCBANK.NS,774.2935791015625,DOWN,4,0,0,DOWN,DOWN,0.38205233,0.31326848,0.30467916,True
2026-06-16 18:30:00+00:00,TCS.NS,2210.8779296875,UP,4,2,2,UP,UP,0.14619467,0.15098295,0.70282245,True
2026-06-16 18:30:00+00:00,LT.NS,4207.7001953125,DOWN,4,0,0,DOWN,DOWN,0.8282099,0.12121282,0.050577357,True
2026-06-16 18:30:00+00:00,ICICIBANK.NS,1325.6243896484375,UP,4,2,0,UP,DOWN,0.43064544,0.2510934,0.31826112,False
2026-06-17 18:30:00+00:00,BHARTIARTL.NS,1851.49853515625,UP,4,2,0,UP,DOWN,0.44764087,0.14582324,0.4065359,False
2026-06-17 18:30:00+00:00,TCS.NS,2191.285400390625,UP,4,2,2,UP,UP,0.13623482,0.13545266,0.72831255,True
2026-06-17 18:30:00+00:00,LT.NS,4190.0,DOWN,4,0,0,DOWN,DOWN,0.8349026,0.114358336,0.05073903,True
2026-06-17 18:30:00+00:00,HDFCBANK.NS,786.0,DOWN,4,0,0,DOWN,DOWN,0.440295,0.30187675,0.25782818,True
2026-06-17 18:30:00+00:00,SBIN.NS,1042.699951171875,STAY,4,1,0,STAY,DOWN,0.42245424,0.19680461,0.3807412,False
2026-06-17 18:30:00+00:00,ICICIBANK.NS,1331.078369140625,UP,4,2,0,UP,DOWN,0.42720327,0.27146026,0.30133644,False
2026-06-17 18:30:00+00:00,RELIANCE.NS,1328.0999755859375,DOWN,4,0,0,DOWN,DOWN,0.51309484,0.2632846,0.22362053,True
2026-06-17 18:30:00+00:00,ITC.NS,291.1499938964844,DOWN,4,0,2,DOWN,UP,0.039790116,0.14672679,0.8134831,False
2026-06-17 18:30:00+00:00,INFY.NS,1127.5,UP,4,2,2,UP,UP,0.12903485,0.14758609,0.72337914,True
2026-06-17 18:30:00+00:00,TMPV.NS,361.6499938964844,DOWN,4,0,2,DOWN,UP,0.3359187,0.11938125,0.5447001,False
2026-06-18 18:30:00+00:00,HDFCBANK.NS,779.7999877929688,DOWN,4,0,0,DOWN,DOWN,0.4250111,0.3035091,0.2714798,True
2026-06-18 18:30:00+00:00,TMPV.NS,359.5,DOWN,4,0,2,DOWN,UP,0.24752374,0.14239706,0.6100792,False
2026-06-18 18:30:00+00:00,BHARTIARTL.NS,1887.051025390625,UP,4,2,0,UP,DOWN,0.47418964,0.14722027,0.37859005,False
2026-06-18 18:30:00+00:00,LT.NS,4209.39990234375,DOWN,4,0,0,DOWN,DOWN,0.83297527,0.118035346,0.048989423,True
2026-06-18 18:30:00+00:00,TCS.NS,2113.412353515625,UP,4,2,2,UP,UP,0.13461377,0.1497466,0.71563965,True
2026-06-18 18:30:00+00:00,ICICIBANK.NS,1335.2431640625,UP,4,2,0,UP,DOWN,0.3889714,0.3129119,0.29811677,False
2026-06-18 18:30:00+00:00,SBIN.NS,1035.0999755859375,STAY,4,1,2,STAY,UP,0.4089438,0.17103457,0.42002162,False
2026-06-18 18:30:00+00:00,ITC.NS,292.5,DOWN,4,0,2,DOWN,UP,0.04497515,0.1808066,0.7742182,False
2026-06-18 18:30:00+00:00,INFY.NS,1051.4000244140625,UP,4,2,2,UP,UP,0.083059676,0.10076027,0.81618005,True
2026-06-18 18:30:00+00:00,RELIANCE.NS,1309.5,STAY,4,1,0,STAY,DOWN,0.49249637,0.28358874,0.22391485,False
2026-06-21 18:30:00+00:00,TMPV.NS,361.5,DOWN,4,0,2,DOWN,UP,0.30501762,0.14366701,0.55131537,False
2026-06-21 18:30:00+00:00,TCS.NS,2116.197021484375,UP,4,2,2,UP,UP,0.11834497,0.13647306,0.745182,True
2026-06-21 18:30:00+00:00,SBIN.NS,1040.75,STAY,4,1,2,STAY,UP,0.32991835,0.3002422,0.36983952,False
2026-06-21 18:30:00+00:00,LT.NS,4201.2998046875,DOWN,4,0,0,DOWN,DOWN,0.83340865,0.120402984,0.046188362,True
2026-06-21 18:30:00+00:00,BHARTIARTL.NS,1892.7789306640625,UP,4,2,0,UP,DOWN,0.47319463,0.13466732,0.392138,False
2026-06-21 18:30:00+00:00,ICICIBANK.NS,1341.0938720703125,UP,4,2,0,UP,DOWN,0.39309317,0.2802213,0.32668558,False
2026-06-21 18:30:00+00:00,ITC.NS,291.25,STAY,4,1,2,STAY,UP,0.04033132,0.15948723,0.80018145,False
2026-06-21 18:30:00+00:00,HDFCBANK.NS,786.4000244140625,DOWN,4,0,0,DOWN,DOWN,0.5181331,0.26601505,0.21585187,True
2026-06-21 18:30:00+00:00,RELIANCE.NS,1326.5,STAY,4,1,0,STAY,DOWN,0.5388437,0.24595779,0.21519849,False
2026-06-21 18:30:00+00:00,INFY.NS,1065.4000244140625,UP,4,2,2,UP,UP,0.079557635,0.11797519,0.80246717,True
2026-06-22 18:30:00+00:00,BHARTIARTL.NS,1877.96533203125,UP,4,2,0,UP,DOWN,0.49652287,0.13071436,0.37276274,False
2026-06-22 18:30:00+00:00,LT.NS,4179.39990234375,DOWN,4,0,0,DOWN,DOWN,0.8160347,0.13405801,0.049907286,True
2026-06-22 18:30:00+00:00,SBIN.NS,1024.199951171875,STAY,4,1,2,STAY,UP,0.3825073,0.23215048,0.3853422,False
2026-06-22 18:30:00+00:00,ICICIBANK.NS,1327.11181640625,UP,4,2,2,UP,UP,0.3196045,0.33063793,0.3497576,True
2026-06-22 18:30:00+00:00,TMPV.NS,354.54998779296875,STAY,4,1,2,STAY,UP,0.24435037,0.12667722,0.6289724,False
2026-06-22 18:30:00+00:00,ITC.NS,290.0,STAY,4,1,2,STAY,UP,0.036579475,0.148098,0.8153225,False
2026-06-22 18:30:00+00:00,HDFCBANK.NS,774.6500244140625,DOWN,4,0,0,DOWN,DOWN,0.39898345,0.31705582,0.2839607,True
2026-06-22 18:30:00+00:00,INFY.NS,1029.300048828125,UP,4,2,2,UP,UP,0.1136104,0.10123132,0.78515834,True
2026-06-22 18:30:00+00:00,RELIANCE.NS,1309.5,STAY,4,1,0,STAY,DOWN,0.44813958,0.32041138,0.2314491,False
2026-06-22 18:30:00+00:00,TCS.NS,2048.368896484375,UP,4,2,2,UP,UP,0.105623215,0.11380856,0.7805683,True
2026-06-23 18:30:00+00:00,BHARTIARTL.NS,1853.9674072265625,UP,4,2,0,UP,DOWN,0.4658028,0.17345238,0.36074486,False
2026-06-23 18:30:00+00:00,ITC.NS,290.3500061035156,STAY,4,1,2,STAY,UP,0.039050713,0.16936412,0.79158515,False
2026-06-23 18:30:00+00:00,LT.NS,4181.7001953125,DOWN,4,0,0,DOWN,DOWN,0.82653207,0.12001856,0.05344934,True
2026-06-23 18:30:00+00:00,INFY.NS,1056.5999755859375,UP,4,2,2,UP,UP,0.12763524,0.10053246,0.77183235,True
2026-06-23 18:30:00+00:00,TCS.NS,2097.49951171875,UP,4,2,2,UP,UP,0.116301075,0.10851381,0.7751851,True
2026-06-23 18:30:00+00:00,SBIN.NS,1034.5999755859375,STAY,4,1,2,STAY,UP,0.38242275,0.21096972,0.40660754,False
2026-06-23 18:30:00+00:00,RELIANCE.NS,1313.5999755859375,DOWN,4,0,0,DOWN,DOWN,0.4433172,0.31612644,0.24055628,True
2026-06-23 18:30:00+00:00,ICICIBANK.NS,1362.11669921875,UP,4,2,0,UP,DOWN,0.41050088,0.27763075,0.31186837,False
2026-06-23 18:30:00+00:00,TMPV.NS,349.70001220703125,STAY,4,1,2,STAY,UP,0.16931385,0.13837884,0.6923073,False
2026-06-23 18:30:00+00:00,HDFCBANK.NS,793.2000122070312,DOWN,4,0,0,DOWN,DOWN,0.52965313,0.259661,0.21068588,True
2026-06-24 18:30:00+00:00,LT.NS,4216.39990234375,DOWN,4,0,0,DOWN,DOWN,0.83403236,0.11744448,0.04852322,True
2026-06-24 18:30:00+00:00,HDFCBANK.NS,796.2999877929688,DOWN,4,0,0,DOWN,DOWN,0.6156153,0.21126942,0.17311527,True
2026-06-24 18:30:00+00:00,RELIANCE.NS,1318.0999755859375,STAY,4,1,0,STAY,DOWN,0.4304244,0.34182623,0.22774936,False
2026-06-24 18:30:00+00:00,TMPV.NS,353.20001220703125,DOWN,4,0,2,DOWN,UP,0.20048118,0.15455899,0.64495987,False
2026-06-24 18:30:00+00:00,ITC.NS,290.0,STAY,4,1,2,STAY,UP,0.04012222,0.19479649,0.76508135,False
2026-06-24 18:30:00+00:00,TCS.NS,2083.27734375,UP,4,2,2,UP,UP,0.1386143,0.13014467,0.731241,True
2026-06-24 18:30:00+00:00,ICICIBANK.NS,1375.9005126953125,UP,4,2,0,UP,DOWN,0.43584102,0.30681413,0.25734484,False
2026-06-24 18:30:00+00:00,BHARTIARTL.NS,1827.6978759765625,UP,4,2,2,UP,UP,0.37807882,0.19169891,0.43022227,True
2026-06-24 18:30:00+00:00,SBIN.NS,1045.4000244140625,UP,4,2,2,UP,UP,0.38655818,0.20531435,0.4081275,True
2026-06-24 18:30:00+00:00,INFY.NS,1041.199951171875,UP,4,2,2,UP,UP,0.13258012,0.11149217,0.75592774,True
2026-06-25 18:30:00+00:00,BHARTIARTL.NS,1827.6978759765625,UP,4,2,2,UP,UP,0.30339834,0.17113316,0.5254685,True
2026-06-25 18:30:00+00:00,SBIN.NS,1045.4000244140625,UP,4,2,2,UP,UP,0.30697736,0.1748771,0.51814556,True
2026-06-25 18:30:00+00:00,RELIANCE.NS,1318.0999755859375,STAY,4,1,1,STAY,STAY,0.33007962,0.36828226,0.3016381,True
2026-06-25 18:30:00+00:00,ICICIBANK.NS,1375.9005126953125,UP,4,2,2,UP,UP,0.2917941,0.32342276,0.38478312,True
2026-06-25 18:30:00+00:00,TMPV.NS,353.20001220703125,STAY,4,1,2,STAY,UP,0.17803307,0.14917152,0.6727954,False
2026-06-25 18:30:00+00:00,INFY.NS,1041.199951171875,UP,4,2,2,UP,UP,0.117285006,0.14325835,0.73945665,True
2026-06-25 18:30:00+00:00,HDFCBANK.NS,796.2999877929688,DOWN,4,0,0,DOWN,DOWN,0.4701142,0.21945795,0.31042778,True
2026-06-25 18:30:00+00:00,LT.NS,4216.39990234375,DOWN,4,0,0,DOWN,DOWN,0.80148554,0.1355284,0.0629861,True
2026-06-25 18:30:00+00:00,TCS.NS,2083.27734375,UP,4,2,2,UP,UP,0.09542914,0.14587978,0.7586911,True
2026-06-25 18:30:00+00:00,ITC.NS,290.0,STAY,4,1,2,STAY,UP,0.030631285,0.16848049,0.8008882,False
2026-06-29 18:30:00+00:00,BHARTIARTL.NS,1828.9818115234373,UP,4,2,2,UP,UP,0.39839157,0.1803113,0.42129716,True
2026-06-29 18:30:00+00:00,SBIN.NS,1026.9000244140625,UP,4,2,2,UP,UP,0.33821082,0.2134133,0.44837594,True
2026-06-29 18:30:00+00:00,LT.NS,4143.39990234375,DOWN,4,0,0,DOWN,DOWN,0.7867447,0.14387363,0.069381624,True
2026-06-29 18:30:00+00:00,HDFCBANK.NS,797.9500122070312,DOWN,4,0,0,DOWN,DOWN,0.51839757,0.12760584,0.35399663,True
2026-06-29 18:30:00+00:00,RELIANCE.NS,1293.9000244140625,UP,4,2,0,UP,DOWN,0.37130943,0.30025703,0.3284335,False
2026-06-29 18:30:00+00:00,INFY.NS,1000.4000244140624,UP,4,2,2,UP,UP,0.17514496,0.10927244,0.71558267,True
2026-06-29 18:30:00+00:00,ICICIBANK.NS,1363.7032470703125,UP,4,2,1,UP,STAY,0.3340758,0.3807138,0.2852104,False
2026-06-29 18:30:00+00:00,TCS.NS,2020.422119140625,UP,4,2,2,UP,UP,0.13227072,0.1403174,0.72741187,True
2026-06-29 18:30:00+00:00,TMPV.NS,352.20001220703125,STAY,4,1,2,STAY,UP,0.199607,0.12487838,0.67551464,False
2026-06-29 18:30:00+00:00,ITC.NS,286.95001220703125,DOWN,4,0,2,DOWN,UP,0.03185898,0.15179478,0.8163462,False
2026-06-30 18:30:00+00:00,TMPV.NS,347.79998779296875,STAY,4,1,2,STAY,UP,0.179952,0.15991843,0.6601296,False
2026-06-30 18:30:00+00:00,ITC.NS,290.29998779296875,DOWN,4,0,2,DOWN,UP,0.037196416,0.1759957,0.7868079,False
2026-06-30 18:30:00+00:00,RELIANCE.NS,1308.0,STAY,4,1,0,STAY,DOWN,0.3919694,0.25139552,0.35663506,False
2026-06-30 18:30:00+00:00,LT.NS,4092.60009765625,STAY,4,1,0,STAY,DOWN,0.75255555,0.17163044,0.075814046,False
2026-06-30 18:30:00+00:00,INFY.NS,985.2999877929688,UP,4,2,2,UP,UP,0.16965005,0.08647566,0.7438743,True
2026-06-30 18:30:00+00:00,BHARTIARTL.NS,1847.7457275390625,UP,4,2,0,UP,DOWN,0.44390315,0.16243978,0.39365706,False
2026-06-30 18:30:00+00:00,ICICIBANK.NS,1368.264892578125,UP,4,2,1,UP,STAY,0.28483725,0.44305462,0.2721082,False
2026-06-30 18:30:00+00:00,TCS.NS,1971.788818359375,UP,4,2,2,UP,UP,0.11058505,0.11179166,0.7776233,True
2026-06-30 18:30:00+00:00,SBIN.NS,1047.4000244140625,UP,4,2,2,UP,UP,0.3684102,0.18240754,0.44918224,True
2026-06-30 18:30:00+00:00,HDFCBANK.NS,796.1500244140625,DOWN,4,0,0,DOWN,DOWN,0.4529,0.17017214,0.3769279,True
2026-07-01 18:30:00+00:00,SBIN.NS,1051.5999755859375,UP,4,2,2,UP,UP,0.39234653,0.19104049,0.416613,True
2026-07-01 18:30:00+00:00,ITC.NS,289.8999938964844,DOWN,4,0,2,DOWN,UP,0.033721488,0.15094113,0.8153374,False
2026-07-01 18:30:00+00:00,HDFCBANK.NS,795.9000244140625,DOWN,4,0,0,DOWN,DOWN,0.48854986,0.1577904,0.35365978,True
2026-07-01 18:30:00+00:00,INFY.NS,1040.9000244140625,UP,4,2,2,UP,UP,0.14592072,0.13269913,0.7213802,True
2026-07-01 18:30:00+00:00,TCS.NS,2056.82275390625,UP,4,2,2,UP,UP,0.11065126,0.13263007,0.7567187,True
2026-07-01 18:30:00+00:00,BHARTIARTL.NS,1851.6959228515625,UP,4,2,0,UP,DOWN,0.45980525,0.1545241,0.38567066,False
2026-07-01 18:30:00+00:00,ICICIBANK.NS,1388.2960205078125,STAY,4,1,1,STAY,STAY,0.35516563,0.41319698,0.23163734,True
2026-07-01 18:30:00+00:00,RELIANCE.NS,1303.5,STAY,4,1,2,STAY,UP,0.37632498,0.24469021,0.37898484,False
2026-07-01 18:30:00+00:00,TMPV.NS,345.95001220703125,STAY,4,1,2,STAY,UP,0.15461126,0.134797,0.71059173,False
2026-07-01 18:30:00+00:00,LT.NS,4059.39990234375,STAY,4,1,0,STAY,DOWN,0.72097373,0.19083922,0.08818707,False
2026-07-02 18:30:00+00:00,TCS.NS,2082.083984375,UP,4,2,2,UP,UP,0.11044642,0.17276478,0.7167888,True
2026-07-02 18:30:00+00:00,LT.NS,4026.60009765625,STAY,4,1,0,STAY,DOWN,0.7123189,0.19640845,0.09127266,False
2026-07-02 18:30:00+00:00,INFY.NS,1047.199951171875,UP,4,2,2,UP,UP,0.14787424,0.1917816,0.6603442,True
2026-07-02 18:30:00+00:00,ITC.NS,289.95001220703125,DOWN,4,0,2,DOWN,UP,0.03243215,0.16341688,0.804151,False
2026-07-02 18:30:00+00:00,BHARTIARTL.NS,1886.656005859375,UP,4,2,0,UP,DOWN,0.47445965,0.13884158,0.38669875,False
2026-07-02 18:30:00+00:00,HDFCBANK.NS,801.0499877929688,DOWN,4,0,0,DOWN,DOWN,0.54572886,0.13492781,0.3193433,True
2026-07-02 18:30:00+00:00,RELIANCE.NS,1304.0,STAY,4,1,2,STAY,UP,0.37465852,0.24605228,0.3792892,False
2026-07-02 18:30:00+00:00,SBIN.NS,1040.0,UP,4,2,2,UP,UP,0.30467746,0.17721559,0.51810694,True
2026-07-02 18:30:00+00:00,TMPV.NS,344.1000061035156,DOWN,4,0,2,DOWN,UP,0.15210676,0.15466335,0.69322985,False
2026-07-02 18:30:00+00:00,ICICIBANK.NS,1399.6007080078125,STAY,4,1,1,STAY,STAY,0.29657736,0.49087533,0.21254726,True
2026-07-05 18:30:00+00:00,RELIANCE.NS,1321.300048828125,STAY,4,1,0,STAY,DOWN,0.40079525,0.22100821,0.3781965,False
2026-07-05 18:30:00+00:00,TMPV.NS,347.04998779296875,DOWN,4,0,2,DOWN,UP,0.19172156,0.1546367,0.65364176,False
2026-07-05 18:30:00+00:00,ICICIBANK.NS,1414.9710693359375,STAY,4,1,1,STAY,STAY,0.31657693,0.486216,0.19720708,True
2026-07-05 18:30:00+00:00,BHARTIARTL.NS,1901.7657470703125,UP,4,2,0,UP,DOWN,0.5241985,0.120511994,0.3552895,False
2026-07-05 18:30:00+00:00,SBIN.NS,1037.699951171875,UP,4,2,2,UP,UP,0.29646686,0.18825203,0.51528114,True
2026-07-05 18:30:00+00:00,ITC.NS,288.25,DOWN,4,0,2,DOWN,UP,0.03359006,0.14119741,0.82521254,False
2026-07-05 18:30:00+00:00,HDFCBANK.NS,829.8499755859375,DOWN,4,0,0,DOWN,DOWN,0.55513644,0.17977221,0.2650913,True
2026-07-05 18:30:00+00:00,INFY.NS,1042.199951171875,UP,4,2,2,UP,UP,0.15925597,0.15014166,0.69060236,True
2026-07-05 18:30:00+00:00,TCS.NS,2046.3798828125,UP,4,2,2,UP,UP,0.107806444,0.13470583,0.7574877,True
2026-07-05 18:30:00+00:00,LT.NS,4041.0,STAY,4,1,0,STAY,DOWN,0.71402067,0.20602125,0.07995809,False
2026-07-06 18:30:00+00:00,LT.NS,3991.89990234375,STAY,4,1,0,STAY,DOWN,0.71491224,0.19292754,0.0921602,False
2026-07-06 18:30:00+00:00,HDFCBANK.NS,829.2999877929688,DOWN,4,0,0,DOWN,DOWN,0.56726927,0.1683313,0.2643994,True
2026-07-06 18:30:00+00:00,TCS.NS,2084.669921875,UP,4,2,2,UP,UP,0.119462006,0.2545155,0.6260225,True
2026-07-06 18:30:00+00:00,INFY.NS,1071.800048828125,UP,4,2,2,UP,UP,0.13924697,0.28735715,0.57339585,True
2026-07-06 18:30:00+00:00,BHARTIARTL.NS,1901.8646240234373,STAY,4,1,0,STAY,DOWN,0.4948591,0.14858548,0.3565554,False
2026-07-06 18:30:00+00:00,ITC.NS,288.75,DOWN,4,0,2,DOWN,UP,0.03580874,0.15706094,0.80713034,False
2026-07-06 18:30:00+00:00,ICICIBANK.NS,1402.873046875,STAY,4,1,1,STAY,STAY,0.35784972,0.42765793,0.21449234,True
2026-07-06 18:30:00+00:00,SBIN.NS,1038.0999755859375,STAY,4,1,2,STAY,UP,0.32100913,0.14735754,0.5316333,False
2026-07-06 18:30:00+00:00,TMPV.NS,342.29998779296875,DOWN,4,0,2,DOWN,UP,0.15777886,0.16465157,0.67756957,False
2026-07-06 18:30:00+00:00,RELIANCE.NS,1308.4000244140625,STAY,4,1,0,STAY,DOWN,0.40735558,0.20542878,0.38721567,False
2026-07-07 18:30:00+00:00,BHARTIARTL.NS,1864.6331787109373,UP,4,2,0,UP,DOWN,0.42007783,0.1863965,0.3935257,False
2026-07-07 18:30:00+00:00,SBIN.NS,1016.9000244140624,UP,4,2,2,UP,UP,0.3348941,0.15355326,0.51155263,True
2026-07-07 18:30:00+00:00,ICICIBANK.NS,1369.05810546875,UP,4,2,1,UP,STAY,0.3480536,0.43927372,0.21267267,False
2026-07-07 18:30:00+00:00,TCS.NS,2046.2803955078125,UP,4,2,2,UP,UP,0.13269311,0.14866287,0.718644,True
2026-07-07 18:30:00+00:00,INFY.NS,1069.300048828125,UP,4,2,2,UP,UP,0.1930874,0.19385058,0.613062,True
2026-07-07 18:30:00+00:00,HDFCBANK.NS,810.2999877929688,DOWN,4,0,0,DOWN,DOWN,0.54429084,0.19323365,0.2624755,True
2026-07-07 18:30:00+00:00,ITC.NS,280.6499938964844,DOWN,4,0,2,DOWN,UP,0.039764848,0.14078048,0.8194546,False
2026-07-07 18:30:00+00:00,LT.NS,3892.10009765625,UP,4,2,0,UP,DOWN,0.6742093,0.21978575,0.10600496,False
2026-07-07 18:30:00+00:00,RELIANCE.NS,1275.9000244140625,UP,4,2,2,UP,UP,0.37212214,0.20420861,0.42366922,True
2026-07-07 18:30:00+00:00,TMPV.NS,332.04998779296875,DOWN,4,0,2,DOWN,UP,0.10286518,0.12351407,0.7736207,False
2026-07-08 18:30:00+00:00,ICICIBANK.NS,1369.1572265625,UP,4,2,1,UP,STAY,0.32484394,0.4823158,0.19284022,False
2026-07-08 18:30:00+00:00,HDFCBANK.NS,817.5499877929688,DOWN,4,0,0,DOWN,DOWN,0.5656833,0.19831555,0.23600113,True
2026-07-08 18:30:00+00:00,RELIANCE.NS,1279.800048828125,UP,4,2,2,UP,UP,0.3722396,0.23488843,0.39287195,True
2026-07-08 18:30:00+00:00,ITC.NS,282.04998779296875,DOWN,4,0,2,DOWN,UP,0.036424115,0.17054828,0.79302764,False
2026-07-08 18:30:00+00:00,INFY.NS,1050.800048828125,UP,4,2,2,UP,UP,0.18861265,0.22023661,0.59115076,True
2026-07-08 18:30:00+00:00,TMPV.NS,331.5,DOWN,4,0,2,DOWN,UP,0.108986355,0.15566151,0.7353521,False
2026-07-08 18:30:00+00:00,LT.NS,3886.0,UP,4,2,0,UP,DOWN,0.6725602,0.21013543,0.11730434,False
2026-07-08 18:30:00+00:00,SBIN.NS,1022.0999755859376,UP,4,2,2,UP,UP,0.33000934,0.14622733,0.5237633,True
2026-07-08 18:30:00+00:00,BHARTIARTL.NS,1907.0986328125,STAY,4,1,2,STAY,UP,0.36515835,0.18964607,0.44519562,False
2026-07-08 18:30:00+00:00,TCS.NS,2038.323974609375,UP,4,2,2,UP,UP,0.12772867,0.15335926,0.71891207,True
2026-07-09 18:30:00+00:00,ITC.NS,281.75,DOWN,4,0,2,DOWN,UP,0.037557043,0.16342476,0.79901814,False
2026-07-09 18:30:00+00:00,TCS.NS,2057.717529296875,UP,4,2,2,UP,UP,0.1485257,0.15704857,0.69442576,True
2026-07-09 18:30:00+00:00,SBIN.NS,1036.0,STAY,4,1,2,STAY,UP,0.34369025,0.12706096,0.52924883,False
2026-07-09 18:30:00+00:00,INFY.NS,1068.0,UP,4,2,2,UP,UP,0.20718513,0.22279394,0.5700209,True
2026-07-09 18:30:00+00:00,HDFCBANK.NS,824.9500122070312,DOWN,4,0,0,DOWN,DOWN,0.5511452,0.19368017,0.25517464,True
2026-07-09 18:30:00+00:00,TMPV.NS,337.95001220703125,DOWN,4,0,2,DOWN,UP,0.1226146,0.10649781,0.77088755,False
2026-07-09 18:30:00+00:00,ICICIBANK.NS,1389.48583984375,UP,4,2,1,UP,STAY,0.34773678,0.44182235,0.2104409,False
2026-07-09 18:30:00+00:00,LT.NS,3945.800048828125,UP,4,2,0,UP,DOWN,0.6839239,0.21629713,0.09977897,False
2026-07-09 18:30:00+00:00,BHARTIARTL.NS,1896.53173828125,UP,4,2,2,UP,UP,0.3406484,0.20396341,0.45538816,True
2026-07-09 18:30:00+00:00,RELIANCE.NS,1307.800048828125,STAY,4,1,2,STAY,UP,0.37458768,0.22829756,0.39711478,False
2026-07-12 18:30:00+00:00,SBIN.NS,1037.0,STAY,4,1,2,STAY,UP,0.3386751,0.12553899,0.53578585,False
2026-07-12 18:30:00+00:00,TCS.NS,2169.604248046875,UP,4,2,2,UP,UP,0.19238372,0.15831895,0.6492973,True
2026-07-12 18:30:00+00:00,ITC.NS,279.6499938964844,DOWN,4,0,2,DOWN,UP,0.040165596,0.17389765,0.7859368,False
2026-07-12 18:30:00+00:00,BHARTIARTL.NS,1878.1629638671875,UP,4,2,2,UP,UP,0.3466036,0.21414411,0.4392523,True
2026-07-12 18:30:00+00:00,HDFCBANK.NS,817.9500122070312,DOWN,4,0,0,DOWN,DOWN,0.47315508,0.23248014,0.29436484,True
2026-07-12 18:30:00+00:00,TMPV.NS,342.25,DOWN,4,0,2,DOWN,UP,0.10461475,0.11877214,0.7766131,False
2026-07-12 18:30:00+00:00,LT.NS,3928.5,UP,4,2,0,UP,DOWN,0.6612325,0.226561,0.112206556,False
2026-07-12 18:30:00+00:00,ICICIBANK.NS,1397.716552734375,STAY,4,1,1,STAY,STAY,0.28942174,0.45132306,0.25925517,True
2026-07-12 18:30:00+00:00,INFY.NS,1102.5999755859375,UP,4,2,2,UP,UP,0.22670543,0.21709275,0.5562018,True
2026-07-12 18:30:00+00:00,RELIANCE.NS,1296.9000244140625,STAY,4,1,2,STAY,UP,0.38383505,0.21111047,0.40505445,False
2026-07-13 18:30:00+00:00,BHARTIARTL.NS,1912.431640625,STAY,4,1,2,STAY,UP,0.35027152,0.19543074,0.4542977,False
2026-07-13 18:30:00+00:00,TMPV.NS,333.3500061035156,DOWN,4,0,2,DOWN,UP,0.1155143,0.18173903,0.7027466,False
2026-07-13 18:30:00+00:00,HDFCBANK.NS,809.4000244140625,DOWN,4,0,0,DOWN,DOWN,0.5406892,0.18872808,0.27058277,True
2026-07-13 18:30:00+00:00,ITC.NS,275.54998779296875,STAY,4,1,2,STAY,UP,0.046302117,0.16031224,0.7933856,False
2026-07-13 18:30:00+00:00,INFY.NS,1092.9000244140625,UP,4,2,2,UP,UP,0.2581652,0.29376364,0.4480712,True
2026-07-13 18:30:00+00:00,TCS.NS,2188.60009765625,UP,4,2,2,UP,UP,0.19232953,0.20961373,0.5980568,True
2026-07-13 18:30:00+00:00,LT.NS,3848.699951171875,UP,4,2,0,UP,DOWN,0.6434378,0.19786549,0.15869673,False
2026-07-13 18:30:00+00:00,ICICIBANK.NS,1395.9315185546875,STAY,4,1,1,STAY,STAY,0.29545742,0.43489248,0.26965007,True
2026-07-13 18:30:00+00:00,SBIN.NS,1015.4000244140624,UP,4,2,2,UP,UP,0.35415715,0.13958989,0.50625294,True
2026-07-13 18:30:00+00:00,RELIANCE.NS,1293.0,STAY,4,1,2,STAY,UP,0.3817837,0.20943218,0.40878412,False
2026-07-14 18:30:00+00:00,TCS.NS,2189.199951171875,UP,4,2,2,UP,UP,0.18511868,0.2041504,0.61073095,True
2026-07-14 18:30:00+00:00,ITC.NS,276.6499938964844,DOWN,4,0,2,DOWN,UP,0.039172493,0.18625067,0.7745769,False
2026-07-14 18:30:00+00:00,SBIN.NS,1030.0999755859375,UP,4,2,2,UP,UP,0.35061058,0.115501106,0.53388834,True
2026-07-14 18:30:00+00:00,INFY.NS,1076.300048828125,UP,4,2,2,UP,UP,0.21725072,0.28886208,0.49388728,True
2026-07-14 18:30:00+00:00,LT.NS,3783.89990234375,UP,4,2,0,UP,DOWN,0.68645835,0.14542094,0.16812077,False
2026-07-14 18:30:00+00:00,RELIANCE.NS,1295.5,STAY,4,1,0,STAY,DOWN,0.4062225,0.20927005,0.38450754,False
2026-07-14 18:30:00+00:00,HDFCBANK.NS,815.4500122070312,DOWN,4,0,0,DOWN,DOWN,0.4738286,0.22231488,0.30385652,True
2026-07-14 18:30:00+00:00,ICICIBANK.NS,1404.3604736328125,STAY,4,1,1,STAY,STAY,0.31364334,0.50073665,0.18562001,True
2026-07-14 18:30:00+00:00,BHARTIARTL.NS,1894.4578857421875,STAY,4,1,2,STAY,UP,0.35827357,0.19024122,0.45148528,False
2026-07-14 18:30:00+00:00,TMPV.NS,333.0,DOWN,4,0,2,DOWN,UP,0.031158032,0.1193991,0.8494429,False
2026-07-15 18:30:00+00:00,BHARTIARTL.NS,1897.914306640625,STAY,4,1,2,STAY,UP,0.33805326,0.20430619,0.4576405,False
2026-07-15 18:30:00+00:00,TCS.NS,2201.0,UP,4,2,2,UP,UP,0.17383751,0.1885242,0.6376383,True
2026-07-15 18:30:00+00:00,TMPV.NS,331.79998779296875,DOWN,4,0,2,DOWN,UP,0.03025455,0.10752605,0.86221933,False
2026-07-15 18:30:00+00:00,LT.NS,3775.60009765625,UP,4,2,0,UP,DOWN,0.66140103,0.13822798,0.20037097,False
2026-07-15 18:30:00+00:00,ITC.NS,279.3500061035156,DOWN,4,0,2,DOWN,UP,0.03720633,0.14106944,0.82172424,False
2026-07-15 18:30:00+00:00,SBIN.NS,1031.199951171875,STAY,4,1,2,STAY,UP,0.33525252,0.12659347,0.538154,False
2026-07-15 18:30:00+00:00,ICICIBANK.NS,1406.34375,UP,4,2,1,UP,STAY,0.30179164,0.43268234,0.265526,False
2026-07-15 18:30:00+00:00,HDFCBANK.NS,808.2999877929688,DOWN,4,0,0,DOWN,DOWN,0.45230034,0.17223606,0.3754636,True
2026-07-15 18:30:00+00:00,RELIANCE.NS,1296.5999755859375,STAY,4,1,0,STAY,DOWN,0.4132717,0.20143819,0.3852901,False
2026-07-15 18:30:00+00:00,INFY.NS,1082.4000244140625,UP,4,2,2,UP,UP,0.2779417,0.24291883,0.47913948,True
2026-07-16 18:30:00+00:00,ICICIBANK.NS,1432.2257080078125,STAY,4,1,1,STAY,STAY,0.2500899,0.54580545,0.20410463,True
2026-07-16 18:30:00+00:00,HDFCBANK.NS,819.5999755859375,DOWN,4,0,2,DOWN,UP,0.3826231,0.1930589,0.42431796,False
2026-07-16 18:30:00+00:00,LT.NS,3814.5,UP,4,2,0,UP,DOWN,0.64032036,0.14578731,0.21389234,False
2026-07-16 18:30:00+00:00,RELIANCE.NS,1327.199951171875,DOWN,4,0,0,DOWN,DOWN,0.43717194,0.1819441,0.38088396,True
2026-07-16 18:30:00+00:00,TMPV.NS,335.6000061035156,DOWN,4,0,2,DOWN,UP,0.031284887,0.10552109,0.86319405,False
2026-07-16 18:30:00+00:00,TCS.NS,2269.0,UP,4,2,2,UP,UP,0.2669894,0.18921366,0.5437969,True
2026-07-16 18:30:00+00:00,SBIN.NS,1044.300048828125,STAY,4,1,2,STAY,UP,0.3910734,0.12121859,0.48770794,False
2026-07-16 18:30:00+00:00,ITC.NS,280.70001220703125,DOWN,4,0,2,DOWN,UP,0.03454302,0.12938085,0.8360761,False
2026-07-16 18:30:00+00:00,BHARTIARTL.NS,1885.075927734375,STAY,4,1,2,STAY,UP,0.34054703,0.20933878,0.45011413,False
2026-07-16 18:30:00+00:00,INFY.NS,1096.5,UP,4,2,2,UP,UP,0.29710343,0.22389385,0.4790027,True
2026-07-19 18:30:00+00:00,LT.NS,3838.800048828125,UP,4,2,0,UP,DOWN,0.6031024,0.17380844,0.22308911,False
2026-07-19 18:30:00+00:00,BHARTIARTL.NS,1915.98681640625,DOWN,4,0,2,DOWN,UP,0.3500766,0.21262974,0.43729368,False
2026-07-19 18:30:00+00:00,RELIANCE.NS,1323.0999755859375,DOWN,4,0,0,DOWN,DOWN,0.40458184,0.21090987,0.3845083,True
2026-07-19 18:30:00+00:00,HDFCBANK.NS,777.5999755859375,DOWN,4,0,2,DOWN,UP,0.20994258,0.19651291,0.59354454,False
2026-07-19 18:30:00+00:00,TCS.NS,2251.10009765625,UP,4,2,2,UP,UP,0.23346809,0.18421803,0.5823139,True
2026-07-19 18:30:00+00:00,TMPV.NS,336.45001220703125,DOWN,4,0,2,DOWN,UP,0.028607996,0.11275219,0.85863984,False
2026-07-19 18:30:00+00:00,SBIN.NS,1060.0,STAY,4,1,2,STAY,UP,0.3852424,0.15164697,0.46311063,False
2026-07-19 18:30:00+00:00,ICICIBANK.NS,1447.99267578125,STAY,4,1,1,STAY,STAY,0.23811947,0.5816535,0.18022709,True
2026-07-19 18:30:00+00:00,INFY.NS,1087.0999755859375,UP,4,2,2,UP,UP,0.26641235,0.25148842,0.48209926,True
2026-07-19 18:30:00+00:00,ITC.NS,282.70001220703125,DOWN,4,0,2,DOWN,UP,0.032033876,0.12646043,0.84150565,False
2026-07-20 18:30:00+00:00,RELIANCE.NS,1303.699951171875,STAY,4,1,2,STAY,UP,0.3843452,0.21565774,0.39999712,False
2026-07-20 18:30:00+00:00,ICICIBANK.NS,1450.868408203125,STAY,4,1,1,STAY,STAY,0.26958162,0.55269575,0.17772265,True
2026-07-20 18:30:00+00:00,HDFCBANK.NS,761.4500122070312,DOWN,4,0,2,DOWN,UP,0.24580798,0.24081695,0.5133751,False
2026-07-20 18:30:00+00:00,SBIN.NS,1044.4000244140625,STAY,4,1,2,STAY,UP,0.382503,0.15109088,0.46640608,False
2026-07-20 18:30:00+00:00,TMPV.NS,333.79998779296875,DOWN,4,0,2,DOWN,UP,0.029581584,0.103274256,0.86714417,False
2026-07-20 18:30:00+00:00,BHARTIARTL.NS,1924.1837158203125,DOWN,4,0,2,DOWN,UP,0.3371229,0.21682255,0.4460546,False
2026-07-20 18:30:00+00:00,LT.NS,3846.60009765625,UP,4,2,0,UP,DOWN,0.5752823,0.17315254,0.2515652,False
2026-07-20 18:30:00+00:00,TCS.NS,2221.10009765625,UP,4,2,2,UP,UP,0.1964626,0.17749321,0.6260442,True
2026-07-20 18:30:00+00:00,ITC.NS,281.0,DOWN,4,0,2,DOWN,UP,0.032035343,0.1267519,0.84121275,False
2026-07-20 18:30:00+00:00,INFY.NS,1073.5,UP,4,2,2,UP,UP,0.22260939,0.26373512,0.51365554,True
2026-07-21 18:30:00+00:00,INFY.NS,1052.0999755859375,UP,4,2,2,UP,UP,0.19354723,0.20803903,0.5984137,True
2026-07-21 18:30:00+00:00,BHARTIARTL.NS,1924.7762451171875,DOWN,4,0,2,DOWN,UP,0.35593814,0.21052234,0.43353957,False
2026-07-21 18:30:00+00:00,ITC.NS,280.79998779296875,DOWN,4,0,2,DOWN,UP,0.0324382,0.14775223,0.81980956,False
2026-07-21 18:30:00+00:00,RELIANCE.NS,1288.5999755859375,STAY,4,1,2,STAY,UP,0.36568978,0.22173926,0.41257098,False
2026-07-21 18:30:00+00:00,ICICIBANK.NS,1428.6556396484375,STAY,4,1,1,STAY,STAY,0.34302273,0.44060305,0.21637428,True
2026-07-21 18:30:00+00:00,HDFCBANK.NS,753.1500244140625,DOWN,4,0,2,DOWN,UP,0.16979176,0.20182472,0.6283835,False
2026-07-21 18:30:00+00:00,TMPV.NS,327.70001220703125,DOWN,4,0,2,DOWN,UP,0.028798642,0.122774445,0.8484269,False
2026-07-21 18:30:00+00:00,LT.NS,3817.39990234375,UP,4,2,0,UP,DOWN,0.54321396,0.19101343,0.2657726,False
2026-07-21 18:30:00+00:00,SBIN.NS,1025.0,STAY,4,1,2,STAY,UP,0.3707648,0.16703042,0.46220478,False
2026-07-21 18:30:00+00:00,TCS.NS,2208.300048828125,UP,4,2,2,UP,UP,0.17413989,0.17987025,0.6459899,True
2026-07-22 18:30:00+00:00,HDFCBANK.NS,747.25,DOWN,4,0,2,DOWN,UP,0.15099879,0.16305368,0.68594754,False
2026-07-22 18:30:00+00:00,INFY.NS,1047.4000244140625,UP,4,2,2,UP,UP,0.18398279,0.21605866,0.59995854,True
2026-07-22 18:30:00+00:00,RELIANCE.NS,1272.199951171875,UP,4,2,2,UP,UP,0.36208043,0.21277378,0.4251458,True
2026-07-22 18:30:00+00:00,ICICIBANK.NS,1422.606689453125,STAY,4,1,1,STAY,STAY,0.3401144,0.46340862,0.19647694,True
2026-07-22 18:30:00+00:00,TMPV.NS,324.29998779296875,DOWN,4,0,2,DOWN,UP,0.034632213,0.12988605,0.83548176,False
2026-07-22 18:30:00+00:00,SBIN.NS,1012.5999755859376,STAY,4,1,2,STAY,UP,0.37941942,0.12768319,0.49289733,False
2026-07-22 18:30:00+00:00,ITC.NS,281.29998779296875,DOWN,4,0,2,DOWN,UP,0.03178404,0.13014051,0.83807546,False
2026-07-22 18:30:00+00:00,TCS.NS,2242.89990234375,UP,4,2,2,UP,UP,0.24130547,0.20801933,0.5506752,True
2026-07-22 18:30:00+00:00,BHARTIARTL.NS,1907.0,STAY,4,1,2,STAY,UP,0.3196052,0.2136108,0.46678394,False
2026-07-22 18:30:00+00:00,LT.NS,3792.39990234375,UP,4,2,0,UP,DOWN,0.46059746,0.18436678,0.3550358,False
2026-07-23 18:30:00+00:00,LT.NS,3785.60009765625,UP,4,2,0,UP,DOWN,0.5058109,0.18862887,0.30556026,False
2026-07-23 18:30:00+00:00,ITC.NS,283.45001220703125,DOWN,4,0,2,DOWN,UP,0.035429526,0.1368144,0.82775605,False
2026-07-23 18:30:00+00:00,INFY.NS,1040.9000244140625,UP,4,2,2,UP,UP,0.21589848,0.19591151,0.58819,True
2026-07-23 18:30:00+00:00,SBIN.NS,1015.0,STAY,4,1,2,STAY,UP,0.37674084,0.15494093,0.46831822,False
2026-07-23 18:30:00+00:00,TMPV.NS,323.79998779296875,DOWN,4,0,2,DOWN,UP,0.03453386,0.13162667,0.8338395,False
2026-07-23 18:30:00+00:00,RELIANCE.NS,1278.0,UP,4,2,2,UP,UP,0.3720614,0.23294434,0.39499423,True
2026-07-23 18:30:00+00:00,TCS.NS,2254.300048828125,UP,4,2,2,UP,UP,0.23883931,0.19231974,0.5688409,True
2026-07-23 18:30:00+00:00,HDFCBANK.NS,742.7999877929688,DOWN,4,0,2,DOWN,UP,0.21041596,0.24215974,0.5474243,False
2026-07-23 18:30:00+00:00,ICICIBANK.NS,1420.9208984375,STAY,4,1,1,STAY,STAY,0.31570745,0.49939805,0.18489453,True
2026-07-23 18:30:00+00:00,BHARTIARTL.NS,1898.199951171875,DOWN,4,0,2,DOWN,UP,0.32525557,0.22517283,0.44957158,False
2026-07-26 18:30:00+00:00,BHARTIARTL.NS,1905.300048828125,DOWN,4,0,2,DOWN,UP,0.31819576,0.23465851,0.44714576,False
2026-07-26 18:30:00+00:00,ICICIBANK.NS,1433.6138916015625,STAY,4,1,1,STAY,STAY,0.30108002,0.521688,0.177232,True
2026-07-26 18:30:00+00:00,INFY.NS,1079.199951171875,STAY,4,1,2,STAY,UP,0.20795834,0.22228783,0.5697539,False
2026-07-26 18:30:00+00:00,ITC.NS,285.8500061035156,DOWN,4,0,2,DOWN,UP,0.040124588,0.15771703,0.80215836,False
2026-07-26 18:30:00+00:00,LT.NS,3806.0,UP,4,2,0,UP,DOWN,0.46641365,0.20509265,0.32849377,False
2026-07-26 18:30:00+00:00,RELIANCE.NS,1280.0,UP,4,2,2,UP,UP,0.3732894,0.22921991,0.39749074,True
2026-07-26 18:30:00+00:00,SBIN.NS,1020.5999755859376,STAY,4,1,2,STAY,UP,0.34066772,0.14833963,0.51099265,False
2026-07-26 18:30:00+00:00,TCS.NS,2295.60009765625,STAY,4,1,0,STAY,DOWN,0.4466305,0.16115569,0.3922138,False
2026-07-26 18:30:00+00:00,TMPV.NS,327.6499938964844,DOWN,4,0,2,DOWN,UP,0.026150519,0.09894491,0.8749046,False
2026-07-26 18:30:00+00:00,HDFCBANK.NS,739.5499877929688,DOWN,4,0,2,DOWN,UP,0.13428131,0.20141385,0.66430485,False
2026-07-27 18:30:00+00:00,RELIANCE.NS,1267.699951171875,UP,4,2,2,UP,UP,0.38671044,0.21297975,0.4003098,True
2026-07-27 18:30:00+00:00,TCS.NS,2398.0,DOWN,4,0,0,DOWN,DOWN,0.5609033,0.17486686,0.26422986,True
2026-07-27 18:30:00+00:00,ICICIBANK.NS,1418.8385009765625,STAY,4,1,1,STAY,STAY,0.31260526,0.49637884,0.1910159,True
2026-07-27 18:30:00+00:00,SBIN.NS,1013.2000122070312,STAY,4,1,2,STAY,UP,0.34021652,0.13754521,0.52223825,False
2026-07-27 18:30:00+00:00,ITC.NS,284.6499938964844,DOWN,4,0,2,DOWN,UP,0.036432736,0.15960383,0.8039635,False
2026-07-27 18:30:00+00:00,HDFCBANK.NS,735.4000244140625,DOWN,4,0,2,DOWN,UP,0.13512766,0.17069522,0.6941771,False
2026-07-27 18:30:00+00:00,BHARTIARTL.NS,1901.800048828125,DOWN,4,0,2,DOWN,UP,0.30593482,0.17961635,0.5144488,False
2026-07-27 18:30:00+00:00,INFY.NS,1105.699951171875,DOWN,4,0,2,DOWN,UP,0.27450264,0.16244611,0.5630513,False
2026-07-27 18:30:00+00:00,TMPV.NS,324.3999938964844,DOWN,4,0,2,DOWN,UP,0.018099958,0.11332309,0.868577,False
2026-07-27 18:30:00+00:00,LT.NS,3832.0,UP,4,2,0,UP,DOWN,0.48280543,0.23887564,0.27831897,False
2026-07-28 18:30:00+00:00,TCS.NS,2446.60009765625,DOWN,4,0,0,DOWN,DOWN,0.4891276,0.2085225,0.30234993,True
2026-07-28 18:30:00+00:00,ITC.NS,286.25,DOWN,4,0,2,DOWN,UP,0.04239928,0.16725455,0.7903462,False
2026-07-28 18:30:00+00:00,HDFCBANK.NS,748.2000122070312,DOWN,4,0,2,DOWN,UP,0.14260581,0.20034704,0.65704715,False
2026-07-28 18:30:00+00:00,RELIANCE.NS,1275.9000244140625,STAY,4,1,2,STAY,UP,0.38644496,0.21357192,0.39998314,False
2026-07-28 18:30:00+00:00,SBIN.NS,1013.7000122070312,STAY,4,1,2,STAY,UP,0.30982485,0.13113879,0.5590363,False
2026-07-28 18:30:00+00:00,LT.NS,3931.39990234375,STAY,4,1,0,STAY,DOWN,0.6061927,0.2180094,0.17579791,False
2026-07-28 18:30:00+00:00,INFY.NS,1155.5999755859375,DOWN,4,0,0,DOWN,DOWN,0.5016413,0.16628157,0.33207715,True
2026-07-28 18:30:00+00:00,BHARTIARTL.NS,1950.199951171875,DOWN,4,0,2,DOWN,UP,0.3502459,0.23492904,0.41482508,False
2026-07-28 18:30:00+00:00,TMPV.NS,329.79998779296875,DOWN,4,0,2,DOWN,UP,0.021269804,0.09180031,0.8869299,False
2026-07-28 18:30:00+00:00,ICICIBANK.NS,1425.879150390625,DOWN,4,0,1,DOWN,STAY,0.29286125,0.51831365,0.1888251,False
2026-07-29 18:30:00+00:00,BHARTIARTL.NS,1956.800048828125,DOWN,4,0,2,DOWN,UP,0.32404065,0.24780735,0.42815194,False
2026-07-29 18:30:00+00:00,INFY.NS,1155.0999755859375,DOWN,4,0,0,DOWN,DOWN,0.56747496,0.15460104,0.27792403,True
2026-07-29 18:30:00+00:00,TMPV.NS,334.20001220703125,DOWN,4,0,2,DOWN,UP,0.023463516,0.0923073,0.8842292,False
2026-07-29 18:30:00+00:00,ICICIBANK.NS,1421.91259765625,DOWN,4,0,1,DOWN,STAY,0.32618374,0.44127858,0.23253767,False
2026-07-29 18:30:00+00:00,RELIANCE.NS,1292.9000244140625,STAY,4,1,2,STAY,UP,0.289022,0.1768678,0.5341102,False
2026-07-29 18:30:00+00:00,TCS.NS,2431.800048828125,DOWN,4,0,0,DOWN,DOWN,0.47591716,0.18523774,0.33884513,True
2026-07-29 18:30:00+00:00,ITC.NS,285.04998779296875,DOWN,4,0,2,DOWN,UP,0.036127836,0.19244255,0.7714296,False
2026-07-29 18:30:00+00:00,HDFCBANK.NS,753.9500122070312,DOWN,4,0,2,DOWN,UP,0.1216685,0.18322898,0.6951025,False
2026-07-29 18:30:00+00:00,SBIN.NS,1025.300048828125,STAY,4,1,2,STAY,UP,0.3733419,0.12679407,0.499864,False
2026-07-29 18:30:00+00:00,LT.NS,3937.699951171875,STAY,4,1,0,STAY,DOWN,0.59447336,0.2538846,0.15164205,False
2026-07-30 18:30:00+00:00,TCS.NS,2365.60009765625,DOWN,4,0,0,DOWN,DOWN,0.4886173,0.16287996,0.34850276,True
2026-07-30 18:30:00+00:00,LT.NS,3938.89990234375,STAY,4,1,0,STAY,DOWN,0.6254915,0.23983935,0.13466917,False
2026-07-30 18:30:00+00:00,INFY.NS,1130.0999755859375,DOWN,4,0,2,DOWN,UP,0.36580852,0.23536819,0.39882332,False
2026-07-30 18:30:00+00:00,BHARTIARTL.NS,1972.0,DOWN,4,0,2,DOWN,UP,0.34155035,0.20869054,0.4497591,False
2026-07-30 18:30:00+00:00,ITC.NS,281.0,DOWN,4,0,2,DOWN,UP,0.032608453,0.17449792,0.7928936,False
2026-07-30 18:30:00+00:00,HDFCBANK.NS,748.1500244140625,DOWN,4,0,2,DOWN,UP,0.10940432,0.1721614,0.7184343,False
2026-07-30 18:30:00+00:00,RELIANCE.NS,1307.800048828125,DOWN,4,0,2,DOWN,UP,0.3516906,0.18761109,0.46069834,False
2026-07-30 18:30:00+00:00,ICICIBANK.NS,1423.4000244140625,DOWN,4,0,1,DOWN,STAY,0.34859073,0.42393607,0.2274732,False
2026-07-30 18:30:00+00:00,TMPV.NS,339.75,DOWN,4,0,2,DOWN,UP,0.030936774,0.10407694,0.8649863,False
2026-07-30 18:30:00+00:00,SBIN.NS,1027.4000244140625,DOWN,4,0,2,DOWN,UP,0.36317405,0.12534845,0.5114775,False
2026-08-02 18:30:00+00:00,INFY.NS,1180.0,DOWN,4,0,0,DOWN,DOWN,0.68220156,0.14102027,0.17677824,True
2026-08-02 18:30:00+00:00,RELIANCE.NS,1319.0,DOWN,4,0,2,DOWN,UP,0.34027892,0.21625331,0.44346783,False
2026-08-02 18:30:00+00:00,BHARTIARTL.NS,1970.5,DOWN,4,0,2,DOWN,UP,0.37452638,0.20556234,0.41991132,False
2026-08-02 18:30:00+00:00,LT.NS,4025.0,DOWN,4,0,0,DOWN,DOWN,0.6595545,0.26179078,0.07865475,True
2026-08-02 18:30:00+00:00,TCS.NS,2473.699951171875,DOWN,4,0,0,DOWN,DOWN,0.44918552,0.21926287,0.33155164,True
2026-08-02 18:30:00+00:00,ITC.NS,287.0,DOWN,4,0,2,DOWN,UP,0.04459005,0.18132065,0.7740893,False
2026-08-02 18:30:00+00:00,SBIN.NS,1045.0,DOWN,4,0,2,DOWN,UP,0.3574215,0.10986612,0.5327124,False
2026-08-02 18:30:00+00:00,HDFCBANK.NS,753.0,DOWN,4,0,2,DOWN,UP,0.11284828,0.20817058,0.6789811,False
2026-08-02 18:30:00+00:00,TMPV.NS,349.29998779296875,DOWN,4,0,2,DOWN,UP,0.03782436,0.09404777,0.8681278,False
2026-08-02 18:30:00+00:00,ICICIBANK.NS,1460.0,DOWN,4,0,1,DOWN,STAY,0.33770233,0.47318733,0.18911038,False
2026-08-03 18:30:00+00:00,ITC.NS,289.0,DOWN,4,0,2,DOWN,UP,0.05196138,0.19831188,0.7497268,False
2026-08-03 18:30:00+00:00,TMPV.NS,348.54998779296875,DOWN,4,0,2,DOWN,UP,0.03812773,0.096535705,0.86533654,False
2026-08-03 18:30:00+00:00,SBIN.NS,1042.699951171875,DOWN,4,0,2,DOWN,UP,0.35125816,0.1237609,0.52498096,False
2026-08-03 18:30:00+00:00,TCS.NS,2460.0,DOWN,4,0,2,DOWN,UP,0.37797937,0.20640452,0.41561612,False
2026-08-03 18:30:00+00:00,RELIANCE.NS,1290.9000244140625,DOWN,4,0,2,DOWN,UP,0.2790054,0.18179749,0.5391971,False
2026-08-03 18:30:00+00:00,HDFCBANK.NS,742.0,DOWN,4,0,2,DOWN,UP,0.09600341,0.22509116,0.67890537,False
2026-08-03 18:30:00+00:00,BHARTIARTL.NS,1970.0999755859373,DOWN,4,0,2,DOWN,UP,0.34810752,0.22661388,0.42527857,False
2026-08-03 18:30:00+00:00,LT.NS,3990.0,DOWN,4,0,0,DOWN,DOWN,0.60975623,0.2933267,0.096917056,True
2026-08-03 18:30:00+00:00,ICICIBANK.NS,1454.5999755859375,DOWN,4,0,1,DOWN,STAY,0.34593648,0.46551463,0.1885489,False
2026-08-03 18:30:00+00:00,INFY.NS,1167.5,DOWN,4,0,0,DOWN,DOWN,0.6356367,0.17725483,0.18710847,True
2026-08-04 18:30:00+00:00,TMPV.NS,349.79998779296875,DOWN,4,0,2,DOWN,UP,0.039085347,0.112906806,0.84800786,False
2026-08-04 18:30:00+00:00,ITC.NS,286.95001220703125,DOWN,4,0,2,DOWN,UP,0.04022117,0.21183671,0.74794215,False
2026-08-04 18:30:00+00:00,LT.NS,4057.0,DOWN,4,0,0,DOWN,DOWN,0.6718358,0.24676935,0.081394896,True
2026-08-04 18:30:00+00:00,ICICIBANK.NS,1450.0999755859375,DOWN,4,0,1,DOWN,STAY,0.38259777,0.43376693,0.18363532,False
2026-08-04 18:30:00+00:00,TCS.NS,2413.0,DOWN,4,0,2,DOWN,UP,0.38570133,0.20997508,0.4043236,False
2026-08-04 18:30:00+00:00,BHARTIARTL.NS,1978.0,DOWN,4,0,2,DOWN,UP,0.34193903,0.23255363,0.42550737,False
2026-08-04 18:30:00+00:00,HDFCBANK.NS,735.0,STAY,4,1,2,STAY,UP,0.09384636,0.19830497,0.70784867,False
2026-08-04 18:30:00+00:00,SBIN.NS,1055.0,DOWN,4,0,2,DOWN,UP,0.35757494,0.13160095,0.51082414,False
2026-08-04 18:30:00+00:00,INFY.NS,1174.0,DOWN,4,0,0,DOWN,DOWN,0.6735878,0.15465976,0.17175238,True
2026-08-04 18:30:00+00:00,RELIANCE.NS,1280.0,DOWN,4,0,2,DOWN,UP,0.34359848,0.20597199,0.4504296,False
2026-08-05 18:30:00+00:00,SBIN.NS,1085.0,DOWN,4,0,2,DOWN,UP,0.35720736,0.14764714,0.49514553,False
2026-08-05 18:30:00+00:00,ITC.NS,285.8999938964844,DOWN,4,0,2,DOWN,UP,0.038312316,0.2036615,0.7580262,False
2026-08-05 18:30:00+00:00,RELIANCE.NS,1325.0,DOWN,4,0,0,DOWN,DOWN,0.42684948,0.18293239,0.39021814,True
2026-08-05 18:30:00+00:00,BHARTIARTL.NS,1948.0,DOWN,4,0,2,DOWN,UP,0.32848558,0.20179942,0.46971503,False
2026-08-05 18:30:00+00:00,LT.NS,4061.800048828125,DOWN,4,0,0,DOWN,DOWN,0.6349156,0.26662222,0.09846225,True
2026-08-05 18:30:00+00:00,TMPV.NS,345.3500061035156,DOWN,4,0,2,DOWN,UP,0.036255404,0.11272508,0.8510195,False
2026-08-05 18:30:00+00:00,HDFCBANK.NS,734.2999877929688,DOWN,4,0,2,DOWN,UP,0.11677648,0.2194175,0.663806,False
2026-08-05 18:30:00+00:00,ICICIBANK.NS,1457.5,DOWN,4,0,1,DOWN,STAY,0.40678355,0.43669665,0.15651976,False
2026-08-05 18:30:00+00:00,INFY.NS,1165.0,DOWN,4,0,0,DOWN,DOWN,0.6624412,0.15425333,0.18330547,True
2026-08-05 18:30:00+00:00,TCS.NS,2373.0,DOWN,4,0,0,DOWN,DOWN,0.41356298,0.17692369,0.40951335,True
2026-08-06 18:30:00+00:00,SBIN.NS,1097.199951171875,DOWN,4,0,2,DOWN,UP,0.399328,0.14580339,0.45486858,False
2026-08-06 18:30:00+00:00,ITC.NS,286.1000061035156,DOWN,4,0,2,DOWN,UP,0.03850607,0.19454436,0.7669496,False
2026-08-06 18:30:00+00:00,TMPV.NS,347.0,DOWN,4,0,2,DOWN,UP,0.033474073,0.11495799,0.8515679,False
2026-08-06 18:30:00+00:00,LT.NS,4056.0,DOWN,4,0,0,DOWN,DOWN,0.5507231,0.33235407,0.11692285,True
2026-08-06 18:30:00+00:00,BHARTIARTL.NS,1959.9000244140625,DOWN,4,0,2,DOWN,UP,0.31927255,0.22588803,0.45483947,False
2026-08-06 18:30:00+00:00,ICICIBANK.NS,1421.0,DOWN,4,0,1,DOWN,STAY,0.33449915,0.48972476,0.17577612,False
2026-08-06 18:30:00+00:00,INFY.NS,1175.0999755859375,DOWN,4,0,0,DOWN,DOWN,0.6910237,0.13738821,0.1715881,True
2026-08-06 18:30:00+00:00,RELIANCE.NS,1334.800048828125,DOWN,4,0,0,DOWN,DOWN,0.496794,0.23552962,0.26767638,True
2026-08-06 18:30:00+00:00,HDFCBANK.NS,731.0,STAY,4,1,2,STAY,UP,0.10301305,0.2595738,0.63741314,False
2026-08-06 18:30:00+00:00,TCS.NS,2452.699951171875,DOWN,4,0,2,DOWN,UP,0.37070948,0.2386998,0.39059073,False
2026-08-09 18:30:00+00:00,RELIANCE.NS,1327.300048828125,DOWN,4,0,0,DOWN,DOWN,0.4469248,0.2277349,0.3253403,True
2026-08-09 18:30:00+00:00,TMPV.NS,347.1000061035156,DOWN,4,0,2,DOWN,UP,0.034671072,0.114353895,0.85097504,False
2026-08-09 18:30:00+00:00,HDFCBANK.NS,731.0,STAY,4,1,2,STAY,UP,0.102149084,0.26866838,0.6291826,False
2026-08-09 18:30:00+00:00,ICICIBANK.NS,1431.800048828125,DOWN,4,0,1,DOWN,STAY,0.36668763,0.42151633,0.211796,False
2026-08-09 18:30:00+00:00,BHARTIARTL.NS,1943.0,DOWN,4,0,2,DOWN,UP,0.32645783,0.205831,0.4677112,False
2026-08-09 18:30:00+00:00,ITC.NS,282.6499938964844,DOWN,4,0,2,DOWN,UP,0.034931403,0.17362969,0.7914389,False
2026-08-09 18:30:00+00:00,SBIN.NS,1071.0,DOWN,4,0,2,DOWN,UP,0.42090085,0.14879255,0.43030667,False
2026-08-09 18:30:00+00:00,TCS.NS,2425.699951171875,DOWN,4,0,2,DOWN,UP,0.34609854,0.2196902,0.4342113,False
2026-08-09 18:30:00+00:00,LT.NS,4080.0,DOWN,4,0,0,DOWN,DOWN,0.6196616,0.24632153,0.13401681,True
2026-08-09 18:30:00+00:00,INFY.NS,1183.0,DOWN,4,0,0,DOWN,DOWN,0.6069823,0.19166392,0.2013538,True
2026-08-10 18:30:00+00:00,HDFCBANK.NS,729.0,STAY,4,1,2,STAY,UP,0.10787499,0.24493264,0.64719236,False
2026-08-10 18:30:00+00:00,INFY.NS,1190.699951171875,DOWN,4,0,0,DOWN,DOWN,0.6108083,0.18523386,0.20395786,True
2026-08-10 18:30:00+00:00,BHARTIARTL.NS,1915.199951171875,DOWN,4,0,2,DOWN,UP,0.356249,0.21268189,0.43106914,False
2026-08-10 18:30:00+00:00,SBIN.NS,1066.0,DOWN,4,0,2,DOWN,UP,0.40634796,0.12786168,0.4657904,False
2026-08-10 18:30:00+00:00,RELIANCE.NS,1323.9000244140625,DOWN,4,0,0,DOWN,DOWN,0.449892,0.20009977,0.35000825,True
2026-08-10 18:30:00+00:00,ICICIBANK.NS,1429.5999755859375,DOWN,4,0,0,DOWN,DOWN,0.4073888,0.37940943,0.2132018,True
2026-08-10 18:30:00+00:00,TMPV.NS,347.6000061035156,DOWN,4,0,2,DOWN,UP,0.03826151,0.12115137,0.84058714,False
2026-08-10 18:30:00+00:00,LT.NS,4037.39990234375,DOWN,4,0,0,DOWN,DOWN,0.57489175,0.26639953,0.15870874,True
2026-08-10 18:30:00+00:00,ITC.NS,279.0,DOWN,4,0,2,DOWN,UP,0.035976954,0.16109484,0.80292815,False
2026-08-10 18:30:00+00:00,TCS.NS,2445.699951171875,DOWN,4,0,2,DOWN,UP,0.31065083,0.23153906,0.4578102,False
2026-08-11 18:30:00+00:00,SBIN.NS,1082.0,DOWN,4,0,2,DOWN,UP,0.38854083,0.13657561,0.47488362,False
2026-08-11 18:30:00+00:00,BHARTIARTL.NS,1945.0,DOWN,4,0,2,DOWN,UP,0.35407907,0.20861134,0.43730962,False
2026-08-11 18:30:00+00:00,TCS.NS,2349.699951171875,DOWN,4,0,2,DOWN,UP,0.28176847,0.21749473,0.5007368,False
2026-08-11 18:30:00+00:00,ITC.NS,276.1499938964844,DOWN,4,0,2,DOWN,UP,0.0400341,0.16895722,0.79100865,False
2026-08-11 18:30:00+00:00,ICICIBANK.NS,1431.699951171875,DOWN,4,0,0,DOWN,DOWN,0.44991332,0.3287609,0.22132576,True
2026-08-11 18:30:00+00:00,TMPV.NS,343.0,DOWN,4,0,2,DOWN,UP,0.028438145,0.08166419,0.8898977,False
2026-08-11 18:30:00+00:00,RELIANCE.NS,1329.0,DOWN,4,0,0,DOWN,DOWN,0.41757217,0.2236463,0.35878155,True
2026-08-11 18:30:00+00:00,LT.NS,4020.0,DOWN,4,0,0,DOWN,DOWN,0.5329166,0.29447648,0.17260697,True
2026-08-11 18:30:00+00:00,HDFCBANK.NS,729.0,STAY,4,1,2,STAY,UP,0.09868668,0.259443,0.6418703,False
2026-08-11 18:30:00+00:00,INFY.NS,1176.0999755859375,DOWN,4,0,0,DOWN,DOWN,0.59164417,0.19303955,0.21531625,True
2026-08-12 18:30:00+00:00,BHARTIARTL.NS,1939.0999755859373,DOWN,4,0,2,DOWN,UP,0.37025568,0.16984203,0.45990235,False
2026-08-12 18:30:00+00:00,RELIANCE.NS,1317.0,DOWN,4,0,2,DOWN,UP,0.23744206,0.21580872,0.54674923,False
2026-08-12 18:30:00+00:00,TMPV.NS,349.6000061035156,DOWN,4,0,2,DOWN,UP,0.035984915,0.10077241,0.8632427,False
2026-08-12 18:30:00+00:00,INFY.NS,1175.0,DOWN,4,0,0,DOWN,DOWN,0.46155927,0.21372299,0.32471776,True
2026-08-12 18:30:00+00:00,ICICIBANK.NS,1406.800048828125,DOWN,4,0,0,DOWN,DOWN,0.5150946,0.29590777,0.18899766,True
2026-08-12 18:30:00+00:00,ITC.NS,278.5,DOWN,4,0,2,DOWN,UP,0.039344933,0.17718723,0.7834678,False
2026-08-12 18:30:00+00:00,TCS.NS,2375.0,DOWN,4,0,2,DOWN,UP,0.2994715,0.23759574,0.46293274,False
2026-08-12 18:30:00+00:00,HDFCBANK.NS,725.0,STAY,4,1,2,STAY,UP,0.09110381,0.24457903,0.6643172,False
2026-08-12 18:30:00+00:00,LT.NS,4070.699951171875,DOWN,4,0,0,DOWN,DOWN,0.6504428,0.19574729,0.15380993,True
2026-08-12 18:30:00+00:00,SBIN.NS,1083.0,DOWN,4,0,2,DOWN,UP,0.3553511,0.15264,0.49200895,False
2026-08-13 18:30:00+00:00,BHARTIARTL.NS,1992.0999755859373,DOWN,4,0,2,DOWN,UP,0.3485644,0.20836027,0.4430754,False
2026-08-13 18:30:00+00:00,ICICIBANK.NS,1417.0,DOWN,4,0,0,DOWN,DOWN,0.49869943,0.32063076,0.18066984,True
2026-08-13 18:30:00+00:00,LT.NS,4057.0,DOWN,4,0,0,DOWN,DOWN,0.57771647,0.20476209,0.2175215,True
2026-08-13 18:30:00+00:00,ITC.NS,278.20001220703125,DOWN,4,0,2,DOWN,UP,0.036821403,0.17595932,0.7872193,False
2026-08-13 18:30:00+00:00,SBIN.NS,1067.699951171875,DOWN,4,0,2,DOWN,UP,0.36232278,0.16186276,0.4758144,False
2026-08-13 18:30:00+00:00,HDFCBANK.NS,727.0,STAY,4,1,2,STAY,UP,0.09563302,0.23292544,0.67144156,False
2026-08-13 18:30:00+00:00,INFY.NS,1169.199951171875,DOWN,4,0,0,DOWN,DOWN,0.38919082,0.26238382,0.34842542,True
2026-08-13 18:30:00+00:00,TCS.NS,2361.0,DOWN,4,0,2,DOWN,UP,0.28203195,0.24454354,0.47342446,False
2026-08-13 18:30:00+00:00,RELIANCE.NS,1310.0,DOWN,4,0,2,DOWN,UP,0.2654414,0.1901116,0.54444706,False
2026-08-13 18:30:00+00:00,TMPV.NS,334.5,DOWN,4,0,2,DOWN,UP,0.039753657,0.09345149,0.8667948,False
