Date,Ticker,Close,Target_5D,Fold,Actual_Class,Predicted_Class,Actual_Label,Predicted_Label,Probability_DOWN,Probability_STAY,Probability_UP,Correct
2024-09-11 18:30:00+00:00,ICICIBANK.NS,1232.1744384765625,UP,1,2,2,UP,UP,0.28638285,0.25826782,0.45534936,True
2024-09-11 18:30:00+00:00,LT.NS,3553.82080078125,UP,1,2,2,UP,UP,0.16537239,0.17323671,0.6613909,True
2024-09-11 18:30:00+00:00,BHARTIARTL.NS,1612.7999267578125,UP,1,2,0,UP,DOWN,0.40234113,0.25591138,0.34174746,False
2024-09-11 18:30:00+00:00,HDFCBANK.NS,808.8092651367188,UP,1,2,1,UP,STAY,0.27592993,0.39009777,0.3339723,False
2024-09-11 18:30:00+00:00,TMPV.NS,969.6995849609376,DOWN,1,0,2,DOWN,UP,0.103544965,0.16548952,0.7309655,False
2024-09-11 18:30:00+00:00,ITC.NS,461.0647888183594,DOWN,1,0,2,DOWN,UP,0.28793845,0.31577668,0.3962849,False
2024-09-11 18:30:00+00:00,TCS.NS,4197.21728515625,DOWN,1,0,2,DOWN,UP,0.20332086,0.28144604,0.5152331,False
2024-09-11 18:30:00+00:00,SBIN.NS,758.5704345703125,STAY,1,1,1,STAY,STAY,0.22121148,0.39495465,0.38383386,True
2024-09-11 18:30:00+00:00,RELIANCE.NS,1467.1298828125,STAY,1,1,2,STAY,UP,0.3329296,0.28975886,0.37731156,False
2024-09-11 18:30:00+00:00,INFY.NS,1833.3865966796875,DOWN,1,0,0,DOWN,DOWN,0.4172526,0.17167692,0.41107044,True
2024-09-12 18:30:00+00:00,LT.NS,3544.990234375,UP,1,2,2,UP,UP,0.228254,0.19880909,0.57293695,True
2024-09-12 18:30:00+00:00,RELIANCE.NS,1460.016357421875,STAY,1,1,0,STAY,DOWN,0.36602858,0.2769445,0.35702696,False
2024-09-12 18:30:00+00:00,HDFCBANK.NS,808.4937744140625,UP,1,2,1,UP,STAY,0.24557327,0.41805437,0.33637238,False
2024-09-12 18:30:00+00:00,INFY.NS,1827.417724609375,DOWN,1,0,2,DOWN,UP,0.3491346,0.20888492,0.4419805,False
2024-09-12 18:30:00+00:00,ITC.NS,456.0503234863281,STAY,1,1,2,STAY,UP,0.33999208,0.21202636,0.4479815,False
2024-09-12 18:30:00+00:00,SBIN.NS,761.5555419921875,DOWN,1,0,1,DOWN,STAY,0.23747277,0.40844586,0.35408133,False
2024-09-12 18:30:00+00:00,BHARTIARTL.NS,1600.7535400390625,UP,1,2,0,UP,DOWN,0.47971576,0.28416783,0.23611645,False
2024-09-12 18:30:00+00:00,ICICIBANK.NS,1230.403076171875,UP,1,2,2,UP,UP,0.26293233,0.29126924,0.4457984,True
2024-09-12 18:30:00+00:00,TMPV.NS,975.55029296875,DOWN,1,0,2,DOWN,UP,0.15484488,0.18274127,0.66241384,False
2024-09-12 18:30:00+00:00,TCS.NS,4201.76953125,DOWN,1,0,2,DOWN,UP,0.3065905,0.25675115,0.43665835,False
2024-09-15 18:30:00+00:00,TCS.NS,4193.08251953125,DOWN,1,0,2,DOWN,UP,0.3545083,0.24780136,0.39769033,False
2024-09-15 18:30:00+00:00,SBIN.NS,756.451904296875,UP,1,2,1,UP,STAY,0.24242635,0.435755,0.3218186,False
2024-09-15 18:30:00+00:00,INFY.NS,1833.1986083984373,DOWN,1,0,2,DOWN,UP,0.28074917,0.2323257,0.48692513,False
2024-09-15 18:30:00+00:00,BHARTIARTL.NS,1601.73291015625,UP,1,2,0,UP,DOWN,0.36450014,0.3104024,0.32509747,False
2024-09-15 18:30:00+00:00,ICICIBANK.NS,1242.7037353515625,UP,1,2,2,UP,UP,0.29070255,0.33210117,0.37719625,True
2024-09-15 18:30:00+00:00,LT.NS,3593.31298828125,UP,1,2,2,UP,UP,0.24425195,0.21374336,0.5420047,True
2024-09-15 18:30:00+00:00,HDFCBANK.NS,810.9203491210938,UP,1,2,2,UP,UP,0.2402765,0.37028766,0.3894359,True
2024-09-15 18:30:00+00:00,ITC.NS,453.6096801757813,UP,1,2,2,UP,UP,0.34756604,0.25021166,0.40222237,True
2024-09-15 18:30:00+00:00,RELIANCE.NS,1458.7523193359375,UP,1,2,1,UP,STAY,0.30043218,0.36245847,0.3371094,False
2024-09-15 18:30:00+00:00,TMPV.NS,971.912109375,DOWN,1,0,2,DOWN,UP,0.19157116,0.19400176,0.6144271,False
2024-09-16 18:30:00+00:00,TCS.NS,4186.021484375,DOWN,1,0,0,DOWN,DOWN,0.3936959,0.23346877,0.37283537,True
2024-09-16 18:30:00+00:00,ITC.NS,450.636474609375,UP,1,2,2,UP,UP,0.34894988,0.22187456,0.42917562,True
2024-09-16 18:30:00+00:00,SBIN.NS,753.9000854492188,UP,1,2,1,UP,STAY,0.2278587,0.39820853,0.3739328,False
2024-09-16 18:30:00+00:00,BHARTIARTL.NS,1627.49072265625,UP,1,2,0,UP,DOWN,0.4020432,0.32707936,0.27087745,False
2024-09-16 18:30:00+00:00,ICICIBANK.NS,1247.8699951171875,UP,1,2,1,UP,STAY,0.28203833,0.38326555,0.33469614,False
2024-09-16 18:30:00+00:00,INFY.NS,1835.360595703125,DOWN,1,0,2,DOWN,UP,0.3240294,0.2297265,0.4462441,False
2024-09-16 18:30:00+00:00,TMPV.NS,958.6864624023438,STAY,1,1,2,STAY,UP,0.22504558,0.25881398,0.51614046,False
2024-09-16 18:30:00+00:00,LT.NS,3625.642822265625,UP,1,2,2,UP,UP,0.27298316,0.18675917,0.5402577,True
2024-09-16 18:30:00+00:00,RELIANCE.NS,1459.6942138671875,UP,1,2,1,UP,STAY,0.31905335,0.3512028,0.32974386,False
2024-09-16 18:30:00+00:00,HDFCBANK.NS,809.876953125,UP,1,2,2,UP,UP,0.29462874,0.27103004,0.43434125,True
2024-09-17 18:30:00+00:00,HDFCBANK.NS,822.494873046875,UP,1,2,1,UP,STAY,0.28619376,0.3724367,0.34136954,False
2024-09-17 18:30:00+00:00,TMPV.NS,946.0015869140624,STAY,1,1,2,STAY,UP,0.19705358,0.18431948,0.61862695,False
2024-09-17 18:30:00+00:00,TCS.NS,4037.836181640625,DOWN,1,0,2,DOWN,UP,0.31350002,0.28961948,0.39688045,False
2024-09-17 18:30:00+00:00,RELIANCE.NS,1450.9197998046875,UP,1,2,0,UP,DOWN,0.35911688,0.32183266,0.31905043,False
2024-09-17 18:30:00+00:00,ITC.NS,450.2814636230469,UP,1,2,2,UP,UP,0.29592285,0.25558063,0.44849646,True
2024-09-17 18:30:00+00:00,LT.NS,3660.229248046875,UP,1,2,2,UP,UP,0.28678975,0.18268567,0.5305246,True
2024-09-17 18:30:00+00:00,SBIN.NS,763.3851928710938,STAY,1,1,2,STAY,UP,0.29611525,0.29255822,0.41132653,False
2024-09-17 18:30:00+00:00,BHARTIARTL.NS,1620.781982421875,UP,1,2,0,UP,DOWN,0.40560895,0.30955857,0.28483242,False
2024-09-17 18:30:00+00:00,INFY.NS,1778.5855712890625,STAY,1,1,0,STAY,DOWN,0.48231402,0.16775148,0.3499345,False
2024-09-17 18:30:00+00:00,ICICIBANK.NS,1267.796875,UP,1,2,1,UP,STAY,0.29470468,0.41364348,0.29165182,False
2024-09-18 18:30:00+00:00,HDFCBANK.NS,829.1435546875,UP,1,2,1,UP,STAY,0.3299324,0.4634501,0.20661749,False
2024-09-18 18:30:00+00:00,TMPV.NS,950.8690185546876,UP,1,2,2,UP,UP,0.2105931,0.17229864,0.6171082,True
2024-09-18 18:30:00+00:00,ICICIBANK.NS,1271.388671875,UP,1,2,1,UP,STAY,0.27707365,0.42661893,0.29630744,False
2024-09-18 18:30:00+00:00,SBIN.NS,760.6889038085938,UP,1,2,1,UP,STAY,0.309809,0.4227316,0.26745945,False
2024-09-18 18:30:00+00:00,LT.NS,3614.359130859375,UP,1,2,2,UP,UP,0.38865218,0.19271038,0.4186375,True
2024-09-18 18:30:00+00:00,TCS.NS,3991.384033203125,STAY,1,1,2,STAY,UP,0.19791473,0.22971155,0.5723737,False
2024-09-18 18:30:00+00:00,INFY.NS,1780.5126953125,STAY,1,1,0,STAY,DOWN,0.5033773,0.12715222,0.36947042,False
2024-09-18 18:30:00+00:00,ITC.NS,451.0802307128906,UP,1,2,2,UP,UP,0.34633148,0.1866156,0.467053,True
2024-09-18 18:30:00+00:00,RELIANCE.NS,1457.0916748046875,UP,1,2,2,UP,UP,0.32071775,0.313489,0.36579326,True
2024-09-18 18:30:00+00:00,BHARTIARTL.NS,1630.5267333984375,UP,1,2,0,UP,DOWN,0.41470534,0.2893852,0.2959094,False
2024-09-19 18:30:00+00:00,HDFCBANK.NS,845.0130004882812,STAY,1,1,0,STAY,DOWN,0.42816454,0.36689687,0.20493858,False
2024-09-19 18:30:00+00:00,ICICIBANK.NS,1317.09765625,DOWN,1,0,0,DOWN,DOWN,0.517752,0.250333,0.23191504,True
2024-09-19 18:30:00+00:00,LT.NS,3722.48486328125,DOWN,1,0,0,DOWN,DOWN,0.38606727,0.23439959,0.3795331,True
2024-09-19 18:30:00+00:00,SBIN.NS,752.7445068359375,UP,1,2,2,UP,UP,0.28647226,0.27775434,0.43577343,True
2024-09-19 18:30:00+00:00,TMPV.NS,954.65478515625,UP,1,2,2,UP,UP,0.26264405,0.2274912,0.50986475,True
2024-09-19 18:30:00+00:00,INFY.NS,1791.3695068359375,STAY,1,1,2,STAY,UP,0.37180948,0.17582263,0.45236784,False
2024-09-19 18:30:00+00:00,BHARTIARTL.NS,1676.4599609375,UP,1,2,2,UP,UP,0.37872386,0.21679609,0.40448004,True
2024-09-19 18:30:00+00:00,RELIANCE.NS,1473.2025146484375,UP,1,2,2,UP,UP,0.36329,0.25521716,0.38149285,True
2024-09-19 18:30:00+00:00,TCS.NS,3980.931884765625,STAY,1,1,2,STAY,UP,0.13304426,0.3171144,0.54984134,False
2024-09-19 18:30:00+00:00,ITC.NS,456.5384826660156,UP,1,2,2,UP,UP,0.34330535,0.21331598,0.44337866,True
2024-09-22 18:30:00+00:00,INFY.NS,1782.6275634765625,DOWN,1,0,0,DOWN,DOWN,0.4213689,0.18112151,0.3975096,True
2024-09-22 18:30:00+00:00,ICICIBANK.NS,1300.811767578125,DOWN,1,0,0,DOWN,DOWN,0.45199057,0.2645644,0.283445,True
2024-09-22 18:30:00+00:00,HDFCBANK.NS,854.0396728515625,DOWN,1,0,0,DOWN,DOWN,0.4813282,0.3344805,0.18419133,True
2024-09-22 18:30:00+00:00,BHARTIARTL.NS,1714.362060546875,DOWN,1,0,0,DOWN,DOWN,0.37404448,0.34698132,0.27897424,True
2024-09-22 18:30:00+00:00,TCS.NS,3965.695068359375,STAY,1,1,2,STAY,UP,0.1425714,0.24228995,0.61513865,False
2024-09-22 18:30:00+00:00,TMPV.NS,955.5889282226562,STAY,1,1,2,STAY,UP,0.3103098,0.30903974,0.3806505,False
2024-09-22 18:30:00+00:00,SBIN.NS,772.1480712890625,DOWN,1,0,2,DOWN,UP,0.27570716,0.36060724,0.36368558,False
2024-09-22 18:30:00+00:00,RELIANCE.NS,1480.5887451171875,DOWN,1,0,0,DOWN,DOWN,0.38227668,0.27988723,0.3378361,True
2024-09-22 18:30:00+00:00,LT.NS,3716.401611328125,DOWN,1,0,0,DOWN,DOWN,0.41693544,0.22710662,0.35595798,True
2024-09-22 18:30:00+00:00,ITC.NS,458.8016052246094,STAY,1,1,2,STAY,UP,0.3474418,0.24737427,0.40518397,False
2024-09-23 18:30:00+00:00,ICICIBANK.NS,1297.5643310546875,DOWN,1,0,0,DOWN,DOWN,0.4429984,0.29037306,0.26662856,True
2024-09-23 18:30:00+00:00,LT.NS,3720.228271484375,DOWN,1,0,0,DOWN,DOWN,0.43655512,0.1408948,0.42255008,True
2024-09-23 18:30:00+00:00,TCS.NS,3968.296875,STAY,1,1,2,STAY,UP,0.11536706,0.2520151,0.6326178,False
2024-09-23 18:30:00+00:00,SBIN.NS,768.6814575195312,STAY,1,1,1,STAY,STAY,0.2862935,0.3990637,0.31464282,True
2024-09-23 18:30:00+00:00,TMPV.NS,960.9971923828124,DOWN,1,0,2,DOWN,UP,0.3316524,0.24029663,0.42805097,False
2024-09-23 18:30:00+00:00,HDFCBANK.NS,858.0435180664062,DOWN,1,0,0,DOWN,DOWN,0.49942505,0.33881295,0.16176195,True
2024-09-23 18:30:00+00:00,ITC.NS,457.2928466796875,STAY,1,1,2,STAY,UP,0.3526922,0.25544342,0.39186442,False
2024-09-23 18:30:00+00:00,INFY.NS,1784.6485595703125,STAY,1,1,0,STAY,DOWN,0.43630517,0.21302369,0.3506711,False
2024-09-23 18:30:00+00:00,RELIANCE.NS,1476.6229248046875,DOWN,1,0,2,DOWN,UP,0.3402188,0.25227234,0.40750882,False
2024-09-23 18:30:00+00:00,BHARTIARTL.NS,1720.4342041015625,DOWN,1,0,0,DOWN,DOWN,0.495786,0.19967397,0.30454004,True
2024-09-24 18:30:00+00:00,TMPV.NS,947.5256958007812,DOWN,1,0,2,DOWN,UP,0.35526672,0.21794695,0.4267864,False
2024-09-24 18:30:00+00:00,INFY.NS,1781.546630859375,STAY,1,1,2,STAY,UP,0.35114738,0.22121441,0.4276382,False
2024-09-24 18:30:00+00:00,RELIANCE.NS,1481.15869140625,DOWN,1,0,2,DOWN,UP,0.36017254,0.25363234,0.3861951,False
2024-09-24 18:30:00+00:00,ITC.NS,459.3341369628906,STAY,1,1,2,STAY,UP,0.35995454,0.23247465,0.4075708,False
2024-09-24 18:30:00+00:00,SBIN.NS,763.7222290039062,STAY,1,1,2,STAY,UP,0.2763833,0.29005322,0.43356353,False
2024-09-24 18:30:00+00:00,ICICIBANK.NS,1302.7305908203125,DOWN,1,0,0,DOWN,DOWN,0.42815298,0.3178421,0.25400487,True
2024-09-24 18:30:00+00:00,TCS.NS,3971.501953125,STAY,1,1,2,STAY,UP,0.11585525,0.27661365,0.60753113,False
2024-09-24 18:30:00+00:00,BHARTIARTL.NS,1724.1070556640625,DOWN,1,0,0,DOWN,DOWN,0.41083705,0.27817237,0.31099057,True
2024-09-24 18:30:00+00:00,HDFCBANK.NS,863.4060668945312,DOWN,1,0,0,DOWN,DOWN,0.53572035,0.31508297,0.14919668,True
2024-09-24 18:30:00+00:00,LT.NS,3722.43603515625,DOWN,1,0,2,DOWN,UP,0.3831198,0.17476027,0.44211996,False
2024-09-25 18:30:00+00:00,HDFCBANK.NS,865.5171508789062,DOWN,1,0,0,DOWN,DOWN,0.570997,0.28885835,0.14014465,True
2024-09-25 18:30:00+00:00,INFY.NS,1786.19970703125,STAY,1,1,2,STAY,UP,0.35841984,0.21260065,0.42897958,False
2024-09-25 18:30:00+00:00,ITC.NS,463.94921875,DOWN,1,0,2,DOWN,UP,0.32003117,0.27246925,0.40749958,False
2024-09-25 18:30:00+00:00,TCS.NS,3987.992431640625,STAY,1,1,2,STAY,UP,0.13062356,0.273793,0.59558344,False
2024-09-25 18:30:00+00:00,BHARTIARTL.NS,1734.5863037109375,DOWN,1,0,0,DOWN,DOWN,0.46981716,0.23250099,0.2976818,True
2024-09-25 18:30:00+00:00,RELIANCE.NS,1485.12451171875,DOWN,1,0,2,DOWN,UP,0.29827294,0.22272441,0.47900265,False
2024-09-25 18:30:00+00:00,LT.NS,3691.33251953125,DOWN,1,0,2,DOWN,UP,0.38278744,0.14441757,0.47279495,False
2024-09-25 18:30:00+00:00,ICICIBANK.NS,1307.8477783203125,DOWN,1,0,0,DOWN,DOWN,0.45039418,0.31644627,0.2331595,True
2024-09-25 18:30:00+00:00,SBIN.NS,772.1480712890625,STAY,1,1,2,STAY,UP,0.29739702,0.30330086,0.39930207,False
2024-09-25 18:30:00+00:00,TMPV.NS,976.5828247070312,DOWN,1,0,2,DOWN,UP,0.31127536,0.2781767,0.41054794,False
2024-09-26 18:30:00+00:00,RELIANCE.NS,1513.10791015625,DOWN,1,0,2,DOWN,UP,0.3567678,0.2690282,0.37420404,False
2024-09-26 18:30:00+00:00,ITC.NS,463.9048461914063,DOWN,1,0,2,DOWN,UP,0.2929441,0.25904074,0.4480152,False
2024-09-26 18:30:00+00:00,SBIN.NS,772.91845703125,DOWN,1,0,0,DOWN,DOWN,0.37413946,0.3376278,0.28823274,True
2024-09-26 18:30:00+00:00,ICICIBANK.NS,1285.7557373046875,DOWN,1,0,0,DOWN,DOWN,0.3770745,0.34997976,0.2729457,True
2024-09-26 18:30:00+00:00,BHARTIARTL.NS,1698.8388671875,DOWN,1,0,0,DOWN,DOWN,0.41578513,0.26660347,0.31761137,True
2024-09-26 18:30:00+00:00,INFY.NS,1792.309326171875,UP,1,2,2,UP,UP,0.34651345,0.20372207,0.44976446,True
2024-09-26 18:30:00+00:00,LT.NS,3635.89599609375,DOWN,1,0,0,DOWN,DOWN,0.43686908,0.12743255,0.4356984,True
2024-09-26 18:30:00+00:00,TCS.NS,4003.04296875,STAY,1,1,2,STAY,UP,0.19119453,0.267663,0.54114246,False
2024-09-26 18:30:00+00:00,TMPV.NS,976.4353637695312,DOWN,1,0,0,DOWN,DOWN,0.3451016,0.34145302,0.3134454,True
2024-09-26 18:30:00+00:00,HDFCBANK.NS,850.5697021484375,DOWN,1,0,1,DOWN,STAY,0.34773114,0.35554686,0.29672202,False
2024-09-29 18:30:00+00:00,TCS.NS,3965.695068359375,STAY,1,1,2,STAY,UP,0.17423128,0.29417595,0.5315928,False
2024-09-29 18:30:00+00:00,BHARTIARTL.NS,1674.3052978515625,DOWN,1,0,2,DOWN,UP,0.38712114,0.18560027,0.4272786,False
2024-09-29 18:30:00+00:00,SBIN.NS,758.71484375,STAY,1,1,1,STAY,STAY,0.33557874,0.38854474,0.27587652,True
2024-09-29 18:30:00+00:00,HDFCBANK.NS,840.572509765625,DOWN,1,0,2,DOWN,UP,0.31557342,0.3401915,0.34423503,False
2024-09-29 18:30:00+00:00,INFY.NS,1763.029052734375,UP,1,2,2,UP,UP,0.36374992,0.18891603,0.44733402,True
2024-09-29 18:30:00+00:00,ICICIBANK.NS,1252.6917724609375,DOWN,1,0,0,DOWN,DOWN,0.39961258,0.30132297,0.29906452,True
2024-09-29 18:30:00+00:00,RELIANCE.NS,1463.9324951171875,DOWN,1,0,0,DOWN,DOWN,0.39770824,0.26450872,0.33778298,True
2024-09-29 18:30:00+00:00,ITC.NS,459.86663818359375,DOWN,1,0,2,DOWN,UP,0.3754419,0.23298936,0.39156875,False
2024-09-29 18:30:00+00:00,TMPV.NS,958.3914184570312,DOWN,1,0,0,DOWN,DOWN,0.3943463,0.2341234,0.3715303,True
2024-09-29 18:30:00+00:00,LT.NS,3606.36279296875,DOWN,1,0,2,DOWN,UP,0.40437287,0.15536581,0.44026136,False
2024-09-30 18:30:00+00:00,BHARTIARTL.NS,1663.678955078125,DOWN,1,0,2,DOWN,UP,0.31170186,0.21243657,0.47586155,False
2024-09-30 18:30:00+00:00,HDFCBANK.NS,837.7334594726562,DOWN,1,0,1,DOWN,STAY,0.25843403,0.3911026,0.3504633,False
2024-09-30 18:30:00+00:00,ICICIBANK.NS,1254.0694580078125,DOWN,1,0,0,DOWN,DOWN,0.34946752,0.30864006,0.34189242,True
2024-09-30 18:30:00+00:00,SBIN.NS,767.4296264648438,STAY,1,1,0,STAY,DOWN,0.3861139,0.33897427,0.27491185,False
2024-09-30 18:30:00+00:00,ITC.NS,458.135986328125,DOWN,1,0,2,DOWN,UP,0.3000507,0.27025342,0.42969593,False
2024-09-30 18:30:00+00:00,LT.NS,3584.727783203125,DOWN,1,0,2,DOWN,UP,0.36621603,0.1764532,0.45733073,False
2024-09-30 18:30:00+00:00,TMPV.NS,949.0990600585938,DOWN,1,0,2,DOWN,UP,0.28467947,0.2876062,0.42771432,False
2024-09-30 18:30:00+00:00,TCS.NS,3983.71875,STAY,1,1,2,STAY,UP,0.22418861,0.33727363,0.4385378,False
2024-09-30 18:30:00+00:00,RELIANCE.NS,1452.2830810546875,DOWN,1,0,0,DOWN,DOWN,0.39921734,0.26603484,0.33474782,True
2024-09-30 18:30:00+00:00,INFY.NS,1790.0533447265625,UP,1,2,2,UP,UP,0.36120847,0.20370261,0.43508893,True
2024-10-02 18:30:00+00:00,HDFCBANK.NS,816.282958984375,DOWN,1,0,1,DOWN,STAY,0.20709354,0.48844233,0.3044641,False
2024-10-02 18:30:00+00:00,ICICIBANK.NS,1236.307373046875,DOWN,1,0,2,DOWN,UP,0.3469609,0.29454628,0.3584928,False
2024-10-02 18:30:00+00:00,SBIN.NS,764.6851806640625,STAY,1,1,1,STAY,STAY,0.29581293,0.42757145,0.27661562,True
2024-10-02 18:30:00+00:00,LT.NS,3431.8115234375,DOWN,1,0,2,DOWN,UP,0.16609135,0.2571952,0.57671344,False
2024-10-02 18:30:00+00:00,TCS.NS,3932.4814453125,STAY,1,1,2,STAY,UP,0.16453147,0.3236719,0.5117966,False
2024-10-02 18:30:00+00:00,RELIANCE.NS,1394.928466796875,DOWN,1,0,0,DOWN,DOWN,0.36087868,0.32456186,0.31455946,True
2024-10-02 18:30:00+00:00,TMPV.NS,910.2579956054688,STAY,1,1,2,STAY,UP,0.18509868,0.2773456,0.5375557,False
2024-10-02 18:30:00+00:00,BHARTIARTL.NS,1638.949462890625,STAY,1,1,0,STAY,DOWN,0.39914432,0.20561747,0.39523822,False
2024-10-02 18:30:00+00:00,INFY.NS,1779.7606201171875,UP,1,2,2,UP,UP,0.32550782,0.20317692,0.4713153,True
2024-10-02 18:30:00+00:00,ITC.NS,455.0740661621094,DOWN,1,0,2,DOWN,UP,0.30017513,0.23750326,0.46232158,False
2024-10-03 18:30:00+00:00,HDFCBANK.NS,804.4657592773438,STAY,1,1,1,STAY,STAY,0.1795481,0.4940877,0.3263642,True
2024-10-03 18:30:00+00:00,LT.NS,3428.180908203125,STAY,1,1,2,STAY,UP,0.14366154,0.21140419,0.6449343,False
2024-10-03 18:30:00+00:00,TMPV.NS,915.2236938476562,STAY,1,1,2,STAY,UP,0.18104896,0.29189366,0.52705735,False
2024-10-03 18:30:00+00:00,INFY.NS,1803.025146484375,STAY,1,1,2,STAY,UP,0.39205095,0.19140494,0.4165441,False
2024-10-03 18:30:00+00:00,BHARTIARTL.NS,1607.0706787109375,UP,1,2,2,UP,UP,0.3053951,0.19821239,0.4963925,True
2024-10-03 18:30:00+00:00,ICICIBANK.NS,1219.97216796875,DOWN,1,0,1,DOWN,STAY,0.26002136,0.38610616,0.3538725,False
2024-10-03 18:30:00+00:00,RELIANCE.NS,1374.653564453125,DOWN,1,0,1,DOWN,STAY,0.21277206,0.4065776,0.38065034,False
2024-10-03 18:30:00+00:00,SBIN.NS,767.1407470703125,STAY,1,1,1,STAY,STAY,0.27990153,0.3754893,0.3446092,True
2024-10-03 18:30:00+00:00,TCS.NS,3950.59814453125,DOWN,1,0,2,DOWN,UP,0.18254483,0.33415702,0.48329815,False
2024-10-03 18:30:00+00:00,ITC.NS,446.9089050292969,DOWN,1,0,0,DOWN,DOWN,0.37641096,0.25332162,0.37026745,True
2024-10-06 18:30:00+00:00,TCS.NS,3969.736572265625,DOWN,1,0,2,DOWN,UP,0.19437839,0.352358,0.45326364,False
2024-10-06 18:30:00+00:00,SBIN.NS,742.1038208007812,UP,1,2,2,UP,UP,0.24655612,0.2790345,0.47440943,True
2024-10-06 18:30:00+00:00,INFY.NS,1818.2059326171875,UP,1,2,2,UP,UP,0.30536184,0.21865883,0.47597936,True
2024-10-06 18:30:00+00:00,LT.NS,3403.063232421875,UP,1,2,2,UP,UP,0.11459935,0.21268952,0.67271113,True
2024-10-06 18:30:00+00:00,BHARTIARTL.NS,1627.7845458984375,UP,1,2,2,UP,UP,0.31845868,0.2274385,0.45410287,True
2024-10-06 18:30:00+00:00,ITC.NS,452.8109130859375,DOWN,1,0,2,DOWN,UP,0.31300363,0.24161682,0.44537956,False
2024-10-06 18:30:00+00:00,TMPV.NS,912.3720703125,STAY,1,1,2,STAY,UP,0.19129013,0.2893945,0.51931536,False
2024-10-06 18:30:00+00:00,ICICIBANK.NS,1214.215576171875,STAY,1,1,2,STAY,UP,0.21227597,0.3439434,0.4437807,False
2024-10-06 18:30:00+00:00,HDFCBANK.NS,785.1264038085938,UP,1,2,1,UP,STAY,0.19909796,0.47957513,0.3213269,False
2024-10-06 18:30:00+00:00,RELIANCE.NS,1358.98876953125,STAY,1,1,2,STAY,UP,0.1702769,0.31659272,0.51313037,False
2024-10-07 18:30:00+00:00,LT.NS,3465.9072265625,STAY,1,1,2,STAY,UP,0.1753803,0.26122475,0.5633949,False
2024-10-07 18:30:00+00:00,TMPV.NS,904.4563598632812,STAY,1,1,2,STAY,UP,0.17814241,0.1958977,0.6259599,False
2024-10-07 18:30:00+00:00,TCS.NS,3951.527099609375,DOWN,1,0,2,DOWN,UP,0.18633717,0.3668457,0.44681707,False
2024-10-07 18:30:00+00:00,RELIANCE.NS,1385.3857421875,DOWN,1,0,1,DOWN,STAY,0.18165615,0.48641783,0.33192608,False
2024-10-07 18:30:00+00:00,INFY.NS,1831.6005859375,STAY,1,1,2,STAY,UP,0.29463693,0.24247816,0.46288493,False
2024-10-07 18:30:00+00:00,ICICIBANK.NS,1216.8724365234375,UP,1,2,2,UP,UP,0.24711242,0.32802474,0.42486286,True
2024-10-07 18:30:00+00:00,HDFCBANK.NS,801.2628173828125,UP,1,2,1,UP,STAY,0.2751952,0.40189442,0.32291037,False
2024-10-07 18:30:00+00:00,SBIN.NS,752.5037841796875,UP,1,2,2,UP,UP,0.33421195,0.32685027,0.33893782,True
2024-10-07 18:30:00+00:00,BHARTIARTL.NS,1623.2794189453125,UP,1,2,2,UP,UP,0.2799276,0.27419266,0.44587973,True
2024-10-07 18:30:00+00:00,ITC.NS,450.81396484375,DOWN,1,0,0,DOWN,DOWN,0.48111868,0.19154117,0.32734013,True
2024-10-08 18:30:00+00:00,BHARTIARTL.NS,1643.503662109375,UP,1,2,2,UP,UP,0.19365993,0.23794688,0.5683932,True
2024-10-08 18:30:00+00:00,RELIANCE.NS,1362.8306884765625,DOWN,1,0,1,DOWN,STAY,0.20384759,0.45144284,0.34470952,False
2024-10-08 18:30:00+00:00,HDFCBANK.NS,792.5758056640625,UP,1,2,1,UP,STAY,0.25650427,0.447963,0.29553273,False
2024-10-08 18:30:00+00:00,TCS.NS,3951.24853515625,DOWN,1,0,2,DOWN,UP,0.12770544,0.3452902,0.52700436,False
2024-10-08 18:30:00+00:00,SBIN.NS,767.8629760742188,UP,1,2,2,UP,UP,0.2885925,0.30220878,0.4091988,True
2024-10-08 18:30:00+00:00,INFY.NS,1835.5484619140625,DOWN,1,0,2,DOWN,UP,0.27830327,0.26454192,0.4571548,False
2024-10-08 18:30:00+00:00,TMPV.NS,923.483642578125,DOWN,1,0,2,DOWN,UP,0.23902354,0.23431322,0.52666324,False
2024-10-08 18:30:00+00:00,ITC.NS,436.3918151855469,STAY,1,1,1,STAY,STAY,0.33168834,0.35629025,0.3120214,True
2024-10-08 18:30:00+00:00,LT.NS,3421.460205078125,UP,1,2,2,UP,UP,0.16362682,0.1938702,0.64250296,True
2024-10-08 18:30:00+00:00,ICICIBANK.NS,1224.3021240234375,STAY,1,1,1,STAY,STAY,0.23774882,0.39395002,0.3683012,True
2024-10-09 18:30:00+00:00,HDFCBANK.NS,806.7709350585938,STAY,1,1,1,STAY,STAY,0.24042109,0.46240136,0.29717755,True
2024-10-09 18:30:00+00:00,ITC.NS,436.7024841308594,STAY,1,1,0,STAY,DOWN,0.35167435,0.29999787,0.3483278,False
2024-10-09 18:30:00+00:00,SBIN.NS,767.5740356445312,UP,1,2,0,UP,DOWN,0.3572749,0.2859998,0.35672528,False
2024-10-09 18:30:00+00:00,LT.NS,3395.2138671875,UP,1,2,2,UP,UP,0.13876322,0.14598356,0.7152532,True
2024-10-09 18:30:00+00:00,INFY.NS,1803.82421875,UP,1,2,2,UP,UP,0.35520172,0.20706625,0.43773198,True
2024-10-09 18:30:00+00:00,ICICIBANK.NS,1223.662353515625,STAY,1,1,2,STAY,UP,0.26271126,0.32288635,0.41440246,False
2024-10-09 18:30:00+00:00,RELIANCE.NS,1359.31103515625,DOWN,1,0,2,DOWN,UP,0.19480874,0.37547827,0.429713,False
2024-10-09 18:30:00+00:00,TCS.NS,3927.5107421875,DOWN,1,0,2,DOWN,UP,0.14194584,0.309181,0.5488732,False
2024-10-09 18:30:00+00:00,BHARTIARTL.NS,1643.503662109375,UP,1,2,2,UP,UP,0.29217285,0.22475111,0.48307607,True
2024-10-09 18:30:00+00:00,TMPV.NS,913.0112915039062,DOWN,1,0,2,DOWN,UP,0.15539,0.14165767,0.7029523,False
2024-10-10 18:30:00+00:00,BHARTIARTL.NS,1652.612060546875,UP,1,2,2,UP,UP,0.22321428,0.21787186,0.5589139,True
2024-10-10 18:30:00+00:00,RELIANCE.NS,1360.35205078125,STAY,1,1,1,STAY,STAY,0.16357334,0.4227512,0.4136755,True
2024-10-10 18:30:00+00:00,TCS.NS,3854.8583984375,STAY,1,1,2,STAY,UP,0.17042278,0.32943007,0.5001471,False
2024-10-10 18:30:00+00:00,TMPV.NS,915.174560546875,DOWN,1,0,2,DOWN,UP,0.11249082,0.26755187,0.6199573,False
2024-10-10 18:30:00+00:00,HDFCBANK.NS,801.238525390625,UP,1,2,1,UP,STAY,0.26000938,0.4635881,0.2764025,False
2024-10-10 18:30:00+00:00,ICICIBANK.NS,1203.4893798828125,UP,1,2,2,UP,UP,0.25094447,0.35453147,0.394524,True
2024-10-10 18:30:00+00:00,INFY.NS,1818.9580078125,DOWN,1,0,2,DOWN,UP,0.30030605,0.24197753,0.4577164,False
2024-10-10 18:30:00+00:00,ITC.NS,433.2855529785156,STAY,1,1,1,STAY,STAY,0.29480085,0.36395603,0.34124312,True
2024-10-10 18:30:00+00:00,SBIN.NS,770.1259155273438,UP,1,2,2,UP,UP,0.33300364,0.26724198,0.39975435,True
2024-10-10 18:30:00+00:00,LT.NS,3416.995849609375,UP,1,2,2,UP,UP,0.11418051,0.16467293,0.7211465,True
2024-10-13 18:30:00+00:00,ITC.NS,441.0513000488281,DOWN,1,0,2,DOWN,UP,0.32633683,0.31752694,0.35613623,False
2024-10-13 18:30:00+00:00,HDFCBANK.NS,819.2433471679688,UP,1,2,1,UP,STAY,0.21418265,0.4896646,0.29615277,False
2024-10-13 18:30:00+00:00,RELIANCE.NS,1360.7734375,STAY,1,1,2,STAY,UP,0.20112103,0.3737968,0.42508218,False
2024-10-13 18:30:00+00:00,BHARTIARTL.NS,1660.6429443359375,STAY,1,1,2,STAY,UP,0.2130759,0.28558406,0.50134003,False
2024-10-13 18:30:00+00:00,INFY.NS,1841.3294677734373,DOWN,1,0,2,DOWN,UP,0.28113964,0.22753496,0.49132535,False
2024-10-13 18:30:00+00:00,LT.NS,3488.131103515625,STAY,1,1,2,STAY,UP,0.186602,0.29900616,0.51439184,False
2024-10-13 18:30:00+00:00,TCS.NS,3843.1982421875,DOWN,1,0,2,DOWN,UP,0.15622894,0.34094557,0.5028255,False
2024-10-13 18:30:00+00:00,SBIN.NS,775.3258666992188,UP,1,2,0,UP,DOWN,0.38680917,0.27162004,0.3415708,False
2024-10-13 18:30:00+00:00,TMPV.NS,912.7654418945312,DOWN,1,0,2,DOWN,UP,0.14386432,0.22368133,0.6324544,False
2024-10-13 18:30:00+00:00,ICICIBANK.NS,1212.099853515625,UP,1,2,2,UP,UP,0.28192046,0.32939088,0.38868865,True
2024-10-14 18:30:00+00:00,ITC.NS,442.4713134765625,DOWN,1,0,0,DOWN,DOWN,0.35708135,0.322019,0.3208996,True
2024-10-14 18:30:00+00:00,LT.NS,3485.0400390625,DOWN,1,0,2,DOWN,UP,0.15979818,0.26234853,0.5778533,False
2024-10-14 18:30:00+00:00,BHARTIARTL.NS,1681.8465576171875,DOWN,1,0,2,DOWN,UP,0.31910113,0.18340589,0.49749303,False
2024-10-14 18:30:00+00:00,INFY.NS,1841.7054443359373,DOWN,1,0,2,DOWN,UP,0.32448754,0.19251633,0.48299617,False
2024-10-14 18:30:00+00:00,SBIN.NS,774.8444213867188,DOWN,1,0,0,DOWN,DOWN,0.36036387,0.35695824,0.28267792,True
2024-10-14 18:30:00+00:00,ICICIBANK.NS,1235.4710693359375,STAY,1,1,1,STAY,STAY,0.30016285,0.35085282,0.34898433,True
2024-10-14 18:30:00+00:00,HDFCBANK.NS,817.3021240234375,UP,1,2,1,UP,STAY,0.20855704,0.53930074,0.25214225,False
2024-10-14 18:30:00+00:00,TMPV.NS,901.998046875,DOWN,1,0,2,DOWN,UP,0.20352815,0.15509444,0.6413774,False
2024-10-14 18:30:00+00:00,RELIANCE.NS,1332.5174560546875,STAY,1,1,2,STAY,UP,0.29542235,0.3493804,0.35519728,False
2024-10-14 18:30:00+00:00,TCS.NS,3824.75634765625,DOWN,1,0,2,DOWN,UP,0.10320381,0.3075481,0.58924806,False
2024-10-15 18:30:00+00:00,INFY.NS,1804.8582763671875,DOWN,1,0,2,DOWN,UP,0.3296583,0.24001728,0.4303244,False
2024-10-15 18:30:00+00:00,LT.NS,3466.103759765625,DOWN,1,0,2,DOWN,UP,0.14787568,0.23093377,0.6211906,False
2024-10-15 18:30:00+00:00,BHARTIARTL.NS,1698.2021484375,DOWN,1,0,2,DOWN,UP,0.2974258,0.28471375,0.4178605,False
2024-10-15 18:30:00+00:00,ICICIBANK.NS,1223.3179931640625,STAY,1,1,2,STAY,UP,0.25159654,0.32327184,0.4251316,False
2024-10-15 18:30:00+00:00,ITC.NS,437.72308349609375,DOWN,1,0,2,DOWN,UP,0.33140147,0.31053486,0.35806367,False
2024-10-15 18:30:00+00:00,RELIANCE.NS,1342.4814453125,DOWN,1,0,2,DOWN,UP,0.3000306,0.3354974,0.36447197,False
2024-10-15 18:30:00+00:00,SBIN.NS,775.61474609375,DOWN,1,0,0,DOWN,DOWN,0.39380404,0.3145161,0.29167983,True
2024-10-15 18:30:00+00:00,TCS.NS,3804.45654296875,STAY,1,1,2,STAY,UP,0.115975305,0.37563926,0.5083854,False
2024-10-15 18:30:00+00:00,HDFCBANK.NS,824.92138671875,UP,1,2,1,UP,STAY,0.23845685,0.47320527,0.28833792,False
2024-10-15 18:30:00+00:00,TMPV.NS,892.3124389648438,DOWN,1,0,2,DOWN,UP,0.1789182,0.1260176,0.6950642,False
2024-10-16 18:30:00+00:00,BHARTIARTL.NS,1666.0784912109375,DOWN,1,0,2,DOWN,UP,0.38650846,0.15532139,0.45817012,False
2024-10-16 18:30:00+00:00,INFY.NS,1849.977294921875,DOWN,1,0,2,DOWN,UP,0.24570842,0.2042451,0.55004644,False
2024-10-16 18:30:00+00:00,ICICIBANK.NS,1211.6077880859375,UP,1,2,2,UP,UP,0.31365436,0.2971432,0.38920242,True
2024-10-16 18:30:00+00:00,TCS.NS,3817.51025390625,DOWN,1,0,2,DOWN,UP,0.089415036,0.30455866,0.6060263,False
2024-10-16 18:30:00+00:00,HDFCBANK.NS,811.988037109375,UP,1,2,1,UP,STAY,0.2188272,0.46424416,0.31692865,False
2024-10-16 18:30:00+00:00,SBIN.NS,781.0072631835938,DOWN,1,0,2,DOWN,UP,0.3074031,0.2593056,0.43329135,False
2024-10-16 18:30:00+00:00,LT.NS,3503.093994140625,DOWN,1,0,2,DOWN,UP,0.17236483,0.2093393,0.61829585,False
2024-10-16 18:30:00+00:00,RELIANCE.NS,1344.811279296875,DOWN,1,0,1,DOWN,STAY,0.27084044,0.42240316,0.30675638,False
2024-10-16 18:30:00+00:00,TMPV.NS,876.7267456054688,DOWN,1,0,2,DOWN,UP,0.11516964,0.15222612,0.73260427,False
2024-10-16 18:30:00+00:00,ITC.NS,433.9067993164063,DOWN,1,0,2,DOWN,UP,0.30207214,0.33456156,0.36336628,False
2024-10-17 18:30:00+00:00,TCS.NS,3839.908447265625,DOWN,1,0,2,DOWN,UP,0.09704713,0.36531895,0.5376339,False
2024-10-17 18:30:00+00:00,TMPV.NS,894.9674072265625,DOWN,1,0,2,DOWN,UP,0.120571025,0.19028191,0.68914706,False
2024-10-17 18:30:00+00:00,ICICIBANK.NS,1244.327392578125,STAY,1,1,2,STAY,UP,0.34516275,0.28059378,0.3742435,False
2024-10-17 18:30:00+00:00,INFY.NS,1766.7889404296875,STAY,1,1,2,STAY,UP,0.3780128,0.19915001,0.42283717,False
2024-10-17 18:30:00+00:00,RELIANCE.NS,1347.66162109375,DOWN,1,0,1,DOWN,STAY,0.29797056,0.39474636,0.30728313,False
2024-10-17 18:30:00+00:00,BHARTIARTL.NS,1672.640380859375,DOWN,1,0,2,DOWN,UP,0.37688476,0.19288127,0.43023393,False
2024-10-17 18:30:00+00:00,ITC.NS,431.9542236328125,STAY,1,1,2,STAY,UP,0.2998797,0.34276515,0.3573551,False
2024-10-17 18:30:00+00:00,LT.NS,3510.45263671875,DOWN,1,0,2,DOWN,UP,0.18628033,0.19261213,0.6211076,False
2024-10-17 18:30:00+00:00,SBIN.NS,790.010986328125,DOWN,1,0,0,DOWN,DOWN,0.34863985,0.31966347,0.33169666,True
2024-10-17 18:30:00+00:00,HDFCBANK.NS,816.2101440429688,UP,1,2,1,UP,STAY,0.27356607,0.4064044,0.3200295,False
2024-10-20 18:30:00+00:00,RELIANCE.NS,1357.4769287109375,DOWN,1,0,1,DOWN,STAY,0.2858712,0.40780488,0.30632398,False
2024-10-20 18:30:00+00:00,HDFCBANK.NS,838.9466552734375,STAY,1,1,1,STAY,STAY,0.22485594,0.45144385,0.3237002,True
2024-10-20 18:30:00+00:00,BHARTIARTL.NS,1657.6558837890625,DOWN,1,0,0,DOWN,DOWN,0.40854242,0.2047815,0.3866761,True
2024-10-20 18:30:00+00:00,INFY.NS,1741.5504150390625,STAY,1,1,0,STAY,DOWN,0.38105837,0.28088775,0.33805388,False
2024-10-20 18:30:00+00:00,TMPV.NS,888.2316284179688,DOWN,1,0,2,DOWN,UP,0.120650575,0.18685332,0.6924961,False
2024-10-20 18:30:00+00:00,SBIN.NS,783.7999267578125,DOWN,1,0,0,DOWN,DOWN,0.37522346,0.27551073,0.34926578,True
2024-10-20 18:30:00+00:00,ITC.NS,429.2473449707031,STAY,1,1,2,STAY,UP,0.27859446,0.36033526,0.36107025,False
2024-10-20 18:30:00+00:00,LT.NS,3518.10595703125,DOWN,1,0,2,DOWN,UP,0.21219942,0.21177216,0.5760284,False
2024-10-20 18:30:00+00:00,TCS.NS,3799.675048828125,STAY,1,1,2,STAY,UP,0.09932973,0.28541803,0.61525226,False
2024-10-20 18:30:00+00:00,ICICIBANK.NS,1238.9644775390625,UP,1,2,2,UP,UP,0.33766535,0.284027,0.37830764,True
2024-10-21 18:30:00+00:00,LT.NS,3445.793212890625,DOWN,1,0,2,DOWN,UP,0.24576738,0.18264976,0.57158285,False
2024-10-21 18:30:00+00:00,INFY.NS,1740.46923828125,STAY,1,1,1,STAY,STAY,0.31533372,0.3445587,0.34010753,True
2024-10-21 18:30:00+00:00,TMPV.NS,864.82861328125,DOWN,1,0,2,DOWN,UP,0.13124396,0.17910019,0.68965584,False
2024-10-21 18:30:00+00:00,ITC.NS,427.60540771484375,UP,1,2,2,UP,UP,0.27561143,0.33293092,0.3914577,True
2024-10-21 18:30:00+00:00,RELIANCE.NS,1331.84814453125,STAY,1,1,1,STAY,STAY,0.32071954,0.36038205,0.3188984,True
2024-10-21 18:30:00+00:00,HDFCBANK.NS,832.07958984375,UP,1,2,1,UP,STAY,0.24669081,0.45540917,0.29790005,False
2024-10-21 18:30:00+00:00,TCS.NS,3739.744140625,UP,1,2,2,UP,UP,0.08808256,0.32768327,0.5842342,True
2024-10-21 18:30:00+00:00,SBIN.NS,761.1222534179688,UP,1,2,2,UP,UP,0.3150027,0.32563695,0.35936034,True
2024-10-21 18:30:00+00:00,BHARTIARTL.NS,1657.3619384765625,DOWN,1,0,2,DOWN,UP,0.37655404,0.21123147,0.4122145,False
2024-10-21 18:30:00+00:00,ICICIBANK.NS,1247.279541015625,UP,1,2,2,UP,UP,0.34099644,0.25017512,0.4088284,True
2024-10-22 18:30:00+00:00,ITC.NS,426.3185424804688,UP,1,2,2,UP,UP,0.27272332,0.32076886,0.40650785,True
2024-10-22 18:30:00+00:00,TMPV.NS,863.0095825195312,DOWN,1,0,2,DOWN,UP,0.16234787,0.19019394,0.6474582,False
2024-10-22 18:30:00+00:00,LT.NS,3390.356689453125,DOWN,1,0,2,DOWN,UP,0.2525088,0.20007241,0.54741883,False
2024-10-22 18:30:00+00:00,RELIANCE.NS,1327.064453125,STAY,1,1,0,STAY,DOWN,0.38373843,0.32484293,0.2914186,False
2024-10-22 18:30:00+00:00,SBIN.NS,756.8851928710938,UP,1,2,1,UP,STAY,0.33431676,0.37851986,0.28716335,False
2024-10-22 18:30:00+00:00,INFY.NS,1760.961181640625,DOWN,1,0,2,DOWN,UP,0.36071098,0.23889977,0.40038925,False
2024-10-22 18:30:00+00:00,TCS.NS,3787.009033203125,STAY,1,1,2,STAY,UP,0.10491898,0.345499,0.549582,False
2024-10-22 18:30:00+00:00,ICICIBANK.NS,1231.6331787109375,UP,1,2,2,UP,UP,0.34499288,0.24875963,0.4062475,True
2024-10-22 18:30:00+00:00,BHARTIARTL.NS,1651.044921875,DOWN,1,0,0,DOWN,DOWN,0.45817667,0.1869384,0.35488492,True
2024-10-22 18:30:00+00:00,HDFCBANK.NS,842.3923950195312,STAY,1,1,1,STAY,STAY,0.2717308,0.405483,0.32278618,True
2024-10-23 18:30:00+00:00,ICICIBANK.NS,1232.764892578125,UP,1,2,2,UP,UP,0.3484724,0.2776216,0.37390605,True
2024-10-23 18:30:00+00:00,ITC.NS,418.6415100097656,UP,1,2,2,UP,UP,0.28340238,0.29787531,0.41872224,True
2024-10-23 18:30:00+00:00,TCS.NS,3769.919189453125,DOWN,1,0,2,DOWN,UP,0.09609607,0.30136752,0.60253644,False
2024-10-23 18:30:00+00:00,HDFCBANK.NS,849.1138916015625,STAY,1,1,1,STAY,STAY,0.26382685,0.43029788,0.30587527,True
2024-10-23 18:30:00+00:00,TMPV.NS,865.3203125,DOWN,1,0,2,DOWN,UP,0.1699649,0.15589865,0.6741365,False
2024-10-23 18:30:00+00:00,LT.NS,3377.8466796875,UP,1,2,2,UP,UP,0.22586946,0.20624487,0.5678857,True
2024-10-23 18:30:00+00:00,INFY.NS,1751.51416015625,DOWN,1,0,2,DOWN,UP,0.27891153,0.25664735,0.46444115,False
2024-10-23 18:30:00+00:00,SBIN.NS,765.1185302734375,UP,1,2,2,UP,UP,0.32729515,0.2943271,0.37837777,True
2024-10-23 18:30:00+00:00,RELIANCE.NS,1328.3287353515625,STAY,1,1,1,STAY,STAY,0.35270965,0.36264828,0.28464204,True
2024-10-23 18:30:00+00:00,BHARTIARTL.NS,1643.846435546875,DOWN,1,0,0,DOWN,DOWN,0.40721992,0.21093656,0.38184348,True
2024-10-24 18:30:00+00:00,LT.NS,3263.784912109375,UP,1,2,2,UP,UP,0.08731009,0.1577595,0.75493044,True
2024-10-24 18:30:00+00:00,TCS.NS,3778.906494140625,DOWN,1,0,2,DOWN,UP,0.12312552,0.29478362,0.58209085,False
2024-10-24 18:30:00+00:00,SBIN.NS,752.0222778320312,UP,1,2,0,UP,DOWN,0.36545756,0.30386457,0.3306779,False
2024-10-24 18:30:00+00:00,ICICIBANK.NS,1235.4217529296875,UP,1,2,2,UP,UP,0.35699844,0.27787805,0.3651235,True
2024-10-24 18:30:00+00:00,TMPV.NS,849.8822021484375,DOWN,1,0,2,DOWN,UP,0.09633084,0.17164546,0.7320237,False
2024-10-24 18:30:00+00:00,HDFCBANK.NS,846.0807495117188,STAY,1,1,1,STAY,STAY,0.26266217,0.41506943,0.3222684,True
2024-10-24 18:30:00+00:00,ITC.NS,428.0491638183594,UP,1,2,2,UP,UP,0.29033747,0.32201442,0.38764814,True
2024-10-24 18:30:00+00:00,BHARTIARTL.NS,1631.653076171875,DOWN,1,0,2,DOWN,UP,0.34106684,0.25970238,0.39923075,False
2024-10-24 18:30:00+00:00,RELIANCE.NS,1316.4808349609375,STAY,1,1,1,STAY,STAY,0.23728898,0.49177262,0.27093846,True
2024-10-24 18:30:00+00:00,INFY.NS,1750.2923583984375,DOWN,1,0,2,DOWN,UP,0.35289583,0.19861543,0.44848874,False
2024-10-27 18:30:00+00:00,TCS.NS,3809.919677734375,DOWN,1,0,2,DOWN,UP,0.16000924,0.30640805,0.5335827,False
2024-10-27 18:30:00+00:00,INFY.NS,1753.394287109375,DOWN,1,0,2,DOWN,UP,0.3671865,0.22477412,0.40803933,False
2024-10-27 18:30:00+00:00,BHARTIARTL.NS,1629.0577392578125,DOWN,1,0,2,DOWN,UP,0.30201852,0.23101486,0.46696657,False
2024-10-27 18:30:00+00:00,RELIANCE.NS,1322.9251708984375,DOWN,1,0,1,DOWN,STAY,0.27729753,0.3928712,0.3298313,False
2024-10-27 18:30:00+00:00,SBIN.NS,762.7111206054688,UP,1,2,2,UP,UP,0.3388259,0.2894697,0.37170443,True
2024-10-27 18:30:00+00:00,LT.NS,3277.9140625,UP,1,2,2,UP,UP,0.14443581,0.1463082,0.709256,True
2024-10-27 18:30:00+00:00,TMPV.NS,863.7962036132812,DOWN,1,0,2,DOWN,UP,0.19314852,0.2464141,0.5604374,False
2024-10-27 18:30:00+00:00,ITC.NS,429.6910705566406,STAY,1,1,2,STAY,UP,0.3175197,0.33223888,0.35024145,False
2024-10-27 18:30:00+00:00,ICICIBANK.NS,1272.2252197265625,DOWN,1,0,2,DOWN,UP,0.27212644,0.32599106,0.40188244,False
2024-10-27 18:30:00+00:00,HDFCBANK.NS,841.6158447265625,DOWN,1,0,1,DOWN,STAY,0.2651915,0.41458645,0.32022205,False
2024-10-28 18:30:00+00:00,INFY.NS,1748.59326171875,DOWN,1,0,2,DOWN,UP,0.313566,0.29567254,0.3907615,False
2024-10-28 18:30:00+00:00,ITC.NS,433.0636596679688,DOWN,1,0,2,DOWN,UP,0.3299565,0.33178538,0.33825812,False
2024-10-28 18:30:00+00:00,BHARTIARTL.NS,1603.348876953125,DOWN,1,0,2,DOWN,UP,0.32557735,0.25115573,0.42326698,False
2024-10-28 18:30:00+00:00,SBIN.NS,801.8554077148438,UP,1,2,2,UP,UP,0.24435921,0.31354553,0.44209522,True
2024-10-28 18:30:00+00:00,TMPV.NS,828.6917114257812,STAY,1,1,2,STAY,UP,0.03921701,0.18623091,0.77455205,False
2024-10-28 18:30:00+00:00,LT.NS,3317.259033203125,UP,1,2,2,UP,UP,0.12786226,0.17075601,0.7013817,True
2024-10-28 18:30:00+00:00,TCS.NS,3795.390625,DOWN,1,0,2,DOWN,UP,0.17252712,0.2863281,0.5411448,False
2024-10-28 18:30:00+00:00,HDFCBANK.NS,850.1815185546875,STAY,1,1,2,STAY,UP,0.2648216,0.33947283,0.39570558,False
2024-10-28 18:30:00+00:00,ICICIBANK.NS,1310.60302734375,DOWN,1,0,2,DOWN,UP,0.27770397,0.33948538,0.3828106,False
2024-10-28 18:30:00+00:00,RELIANCE.NS,1328.52685546875,DOWN,1,0,0,DOWN,DOWN,0.35259527,0.3308265,0.31657827,True
2024-10-29 18:30:00+00:00,TMPV.NS,826.1842651367188,STAY,1,1,2,STAY,UP,0.04664939,0.17948526,0.77386534,False
2024-10-29 18:30:00+00:00,SBIN.NS,791.9850463867188,UP,1,2,2,UP,UP,0.351775,0.26029465,0.38793036,True
2024-10-29 18:30:00+00:00,INFY.NS,1713.227783203125,UP,1,2,2,UP,UP,0.3239438,0.30098176,0.37507448,True
2024-10-29 18:30:00+00:00,HDFCBANK.NS,841.8099975585938,UP,1,2,1,UP,STAY,0.25714335,0.39247164,0.35038504,False
2024-10-29 18:30:00+00:00,TCS.NS,3804.145263671875,UP,1,2,2,UP,UP,0.27148688,0.2512332,0.47728,True
2024-10-29 18:30:00+00:00,BHARTIARTL.NS,1599.67626953125,DOWN,1,0,2,DOWN,UP,0.31576526,0.2602136,0.4240211,False
2024-10-29 18:30:00+00:00,ICICIBANK.NS,1291.21728515625,STAY,1,1,2,STAY,UP,0.3259906,0.25009066,0.42391872,False
2024-10-29 18:30:00+00:00,LT.NS,3344.192626953125,UP,1,2,2,UP,UP,0.125995,0.18762092,0.6863841,True
2024-10-29 18:30:00+00:00,ITC.NS,436.2586975097656,DOWN,1,0,2,DOWN,UP,0.32412618,0.3276301,0.34824374,False
2024-10-29 18:30:00+00:00,RELIANCE.NS,1332.3935546875,DOWN,1,0,2,DOWN,UP,0.33814928,0.30757558,0.35427517,False
2024-10-30 18:30:00+00:00,INFY.NS,1670.5897216796875,UP,1,2,2,UP,UP,0.26583546,0.21667105,0.5174935,True
2024-10-30 18:30:00+00:00,HDFCBANK.NS,842.3438110351562,STAY,1,1,2,STAY,UP,0.2657169,0.34688154,0.38740158,False
2024-10-30 18:30:00+00:00,TCS.NS,3695.925048828125,UP,1,2,2,UP,UP,0.1104977,0.22873904,0.66076326,True
2024-10-30 18:30:00+00:00,LT.NS,3554.115234375,STAY,1,1,2,STAY,UP,0.09861819,0.18410297,0.7172789,False
2024-10-30 18:30:00+00:00,TMPV.NS,820.1368408203125,DOWN,1,0,2,DOWN,UP,0.037853207,0.1324931,0.82965374,False
2024-10-30 18:30:00+00:00,ICICIBANK.NS,1271.634765625,DOWN,1,0,2,DOWN,UP,0.32903275,0.1593234,0.5116439,False
2024-10-30 18:30:00+00:00,RELIANCE.NS,1320.64501953125,DOWN,1,0,2,DOWN,UP,0.19082339,0.25819343,0.5509832,False
2024-10-30 18:30:00+00:00,BHARTIARTL.NS,1579.35400390625,DOWN,1,0,2,DOWN,UP,0.24960098,0.2976418,0.45275718,False
2024-10-30 18:30:00+00:00,SBIN.NS,789.8184204101562,UP,1,2,2,UP,UP,0.35766354,0.22826114,0.4140753,True
2024-10-30 18:30:00+00:00,ITC.NS,433.8180236816406,DOWN,1,0,0,DOWN,DOWN,0.43462047,0.24989957,0.31548002,True
2024-10-31 18:30:00+00:00,RELIANCE.NS,1327.1884765625,DOWN,1,0,2,DOWN,UP,0.1577451,0.22255218,0.6197027,False
2024-10-31 18:30:00+00:00,BHARTIARTL.NS,1583.1246337890625,DOWN,1,0,2,DOWN,UP,0.1291819,0.20904705,0.661771,False
2024-10-31 18:30:00+00:00,TCS.NS,3710.593505859375,UP,1,2,2,UP,UP,0.11044052,0.20497718,0.6845823,True
2024-10-31 18:30:00+00:00,LT.NS,3558.089111328125,STAY,1,1,2,STAY,UP,0.19782242,0.26734424,0.5348334,False
2024-10-31 18:30:00+00:00,SBIN.NS,790.7813720703125,UP,1,2,2,UP,UP,0.23726541,0.26211256,0.50062203,True
2024-10-31 18:30:00+00:00,INFY.NS,1674.011962890625,UP,1,2,2,UP,UP,0.19909674,0.24453574,0.5563675,True
2024-10-31 18:30:00+00:00,HDFCBANK.NS,843.120361328125,STAY,1,1,2,STAY,UP,0.17736584,0.39155915,0.43107504,False
2024-10-31 18:30:00+00:00,ITC.NS,435.1492919921875,DOWN,1,0,2,DOWN,UP,0.3032174,0.28365892,0.41312367,False
2024-10-31 18:30:00+00:00,TMPV.NS,829.3800659179688,DOWN,1,0,2,DOWN,UP,0.032323822,0.1533169,0.81435925,False
2024-10-31 18:30:00+00:00,ICICIBANK.NS,1271.1920166015625,DOWN,1,0,2,DOWN,UP,0.14952148,0.25678203,0.5936965,False
2024-11-03 18:30:00+00:00,ICICIBANK.NS,1256.8248291015625,STAY,1,1,2,STAY,UP,0.26198238,0.22558853,0.51242906,False
2024-11-03 18:30:00+00:00,INFY.NS,1676.6739501953125,UP,1,2,2,UP,UP,0.34022018,0.2262659,0.43351388,True
2024-11-03 18:30:00+00:00,SBIN.NS,799.1109619140625,UP,1,2,2,UP,UP,0.29712245,0.24802981,0.4548477,True
2024-11-03 18:30:00+00:00,BHARTIARTL.NS,1558.4442138671875,DOWN,1,0,2,DOWN,UP,0.24071589,0.23191917,0.52736497,False
2024-11-03 18:30:00+00:00,TMPV.NS,810.352783203125,DOWN,1,0,2,DOWN,UP,0.05728436,0.1429859,0.7997297,False
2024-11-03 18:30:00+00:00,RELIANCE.NS,1291.0009765625,DOWN,1,0,2,DOWN,UP,0.19725494,0.2543937,0.54835135,False
2024-11-03 18:30:00+00:00,LT.NS,3507.165771484375,UP,1,2,2,UP,UP,0.16923864,0.18281364,0.6479477,True
2024-11-03 18:30:00+00:00,TCS.NS,3691.92041015625,UP,1,2,2,UP,UP,0.12892513,0.22303188,0.648043,True
2024-11-03 18:30:00+00:00,HDFCBANK.NS,831.8612060546875,UP,1,2,2,UP,UP,0.25219133,0.3250282,0.4227805,True
2024-11-03 18:30:00+00:00,ITC.NS,430.0904846191406,DOWN,1,0,0,DOWN,DOWN,0.43679425,0.22405365,0.3391521,True
2024-11-04 18:30:00+00:00,ICICIBANK.NS,1276.013671875,DOWN,1,0,2,DOWN,UP,0.25203663,0.27634397,0.47161937,False
2024-11-04 18:30:00+00:00,RELIANCE.NS,1294.1240234375,DOWN,1,0,2,DOWN,UP,0.14230402,0.18815921,0.66953677,False
2024-11-04 18:30:00+00:00,SBIN.NS,817.7442016601562,DOWN,1,0,1,DOWN,STAY,0.20630085,0.4570627,0.33663645,False
2024-11-04 18:30:00+00:00,ITC.NS,426.1854248046875,DOWN,1,0,0,DOWN,DOWN,0.44282076,0.23839028,0.31878895,True
2024-11-04 18:30:00+00:00,TCS.NS,3698.626220703125,UP,1,2,2,UP,UP,0.13229133,0.2281287,0.63957995,True
2024-11-04 18:30:00+00:00,INFY.NS,1667.68994140625,UP,1,2,2,UP,UP,0.32073972,0.31202415,0.36723617,True
2024-11-04 18:30:00+00:00,BHARTIARTL.NS,1545.8592529296875,DOWN,1,0,2,DOWN,UP,0.26255402,0.24327314,0.4941728,False
2024-11-04 18:30:00+00:00,HDFCBANK.NS,853.0933227539062,DOWN,1,0,2,DOWN,UP,0.2430453,0.30784324,0.44911146,False
2024-11-04 18:30:00+00:00,TMPV.NS,821.7101440429688,DOWN,1,0,2,DOWN,UP,0.042577684,0.107406616,0.8500157,False
2024-11-04 18:30:00+00:00,LT.NS,3507.50927734375,STAY,1,1,2,STAY,UP,0.21613555,0.16207056,0.6217939,False
2024-11-05 18:30:00+00:00,SBIN.NS,823.13671875,DOWN,1,0,2,DOWN,UP,0.26117334,0.3436917,0.39513493,False
2024-11-05 18:30:00+00:00,LT.NS,3576.829345703125,DOWN,1,0,2,DOWN,UP,0.23025458,0.16401845,0.605727,False
2024-11-05 18:30:00+00:00,HDFCBANK.NS,851.83154296875,DOWN,1,0,2,DOWN,UP,0.28801164,0.34164208,0.3703463,False
2024-11-05 18:30:00+00:00,RELIANCE.NS,1314.0023193359375,DOWN,1,0,2,DOWN,UP,0.17102365,0.1557189,0.67325747,False
2024-11-05 18:30:00+00:00,INFY.NS,1733.7625732421875,UP,1,2,2,UP,UP,0.3618753,0.24695955,0.39116517,True
2024-11-05 18:30:00+00:00,BHARTIARTL.NS,1565.838623046875,DOWN,1,0,2,DOWN,UP,0.26520208,0.27236366,0.4624342,False
2024-11-05 18:30:00+00:00,ITC.NS,426.9841613769531,DOWN,1,0,2,DOWN,UP,0.37046686,0.20994955,0.41958362,False
2024-11-05 18:30:00+00:00,TMPV.NS,825.6925659179688,DOWN,1,0,2,DOWN,UP,0.06596533,0.23314552,0.70088917,False
2024-11-05 18:30:00+00:00,ICICIBANK.NS,1281.5736083984375,DOWN,1,0,2,DOWN,UP,0.2701661,0.298156,0.43167794,False
2024-11-05 18:30:00+00:00,TCS.NS,3855.368408203125,STAY,1,1,2,STAY,UP,0.24713598,0.26705557,0.48580846,False
2024-11-06 18:30:00+00:00,LT.NS,3577.90869140625,DOWN,1,0,2,DOWN,UP,0.3040098,0.22013202,0.47585818,False
2024-11-06 18:30:00+00:00,BHARTIARTL.NS,1543.312744140625,DOWN,1,0,2,DOWN,UP,0.26933098,0.23174658,0.49892247,False
2024-11-06 18:30:00+00:00,HDFCBANK.NS,847.609375,DOWN,1,0,2,DOWN,UP,0.29945898,0.34635794,0.35418314,False
2024-11-06 18:30:00+00:00,TMPV.NS,806.0753784179688,DOWN,1,0,2,DOWN,UP,0.06803548,0.13056856,0.80139595,False
2024-11-06 18:30:00+00:00,INFY.NS,1714.1309814453125,UP,1,2,2,UP,UP,0.38515052,0.22111388,0.39373556,True
2024-11-06 18:30:00+00:00,TCS.NS,3865.845703125,STAY,1,1,2,STAY,UP,0.32650164,0.28547016,0.3880282,False
2024-11-06 18:30:00+00:00,ITC.NS,424.1441040039063,DOWN,1,0,2,DOWN,UP,0.3358752,0.28293467,0.38119015,False
2024-11-06 18:30:00+00:00,ICICIBANK.NS,1258.3009033203125,DOWN,1,0,2,DOWN,UP,0.29723454,0.2717585,0.43100694,False
2024-11-06 18:30:00+00:00,RELIANCE.NS,1294.4710693359375,DOWN,1,0,2,DOWN,UP,0.23492667,0.18169148,0.58338183,False
2024-11-06 18:30:00+00:00,SBIN.NS,827.7589111328125,DOWN,1,0,1,DOWN,STAY,0.25729388,0.41385862,0.32884744,False
2024-11-07 18:30:00+00:00,SBIN.NS,811.9182739257812,DOWN,1,0,2,DOWN,UP,0.3167385,0.19150488,0.49175665,False
2024-11-07 18:30:00+00:00,LT.NS,3591.399658203125,DOWN,1,0,2,DOWN,UP,0.29586008,0.27106658,0.43307334,False
2024-11-07 18:30:00+00:00,ITC.NS,424.2771911621094,DOWN,1,0,2,DOWN,UP,0.33345672,0.29592642,0.37061682,False
2024-11-07 18:30:00+00:00,BHARTIARTL.NS,1537.534423828125,DOWN,1,0,2,DOWN,UP,0.2930339,0.2336501,0.473316,False
2024-11-07 18:30:00+00:00,ICICIBANK.NS,1238.7674560546875,STAY,1,1,2,STAY,UP,0.32365704,0.24824484,0.42809814,False
2024-11-07 18:30:00+00:00,TMPV.NS,792.013916015625,DOWN,1,0,2,DOWN,UP,0.06613649,0.15468946,0.77917403,False
2024-11-07 18:30:00+00:00,TCS.NS,3862.21337890625,DOWN,1,0,2,DOWN,UP,0.34099135,0.24931002,0.40969858,False
2024-11-07 18:30:00+00:00,RELIANCE.NS,1272.7584228515625,DOWN,1,0,2,DOWN,UP,0.084084205,0.2316256,0.6842902,False
2024-11-07 18:30:00+00:00,INFY.NS,1739.704345703125,DOWN,1,0,0,DOWN,DOWN,0.37448865,0.25907046,0.36644086,True
2024-11-07 18:30:00+00:00,HDFCBANK.NS,851.4432983398438,DOWN,1,0,2,DOWN,UP,0.30405495,0.34475,0.35119507,False
2024-11-10 18:30:00+00:00,BHARTIARTL.NS,1528.377197265625,DOWN,1,0,2,DOWN,UP,0.26735884,0.25585225,0.4767889,False
2024-11-10 18:30:00+00:00,SBIN.NS,816.2516479492188,DOWN,1,0,2,DOWN,UP,0.33874503,0.25693396,0.404321,False
2024-11-10 18:30:00+00:00,TMPV.NS,791.2764282226562,DOWN,1,0,2,DOWN,UP,0.056103177,0.20761772,0.73627913,False
2024-11-10 18:30:00+00:00,ICICIBANK.NS,1249.0509033203125,DOWN,1,0,2,DOWN,UP,0.27044338,0.29528648,0.4342702,False
2024-11-10 18:30:00+00:00,HDFCBANK.NS,857.1942138671875,DOWN,1,0,2,DOWN,UP,0.29376528,0.30695155,0.39928314,False
2024-11-10 18:30:00+00:00,TCS.NS,3910.36328125,DOWN,1,0,2,DOWN,UP,0.3226002,0.31275934,0.36464047,False
2024-11-10 18:30:00+00:00,ITC.NS,423.3009948730469,DOWN,1,0,2,DOWN,UP,0.31256497,0.29239684,0.39503813,False
2024-11-10 18:30:00+00:00,RELIANCE.NS,1261.802978515625,DOWN,1,0,2,DOWN,UP,0.073336735,0.31099558,0.61566764,False
2024-11-10 18:30:00+00:00,INFY.NS,1768.367431640625,DOWN,1,0,0,DOWN,DOWN,0.3741724,0.27868074,0.34714684,True
2024-11-10 18:30:00+00:00,LT.NS,3560.5419921875,DOWN,1,0,2,DOWN,UP,0.30615437,0.26554012,0.42830548,False
2024-11-11 18:30:00+00:00,BHARTIARTL.NS,1523.5782470703125,DOWN,1,0,2,DOWN,UP,0.38285068,0.21176562,0.4053837,False
2024-11-11 18:30:00+00:00,ICICIBANK.NS,1250.3302001953125,DOWN,1,0,2,DOWN,UP,0.26696968,0.28405437,0.44897598,False
2024-11-11 18:30:00+00:00,RELIANCE.NS,1263.33984375,DOWN,1,0,2,DOWN,UP,0.062179822,0.21692166,0.7208985,False
2024-11-11 18:30:00+00:00,ITC.NS,419.66217041015625,DOWN,1,0,2,DOWN,UP,0.32659382,0.29327583,0.38013035,False
2024-11-11 18:30:00+00:00,SBIN.NS,796.0775756835938,DOWN,1,0,2,DOWN,UP,0.32254133,0.29910254,0.37835616,False
2024-11-11 18:30:00+00:00,TMPV.NS,771.757568359375,DOWN,1,0,2,DOWN,UP,0.05191781,0.15118913,0.79689306,False
2024-11-11 18:30:00+00:00,TCS.NS,3909.15234375,DOWN,1,0,0,DOWN,DOWN,0.3664289,0.2790236,0.35454753,True
2024-11-11 18:30:00+00:00,HDFCBANK.NS,833.8509521484375,UP,1,2,2,UP,UP,0.29483044,0.3098126,0.39535698,True
2024-11-11 18:30:00+00:00,INFY.NS,1776.6383056640625,DOWN,1,0,2,DOWN,UP,0.3678572,0.2516737,0.38046908,False
2024-11-11 18:30:00+00:00,LT.NS,3523.747802734375,DOWN,1,0,2,DOWN,UP,0.28104058,0.19978671,0.51917267,False
2024-11-12 18:30:00+00:00,LT.NS,3481.16455078125,UP,1,2,2,UP,UP,0.23957431,0.125921,0.63450474,True
2024-11-12 18:30:00+00:00,SBIN.NS,778.6962890625,STAY,1,1,2,STAY,UP,0.3166974,0.24795894,0.4353436,False
2024-11-12 18:30:00+00:00,TMPV.NS,773.1342163085938,STAY,1,1,2,STAY,UP,0.05663035,0.17108314,0.77228653,False
2024-11-12 18:30:00+00:00,ITC.NS,419.0852661132813,STAY,1,1,2,STAY,UP,0.34553522,0.29289562,0.3615692,False
2024-11-12 18:30:00+00:00,INFY.NS,1776.2581787109375,UP,1,2,0,UP,DOWN,0.36216605,0.28185666,0.35597733,False
2024-11-12 18:30:00+00:00,ICICIBANK.NS,1233.69970703125,UP,1,2,2,UP,UP,0.31464285,0.25202504,0.43333212,True
2024-11-12 18:30:00+00:00,TCS.NS,3865.33349609375,UP,1,2,2,UP,UP,0.34680802,0.24500895,0.40818304,True
2024-11-12 18:30:00+00:00,RELIANCE.NS,1241.3299560546875,UP,1,2,2,UP,UP,0.06687115,0.2634647,0.6696642,True
2024-11-12 18:30:00+00:00,HDFCBANK.NS,815.967529296875,UP,1,2,1,UP,STAY,0.29398358,0.39411256,0.31190383,False
2024-11-12 18:30:00+00:00,BHARTIARTL.NS,1518.4853515625,UP,1,2,2,UP,UP,0.36008564,0.23725508,0.40265924,True
2024-11-13 18:30:00+00:00,BHARTIARTL.NS,1518.5343017578125,UP,1,2,2,UP,UP,0.29167408,0.24340999,0.4649159,True
2024-11-13 18:30:00+00:00,TMPV.NS,761.383544921875,UP,1,2,2,UP,UP,0.04846785,0.15862887,0.79290324,True
2024-11-13 18:30:00+00:00,HDFCBANK.NS,821.5,UP,1,2,1,UP,STAY,0.2684536,0.37548432,0.35606208,False
2024-11-13 18:30:00+00:00,SBIN.NS,774.459228515625,UP,1,2,2,UP,UP,0.31887016,0.31516355,0.36596632,True
2024-11-13 18:30:00+00:00,LT.NS,3459.873291015625,UP,1,2,2,UP,UP,0.19789188,0.15977171,0.64233637,True
2024-11-13 18:30:00+00:00,RELIANCE.NS,1256.746826171875,UP,1,2,2,UP,UP,0.070796005,0.24659154,0.6826124,True
2024-11-13 18:30:00+00:00,ICICIBANK.NS,1236.8978271484375,UP,1,2,2,UP,UP,0.31691948,0.22688474,0.45619577,True
2024-11-13 18:30:00+00:00,INFY.NS,1772.5980224609375,UP,1,2,2,UP,UP,0.33402303,0.23308173,0.4328952,True
2024-11-13 18:30:00+00:00,ITC.NS,413.5382690429688,UP,1,2,2,UP,UP,0.2228704,0.2880234,0.48910618,True
2024-11-13 18:30:00+00:00,TCS.NS,3861.189208984375,UP,1,2,0,UP,DOWN,0.3767006,0.26563627,0.3576631,False
2024-11-17 18:30:00+00:00,BHARTIARTL.NS,1505.3126220703125,UP,1,2,2,UP,UP,0.30306602,0.28848833,0.40844563,True
2024-11-17 18:30:00+00:00,TMPV.NS,759.0236206054688,UP,1,2,2,UP,UP,0.06057323,0.13947415,0.7999526,True
2024-11-17 18:30:00+00:00,ICICIBANK.NS,1233.45361328125,UP,1,2,2,UP,UP,0.25126275,0.32123378,0.42750347,True
2024-11-17 18:30:00+00:00,SBIN.NS,784.136962890625,UP,1,2,2,UP,UP,0.34870553,0.27045813,0.38083634,True
2024-11-17 18:30:00+00:00,RELIANCE.NS,1249.9554443359375,UP,1,2,2,UP,UP,0.06683786,0.2615148,0.67164737,True
2024-11-17 18:30:00+00:00,TCS.NS,3743.469482421875,UP,1,2,0,UP,DOWN,0.34992722,0.30861995,0.34145284,False
2024-11-17 18:30:00+00:00,HDFCBANK.NS,827.4934692382812,UP,1,2,1,UP,STAY,0.25153202,0.41645524,0.3320128,False
2024-11-17 18:30:00+00:00,INFY.NS,1722.11669921875,UP,1,2,2,UP,UP,0.32498768,0.19964339,0.47536892,True
2024-11-17 18:30:00+00:00,ITC.NS,414.07080078125,UP,1,2,2,UP,UP,0.2358889,0.30890492,0.45520625,True
2024-11-17 18:30:00+00:00,LT.NS,3475.473876953125,UP,1,2,2,UP,UP,0.18211253,0.14033045,0.67755705,True
2024-11-18 18:30:00+00:00,ICICIBANK.NS,1229.173095703125,UP,1,2,2,UP,UP,0.37410393,0.22576837,0.4001277,True
2024-11-18 18:30:00+00:00,INFY.NS,1734.7607421875,UP,1,2,2,UP,UP,0.33478782,0.19823399,0.46697816,True
2024-11-18 18:30:00+00:00,HDFCBANK.NS,845.5225219726562,UP,1,2,2,UP,UP,0.27415946,0.34177852,0.384062,True
2024-11-18 18:30:00+00:00,RELIANCE.NS,1231.0189208984375,UP,1,2,2,UP,UP,0.07547008,0.21211112,0.7124188,True
2024-11-18 18:30:00+00:00,SBIN.NS,773.2555541992188,UP,1,2,2,UP,UP,0.3216171,0.27168527,0.40669763,True
2024-11-18 18:30:00+00:00,TCS.NS,3762.142822265625,UP,1,2,0,UP,DOWN,0.40308416,0.23753351,0.3593823,False
2024-11-18 18:30:00+00:00,LT.NS,3439.906005859375,UP,1,2,2,UP,UP,0.21206039,0.19210355,0.59583604,True
2024-11-18 18:30:00+00:00,ITC.NS,414.7807922363281,UP,1,2,2,UP,UP,0.20234467,0.32976913,0.46788624,True
2024-11-18 18:30:00+00:00,TMPV.NS,770.1351318359375,STAY,1,1,2,STAY,UP,0.05833691,0.21882306,0.7228401,False
2024-11-18 18:30:00+00:00,BHARTIARTL.NS,1494.0496826171875,UP,1,2,2,UP,UP,0.3365117,0.21122316,0.4522651,True
2024-11-20 18:30:00+00:00,INFY.NS,1743.6021728515625,UP,1,2,2,UP,UP,0.31651005,0.20699179,0.4764981,True
2024-11-20 18:30:00+00:00,LT.NS,3417.927734375,UP,1,2,2,UP,UP,0.196115,0.13104282,0.67284214,True
2024-11-20 18:30:00+00:00,ICICIBANK.NS,1230.60009765625,UP,1,2,1,UP,STAY,0.3240471,0.34926686,0.32668608,False
2024-11-20 18:30:00+00:00,ITC.NS,405.7281494140625,UP,1,2,2,UP,UP,0.18552199,0.25373253,0.5607455,True
2024-11-20 18:30:00+00:00,RELIANCE.NS,1212.5286865234375,UP,1,2,2,UP,UP,0.054667808,0.2513713,0.69396085,True
2024-11-20 18:30:00+00:00,SBIN.NS,751.8296508789062,UP,1,2,2,UP,UP,0.28672504,0.2781052,0.4351697,True
2024-11-20 18:30:00+00:00,TCS.NS,3793.15576171875,UP,1,2,2,UP,UP,0.29520985,0.19969332,0.5050968,True
2024-11-20 18:30:00+00:00,HDFCBANK.NS,845.0130004882812,UP,1,2,2,UP,UP,0.2814038,0.3234673,0.3951289,True
2024-11-20 18:30:00+00:00,TMPV.NS,760.9410400390625,STAY,1,1,2,STAY,UP,0.06407431,0.17320634,0.7627194,False
2024-11-20 18:30:00+00:00,BHARTIARTL.NS,1493.7069091796875,UP,1,2,2,UP,UP,0.31880873,0.25133196,0.4298593,True
2024-11-21 18:30:00+00:00,SBIN.NS,785.8220825195312,UP,1,2,0,UP,DOWN,0.43139467,0.22847253,0.34013283,False
2024-11-21 18:30:00+00:00,ITC.NS,421.2596740722656,STAY,1,1,2,STAY,UP,0.25907165,0.22670414,0.5142242,False
2024-11-21 18:30:00+00:00,TMPV.NS,777.8049926757812,STAY,1,1,2,STAY,UP,0.05953785,0.2107258,0.7297364,False
2024-11-21 18:30:00+00:00,RELIANCE.NS,1254.5655517578125,UP,1,2,2,UP,UP,0.0703668,0.20992774,0.71970546,True
2024-11-21 18:30:00+00:00,HDFCBANK.NS,847.1483764648438,UP,1,2,0,UP,DOWN,0.34924468,0.3257207,0.32503465,False
2024-11-21 18:30:00+00:00,INFY.NS,1808.438720703125,DOWN,1,0,2,DOWN,UP,0.3018391,0.19136412,0.5067968,False
2024-11-21 18:30:00+00:00,ICICIBANK.NS,1257.6612548828125,UP,1,2,2,UP,UP,0.33809042,0.28644273,0.37546682,True
2024-11-21 18:30:00+00:00,TCS.NS,3953.11083984375,STAY,1,1,2,STAY,UP,0.2678894,0.23729536,0.49481526,False
2024-11-21 18:30:00+00:00,BHARTIARTL.NS,1536.94677734375,UP,1,2,2,UP,UP,0.31820294,0.29348335,0.38831365,True
2024-11-21 18:30:00+00:00,LT.NS,3535.6689453125,UP,1,2,2,UP,UP,0.113966845,0.20247656,0.6835566,True
2024-11-24 18:30:00+00:00,BHARTIARTL.NS,1546.201904296875,UP,1,2,2,UP,UP,0.34855482,0.21114036,0.44030482,True
2024-11-24 18:30:00+00:00,TCS.NS,4018.76904296875,STAY,1,1,2,STAY,UP,0.257235,0.36189175,0.38087326,False
2024-11-24 18:30:00+00:00,ITC.NS,423.1678466796875,STAY,1,1,2,STAY,UP,0.2828137,0.19519277,0.5219935,False
2024-11-24 18:30:00+00:00,INFY.NS,1796.5076904296875,STAY,1,1,2,STAY,UP,0.3184346,0.14608525,0.53548014,False
2024-11-24 18:30:00+00:00,TMPV.NS,783.3115234375,STAY,1,1,2,STAY,UP,0.06296286,0.18704946,0.74998766,False
2024-11-24 18:30:00+00:00,LT.NS,3682.35498046875,DOWN,1,0,2,DOWN,UP,0.23068288,0.2234871,0.54583,False
2024-11-24 18:30:00+00:00,HDFCBANK.NS,866.5604858398438,UP,1,2,1,UP,STAY,0.28822806,0.39029258,0.32147935,False
2024-11-24 18:30:00+00:00,ICICIBANK.NS,1280.1959228515625,STAY,1,1,2,STAY,UP,0.3433545,0.25453973,0.40210584,False
2024-11-24 18:30:00+00:00,RELIANCE.NS,1275.9805908203125,UP,1,2,2,UP,UP,0.089116976,0.259155,0.651728,True
2024-11-24 18:30:00+00:00,SBIN.NS,813.1701049804688,STAY,1,1,0,STAY,DOWN,0.44849962,0.24587041,0.3056299,False
2024-11-25 18:30:00+00:00,ITC.NS,423.3453674316406,STAY,1,1,2,STAY,UP,0.35850647,0.26520312,0.3762904,False
2024-11-25 18:30:00+00:00,TCS.NS,4053.787841796875,DOWN,1,0,1,DOWN,STAY,0.20131542,0.5210234,0.2776612,False
2024-11-25 18:30:00+00:00,SBIN.NS,808.3071899414062,UP,1,2,0,UP,DOWN,0.36623392,0.34751338,0.28625274,False
2024-11-25 18:30:00+00:00,BHARTIARTL.NS,1544.73291015625,UP,1,2,2,UP,UP,0.321193,0.2617478,0.41705918,True
2024-11-25 18:30:00+00:00,ICICIBANK.NS,1284.132080078125,STAY,1,1,2,STAY,UP,0.35304147,0.27849254,0.36846602,False
2024-11-25 18:30:00+00:00,RELIANCE.NS,1284.606201171875,UP,1,2,2,UP,UP,0.22015171,0.27428013,0.50556815,True
2024-11-25 18:30:00+00:00,INFY.NS,1829.2586669921875,DOWN,1,0,2,DOWN,UP,0.31444854,0.17828055,0.5072709,False
2024-11-25 18:30:00+00:00,TMPV.NS,769.9384155273438,UP,1,2,2,UP,UP,0.075716294,0.16089757,0.76338613,True
2024-11-25 18:30:00+00:00,HDFCBANK.NS,866.5362548828125,UP,1,2,2,UP,UP,0.32309154,0.3023356,0.3745729,True
2024-11-25 18:30:00+00:00,LT.NS,3632.90380859375,UP,1,2,2,UP,UP,0.32157502,0.164579,0.513846,True
2024-11-26 18:30:00+00:00,INFY.NS,1829.591552734375,DOWN,1,0,2,DOWN,UP,0.3157931,0.21782619,0.46638077,False
2024-11-26 18:30:00+00:00,HDFCBANK.NS,879.5182495117188,UP,1,2,1,UP,STAY,0.2739241,0.41893226,0.3071436,False
2024-11-26 18:30:00+00:00,TCS.NS,4035.021240234375,STAY,1,1,2,STAY,UP,0.28522146,0.3422887,0.37248984,False
2024-11-26 18:30:00+00:00,BHARTIARTL.NS,1545.1246337890625,STAY,1,1,2,STAY,UP,0.3909185,0.19966099,0.40942055,False
2024-11-26 18:30:00+00:00,SBIN.NS,803.2034912109375,UP,1,2,2,UP,UP,0.33046034,0.29048985,0.3790498,True
2024-11-26 18:30:00+00:00,RELIANCE.NS,1282.1275634765625,UP,1,2,2,UP,UP,0.23765731,0.28045362,0.48188904,True
2024-11-26 18:30:00+00:00,ITC.NS,423.3009948730469,DOWN,1,0,0,DOWN,DOWN,0.41870144,0.24318749,0.33811104,True
2024-11-26 18:30:00+00:00,ICICIBANK.NS,1279.9498291015625,UP,1,2,2,UP,UP,0.31650677,0.2549244,0.42856887,True
2024-11-26 18:30:00+00:00,LT.NS,3629.076904296875,UP,1,2,2,UP,UP,0.29752532,0.24247928,0.45999542,True
2024-11-26 18:30:00+00:00,TMPV.NS,770.8726196289062,STAY,1,1,2,STAY,UP,0.12549832,0.24539012,0.6291115,False
2024-11-27 18:30:00+00:00,ICICIBANK.NS,1265.828857421875,UP,1,2,2,UP,UP,0.36383379,0.25800937,0.37815684,True
2024-11-27 18:30:00+00:00,BHARTIARTL.NS,1528.230224609375,UP,1,2,2,UP,UP,0.34388113,0.17154321,0.48457563,True
2024-11-27 18:30:00+00:00,LT.NS,3597.041748046875,UP,1,2,2,UP,UP,0.29733804,0.1982557,0.5044063,True
2024-11-27 18:30:00+00:00,RELIANCE.NS,1259.91943359375,UP,1,2,2,UP,UP,0.104534775,0.20549688,0.68996835,True
2024-11-27 18:30:00+00:00,HDFCBANK.NS,870.224609375,UP,1,2,1,UP,STAY,0.31628874,0.36558187,0.3181294,False
2024-11-27 18:30:00+00:00,INFY.NS,1765.0875244140625,UP,1,2,2,UP,UP,0.29788092,0.15605146,0.54606766,True
2024-11-27 18:30:00+00:00,TCS.NS,3953.390380859375,UP,1,2,2,UP,UP,0.28924733,0.22786874,0.4828839,True
2024-11-27 18:30:00+00:00,SBIN.NS,807.7775268554688,UP,1,2,2,UP,UP,0.2977518,0.25958368,0.44266453,True
2024-11-27 18:30:00+00:00,TMPV.NS,766.4476318359375,UP,1,2,2,UP,UP,0.046114888,0.1214025,0.8324826,True
2024-11-27 18:30:00+00:00,ITC.NS,421.4815368652344,DOWN,1,0,2,DOWN,UP,0.3774609,0.21789174,0.40464738,False
2024-11-28 18:30:00+00:00,ICICIBANK.NS,1279.3594970703125,UP,1,2,0,UP,DOWN,0.404699,0.24917638,0.34612465,False
2024-11-28 18:30:00+00:00,ITC.NS,423.12347412109375,DOWN,1,0,0,DOWN,DOWN,0.3866416,0.30061004,0.31274834,True
2024-11-28 18:30:00+00:00,TMPV.NS,773.3308715820312,UP,1,2,2,UP,UP,0.053237624,0.18124163,0.76552075,True
2024-11-28 18:30:00+00:00,INFY.NS,1766.2283935546875,UP,1,2,2,UP,UP,0.26796964,0.21401532,0.518015,True
2024-11-28 18:30:00+00:00,SBIN.NS,807.8739013671875,UP,1,2,2,UP,UP,0.31762683,0.3254677,0.35690546,True
2024-11-28 18:30:00+00:00,TCS.NS,3977.55810546875,UP,1,2,2,UP,UP,0.27019617,0.29528463,0.43451917,True
2024-11-28 18:30:00+00:00,LT.NS,3654.685791015625,UP,1,2,2,UP,UP,0.33931014,0.22043644,0.4402534,True
2024-11-28 18:30:00+00:00,BHARTIARTL.NS,1593.6041259765625,DOWN,1,0,2,DOWN,UP,0.40470815,0.18746343,0.40782842,False
2024-11-28 18:30:00+00:00,HDFCBANK.NS,871.632080078125,UP,1,2,1,UP,STAY,0.27638024,0.3922912,0.33132857,False
2024-11-28 18:30:00+00:00,RELIANCE.NS,1281.1361083984375,UP,1,2,2,UP,UP,0.27017727,0.28600195,0.4438208,True
2024-12-01 18:30:00+00:00,TCS.NS,3982.9599609375,UP,1,2,2,UP,UP,0.27082318,0.26400015,0.4651766,True
2024-12-01 18:30:00+00:00,SBIN.NS,805.4183959960938,UP,1,2,2,UP,UP,0.3241871,0.26566583,0.4101471,True
2024-12-01 18:30:00+00:00,LT.NS,3634.326171875,UP,1,2,2,UP,UP,0.31809917,0.23646162,0.4454392,True
2024-12-01 18:30:00+00:00,RELIANCE.NS,1297.941162109375,DOWN,1,0,2,DOWN,UP,0.3438738,0.29112336,0.36500284,False
2024-12-01 18:30:00+00:00,BHARTIARTL.NS,1609.71484375,DOWN,1,0,0,DOWN,DOWN,0.420384,0.19324657,0.38636938,True
2024-12-01 18:30:00+00:00,HDFCBANK.NS,875.8298950195312,UP,1,2,1,UP,STAY,0.19014062,0.49045277,0.31940654,False
2024-12-01 18:30:00+00:00,INFY.NS,1787.0960693359375,UP,1,2,2,UP,UP,0.22811048,0.17708719,0.5948023,True
2024-12-01 18:30:00+00:00,ICICIBANK.NS,1283.8370361328125,UP,1,2,2,UP,UP,0.35538316,0.26129174,0.3833251,True
2024-12-01 18:30:00+00:00,TMPV.NS,776.870849609375,UP,1,2,2,UP,UP,0.053128723,0.19433355,0.7525377,True
2024-12-01 18:30:00+00:00,ITC.NS,423.5228271484375,DOWN,1,0,0,DOWN,DOWN,0.40667808,0.25101194,0.34230995,True
2024-12-02 18:30:00+00:00,ITC.NS,419.3958740234375,DOWN,1,0,2,DOWN,UP,0.36424533,0.21640967,0.41934502,False
2024-12-02 18:30:00+00:00,RELIANCE.NS,1311.9698486328125,DOWN,1,0,2,DOWN,UP,0.35682797,0.21756205,0.42560992,False
2024-12-02 18:30:00+00:00,BHARTIARTL.NS,1587.1402587890625,DOWN,1,0,2,DOWN,UP,0.38284877,0.16758664,0.44956458,False
2024-12-02 18:30:00+00:00,HDFCBANK.NS,886.3125,UP,1,2,1,UP,STAY,0.26209733,0.41824996,0.31965268,False
2024-12-02 18:30:00+00:00,INFY.NS,1798.789306640625,UP,1,2,2,UP,UP,0.26625144,0.21636748,0.517381,True
2024-12-02 18:30:00+00:00,LT.NS,3715.763916015625,UP,1,2,2,UP,UP,0.24373133,0.22902183,0.52724683,True
2024-12-02 18:30:00+00:00,TCS.NS,4007.268310546875,UP,1,2,2,UP,UP,0.24529462,0.28707573,0.4676297,True
2024-12-02 18:30:00+00:00,TMPV.NS,787.8839721679688,STAY,1,1,2,STAY,UP,0.07680357,0.21802483,0.70517164,False
2024-12-02 18:30:00+00:00,SBIN.NS,822.3182373046875,UP,1,2,2,UP,UP,0.28427708,0.26647556,0.4492474,True
2024-12-02 18:30:00+00:00,ICICIBANK.NS,1287.527099609375,UP,1,2,2,UP,UP,0.36649805,0.25624987,0.37725204,True
2024-12-03 18:30:00+00:00,LT.NS,3718.560302734375,UP,1,2,2,UP,UP,0.35674343,0.1948343,0.44842228,True
2024-12-03 18:30:00+00:00,SBIN.NS,827.855224609375,STAY,1,1,2,STAY,UP,0.3014002,0.29815128,0.40044853,False
2024-12-03 18:30:00+00:00,INFY.NS,1796.079833984375,UP,1,2,2,UP,UP,0.2695824,0.24298078,0.48743686,True
2024-12-03 18:30:00+00:00,BHARTIARTL.NS,1551.4415283203125,STAY,1,1,2,STAY,UP,0.3539937,0.123408906,0.5225974,False
2024-12-03 18:30:00+00:00,ICICIBANK.NS,1295.0550537109375,STAY,1,1,2,STAY,UP,0.35885444,0.26488623,0.3762594,False
2024-12-03 18:30:00+00:00,RELIANCE.NS,1297.74267578125,DOWN,1,0,2,DOWN,UP,0.33309448,0.1400877,0.5268178,False
2024-12-03 18:30:00+00:00,ITC.NS,414.5589294433594,STAY,1,1,2,STAY,UP,0.34900734,0.20448594,0.44650665,False
2024-12-03 18:30:00+00:00,TMPV.NS,774.9533081054688,UP,1,2,2,UP,UP,0.07154262,0.14583908,0.7826182,True
2024-12-03 18:30:00+00:00,TCS.NS,4055.370361328125,UP,1,2,2,UP,UP,0.2533657,0.25924623,0.4873881,True
2024-12-03 18:30:00+00:00,HDFCBANK.NS,902.7157592773438,STAY,1,1,1,STAY,STAY,0.2443217,0.49530587,0.2603724,True
2024-12-04 18:30:00+00:00,INFY.NS,1839.4310302734373,UP,1,2,2,UP,UP,0.27929673,0.15905054,0.5616528,True
2024-12-04 18:30:00+00:00,TMPV.NS,779.3291015625,STAY,1,1,2,STAY,UP,0.0655139,0.15238418,0.7821019,False
2024-12-04 18:30:00+00:00,SBIN.NS,833.3922729492188,DOWN,1,0,2,DOWN,UP,0.30353838,0.28060138,0.4158602,False
2024-12-04 18:30:00+00:00,RELIANCE.NS,1310.7305908203125,DOWN,1,0,2,DOWN,UP,0.35615918,0.18668962,0.45715117,False
2024-12-04 18:30:00+00:00,HDFCBANK.NS,905.457763671875,STAY,1,1,1,STAY,STAY,0.28248248,0.41044527,0.30707228,True
2024-12-04 18:30:00+00:00,TCS.NS,4157.49072265625,STAY,1,1,2,STAY,UP,0.24819838,0.37090185,0.38089973,False
2024-12-04 18:30:00+00:00,ITC.NS,414.9139099121094,DOWN,1,0,2,DOWN,UP,0.3225256,0.1981765,0.47929788,False
2024-12-04 18:30:00+00:00,BHARTIARTL.NS,1582.04736328125,STAY,1,1,2,STAY,UP,0.32652822,0.15457465,0.5188971,False
2024-12-04 18:30:00+00:00,ICICIBANK.NS,1315.1787109375,STAY,1,1,2,STAY,UP,0.31532842,0.28295997,0.4017116,False
2024-12-04 18:30:00+00:00,LT.NS,3759.426513671875,STAY,1,1,2,STAY,UP,0.2836057,0.25958112,0.45681316,False
2024-12-05 18:30:00+00:00,BHARTIARTL.NS,1564.908203125,UP,1,2,2,UP,UP,0.3250749,0.2324944,0.4424307,True
2024-12-05 18:30:00+00:00,ITC.NS,418.15338134765625,STAY,1,1,0,STAY,DOWN,0.4081826,0.26506948,0.32674786,False
2024-12-05 18:30:00+00:00,TCS.NS,4140.2138671875,STAY,1,1,1,STAY,STAY,0.24533612,0.43397486,0.32068902,True
2024-12-05 18:30:00+00:00,ICICIBANK.NS,1307.552490234375,UP,1,2,0,UP,DOWN,0.38690507,0.25170264,0.36139223,False
2024-12-05 18:30:00+00:00,LT.NS,3793.91455078125,STAY,1,1,1,STAY,STAY,0.23103683,0.43006328,0.33889988,True
2024-12-05 18:30:00+00:00,SBIN.NS,831.6589965820312,STAY,1,1,2,STAY,UP,0.2944155,0.3109744,0.39461005,False
2024-12-05 18:30:00+00:00,HDFCBANK.NS,900.6531982421875,STAY,1,1,1,STAY,STAY,0.20363706,0.52179545,0.27456746,True
2024-12-05 18:30:00+00:00,RELIANCE.NS,1300.3204345703125,DOWN,1,0,2,DOWN,UP,0.3651315,0.20107748,0.433791,False
2024-12-05 18:30:00+00:00,TMPV.NS,803.174560546875,DOWN,1,0,2,DOWN,UP,0.11667244,0.20766135,0.6756662,False
2024-12-05 18:30:00+00:00,INFY.NS,1827.5950927734373,UP,1,2,2,UP,UP,0.30731186,0.18624504,0.5064431,True
2024-12-08 18:30:00+00:00,RELIANCE.NS,1284.0609130859375,DOWN,1,0,2,DOWN,UP,0.2915205,0.17155865,0.5369209,False
2024-12-08 18:30:00+00:00,TCS.NS,4146.408203125,STAY,1,1,1,STAY,STAY,0.27133864,0.4379378,0.29072362,True
2024-12-08 18:30:00+00:00,HDFCBANK.NS,907.520263671875,STAY,1,1,0,STAY,DOWN,0.3527177,0.35127804,0.29600424,False
2024-12-08 18:30:00+00:00,SBIN.NS,826.266357421875,STAY,1,1,2,STAY,UP,0.3331808,0.28548506,0.3813342,False
2024-12-08 18:30:00+00:00,INFY.NS,1828.783447265625,UP,1,2,2,UP,UP,0.34977514,0.20286526,0.4473596,True
2024-12-08 18:30:00+00:00,LT.NS,3872.99755859375,DOWN,1,0,1,DOWN,STAY,0.26695302,0.44189075,0.2911562,False
2024-12-08 18:30:00+00:00,TMPV.NS,785.4257202148438,DOWN,1,0,2,DOWN,UP,0.081208326,0.1284243,0.79036736,False
2024-12-08 18:30:00+00:00,BHARTIARTL.NS,1569.51123046875,UP,1,2,2,UP,UP,0.30630696,0.14896038,0.54473263,True
2024-12-08 18:30:00+00:00,ITC.NS,412.6507568359375,UP,1,2,2,UP,UP,0.37868932,0.24131481,0.37999588,True
2024-12-08 18:30:00+00:00,ICICIBANK.NS,1301.2054443359375,UP,1,2,2,UP,UP,0.33263606,0.27178717,0.39557678,True
2024-12-09 18:30:00+00:00,ICICIBANK.NS,1309.225341796875,STAY,1,1,2,STAY,UP,0.28936398,0.28168356,0.42895243,False
2024-12-09 18:30:00+00:00,SBIN.NS,835.3663330078125,DOWN,1,0,2,DOWN,UP,0.3090439,0.28753212,0.403424,False
2024-12-09 18:30:00+00:00,ITC.NS,413.0945129394531,STAY,1,1,0,STAY,DOWN,0.4159465,0.25019968,0.33385375,False
2024-12-09 18:30:00+00:00,TCS.NS,4128.154296875,DOWN,1,0,1,DOWN,STAY,0.26810077,0.41875586,0.31314337,False
2024-12-09 18:30:00+00:00,RELIANCE.NS,1273.8489990234375,DOWN,1,0,2,DOWN,UP,0.2496903,0.1687665,0.5815432,False
2024-12-09 18:30:00+00:00,BHARTIARTL.NS,1546.10400390625,UP,1,2,2,UP,UP,0.23538503,0.13070545,0.63390946,True
2024-12-09 18:30:00+00:00,TMPV.NS,786.5565185546875,DOWN,1,0,2,DOWN,UP,0.07623489,0.12750372,0.79626137,False
2024-12-09 18:30:00+00:00,HDFCBANK.NS,906.5982055664062,DOWN,1,0,1,DOWN,STAY,0.21766555,0.52865267,0.25368175,False
2024-12-09 18:30:00+00:00,LT.NS,3849.3017578125,DOWN,1,0,1,DOWN,STAY,0.26322293,0.45831308,0.27846396,False
2024-12-09 18:30:00+00:00,INFY.NS,1852.4554443359373,UP,1,2,2,UP,UP,0.3165267,0.21919826,0.464275,True
2024-12-10 18:30:00+00:00,HDFCBANK.NS,904.1716918945312,DOWN,1,0,1,DOWN,STAY,0.2074829,0.4886162,0.30390093,False
2024-12-10 18:30:00+00:00,BHARTIARTL.NS,1553.3023681640625,UP,1,2,2,UP,UP,0.27948382,0.15410084,0.56641537,True
2024-12-10 18:30:00+00:00,LT.NS,3843.0224609375,DOWN,1,0,0,DOWN,DOWN,0.3931909,0.2797399,0.32706925,True
2024-12-10 18:30:00+00:00,SBIN.NS,829.684814453125,DOWN,1,0,2,DOWN,UP,0.2957735,0.2930477,0.41117886,False
2024-12-10 18:30:00+00:00,TCS.NS,4123.40478515625,DOWN,1,0,1,DOWN,STAY,0.31723365,0.34740642,0.3353599,False
2024-12-10 18:30:00+00:00,ICICIBANK.NS,1306.3223876953125,DOWN,1,0,2,DOWN,UP,0.2745755,0.30227554,0.42314896,False
2024-12-10 18:30:00+00:00,INFY.NS,1876.79296875,STAY,1,1,2,STAY,UP,0.30393323,0.29396942,0.40209734,False
2024-12-10 18:30:00+00:00,ITC.NS,412.9170227050781,UP,1,2,0,UP,DOWN,0.38288903,0.28036445,0.3367465,False
2024-12-10 18:30:00+00:00,TMPV.NS,785.7698364257812,DOWN,1,0,2,DOWN,UP,0.06471745,0.15984142,0.77544117,False
2024-12-10 18:30:00+00:00,RELIANCE.NS,1267.2559814453125,DOWN,1,0,2,DOWN,UP,0.12811342,0.19456197,0.6773246,False
2024-12-11 18:30:00+00:00,TCS.NS,4149.015625,DOWN,1,0,1,DOWN,STAY,0.29079926,0.40436235,0.30483836,False
2024-12-11 18:30:00+00:00,SBIN.NS,822.0775146484375,DOWN,1,0,2,DOWN,UP,0.31107673,0.25931737,0.42960587,False
2024-12-11 18:30:00+00:00,INFY.NS,1889.00927734375,DOWN,1,0,2,DOWN,UP,0.3045823,0.31555927,0.37985843,False
2024-12-11 18:30:00+00:00,TMPV.NS,773.2324829101562,DOWN,1,0,2,DOWN,UP,0.047646426,0.07766669,0.87468684,False
2024-12-11 18:30:00+00:00,HDFCBANK.NS,902.3032836914062,DOWN,1,0,1,DOWN,STAY,0.21089439,0.45224908,0.33685654,False
2024-12-11 18:30:00+00:00,BHARTIARTL.NS,1577.3463134765625,STAY,1,1,2,STAY,UP,0.25086161,0.15594822,0.59319013,False
2024-12-11 18:30:00+00:00,RELIANCE.NS,1252.0870361328125,DOWN,1,0,2,DOWN,UP,0.109778814,0.12887654,0.7613447,False
2024-12-11 18:30:00+00:00,ICICIBANK.NS,1308.04443359375,DOWN,1,0,2,DOWN,UP,0.2744537,0.3196397,0.40590662,False
2024-12-11 18:30:00+00:00,LT.NS,3787.242431640625,DOWN,1,0,0,DOWN,DOWN,0.42879945,0.1568932,0.41430736,True
2024-12-11 18:30:00+00:00,ITC.NS,408.7900695800781,UP,1,2,2,UP,UP,0.356257,0.24493335,0.39880967,True
2024-12-12 18:30:00+00:00,ITC.NS,417.1327209472656,DOWN,1,0,2,DOWN,UP,0.37320015,0.17949627,0.44730353,False
2024-12-12 18:30:00+00:00,TCS.NS,4166.6650390625,DOWN,1,0,1,DOWN,STAY,0.29157674,0.43211776,0.2763055,False
2024-12-12 18:30:00+00:00,HDFCBANK.NS,908.36962890625,DOWN,1,0,1,DOWN,STAY,0.30401248,0.39730462,0.29868287,False
2024-12-12 18:30:00+00:00,SBIN.NS,829.63671875,DOWN,1,0,2,DOWN,UP,0.26981565,0.31988245,0.4103019,False
2024-12-12 18:30:00+00:00,INFY.NS,1901.0828857421875,DOWN,1,0,0,DOWN,DOWN,0.3487606,0.3201462,0.33109322,True
2024-12-12 18:30:00+00:00,LT.NS,3813.83251953125,DOWN,1,0,0,DOWN,DOWN,0.4569618,0.17603743,0.3670008,True
2024-12-12 18:30:00+00:00,ICICIBANK.NS,1323.44482421875,DOWN,1,0,1,DOWN,STAY,0.30302384,0.35472184,0.34225434,False
2024-12-12 18:30:00+00:00,BHARTIARTL.NS,1647.078369140625,DOWN,1,0,2,DOWN,UP,0.24392036,0.3313224,0.42475718,False
2024-12-12 18:30:00+00:00,TMPV.NS,777.1166381835938,DOWN,1,0,2,DOWN,UP,0.046262555,0.1259678,0.8277697,False
2024-12-12 18:30:00+00:00,RELIANCE.NS,1261.951904296875,DOWN,1,0,2,DOWN,UP,0.10892137,0.16018675,0.7308919,False
2024-12-15 18:30:00+00:00,ICICIBANK.NS,1324.6256103515625,DOWN,1,0,1,DOWN,STAY,0.3177044,0.39911762,0.283178,False
2024-12-15 18:30:00+00:00,TCS.NS,4111.99609375,DOWN,1,0,2,DOWN,UP,0.32770258,0.2895072,0.38279027,False
2024-12-15 18:30:00+00:00,RELIANCE.NS,1257.44091796875,DOWN,1,0,2,DOWN,UP,0.10962428,0.24293187,0.6474439,False
2024-12-15 18:30:00+00:00,INFY.NS,1882.402099609375,DOWN,1,0,0,DOWN,DOWN,0.4008591,0.22236668,0.37677422,True
2024-12-15 18:30:00+00:00,SBIN.NS,829.0589599609375,DOWN,1,0,2,DOWN,UP,0.22902796,0.3476247,0.42334732,False
2024-12-15 18:30:00+00:00,ITC.NS,417.221435546875,STAY,1,1,0,STAY,DOWN,0.4300379,0.22705474,0.34290734,False
2024-12-15 18:30:00+00:00,LT.NS,3804.854736328125,DOWN,1,0,0,DOWN,DOWN,0.44420877,0.217411,0.33838028,True
2024-12-15 18:30:00+00:00,BHARTIARTL.NS,1628.2742919921875,DOWN,1,0,2,DOWN,UP,0.30040145,0.19913347,0.5004651,False
2024-12-15 18:30:00+00:00,TMPV.NS,771.7083740234375,DOWN,1,0,2,DOWN,UP,0.03697243,0.09928463,0.863743,False
2024-12-15 18:30:00+00:00,HDFCBANK.NS,905.1907958984376,DOWN,1,0,1,DOWN,STAY,0.20371851,0.5184059,0.27787554,False
2024-12-16 18:30:00+00:00,TCS.NS,4031.248779296875,DOWN,1,0,2,DOWN,UP,0.24166194,0.24384823,0.5144898,False
2024-12-16 18:30:00+00:00,INFY.NS,1879.1221923828125,DOWN,1,0,0,DOWN,DOWN,0.4349076,0.16642404,0.3986684,True
2024-12-16 18:30:00+00:00,HDFCBANK.NS,889.6853637695312,DOWN,1,0,2,DOWN,UP,0.25355086,0.35912383,0.3873253,False
2024-12-16 18:30:00+00:00,LT.NS,3735.534423828125,DOWN,1,0,2,DOWN,UP,0.38111982,0.16941877,0.44946143,False
2024-12-16 18:30:00+00:00,ITC.NS,416.73333740234375,UP,1,2,2,UP,UP,0.39251518,0.19470972,0.41277507,True
2024-12-16 18:30:00+00:00,TMPV.NS,766.7426147460938,DOWN,1,0,2,DOWN,UP,0.03017872,0.10940907,0.86041224,False
2024-12-16 18:30:00+00:00,BHARTIARTL.NS,1581.9984130859375,DOWN,1,0,2,DOWN,UP,0.26675814,0.14394741,0.58929443,False
2024-12-16 18:30:00+00:00,ICICIBANK.NS,1312.4727783203125,DOWN,1,0,2,DOWN,UP,0.28987652,0.31892264,0.39120084,False
2024-12-16 18:30:00+00:00,SBIN.NS,819.044189453125,DOWN,1,0,2,DOWN,UP,0.29269484,0.2699287,0.43737644,False
2024-12-16 18:30:00+00:00,RELIANCE.NS,1234.6376953125,DOWN,1,0,2,DOWN,UP,0.10551761,0.21442685,0.6800555,False
2024-12-17 18:30:00+00:00,HDFCBANK.NS,878.74169921875,DOWN,1,0,1,DOWN,STAY,0.17152728,0.48683155,0.3416411,False
2024-12-17 18:30:00+00:00,LT.NS,3687.407958984375,DOWN,1,0,2,DOWN,UP,0.28222167,0.24593762,0.47184077,False
2024-12-17 18:30:00+00:00,BHARTIARTL.NS,1568.874755859375,STAY,1,1,2,STAY,UP,0.2284756,0.18266435,0.58886003,False
2024-12-17 18:30:00+00:00,TCS.NS,4049.270751953125,DOWN,1,0,2,DOWN,UP,0.19754523,0.2771581,0.5252967,False
2024-12-17 18:30:00+00:00,TMPV.NS,743.0938720703125,DOWN,1,0,2,DOWN,UP,0.03007962,0.18525821,0.78466225,False
2024-12-17 18:30:00+00:00,ICICIBANK.NS,1293.1854248046875,DOWN,1,0,2,DOWN,UP,0.30125216,0.28920782,0.40954006,False
2024-12-17 18:30:00+00:00,SBIN.NS,807.103515625,DOWN,1,0,2,DOWN,UP,0.268764,0.29569188,0.43554413,False
2024-12-17 18:30:00+00:00,RELIANCE.NS,1242.5196533203125,DOWN,1,0,2,DOWN,UP,0.09360061,0.15866043,0.74773896,False
2024-12-17 18:30:00+00:00,ITC.NS,417.5765075683594,UP,1,2,0,UP,DOWN,0.44544354,0.20885906,0.34569737,False
2024-12-17 18:30:00+00:00,INFY.NS,1881.54638671875,DOWN,1,0,0,DOWN,DOWN,0.41225505,0.19964322,0.3881017,True
2024-12-18 18:30:00+00:00,HDFCBANK.NS,870.3944091796875,STAY,1,1,1,STAY,STAY,0.18972635,0.5263677,0.28390592,True
2024-12-18 18:30:00+00:00,ICICIBANK.NS,1266.3701171875,UP,1,2,1,UP,STAY,0.33370054,0.33558148,0.33071795,False
2024-12-18 18:30:00+00:00,INFY.NS,1850.2213134765625,DOWN,1,0,2,DOWN,UP,0.35882512,0.14593738,0.49523756,False
2024-12-18 18:30:00+00:00,TMPV.NS,731.6381225585938,STAY,1,1,2,STAY,UP,0.02486105,0.13101359,0.84412533,False
2024-12-18 18:30:00+00:00,TCS.NS,3978.5361328125,DOWN,1,0,2,DOWN,UP,0.22050664,0.24453375,0.5349596,False
2024-12-18 18:30:00+00:00,RELIANCE.NS,1219.914794921875,STAY,1,1,2,STAY,UP,0.10076888,0.22898719,0.6702439,False
2024-12-18 18:30:00+00:00,LT.NS,3646.394775390625,DOWN,1,0,2,DOWN,UP,0.22161004,0.23032035,0.5480696,False
2024-12-18 18:30:00+00:00,ITC.NS,414.07080078125,UP,1,2,0,UP,DOWN,0.39955577,0.20841649,0.39202777,False
2024-12-18 18:30:00+00:00,BHARTIARTL.NS,1567.3076171875,STAY,1,1,2,STAY,UP,0.27517486,0.19269979,0.53212535,False
2024-12-18 18:30:00+00:00,SBIN.NS,801.95166015625,DOWN,1,0,2,DOWN,UP,0.3234403,0.29560572,0.38095394,False
2024-12-19 18:30:00+00:00,SBIN.NS,781.922119140625,DOWN,1,0,2,DOWN,UP,0.24040693,0.32149515,0.4380979,False
2024-12-19 18:30:00+00:00,ITC.NS,412.384521484375,UP,1,2,2,UP,UP,0.37729442,0.21030824,0.41239733,True
2024-12-19 18:30:00+00:00,TMPV.NS,711.9718017578125,UP,1,2,2,UP,UP,0.041550133,0.19189194,0.76655793,True
2024-12-19 18:30:00+00:00,INFY.NS,1827.357421875,STAY,1,1,2,STAY,UP,0.36640266,0.1571298,0.47646752,False
2024-12-19 18:30:00+00:00,RELIANCE.NS,1194.980224609375,STAY,1,1,2,STAY,UP,0.06501603,0.23890111,0.69608283,False
2024-12-19 18:30:00+00:00,TCS.NS,3883.913330078125,STAY,1,1,2,STAY,UP,0.2011775,0.20207575,0.5967468,False
2024-12-19 18:30:00+00:00,HDFCBANK.NS,859.7177734375,STAY,1,1,1,STAY,STAY,0.19997872,0.5247212,0.27530006,True
2024-12-19 18:30:00+00:00,BHARTIARTL.NS,1545.5653076171875,STAY,1,1,2,STAY,UP,0.23726332,0.250098,0.51263875,False
2024-12-19 18:30:00+00:00,LT.NS,3561.523193359375,DOWN,1,0,2,DOWN,UP,0.134577,0.1468055,0.7186175,False
2024-12-19 18:30:00+00:00,ICICIBANK.NS,1267.8460693359375,STAY,1,1,2,STAY,UP,0.26624763,0.36468008,0.3690723,False
2024-12-22 18:30:00+00:00,ICICIBANK.NS,1276.1121826171875,DOWN,1,0,2,DOWN,UP,0.26676714,0.2637672,0.46946567,False
2024-12-22 18:30:00+00:00,SBIN.NS,790.7332763671875,DOWN,1,0,2,DOWN,UP,0.27381146,0.35793337,0.36825514,False
2024-12-22 18:30:00+00:00,RELIANCE.NS,1211.834716796875,STAY,1,1,2,STAY,UP,0.09091255,0.20934454,0.6997429,False
2024-12-22 18:30:00+00:00,BHARTIARTL.NS,1554.183837890625,STAY,1,1,2,STAY,UP,0.28405994,0.17092468,0.54501534,False
2024-12-22 18:30:00+00:00,TMPV.NS,710.1526489257812,UP,1,2,2,UP,UP,0.025314808,0.13819647,0.83648866,True
2024-12-22 18:30:00+00:00,LT.NS,3571.972412109375,STAY,1,1,2,STAY,UP,0.20249733,0.17988166,0.61762106,False
2024-12-22 18:30:00+00:00,TCS.NS,3872.737548828125,DOWN,1,0,2,DOWN,UP,0.19414067,0.24111682,0.5647425,False
2024-12-22 18:30:00+00:00,HDFCBANK.NS,874.0343017578125,DOWN,1,0,2,DOWN,UP,0.20236193,0.38951638,0.4081217,False
2024-12-22 18:30:00+00:00,INFY.NS,1829.4013671875,DOWN,1,0,2,DOWN,UP,0.31261206,0.18940835,0.49797955,False
2024-12-22 18:30:00+00:00,ITC.NS,420.9046936035156,UP,1,2,2,UP,UP,0.38724676,0.20880456,0.40394866,True
2024-12-23 18:30:00+00:00,SBIN.NS,781.9702758789062,DOWN,1,0,1,DOWN,STAY,0.31214327,0.3478113,0.34004542,False
2024-12-23 18:30:00+00:00,BHARTIARTL.NS,1551.2457275390625,STAY,1,1,2,STAY,UP,0.2157383,0.18747614,0.5967856,False
2024-12-23 18:30:00+00:00,ITC.NS,424.6322326660156,UP,1,2,0,UP,DOWN,0.43376952,0.21836996,0.3478605,False
2024-12-23 18:30:00+00:00,LT.NS,3571.236572265625,STAY,1,1,2,STAY,UP,0.14848968,0.19822682,0.6532835,False
2024-12-23 18:30:00+00:00,HDFCBANK.NS,872.6268310546875,STAY,1,1,2,STAY,UP,0.26483467,0.3623694,0.37279597,False
2024-12-23 18:30:00+00:00,ICICIBANK.NS,1276.554931640625,DOWN,1,0,2,DOWN,UP,0.31727037,0.2915598,0.39116982,False
2024-12-23 18:30:00+00:00,TMPV.NS,723.82080078125,UP,1,2,2,UP,UP,0.036718342,0.13160741,0.8316742,True
2024-12-23 18:30:00+00:00,TCS.NS,3892.481689453125,DOWN,1,0,2,DOWN,UP,0.18682693,0.20331715,0.6098559,False
2024-12-23 18:30:00+00:00,INFY.NS,1814.9034423828125,DOWN,1,0,2,DOWN,UP,0.3409654,0.21848388,0.44055074,False
2024-12-23 18:30:00+00:00,RELIANCE.NS,1212.28076171875,STAY,1,1,2,STAY,UP,0.0656504,0.2546131,0.6797365,False
2024-12-25 18:30:00+00:00,ICICIBANK.NS,1276.6534423828125,STAY,1,1,0,STAY,DOWN,0.372825,0.26088995,0.3662851,False
2024-12-25 18:30:00+00:00,TMPV.NS,728.4423828125,UP,1,2,2,UP,UP,0.039962996,0.20571405,0.754323,True
2024-12-25 18:30:00+00:00,HDFCBANK.NS,869.0598754882812,STAY,1,1,1,STAY,STAY,0.22935268,0.3899124,0.38073495,True
2024-12-25 18:30:00+00:00,INFY.NS,1813.3348388671875,UP,1,2,2,UP,UP,0.384235,0.22067083,0.3950942,True
2024-12-25 18:30:00+00:00,SBIN.NS,782.35546875,DOWN,1,0,1,DOWN,STAY,0.31225497,0.36356887,0.32417613,False
2024-12-25 18:30:00+00:00,BHARTIARTL.NS,1566.524169921875,STAY,1,1,2,STAY,UP,0.22659683,0.19045617,0.582947,False
2024-12-25 18:30:00+00:00,RELIANCE.NS,1206.1339111328125,UP,1,2,2,UP,UP,0.075667,0.22327216,0.70106083,True
2024-12-25 18:30:00+00:00,LT.NS,3561.1796875,UP,1,2,2,UP,UP,0.1516691,0.21999493,0.62833595,True
2024-12-25 18:30:00+00:00,ITC.NS,423.3009948730469,UP,1,2,0,UP,DOWN,0.4184405,0.25020188,0.3313576,False
2024-12-25 18:30:00+00:00,TCS.NS,3882.7958984375,STAY,1,1,2,STAY,UP,0.16633591,0.27861854,0.55504555,False
2024-12-26 18:30:00+00:00,HDFCBANK.NS,872.6996459960938,DOWN,1,0,1,DOWN,STAY,0.17889322,0.44128445,0.3798223,False
2024-12-26 18:30:00+00:00,LT.NS,3540.1826171875,UP,1,2,2,UP,UP,0.18160032,0.24905281,0.56934685,True
2024-12-26 18:30:00+00:00,RELIANCE.NS,1210.595458984375,UP,1,2,2,UP,UP,0.0672242,0.2511365,0.68163925,True
2024-12-26 18:30:00+00:00,TMPV.NS,737.9805908203125,UP,1,2,2,UP,UP,0.04587033,0.12662186,0.8275078,True
2024-12-26 18:30:00+00:00,BHARTIARTL.NS,1566.866943359375,STAY,1,1,2,STAY,UP,0.23127396,0.20057087,0.56815517,False
2024-12-26 18:30:00+00:00,SBIN.NS,770.0296630859375,STAY,1,1,2,STAY,UP,0.29905936,0.3142253,0.38671532,False
2024-12-26 18:30:00+00:00,TCS.NS,3878.837890625,DOWN,1,0,2,DOWN,UP,0.12840421,0.26399863,0.6075972,False
2024-12-26 18:30:00+00:00,ICICIBANK.NS,1286.690673828125,DOWN,1,0,2,DOWN,UP,0.28276664,0.2855354,0.43169796,False
2024-12-26 18:30:00+00:00,INFY.NS,1822.2237548828125,UP,1,2,2,UP,UP,0.33231413,0.21438867,0.45329723,True
2024-12-26 18:30:00+00:00,ITC.NS,424.765380859375,STAY,1,1,2,STAY,UP,0.38165942,0.19845885,0.4198817,False
2024-12-29 18:30:00+00:00,TCS.NS,3873.202880859375,DOWN,1,0,2,DOWN,UP,0.15043804,0.29318202,0.55638,False
2024-12-29 18:30:00+00:00,BHARTIARTL.NS,1554.183837890625,STAY,1,1,2,STAY,UP,0.3178421,0.22758548,0.4545725,False
2024-12-29 18:30:00+00:00,TMPV.NS,721.4116821289062,UP,1,2,2,UP,UP,0.05561023,0.14658447,0.79780525,True
2024-12-29 18:30:00+00:00,ITC.NS,423.3453674316406,DOWN,1,0,0,DOWN,DOWN,0.41428035,0.25613686,0.32958278,True
2024-12-29 18:30:00+00:00,SBIN.NS,759.1000366210938,DOWN,1,0,2,DOWN,UP,0.26229367,0.3238277,0.41387862,False
2024-12-29 18:30:00+00:00,LT.NS,3511.5810546875,STAY,1,1,2,STAY,UP,0.18322939,0.2591861,0.5575845,False
2024-12-29 18:30:00+00:00,ICICIBANK.NS,1273.9964599609375,DOWN,1,0,2,DOWN,UP,0.32507136,0.26812497,0.40680367,False
2024-12-29 18:30:00+00:00,INFY.NS,1812.0037841796875,UP,1,2,2,UP,UP,0.3426042,0.197553,0.4598428,True
2024-12-29 18:30:00+00:00,HDFCBANK.NS,862.82373046875,DOWN,1,0,2,DOWN,UP,0.25781992,0.35215896,0.3900211,False
2024-12-29 18:30:00+00:00,RELIANCE.NS,1200.333984375,STAY,1,1,2,STAY,UP,0.05626126,0.22535357,0.71838516,False
2024-12-30 18:30:00+00:00,SBIN.NS,765.5037231445312,DOWN,1,0,2,DOWN,UP,0.3240708,0.3199542,0.35597497,False
2024-12-30 18:30:00+00:00,LT.NS,3539.74072265625,STAY,1,1,2,STAY,UP,0.17560488,0.25652668,0.5678685,False
2024-12-30 18:30:00+00:00,HDFCBANK.NS,860.3729248046875,DOWN,1,0,1,DOWN,STAY,0.19641669,0.51236516,0.2912182,False
2024-12-30 18:30:00+00:00,TMPV.NS,727.8032836914062,UP,1,2,2,UP,UP,0.057029843,0.16271506,0.7802551,True
2024-12-30 18:30:00+00:00,INFY.NS,1787.2860107421875,UP,1,2,2,UP,UP,0.40195152,0.16988112,0.42816737,True
2024-12-30 18:30:00+00:00,TCS.NS,3813.59814453125,DOWN,1,0,2,DOWN,UP,0.2054252,0.30909094,0.48548388,False
2024-12-30 18:30:00+00:00,BHARTIARTL.NS,1555.016357421875,STAY,1,1,2,STAY,UP,0.2460842,0.22452916,0.52938664,False
2024-12-30 18:30:00+00:00,ICICIBANK.NS,1261.203857421875,STAY,1,1,0,STAY,DOWN,0.38865793,0.24274477,0.36859733,False
2024-12-30 18:30:00+00:00,RELIANCE.NS,1205.043212890625,UP,1,2,2,UP,UP,0.049530126,0.26930714,0.6811627,True
2024-12-30 18:30:00+00:00,ITC.NS,429.2473449707031,DOWN,1,0,0,DOWN,DOWN,0.36278784,0.3044236,0.3327886,True
2024-12-31 18:30:00+00:00,TMPV.NS,736.7514038085938,UP,1,2,2,UP,UP,0.058267906,0.23193614,0.70979595,True
2024-12-31 18:30:00+00:00,TCS.NS,3830.036376953125,STAY,1,1,2,STAY,UP,0.14472917,0.3060539,0.5492169,False
2024-12-31 18:30:00+00:00,SBIN.NS,763.8185424804688,DOWN,1,0,1,DOWN,STAY,0.23348293,0.38699248,0.3795246,False
2024-12-31 18:30:00+00:00,ITC.NS,429.51361083984375,DOWN,1,0,2,DOWN,UP,0.3838027,0.17185529,0.44434205,False
2024-12-31 18:30:00+00:00,BHARTIARTL.NS,1562.802490234375,STAY,1,1,2,STAY,UP,0.24601921,0.22354901,0.5304318,False
2024-12-31 18:30:00+00:00,LT.NS,3598.464111328125,DOWN,1,0,2,DOWN,UP,0.17792994,0.3428197,0.47925037,False
2024-12-31 18:30:00+00:00,INFY.NS,1789.662841796875,UP,1,2,2,UP,UP,0.30833462,0.21056879,0.4810966,True
2024-12-31 18:30:00+00:00,RELIANCE.NS,1210.7935791015625,UP,1,2,2,UP,UP,0.05499284,0.26122788,0.6837793,True
2024-12-31 18:30:00+00:00,HDFCBANK.NS,865.1774291992188,DOWN,1,0,1,DOWN,STAY,0.1954357,0.45279157,0.35177273,False
2024-12-31 18:30:00+00:00,ICICIBANK.NS,1263.1719970703125,DOWN,1,0,2,DOWN,UP,0.3115108,0.2902835,0.39820567,False
2025-01-01 18:30:00+00:00,INFY.NS,1861.296875,DOWN,1,0,2,DOWN,UP,0.31819746,0.1966276,0.48517495,False
2025-01-01 18:30:00+00:00,TCS.NS,3888.9892578125,DOWN,1,0,2,DOWN,UP,0.23942548,0.3362892,0.42428532,False
2025-01-01 18:30:00+00:00,RELIANCE.NS,1231.167724609375,UP,1,2,2,UP,UP,0.06769079,0.21259062,0.7197186,True
2025-01-01 18:30:00+00:00,ITC.NS,434.0399169921875,DOWN,1,0,2,DOWN,UP,0.3201086,0.2483181,0.43157333,False
2025-01-01 18:30:00+00:00,HDFCBANK.NS,870.5157470703125,DOWN,1,0,1,DOWN,STAY,0.25340518,0.44998908,0.2966058,False
2025-01-01 18:30:00+00:00,TMPV.NS,752.287841796875,UP,1,2,2,UP,UP,0.064850464,0.20174728,0.73340225,True
2025-01-01 18:30:00+00:00,ICICIBANK.NS,1270.0111083984375,DOWN,1,0,0,DOWN,DOWN,0.3691107,0.26408312,0.36680615,True
2025-01-01 18:30:00+00:00,SBIN.NS,771.522216796875,DOWN,1,0,1,DOWN,STAY,0.25768295,0.37118152,0.37113553,False
2025-01-01 18:30:00+00:00,BHARTIARTL.NS,1576.5137939453125,STAY,1,1,2,STAY,UP,0.30739883,0.18522815,0.50737303,False
2025-01-01 18:30:00+00:00,LT.NS,3643.598388671875,DOWN,1,0,2,DOWN,UP,0.25658864,0.24876137,0.49464995,False
2025-01-02 18:30:00+00:00,INFY.NS,1843.1387939453125,UP,1,2,2,UP,UP,0.3557598,0.20810883,0.4361314,True
2025-01-02 18:30:00+00:00,SBIN.NS,764.0111694335938,DOWN,1,0,2,DOWN,UP,0.26756302,0.32435706,0.40807995,False
2025-01-02 18:30:00+00:00,ICICIBANK.NS,1244.8687744140625,DOWN,1,0,2,DOWN,UP,0.36062303,0.25335944,0.38601753,False
2025-01-02 18:30:00+00:00,BHARTIARTL.NS,1565.8875732421875,UP,1,2,2,UP,UP,0.3403048,0.23927155,0.4204236,True
2025-01-02 18:30:00+00:00,LT.NS,3591.007080078125,DOWN,1,0,2,DOWN,UP,0.3455184,0.20738809,0.44709346,False
2025-01-02 18:30:00+00:00,ITC.NS,427.4279174804688,DOWN,1,0,2,DOWN,UP,0.3732282,0.18077524,0.44599655,False
2025-01-02 18:30:00+00:00,TMPV.NS,777.2149658203125,DOWN,1,0,2,DOWN,UP,0.08276068,0.25732616,0.6599131,False
2025-01-02 18:30:00+00:00,HDFCBANK.NS,848.8954467773438,DOWN,1,0,1,DOWN,STAY,0.26166815,0.38686943,0.35146242,False
2025-01-02 18:30:00+00:00,RELIANCE.NS,1240.437744140625,STAY,1,1,2,STAY,UP,0.09734361,0.23862563,0.66403073,False
2025-01-02 18:30:00+00:00,TCS.NS,3818.347900390625,UP,1,2,2,UP,UP,0.23139411,0.31668207,0.45192385,True
2025-01-05 18:30:00+00:00,INFY.NS,1842.283203125,UP,1,2,2,UP,UP,0.39318275,0.16159256,0.4452247,True
2025-01-05 18:30:00+00:00,TCS.NS,3813.78466796875,UP,1,2,2,UP,UP,0.26769444,0.29123363,0.44107196,True
2025-01-05 18:30:00+00:00,BHARTIARTL.NS,1555.701904296875,STAY,1,1,2,STAY,UP,0.37074,0.18865292,0.44060707,False
2025-01-05 18:30:00+00:00,SBIN.NS,747.6408081054688,DOWN,1,0,2,DOWN,UP,0.29387465,0.30801898,0.3981064,False
2025-01-05 18:30:00+00:00,TMPV.NS,763.301025390625,DOWN,1,0,2,DOWN,UP,0.12518595,0.20628625,0.6685278,False
2025-01-05 18:30:00+00:00,RELIANCE.NS,1207.5714111328125,UP,1,2,2,UP,UP,0.14495456,0.1974754,0.65757,True
2025-01-05 18:30:00+00:00,LT.NS,3535.37451171875,DOWN,1,0,2,DOWN,UP,0.29553068,0.25296703,0.45150232,False
2025-01-05 18:30:00+00:00,ITC.NS,407.9893493652344,STAY,1,1,2,STAY,UP,0.32827604,0.33350903,0.33821493,False
2025-01-05 18:30:00+00:00,HDFCBANK.NS,830.1141357421875,DOWN,1,0,1,DOWN,STAY,0.23865815,0.4564267,0.3049152,False
2025-01-05 18:30:00+00:00,ICICIBANK.NS,1243.933837890625,DOWN,1,0,2,DOWN,UP,0.32751572,0.28936574,0.38311854,False
2025-01-06 18:30:00+00:00,LT.NS,3574.7197265625,DOWN,1,0,2,DOWN,UP,0.32037216,0.19147426,0.48815355,False
2025-01-06 18:30:00+00:00,TCS.NS,3751.6650390625,UP,1,2,2,UP,UP,0.26303208,0.2888819,0.448086,True
2025-01-06 18:30:00+00:00,INFY.NS,1835.6282958984373,STAY,1,1,0,STAY,DOWN,0.4092736,0.19900393,0.3917225,False
2025-01-06 18:30:00+00:00,RELIANCE.NS,1230.2257080078125,STAY,1,1,2,STAY,UP,0.15133476,0.24046513,0.6082001,False
2025-01-06 18:30:00+00:00,ITC.NS,406.5607299804688,DOWN,1,0,1,DOWN,STAY,0.30060643,0.37778595,0.32160762,False
2025-01-06 18:30:00+00:00,BHARTIARTL.NS,1558.0523681640625,STAY,1,1,2,STAY,UP,0.2924807,0.22701992,0.48049936,False
2025-01-06 18:30:00+00:00,ICICIBANK.NS,1258.842041015625,DOWN,1,0,2,DOWN,UP,0.3413483,0.27819952,0.3804522,False
2025-01-06 18:30:00+00:00,HDFCBANK.NS,831.5215454101562,DOWN,1,0,1,DOWN,STAY,0.26115167,0.4760704,0.26277786,False
2025-01-06 18:30:00+00:00,SBIN.NS,749.9037475585938,DOWN,1,0,1,DOWN,STAY,0.3175608,0.34657907,0.33586013,False
2025-01-06 18:30:00+00:00,TMPV.NS,780.0173950195312,DOWN,1,0,2,DOWN,UP,0.14747548,0.1488848,0.7036397,False
2025-01-07 18:30:00+00:00,TMPV.NS,781.6890869140625,DOWN,1,0,2,DOWN,UP,0.14958775,0.25602528,0.594387,False
2025-01-07 18:30:00+00:00,SBIN.NS,742.5853271484375,DOWN,1,0,2,DOWN,UP,0.28214377,0.29230368,0.4255525,False
2025-01-07 18:30:00+00:00,HDFCBANK.NS,822.252197265625,DOWN,1,0,1,DOWN,STAY,0.22638206,0.45504105,0.31857687,False
2025-01-07 18:30:00+00:00,BHARTIARTL.NS,1566.230224609375,STAY,1,1,2,STAY,UP,0.34228554,0.19887498,0.45883942,False
2025-01-07 18:30:00+00:00,RELIANCE.NS,1254.664794921875,DOWN,1,0,2,DOWN,UP,0.306893,0.21946944,0.4736376,False
2025-01-07 18:30:00+00:00,INFY.NS,1837.81494140625,STAY,1,1,2,STAY,UP,0.40702543,0.17999499,0.41297957,False
2025-01-07 18:30:00+00:00,LT.NS,3528.653564453125,DOWN,1,0,2,DOWN,UP,0.3654299,0.16440259,0.4701675,False
2025-01-07 18:30:00+00:00,TCS.NS,3826.264404296875,UP,1,2,2,UP,UP,0.22762088,0.3023311,0.47004798,True
2025-01-07 18:30:00+00:00,ICICIBANK.NS,1243.5894775390625,DOWN,1,0,2,DOWN,UP,0.34302604,0.29655012,0.36042383,False
2025-01-07 18:30:00+00:00,ITC.NS,414.34906005859375,DOWN,1,0,1,DOWN,STAY,0.3257613,0.36055353,0.3136852,False
2025-01-08 18:30:00+00:00,HDFCBANK.NS,809.3916625976562,STAY,1,1,1,STAY,STAY,0.16248527,0.47135693,0.36615786,True
2025-01-08 18:30:00+00:00,INFY.NS,1822.7467041015625,STAY,1,1,0,STAY,DOWN,0.39810562,0.2482216,0.35367277,False
2025-01-08 18:30:00+00:00,TMPV.NS,767.0867919921875,STAY,1,1,2,STAY,UP,0.13257524,0.15321055,0.7142142,False
2025-01-08 18:30:00+00:00,ICICIBANK.NS,1242.260986328125,DOWN,1,0,2,DOWN,UP,0.3322329,0.2706105,0.39715654,False
2025-01-08 18:30:00+00:00,LT.NS,3461.491943359375,STAY,1,1,2,STAY,UP,0.36446932,0.21936679,0.4161639,False
2025-01-08 18:30:00+00:00,BHARTIARTL.NS,1573.9185791015625,UP,1,2,2,UP,UP,0.35648632,0.18512715,0.45838657,True
2025-01-08 18:30:00+00:00,TCS.NS,3761.49072265625,UP,1,2,2,UP,UP,0.22208278,0.23530711,0.5426101,True
2025-01-08 18:30:00+00:00,RELIANCE.NS,1244.0067138671875,STAY,1,1,2,STAY,UP,0.18756817,0.23593028,0.57650155,False
2025-01-08 18:30:00+00:00,ITC.NS,414.8559875488281,DOWN,1,0,2,DOWN,UP,0.36624804,0.17612237,0.45762965,False
2025-01-08 18:30:00+00:00,SBIN.NS,732.2816162109375,STAY,1,1,2,STAY,UP,0.30247435,0.28037074,0.4171549,False
2025-01-09 18:30:00+00:00,RELIANCE.NS,1231.266845703125,UP,1,2,2,UP,UP,0.17224628,0.19114256,0.63661116,True
2025-01-09 18:30:00+00:00,ICICIBANK.NS,1229.9111328125,DOWN,1,0,1,DOWN,STAY,0.28135857,0.35994893,0.35869247,False
2025-01-09 18:30:00+00:00,LT.NS,3469.586669921875,STAY,1,1,2,STAY,UP,0.3658848,0.17206365,0.46205157,False
2025-01-09 18:30:00+00:00,BHARTIARTL.NS,1582.5860595703125,STAY,1,1,2,STAY,UP,0.3624665,0.21270218,0.42483127,False
2025-01-09 18:30:00+00:00,ITC.NS,410.0631408691406,DOWN,1,0,2,DOWN,UP,0.32259622,0.2356072,0.44179663,False
2025-01-09 18:30:00+00:00,INFY.NS,1869.947998046875,DOWN,1,0,2,DOWN,UP,0.3472464,0.19560179,0.45715174,False
2025-01-09 18:30:00+00:00,SBIN.NS,715.71875,UP,1,2,2,UP,UP,0.22935346,0.29664463,0.47400197,True
2025-01-09 18:30:00+00:00,TCS.NS,3972.715576171875,DOWN,1,0,1,DOWN,STAY,0.18732493,0.40818587,0.40448922,False
2025-01-09 18:30:00+00:00,TMPV.NS,761.7277221679688,STAY,1,1,2,STAY,UP,0.12602562,0.17673144,0.697243,False
2025-01-09 18:30:00+00:00,HDFCBANK.NS,804.0289916992188,DOWN,1,0,1,DOWN,STAY,0.14631489,0.48868304,0.36500213,False
2025-01-12 18:30:00+00:00,ICICIBANK.NS,1210.1317138671875,STAY,1,1,0,STAY,DOWN,0.3463189,0.31728166,0.3363994,False
2025-01-12 18:30:00+00:00,HDFCBANK.NS,791.4596557617188,UP,1,2,2,UP,UP,0.11252833,0.410165,0.47730663,True
2025-01-12 18:30:00+00:00,RELIANCE.NS,1229.234375,UP,1,2,2,UP,UP,0.12931399,0.19776867,0.67291737,True
2025-01-12 18:30:00+00:00,LT.NS,3399.08935546875,UP,1,2,2,UP,UP,0.34438717,0.21358506,0.44202775,True
2025-01-12 18:30:00+00:00,TMPV.NS,738.4722290039062,UP,1,2,2,UP,UP,0.11174565,0.1785641,0.7096902,True
2025-01-12 18:30:00+00:00,ITC.NS,404.6712036132813,STAY,1,1,2,STAY,UP,0.3034137,0.19073518,0.50585115,False
2025-01-12 18:30:00+00:00,TCS.NS,3996.418212890625,DOWN,1,0,2,DOWN,UP,0.27030623,0.33069062,0.39900315,False
2025-01-12 18:30:00+00:00,SBIN.NS,702.4780883789062,UP,1,2,2,UP,UP,0.15415141,0.31160602,0.53424263,True
2025-01-12 18:30:00+00:00,INFY.NS,1865.4322509765625,DOWN,1,0,2,DOWN,UP,0.38138542,0.21089764,0.407717,False
2025-01-12 18:30:00+00:00,BHARTIARTL.NS,1564.271484375,UP,1,2,2,UP,UP,0.38770074,0.19506387,0.41723537,True
2025-01-13 18:30:00+00:00,HDFCBANK.NS,799.1031494140625,STAY,1,1,1,STAY,STAY,0.15056406,0.53397757,0.31545836,True
2025-01-13 18:30:00+00:00,LT.NS,3397.421142578125,UP,1,2,2,UP,UP,0.29963672,0.22866264,0.4717007,True
2025-01-13 18:30:00+00:00,SBIN.NS,720.437255859375,UP,1,2,1,UP,STAY,0.35126856,0.36202475,0.28670672,False
2025-01-13 18:30:00+00:00,BHARTIARTL.NS,1567.1116943359375,UP,1,2,2,UP,UP,0.37626782,0.1573186,0.46641353,True
2025-01-13 18:30:00+00:00,ITC.NS,402.4130554199219,STAY,1,1,2,STAY,UP,0.30405876,0.25186098,0.44408026,False
2025-01-13 18:30:00+00:00,RELIANCE.NS,1228.143798828125,UP,1,2,2,UP,UP,0.13838087,0.22373125,0.6378879,True
2025-01-13 18:30:00+00:00,TMPV.NS,757.64697265625,DOWN,1,0,2,DOWN,UP,0.10566543,0.16898018,0.7253544,False
2025-01-13 18:30:00+00:00,TCS.NS,3942.354248046875,DOWN,1,0,2,DOWN,UP,0.3217073,0.30209562,0.376197,False
2025-01-13 18:30:00+00:00,INFY.NS,1844.374755859375,DOWN,1,0,2,DOWN,UP,0.42038167,0.15773949,0.4218789,False
2025-01-13 18:30:00+00:00,ICICIBANK.NS,1220.5135498046875,DOWN,1,0,0,DOWN,DOWN,0.3534953,0.29760513,0.3488996,True
2025-01-14 18:30:00+00:00,TCS.NS,3957.768310546875,STAY,1,1,2,STAY,UP,0.35839522,0.27594563,0.36565912,False
2025-01-14 18:30:00+00:00,ICICIBANK.NS,1218.4962158203125,DOWN,1,0,2,DOWN,UP,0.26840577,0.31559616,0.41599807,False
2025-01-14 18:30:00+00:00,ITC.NS,403.1043701171875,STAY,1,1,1,STAY,STAY,0.23305336,0.4108787,0.356068,True
2025-01-14 18:30:00+00:00,INFY.NS,1853.501220703125,DOWN,1,0,0,DOWN,DOWN,0.39541897,0.20965166,0.39492938,True
2025-01-14 18:30:00+00:00,HDFCBANK.NS,797.3803100585938,UP,1,2,1,UP,STAY,0.16131972,0.50052005,0.33816025,False
2025-01-14 18:30:00+00:00,RELIANCE.NS,1241.478515625,UP,1,2,2,UP,UP,0.18237801,0.25375044,0.56387156,True
2025-01-14 18:30:00+00:00,SBIN.NS,725.7816772460938,STAY,1,1,0,STAY,DOWN,0.36579818,0.35633612,0.27786568,False
2025-01-14 18:30:00+00:00,BHARTIARTL.NS,1574.3101806640625,UP,1,2,0,UP,DOWN,0.47861442,0.16034904,0.36103648,False
2025-01-14 18:30:00+00:00,LT.NS,3435.49072265625,STAY,1,1,2,STAY,UP,0.21339321,0.19962357,0.5869832,False
2025-01-14 18:30:00+00:00,TMPV.NS,750.8619995117188,DOWN,1,0,2,DOWN,UP,0.09605822,0.19047733,0.7134645,False
2025-01-15 18:30:00+00:00,INFY.NS,1833.3466796875,DOWN,1,0,2,DOWN,UP,0.37144712,0.22455607,0.40399677,False
2025-01-15 18:30:00+00:00,TCS.NS,3917.44189453125,STAY,1,1,2,STAY,UP,0.32570377,0.29502088,0.37927535,False
2025-01-15 18:30:00+00:00,SBIN.NS,737.9149169921875,DOWN,1,0,2,DOWN,UP,0.2750635,0.2826399,0.44229656,False
2025-01-15 18:30:00+00:00,HDFCBANK.NS,801.7481079101562,STAY,1,1,1,STAY,STAY,0.1937141,0.4573586,0.34892732,True
2025-01-15 18:30:00+00:00,RELIANCE.NS,1255.6065673828125,STAY,1,1,2,STAY,UP,0.30349508,0.19388612,0.50261885,False
2025-01-15 18:30:00+00:00,TMPV.NS,761.4326782226562,DOWN,1,0,2,DOWN,UP,0.10785587,0.19826123,0.69388294,False
2025-01-15 18:30:00+00:00,BHARTIARTL.NS,1596.5911865234375,STAY,1,1,2,STAY,UP,0.36158085,0.2534784,0.38494077,False
2025-01-15 18:30:00+00:00,LT.NS,3441.868408203125,STAY,1,1,2,STAY,UP,0.15071836,0.23396586,0.6153158,False
2025-01-15 18:30:00+00:00,ICICIBANK.NS,1229.173095703125,DOWN,1,0,2,DOWN,UP,0.34315348,0.29433075,0.36251575,False
2025-01-15 18:30:00+00:00,ITC.NS,398.9567260742188,UP,1,2,1,UP,STAY,0.21513492,0.4223387,0.3625264,False
2025-01-16 18:30:00+00:00,TCS.NS,3911.75048828125,STAY,1,1,2,STAY,UP,0.34010828,0.29792923,0.36196253,False
2025-01-16 18:30:00+00:00,ICICIBANK.NS,1205.900390625,DOWN,1,0,2,DOWN,UP,0.31062514,0.30149895,0.3878759,False
2025-01-16 18:30:00+00:00,ITC.NS,405.7312316894531,STAY,1,1,1,STAY,STAY,0.29150712,0.35796928,0.35052356,True
2025-01-16 18:30:00+00:00,HDFCBANK.NS,794.3229370117188,STAY,1,1,2,STAY,UP,0.20796816,0.38372216,0.40830967,False
2025-01-16 18:30:00+00:00,SBIN.NS,735.79638671875,DOWN,1,0,2,DOWN,UP,0.22288783,0.34501067,0.43210152,False
2025-01-16 18:30:00+00:00,INFY.NS,1725.9193115234375,UP,1,2,2,UP,UP,0.3267009,0.2080187,0.46528044,True
2025-01-16 18:30:00+00:00,LT.NS,3501.474853515625,DOWN,1,0,2,DOWN,UP,0.17569065,0.18762062,0.63668877,False
2025-01-16 18:30:00+00:00,BHARTIARTL.NS,1593.9468994140625,UP,1,2,2,UP,UP,0.42100307,0.13876528,0.44023162,True
2025-01-16 18:30:00+00:00,RELIANCE.NS,1291.19921875,DOWN,1,0,2,DOWN,UP,0.3137941,0.2936344,0.3925715,False
2025-01-16 18:30:00+00:00,TMPV.NS,766.7426147460938,DOWN,1,0,2,DOWN,UP,0.09934386,0.25409368,0.6465625,False
2025-01-19 18:30:00+00:00,SBIN.NS,750.38525390625,DOWN,1,0,2,DOWN,UP,0.29601154,0.34906498,0.35492343,False
2025-01-19 18:30:00+00:00,BHARTIARTL.NS,1607.3155517578125,DOWN,1,0,2,DOWN,UP,0.3256596,0.26727158,0.4070688,False
2025-01-19 18:30:00+00:00,ICICIBANK.NS,1213.2806396484375,STAY,1,1,2,STAY,UP,0.33186647,0.2971989,0.37093467,False
2025-01-19 18:30:00+00:00,ITC.NS,403.4269409179688,STAY,1,1,2,STAY,UP,0.29219416,0.2766213,0.43118453,False
2025-01-19 18:30:00+00:00,LT.NS,3525.36669921875,DOWN,1,0,2,DOWN,UP,0.18099687,0.15979503,0.6592081,False
2025-01-19 18:30:00+00:00,INFY.NS,1723.8756103515625,STAY,1,1,2,STAY,UP,0.26324058,0.24925238,0.48750705,False
2025-01-19 18:30:00+00:00,TCS.NS,3867.647216796875,STAY,1,1,2,STAY,UP,0.31656322,0.20021433,0.48322248,False
2025-01-19 18:30:00+00:00,HDFCBANK.NS,801.3598022460938,DOWN,1,0,1,DOWN,STAY,0.17740516,0.48260605,0.33998886,False
2025-01-19 18:30:00+00:00,TMPV.NS,761.4326782226562,DOWN,1,0,2,DOWN,UP,0.13677283,0.13818176,0.72504544,False
2025-01-19 18:30:00+00:00,RELIANCE.NS,1294.272705078125,DOWN,1,0,2,DOWN,UP,0.3278666,0.29121166,0.38092172,False
2025-01-20 18:30:00+00:00,LT.NS,3474.443603515625,DOWN,1,0,2,DOWN,UP,0.16696152,0.14222977,0.6908087,False
2025-01-20 18:30:00+00:00,HDFCBANK.NS,797.0648803710938,UP,1,2,1,UP,STAY,0.1912442,0.4105688,0.398187,False
2025-01-20 18:30:00+00:00,ITC.NS,403.2886352539063,STAY,1,1,2,STAY,UP,0.27580753,0.23507236,0.4891201,False
2025-01-20 18:30:00+00:00,ICICIBANK.NS,1177.0677490234375,UP,1,2,2,UP,UP,0.27233398,0.35182285,0.37584317,True
2025-01-20 18:30:00+00:00,TCS.NS,3827.85888671875,STAY,1,1,2,STAY,UP,0.35969335,0.22798865,0.412318,False
2025-01-20 18:30:00+00:00,BHARTIARTL.NS,1592.624755859375,STAY,1,1,2,STAY,UP,0.37665316,0.13973162,0.4836152,False
2025-01-20 18:30:00+00:00,TMPV.NS,748.0595703125,DOWN,1,0,2,DOWN,UP,0.14053841,0.15535933,0.7041023,False
2025-01-20 18:30:00+00:00,RELIANCE.NS,1262.7945556640625,DOWN,1,0,2,DOWN,UP,0.34192052,0.19571547,0.46236396,False
2025-01-20 18:30:00+00:00,INFY.NS,1711.896728515625,UP,1,2,2,UP,UP,0.24159424,0.20306261,0.55534315,True
2025-01-20 18:30:00+00:00,SBIN.NS,730.9334716796875,STAY,1,1,2,STAY,UP,0.26569998,0.24417399,0.49012604,False
2025-01-21 18:30:00+00:00,TMPV.NS,730.35986328125,UP,1,2,2,UP,UP,0.10712788,0.16627468,0.7265974,True
2025-01-21 18:30:00+00:00,ITC.NS,402.78173828125,STAY,1,1,2,STAY,UP,0.29240102,0.2905068,0.41709214,False
2025-01-21 18:30:00+00:00,BHARTIARTL.NS,1598.1092529296875,DOWN,1,0,0,DOWN,DOWN,0.42947984,0.15264082,0.41787937,True
2025-01-21 18:30:00+00:00,LT.NS,3451.974609375,DOWN,1,0,2,DOWN,UP,0.22548541,0.16546594,0.60904866,False
2025-01-21 18:30:00+00:00,HDFCBANK.NS,808.5423583984375,STAY,1,1,2,STAY,UP,0.23628771,0.37698498,0.38672733,False
2025-01-21 18:30:00+00:00,RELIANCE.NS,1266.1654052734375,DOWN,1,0,2,DOWN,UP,0.33185008,0.1968715,0.47127837,False
2025-01-21 18:30:00+00:00,TCS.NS,3942.385986328125,DOWN,1,0,2,DOWN,UP,0.2469799,0.2578619,0.49515823,False
2025-01-21 18:30:00+00:00,INFY.NS,1764.8974609375,UP,1,2,2,UP,UP,0.3321255,0.22650546,0.441369,True
2025-01-21 18:30:00+00:00,SBIN.NS,725.5409545898438,STAY,1,1,2,STAY,UP,0.30441412,0.22043994,0.4751459,False
2025-01-21 18:30:00+00:00,ICICIBANK.NS,1181.2991943359375,UP,1,2,2,UP,UP,0.3066427,0.27600616,0.41735113,True
2025-01-22 18:30:00+00:00,TCS.NS,3931.81103515625,DOWN,1,0,2,DOWN,UP,0.2596559,0.3193099,0.42103422,False
2025-01-22 18:30:00+00:00,LT.NS,3437.30615234375,DOWN,1,0,2,DOWN,UP,0.18270174,0.13248846,0.6848098,False
2025-01-22 18:30:00+00:00,HDFCBANK.NS,807.9842529296875,UP,1,2,2,UP,UP,0.21301344,0.3320602,0.4549264,True
2025-01-22 18:30:00+00:00,BHARTIARTL.NS,1602.271728515625,STAY,1,1,0,STAY,DOWN,0.38998666,0.22117639,0.38883692,False
2025-01-22 18:30:00+00:00,ICICIBANK.NS,1182.5784912109375,UP,1,2,2,UP,UP,0.27301663,0.33525473,0.39172864,True
2025-01-22 18:30:00+00:00,RELIANCE.NS,1252.83056640625,STAY,1,1,2,STAY,UP,0.30003327,0.19647443,0.5034923,False
2025-01-22 18:30:00+00:00,SBIN.NS,718.2706298828125,UP,1,2,2,UP,UP,0.25726026,0.24882725,0.49391246,True
2025-01-22 18:30:00+00:00,INFY.NS,1773.4534912109375,STAY,1,1,2,STAY,UP,0.34467778,0.24678725,0.40853497,False
2025-01-22 18:30:00+00:00,ITC.NS,405.7312316894531,STAY,1,1,2,STAY,UP,0.32033017,0.25318405,0.42648575,False
2025-01-22 18:30:00+00:00,TMPV.NS,739.9472045898438,DOWN,1,0,2,DOWN,UP,0.13335814,0.14003639,0.7266055,False
2025-01-23 18:30:00+00:00,ITC.NS,407.0215759277344,UP,1,2,2,UP,UP,0.33027565,0.29081348,0.37891084,True
2025-01-23 18:30:00+00:00,TCS.NS,3938.355224609375,STAY,1,1,2,STAY,UP,0.25652245,0.28953472,0.45394287,False
2025-01-23 18:30:00+00:00,TMPV.NS,721.8541259765625,DOWN,1,0,2,DOWN,UP,0.123555064,0.17265177,0.70379317,False
2025-01-23 18:30:00+00:00,HDFCBANK.NS,800.6561889648438,UP,1,2,2,UP,UP,0.20147802,0.3352066,0.4633154,True
2025-01-23 18:30:00+00:00,SBIN.NS,716.58544921875,UP,1,2,2,UP,UP,0.22896455,0.25578967,0.5152458,True
2025-01-23 18:30:00+00:00,ICICIBANK.NS,1189.90966796875,UP,1,2,1,UP,STAY,0.24819945,0.3773073,0.37449324,False
2025-01-23 18:30:00+00:00,LT.NS,3393.10400390625,UP,1,2,2,UP,UP,0.18932232,0.15387286,0.65680474,True
2025-01-23 18:30:00+00:00,INFY.NS,1782.96044921875,STAY,1,1,2,STAY,UP,0.3422726,0.2420381,0.41568932,False
2025-01-23 18:30:00+00:00,BHARTIARTL.NS,1610.8902587890625,DOWN,1,0,2,DOWN,UP,0.39078167,0.17866765,0.43055066,False
2025-01-23 18:30:00+00:00,RELIANCE.NS,1235.6292724609375,UP,1,2,2,UP,UP,0.13446802,0.23741542,0.62811655,True
2025-01-26 18:30:00+00:00,TMPV.NS,701.1552734375,STAY,1,1,2,STAY,UP,0.05135553,0.13541363,0.8132309,False
2025-01-26 18:30:00+00:00,BHARTIARTL.NS,1569.5601806640625,UP,1,2,2,UP,UP,0.32712275,0.13041055,0.5424667,True
2025-01-26 18:30:00+00:00,RELIANCE.NS,1218.82421875,UP,1,2,2,UP,UP,0.123354524,0.2980161,0.5786294,True
2025-01-26 18:30:00+00:00,INFY.NS,1732.146484375,UP,1,2,2,UP,UP,0.36116785,0.21412165,0.42471048,True
2025-01-26 18:30:00+00:00,ITC.NS,405.6390075683594,UP,1,2,2,UP,UP,0.32687095,0.23761404,0.43551505,True
2025-01-26 18:30:00+00:00,HDFCBANK.NS,790.9500122070312,UP,1,2,2,UP,UP,0.19031972,0.30215818,0.5075221,True
2025-01-26 18:30:00+00:00,SBIN.NS,721.4483642578125,UP,1,2,2,UP,UP,0.2226537,0.26829952,0.5090468,True
2025-01-26 18:30:00+00:00,LT.NS,3392.564453125,STAY,1,1,2,STAY,UP,0.18554774,0.15779498,0.65665734,False
2025-01-26 18:30:00+00:00,TCS.NS,3855.648681640625,STAY,1,1,2,STAY,UP,0.29201478,0.2656304,0.44235483,False
2025-01-26 18:30:00+00:00,ICICIBANK.NS,1208.3603515625,UP,1,2,2,UP,UP,0.3250692,0.25559872,0.41933206,True
2025-01-27 18:30:00+00:00,ITC.NS,401.3531494140625,UP,1,2,2,UP,UP,0.2941624,0.185811,0.5200266,True
2025-01-27 18:30:00+00:00,BHARTIARTL.NS,1584.9854736328125,UP,1,2,2,UP,UP,0.30488804,0.17705943,0.5180525,True
2025-01-27 18:30:00+00:00,LT.NS,3349.637939453125,DOWN,1,0,2,DOWN,UP,0.1654816,0.15585895,0.67865944,False
2025-01-27 18:30:00+00:00,HDFCBANK.NS,810.6534423828125,STAY,1,1,2,STAY,UP,0.22539377,0.3665383,0.4080679,False
2025-01-27 18:30:00+00:00,INFY.NS,1739.51416015625,UP,1,2,0,UP,DOWN,0.41357607,0.179759,0.4066649,False
2025-01-27 18:30:00+00:00,TMPV.NS,716.1017456054688,DOWN,1,0,2,DOWN,UP,0.058835376,0.12097686,0.82018775,False
2025-01-27 18:30:00+00:00,RELIANCE.NS,1223.8311767578125,STAY,1,1,2,STAY,UP,0.1349822,0.21213359,0.65288424,False
2025-01-27 18:30:00+00:00,ICICIBANK.NS,1227.00830078125,STAY,1,1,2,STAY,UP,0.3346859,0.2446444,0.4206697,False
2025-01-27 18:30:00+00:00,SBIN.NS,724.5298461914062,UP,1,2,2,UP,UP,0.22019632,0.2434019,0.5364018,True
2025-01-27 18:30:00+00:00,TCS.NS,3832.07958984375,STAY,1,1,2,STAY,UP,0.2714283,0.22301109,0.50556064,False
2025-01-28 18:30:00+00:00,HDFCBANK.NS,814.0020141601562,UP,1,2,1,UP,STAY,0.20217063,0.49739024,0.30043912,False
2025-01-28 18:30:00+00:00,LT.NS,3384.763916015625,STAY,1,1,2,STAY,UP,0.16085209,0.1828283,0.6563196,False
2025-01-28 18:30:00+00:00,ICICIBANK.NS,1231.682373046875,UP,1,2,0,UP,DOWN,0.38313183,0.2992919,0.31757626,False
2025-01-28 18:30:00+00:00,INFY.NS,1788.474365234375,STAY,1,1,2,STAY,UP,0.3092236,0.26749647,0.42327988,False
2025-01-28 18:30:00+00:00,TCS.NS,3888.512939453125,STAY,1,1,2,STAY,UP,0.20035917,0.2751866,0.52445424,False
2025-01-28 18:30:00+00:00,RELIANCE.NS,1224.921630859375,UP,1,2,2,UP,UP,0.11470824,0.23397747,0.6513143,True
2025-01-28 18:30:00+00:00,TMPV.NS,739.9472045898438,DOWN,1,0,2,DOWN,UP,0.08389617,0.19031781,0.72578603,False
2025-01-28 18:30:00+00:00,SBIN.NS,730.355712890625,UP,1,2,2,UP,UP,0.2343399,0.30776393,0.4578962,True
2025-01-28 18:30:00+00:00,ITC.NS,399.4175415039063,UP,1,2,2,UP,UP,0.34538865,0.24778636,0.40682492,True
2025-01-28 18:30:00+00:00,BHARTIARTL.NS,1567.4544677734375,UP,1,2,2,UP,UP,0.3326196,0.17457396,0.49280646,True
2025-01-29 18:30:00+00:00,LT.NS,3356.55517578125,DOWN,1,0,2,DOWN,UP,0.16387665,0.13615048,0.69997287,False
2025-01-29 18:30:00+00:00,RELIANCE.NS,1242.3214111328125,UP,1,2,2,UP,UP,0.29579452,0.23273748,0.47146797,True
2025-01-29 18:30:00+00:00,ICICIBANK.NS,1235.5694580078125,STAY,1,1,0,STAY,DOWN,0.38547134,0.27825963,0.336269,False
2025-01-29 18:30:00+00:00,TMPV.NS,685.2254638671875,UP,1,2,2,UP,UP,0.058459252,0.20307665,0.7384641,True
2025-01-29 18:30:00+00:00,BHARTIARTL.NS,1606.9237060546875,UP,1,2,2,UP,UP,0.33972043,0.21215963,0.44811994,True
2025-01-29 18:30:00+00:00,SBIN.NS,734.3519897460938,STAY,1,1,2,STAY,UP,0.23101021,0.30911696,0.45987287,False
2025-01-29 18:30:00+00:00,HDFCBANK.NS,820.8933715820312,UP,1,2,1,UP,STAY,0.28143537,0.4028713,0.31569332,False
2025-01-29 18:30:00+00:00,TCS.NS,3888.750244140625,STAY,1,1,2,STAY,UP,0.28186998,0.27169147,0.4464386,False
2025-01-29 18:30:00+00:00,INFY.NS,1768.2247314453125,UP,1,2,2,UP,UP,0.3254504,0.21451016,0.4600394,True
2025-01-29 18:30:00+00:00,ITC.NS,402.0444030761719,UP,1,2,2,UP,UP,0.3576217,0.16077088,0.48160735,True
2025-01-30 18:30:00+00:00,TMPV.NS,704.1543579101562,STAY,1,1,2,STAY,UP,0.07073593,0.068870895,0.86039317,False
2025-01-30 18:30:00+00:00,BHARTIARTL.NS,1592.7716064453125,STAY,1,1,2,STAY,UP,0.3026465,0.12731263,0.5700409,False
2025-01-30 18:30:00+00:00,ICICIBANK.NS,1232.814208984375,UP,1,2,0,UP,DOWN,0.38585457,0.24251594,0.37162948,False
2025-01-30 18:30:00+00:00,RELIANCE.NS,1254.2681884765625,UP,1,2,2,UP,UP,0.30567873,0.261344,0.43297732,True
2025-01-30 18:30:00+00:00,LT.NS,3500.248291015625,DOWN,1,0,2,DOWN,UP,0.18233846,0.19583815,0.6218234,False
2025-01-30 18:30:00+00:00,TCS.NS,3900.4638671875,STAY,1,1,2,STAY,UP,0.24177235,0.264692,0.4935356,False
2025-01-30 18:30:00+00:00,INFY.NS,1787.0960693359375,UP,1,2,2,UP,UP,0.3371619,0.26106274,0.40177536,True
2025-01-30 18:30:00+00:00,ITC.NS,412.4595642089844,DOWN,1,0,0,DOWN,DOWN,0.3748629,0.26208234,0.36305475,True
2025-01-30 18:30:00+00:00,HDFCBANK.NS,824.4118041992188,UP,1,2,1,UP,STAY,0.32403794,0.37276044,0.30320165,False
2025-01-30 18:30:00+00:00,SBIN.NS,744.2705078125,DOWN,1,0,2,DOWN,UP,0.34153077,0.27259696,0.38587224,False
2025-01-31 18:30:00+00:00,INFY.NS,1760.0489501953125,UP,1,2,2,UP,UP,0.25520822,0.23503283,0.50975895,True
2025-01-31 18:30:00+00:00,ICICIBANK.NS,1235.520263671875,STAY,1,1,2,STAY,UP,0.31569633,0.31445697,0.3698467,False
2025-01-31 18:30:00+00:00,LT.NS,3382.60546875,DOWN,1,0,2,DOWN,UP,0.25399163,0.18014178,0.5658666,False
2025-01-31 18:30:00+00:00,ITC.NS,426.3310852050781,DOWN,1,0,2,DOWN,UP,0.28652257,0.27892113,0.43455625,False
2025-01-31 18:30:00+00:00,RELIANCE.NS,1253.7724609375,STAY,1,1,2,STAY,UP,0.34178764,0.22927068,0.4289417,False
2025-01-31 18:30:00+00:00,HDFCBANK.NS,820.6264038085938,UP,1,2,2,UP,UP,0.2766829,0.3239241,0.39939296,True
2025-01-31 18:30:00+00:00,TCS.NS,3863.236572265625,DOWN,1,0,2,DOWN,UP,0.1879239,0.2668154,0.5452607,False
2025-01-31 18:30:00+00:00,TMPV.NS,694.7637329101562,STAY,1,1,2,STAY,UP,0.07294369,0.08560932,0.841447,False
2025-01-31 18:30:00+00:00,BHARTIARTL.NS,1589.7845458984375,UP,1,2,2,UP,UP,0.3507412,0.14759383,0.50166494,True
2025-01-31 18:30:00+00:00,SBIN.NS,737.6260375976562,DOWN,1,0,2,DOWN,UP,0.35286716,0.24141575,0.40571713,False
2025-02-02 18:30:00+00:00,LT.NS,3227.285400390625,UP,1,2,2,UP,UP,0.18081315,0.18807434,0.6311126,True
2025-02-02 18:30:00+00:00,BHARTIARTL.NS,1618.2845458984375,UP,1,2,2,UP,UP,0.3161011,0.17045033,0.5134486,True
2025-02-02 18:30:00+00:00,INFY.NS,1771.40966796875,STAY,1,1,2,STAY,UP,0.3135235,0.2005068,0.48596972,False
2025-02-02 18:30:00+00:00,HDFCBANK.NS,814.341796875,UP,1,2,2,UP,UP,0.3329271,0.30230695,0.36476597,True
2025-02-02 18:30:00+00:00,RELIANCE.NS,1235.232666015625,STAY,1,1,2,STAY,UP,0.31949323,0.1922394,0.4882673,False
2025-02-02 18:30:00+00:00,ICICIBANK.NS,1233.0108642578125,STAY,1,1,0,STAY,DOWN,0.40418276,0.27749506,0.31832218,False
2025-02-02 18:30:00+00:00,ITC.NS,418.773193359375,DOWN,1,0,2,DOWN,UP,0.41006592,0.15802258,0.43191144,False
2025-02-02 18:30:00+00:00,SBIN.NS,732.7631225585938,DOWN,1,0,2,DOWN,UP,0.3691638,0.22412528,0.40671092,False
2025-02-02 18:30:00+00:00,TMPV.NS,675.9823608398438,UP,1,2,2,UP,UP,0.09924741,0.13285244,0.76790017,True
2025-02-02 18:30:00+00:00,TCS.NS,3858.968505859375,STAY,1,1,2,STAY,UP,0.23016007,0.22338036,0.54645956,False
2025-02-03 18:30:00+00:00,HDFCBANK.NS,835.161376953125,DOWN,1,0,1,DOWN,STAY,0.27403146,0.39554137,0.3304272,False
2025-02-03 18:30:00+00:00,INFY.NS,1805.1590576171875,DOWN,1,0,2,DOWN,UP,0.29947922,0.26970652,0.43081424,False
2025-02-03 18:30:00+00:00,ICICIBANK.NS,1247.9683837890625,DOWN,1,0,2,DOWN,UP,0.35618308,0.19620451,0.44761243,False
2025-02-03 18:30:00+00:00,BHARTIARTL.NS,1627.1968994140625,UP,1,2,2,UP,UP,0.29651448,0.15228851,0.55119705,True
2025-02-03 18:30:00+00:00,TCS.NS,3895.38916015625,DOWN,1,0,2,DOWN,UP,0.22897209,0.23625135,0.53477657,False
2025-02-03 18:30:00+00:00,SBIN.NS,750.3370971679688,DOWN,1,0,2,DOWN,UP,0.33853427,0.16878419,0.49268156,False
2025-02-03 18:30:00+00:00,ITC.NS,419.5105590820313,DOWN,1,0,2,DOWN,UP,0.35610592,0.1456873,0.49820676,False
2025-02-03 18:30:00+00:00,RELIANCE.NS,1274.196044921875,DOWN,1,0,2,DOWN,UP,0.30057612,0.241114,0.45830983,False
2025-02-03 18:30:00+00:00,TMPV.NS,698.697021484375,DOWN,1,0,2,DOWN,UP,0.123789586,0.1438673,0.7323431,False
2025-02-03 18:30:00+00:00,LT.NS,3374.412353515625,DOWN,1,0,2,DOWN,UP,0.22436248,0.12670149,0.64893603,False
2025-02-04 18:30:00+00:00,HDFCBANK.NS,843.363037109375,DOWN,1,0,1,DOWN,STAY,0.292051,0.41025874,0.2976902,False
2025-02-04 18:30:00+00:00,ITC.NS,413.0586853027344,DOWN,1,0,0,DOWN,DOWN,0.43263042,0.17606841,0.3913012,True
2025-02-04 18:30:00+00:00,TCS.NS,3880.26171875,DOWN,1,0,2,DOWN,UP,0.24985982,0.26351282,0.48662737,False
2025-02-04 18:30:00+00:00,LT.NS,3319.515625,DOWN,1,0,2,DOWN,UP,0.21878903,0.11655634,0.6646547,False
2025-02-04 18:30:00+00:00,INFY.NS,1803.4952392578125,DOWN,1,0,2,DOWN,UP,0.31420514,0.2302492,0.45554566,False
2025-02-04 18:30:00+00:00,SBIN.NS,737.6741943359375,DOWN,1,0,2,DOWN,UP,0.3135314,0.14651418,0.5399544,False
2025-02-04 18:30:00+00:00,BHARTIARTL.NS,1626.217529296875,UP,1,2,2,UP,UP,0.33347672,0.20249502,0.4640283,True
2025-02-04 18:30:00+00:00,ICICIBANK.NS,1247.476318359375,DOWN,1,0,0,DOWN,DOWN,0.39047772,0.22856306,0.38095924,True
2025-02-04 18:30:00+00:00,RELIANCE.NS,1267.2559814453125,DOWN,1,0,2,DOWN,UP,0.33181372,0.24665275,0.42153355,False
2025-02-04 18:30:00+00:00,TMPV.NS,705.0885009765625,DOWN,1,0,2,DOWN,UP,0.06993489,0.09660941,0.8334557,False
2025-02-05 18:30:00+00:00,TMPV.NS,697.81201171875,DOWN,1,0,2,DOWN,UP,0.0893994,0.122488216,0.7881124,False
2025-02-05 18:30:00+00:00,ICICIBANK.NS,1252.1014404296875,DOWN,1,0,2,DOWN,UP,0.37385306,0.21427557,0.4118713,False
2025-02-05 18:30:00+00:00,TCS.NS,3872.342041015625,DOWN,1,0,2,DOWN,UP,0.24313949,0.27270728,0.48415327,False
2025-02-05 18:30:00+00:00,RELIANCE.NS,1270.577392578125,DOWN,1,0,2,DOWN,UP,0.3367048,0.20426035,0.45903486,False
2025-02-05 18:30:00+00:00,SBIN.NS,724.3853759765625,DOWN,1,0,2,DOWN,UP,0.27899578,0.15688685,0.5641174,False
2025-02-05 18:30:00+00:00,INFY.NS,1821.177978515625,DOWN,1,0,2,DOWN,UP,0.26118606,0.23192179,0.50689214,False
2025-02-05 18:30:00+00:00,LT.NS,3289.63916015625,DOWN,1,0,2,DOWN,UP,0.22033009,0.11864666,0.6610232,False
2025-02-05 18:30:00+00:00,BHARTIARTL.NS,1586.3565673828125,UP,1,2,2,UP,UP,0.35222727,0.13977951,0.5079932,True
2025-02-05 18:30:00+00:00,ITC.NS,406.5607299804688,DOWN,1,0,2,DOWN,UP,0.3503052,0.16261788,0.48707697,False
2025-02-05 18:30:00+00:00,HDFCBANK.NS,846.299072265625,DOWN,1,0,2,DOWN,UP,0.2738926,0.34820208,0.3779053,False
2025-02-06 18:30:00+00:00,HDFCBANK.NS,840.9122314453125,DOWN,1,0,2,DOWN,UP,0.27878338,0.31640708,0.40480953,False
2025-02-06 18:30:00+00:00,TMPV.NS,694.9603881835938,DOWN,1,0,2,DOWN,UP,0.10374227,0.10784227,0.78841543,False
2025-02-06 18:30:00+00:00,ICICIBANK.NS,1236.8487548828125,STAY,1,1,2,STAY,UP,0.36046576,0.21307798,0.4264562,False
2025-02-06 18:30:00+00:00,BHARTIARTL.NS,1642.1815185546875,UP,1,2,2,UP,UP,0.24625649,0.19510724,0.55863625,True
2025-02-06 18:30:00+00:00,SBIN.NS,709.8928833007812,DOWN,1,0,2,DOWN,UP,0.22133256,0.18099463,0.5976728,False
2025-02-06 18:30:00+00:00,TCS.NS,3821.741455078125,DOWN,1,0,0,DOWN,DOWN,0.38449556,0.26637825,0.3491262,True
2025-02-06 18:30:00+00:00,LT.NS,3274.08740234375,DOWN,1,0,2,DOWN,UP,0.16270038,0.11415715,0.72314245,False
2025-02-06 18:30:00+00:00,RELIANCE.NS,1255.8544921875,DOWN,1,0,2,DOWN,UP,0.35636795,0.18284474,0.4607873,False
2025-02-06 18:30:00+00:00,INFY.NS,1809.7696533203125,DOWN,1,0,2,DOWN,UP,0.33572632,0.21029311,0.45398054,False
2025-02-06 18:30:00+00:00,ITC.NS,397.11334228515625,DOWN,1,0,2,DOWN,UP,0.31513754,0.2110245,0.47383794,False
2025-02-09 18:30:00+00:00,HDFCBANK.NS,832.6619873046875,STAY,1,1,2,STAY,UP,0.26889536,0.32372916,0.40737545,False
2025-02-09 18:30:00+00:00,TCS.NS,3828.902099609375,DOWN,1,0,2,DOWN,UP,0.32337385,0.2791809,0.39744523,False
2025-02-09 18:30:00+00:00,LT.NS,3265.99267578125,DOWN,1,0,2,DOWN,UP,0.10401675,0.101960026,0.7940233,False
2025-02-09 18:30:00+00:00,BHARTIARTL.NS,1658.1455078125,DOWN,1,0,2,DOWN,UP,0.31420356,0.23003826,0.45575815,False
2025-02-09 18:30:00+00:00,ITC.NS,393.7491149902344,DOWN,1,0,2,DOWN,UP,0.3084534,0.22557278,0.46597382,False
2025-02-09 18:30:00+00:00,INFY.NS,1787.5712890625,DOWN,1,0,2,DOWN,UP,0.34867087,0.19644384,0.4548853,False
2025-02-09 18:30:00+00:00,TMPV.NS,684.3897094726562,DOWN,1,0,2,DOWN,UP,0.11580807,0.13587342,0.74831855,False
2025-02-09 18:30:00+00:00,RELIANCE.NS,1242.916259765625,DOWN,1,0,2,DOWN,UP,0.30785817,0.19522217,0.49691966,False
2025-02-09 18:30:00+00:00,SBIN.NS,709.5076904296875,DOWN,1,0,2,DOWN,UP,0.26205498,0.24099354,0.4969515,False
2025-02-09 18:30:00+00:00,ICICIBANK.NS,1242.4576416015625,STAY,1,1,2,STAY,UP,0.3198216,0.2606288,0.41954964,False
2025-02-10 18:30:00+00:00,ICICIBANK.NS,1232.764892578125,STAY,1,1,2,STAY,UP,0.32455647,0.23317221,0.44227132,False
2025-02-10 18:30:00+00:00,SBIN.NS,704.0187377929688,STAY,1,1,2,STAY,UP,0.20186655,0.3329467,0.46518672,False
2025-02-10 18:30:00+00:00,BHARTIARTL.NS,1661.7691650390625,DOWN,1,0,2,DOWN,UP,0.3726387,0.14612028,0.481241,False
2025-02-10 18:30:00+00:00,INFY.NS,1783.150634765625,DOWN,1,0,2,DOWN,UP,0.35175788,0.24136151,0.4068806,False
2025-02-10 18:30:00+00:00,TCS.NS,3759.28515625,DOWN,1,0,2,DOWN,UP,0.303733,0.34580314,0.3504638,False
2025-02-10 18:30:00+00:00,ITC.NS,385.5459899902344,DOWN,1,0,2,DOWN,UP,0.20966229,0.21514444,0.5751932,False
2025-02-10 18:30:00+00:00,HDFCBANK.NS,825.6979370117188,UP,1,2,2,UP,UP,0.2639077,0.30600253,0.43008974,True
2025-02-10 18:30:00+00:00,LT.NS,3178.66796875,STAY,1,1,2,STAY,UP,0.1195439,0.21097742,0.66947865,False
2025-02-10 18:30:00+00:00,TMPV.NS,666.4441528320312,STAY,1,1,2,STAY,UP,0.15603815,0.21766798,0.6262939,False
2025-02-10 18:30:00+00:00,RELIANCE.NS,1224.2772216796875,STAY,1,1,2,STAY,UP,0.1597282,0.33685482,0.503417,False
2025-02-11 18:30:00+00:00,INFY.NS,1771.2672119140625,DOWN,1,0,2,DOWN,UP,0.35694554,0.18897443,0.45408008,False
2025-02-11 18:30:00+00:00,BHARTIARTL.NS,1676.26416015625,DOWN,1,0,2,DOWN,UP,0.34248638,0.23211803,0.42539564,False
2025-02-11 18:30:00+00:00,RELIANCE.NS,1206.1339111328125,STAY,1,1,2,STAY,UP,0.13617015,0.31024215,0.5535877,False
2025-02-11 18:30:00+00:00,LT.NS,3227.726806640625,STAY,1,1,2,STAY,UP,0.1374851,0.13847655,0.7240383,False
2025-02-11 18:30:00+00:00,TCS.NS,3746.575439453125,DOWN,1,0,2,DOWN,UP,0.27102053,0.35859737,0.37038207,False
2025-02-11 18:30:00+00:00,HDFCBANK.NS,828.3185424804688,UP,1,2,2,UP,UP,0.27108493,0.28966206,0.439253,True
2025-02-11 18:30:00+00:00,ICICIBANK.NS,1231.830078125,STAY,1,1,2,STAY,UP,0.34138197,0.21802399,0.44059408,False
2025-02-11 18:30:00+00:00,SBIN.NS,705.992919921875,STAY,1,1,2,STAY,UP,0.15133119,0.30080566,0.5478632,False
2025-02-11 18:30:00+00:00,ITC.NS,383.7671508789063,STAY,1,1,2,STAY,UP,0.18756707,0.18649745,0.62593544,False
2025-02-11 18:30:00+00:00,TMPV.NS,672.9340209960938,STAY,1,1,2,STAY,UP,0.15404128,0.1933438,0.6526149,False
2025-02-12 18:30:00+00:00,HDFCBANK.NS,823.9022216796875,STAY,1,1,2,STAY,UP,0.2703594,0.32345265,0.40618798,False
2025-02-12 18:30:00+00:00,BHARTIARTL.NS,1679.2510986328125,DOWN,1,0,2,DOWN,UP,0.3423339,0.2405543,0.41711184,False
2025-02-12 18:30:00+00:00,ICICIBANK.NS,1228.976318359375,STAY,1,1,2,STAY,UP,0.32704964,0.22131339,0.45163694,False
2025-02-12 18:30:00+00:00,TCS.NS,3708.63671875,DOWN,1,0,2,DOWN,UP,0.2462017,0.31222934,0.441569,False
2025-02-12 18:30:00+00:00,INFY.NS,1752.3485107421875,STAY,1,1,2,STAY,UP,0.31107575,0.140738,0.54818624,False
2025-02-12 18:30:00+00:00,ITC.NS,383.5798950195313,DOWN,1,0,2,DOWN,UP,0.16498992,0.2546105,0.5803996,False
2025-02-12 18:30:00+00:00,RELIANCE.NS,1205.687744140625,UP,1,2,2,UP,UP,0.14280257,0.25708118,0.60011625,True
2025-02-12 18:30:00+00:00,TMPV.NS,672.4423217773438,STAY,1,1,2,STAY,UP,0.16328093,0.21948767,0.61723137,False
2025-02-12 18:30:00+00:00,SBIN.NS,700.6965942382812,STAY,1,1,2,STAY,UP,0.14933491,0.3482124,0.5024527,False
2025-02-12 18:30:00+00:00,LT.NS,3202.216064453125,STAY,1,1,2,STAY,UP,0.10206085,0.15179037,0.74614877,False
2025-02-13 18:30:00+00:00,LT.NS,3176.70556640625,UP,1,2,2,UP,UP,0.13419762,0.19600743,0.669795,True
2025-02-13 18:30:00+00:00,HDFCBANK.NS,822.5191040039062,STAY,1,1,2,STAY,UP,0.2749554,0.2833549,0.4416897,False
2025-02-13 18:30:00+00:00,SBIN.NS,695.400390625,STAY,1,1,2,STAY,UP,0.08053576,0.25742555,0.6620387,False
2025-02-13 18:30:00+00:00,RELIANCE.NS,1206.827880859375,STAY,1,1,2,STAY,UP,0.15311228,0.28406143,0.5628263,False
2025-02-13 18:30:00+00:00,BHARTIARTL.NS,1681.6507568359375,DOWN,1,0,2,DOWN,UP,0.3326462,0.28613105,0.38122272,False
2025-02-13 18:30:00+00:00,TCS.NS,3732.064208984375,DOWN,1,0,2,DOWN,UP,0.26823038,0.33837673,0.39339286,False
2025-02-13 18:30:00+00:00,ICICIBANK.NS,1239.9976806640625,DOWN,1,0,2,DOWN,UP,0.30582604,0.20329627,0.4908777,False
2025-02-13 18:30:00+00:00,TMPV.NS,669.2957763671875,DOWN,1,0,2,DOWN,UP,0.14321053,0.17845969,0.67832977,False
2025-02-13 18:30:00+00:00,INFY.NS,1764.8499755859375,DOWN,1,0,2,DOWN,UP,0.33823,0.18963769,0.47213233,False
2025-02-13 18:30:00+00:00,ITC.NS,384.0948486328125,DOWN,1,0,2,DOWN,UP,0.1580878,0.21335004,0.62856215,False
2025-02-16 18:30:00+00:00,TCS.NS,3703.2783203125,DOWN,1,0,2,DOWN,UP,0.1848888,0.3717997,0.44331145,False
2025-02-16 18:30:00+00:00,BHARTIARTL.NS,1641.0062255859375,DOWN,1,0,2,DOWN,UP,0.3777551,0.12799205,0.4942528,False
2025-02-16 18:30:00+00:00,ITC.NS,382.5500183105469,DOWN,1,0,2,DOWN,UP,0.17067315,0.22914794,0.6001789,False
2025-02-16 18:30:00+00:00,INFY.NS,1751.4451904296875,DOWN,1,0,2,DOWN,UP,0.35162896,0.19937673,0.44899425,False
2025-02-16 18:30:00+00:00,RELIANCE.NS,1214.412353515625,STAY,1,1,2,STAY,UP,0.18712288,0.24929848,0.5635786,False
2025-02-16 18:30:00+00:00,TMPV.NS,675.146484375,DOWN,1,0,2,DOWN,UP,0.08122428,0.1366256,0.7821501,False
2025-02-16 18:30:00+00:00,SBIN.NS,700.7447509765625,DOWN,1,0,2,DOWN,UP,0.14310409,0.29937845,0.5575174,False
2025-02-16 18:30:00+00:00,ICICIBANK.NS,1231.1904296875,DOWN,1,0,2,DOWN,UP,0.35542154,0.22546442,0.41911396,False
2025-02-16 18:30:00+00:00,LT.NS,3161.203125,UP,1,2,2,UP,UP,0.10290591,0.22241738,0.67467666,True
2025-02-16 18:30:00+00:00,HDFCBANK.NS,833.4384765625,DOWN,1,0,2,DOWN,UP,0.2619457,0.32024157,0.41781276,False
2025-02-17 18:30:00+00:00,TMPV.NS,671.0166015625,DOWN,1,0,2,DOWN,UP,0.072326235,0.17297047,0.7547033,False
2025-02-17 18:30:00+00:00,RELIANCE.NS,1214.908203125,DOWN,1,0,2,DOWN,UP,0.17121637,0.38056964,0.448214,False
2025-02-17 18:30:00+00:00,SBIN.NS,698.9151000976562,DOWN,1,0,2,DOWN,UP,0.14217651,0.32334235,0.5344811,False
2025-02-17 18:30:00+00:00,HDFCBANK.NS,836.2047119140625,DOWN,1,0,2,DOWN,UP,0.26878664,0.3395668,0.39164653,False
2025-02-17 18:30:00+00:00,TCS.NS,3673.59130859375,DOWN,1,0,2,DOWN,UP,0.13905728,0.30940107,0.5515416,False
2025-02-17 18:30:00+00:00,ITC.NS,379.4136352539063,STAY,1,1,2,STAY,UP,0.11420356,0.16900212,0.7167943,False
2025-02-17 18:30:00+00:00,BHARTIARTL.NS,1634.493408203125,DOWN,1,0,2,DOWN,UP,0.33443233,0.11988919,0.54567844,False
2025-02-17 18:30:00+00:00,ICICIBANK.NS,1223.2196044921875,DOWN,1,0,2,DOWN,UP,0.3671246,0.23004478,0.40283063,False
2025-02-17 18:30:00+00:00,INFY.NS,1760.619384765625,DOWN,1,0,2,DOWN,UP,0.33980292,0.24168044,0.4185167,False
2025-02-17 18:30:00+00:00,LT.NS,3159.534912109375,STAY,1,1,2,STAY,UP,0.08792657,0.17615727,0.73591614,False
2025-02-18 18:30:00+00:00,TCS.NS,3589.0830078125,DOWN,1,0,2,DOWN,UP,0.12239381,0.35647893,0.5211273,False
2025-02-18 18:30:00+00:00,SBIN.NS,700.3595581054688,DOWN,1,0,2,DOWN,UP,0.118289694,0.29299942,0.5887109,False
2025-02-18 18:30:00+00:00,RELIANCE.NS,1216.9405517578125,DOWN,1,0,2,DOWN,UP,0.1889762,0.3157306,0.49529317,False
2025-02-18 18:30:00+00:00,BHARTIARTL.NS,1611.281982421875,STAY,1,1,2,STAY,UP,0.33727813,0.14879934,0.5139225,False
2025-02-18 18:30:00+00:00,LT.NS,3214.2353515625,DOWN,1,0,2,DOWN,UP,0.10333911,0.18102388,0.715637,False
2025-02-18 18:30:00+00:00,ICICIBANK.NS,1241.5228271484375,DOWN,1,0,2,DOWN,UP,0.37094635,0.21236414,0.41668954,False
2025-02-18 18:30:00+00:00,INFY.NS,1721.498779296875,DOWN,1,0,0,DOWN,DOWN,0.4237889,0.23808059,0.33813047,True
2025-02-18 18:30:00+00:00,TMPV.NS,669.6399536132812,DOWN,1,0,2,DOWN,UP,0.093476824,0.17216563,0.73435754,False
2025-02-18 18:30:00+00:00,HDFCBANK.NS,838.2186889648438,DOWN,1,0,1,DOWN,STAY,0.2693935,0.37181872,0.35878783,False
2025-02-18 18:30:00+00:00,ITC.NS,380.49029541015625,DOWN,1,0,2,DOWN,UP,0.13158546,0.23452616,0.6338884,False
2025-02-19 18:30:00+00:00,SBIN.NS,702.6707153320312,DOWN,1,0,2,DOWN,UP,0.14119901,0.27855483,0.58024615,False
2025-02-19 18:30:00+00:00,BHARTIARTL.NS,1609.616943359375,DOWN,1,0,2,DOWN,UP,0.34863976,0.22483747,0.42652276,False
2025-02-19 18:30:00+00:00,RELIANCE.NS,1222.4429931640625,DOWN,1,0,2,DOWN,UP,0.30890885,0.26948068,0.42161047,False
2025-02-19 18:30:00+00:00,TMPV.NS,678.2930908203125,DOWN,1,0,2,DOWN,UP,0.1252962,0.15495498,0.7197488,False
2025-02-19 18:30:00+00:00,LT.NS,3214.137451171875,DOWN,1,0,2,DOWN,UP,0.069586575,0.15076213,0.7796513,False
2025-02-19 18:30:00+00:00,INFY.NS,1735.14111328125,DOWN,1,0,2,DOWN,UP,0.36317343,0.24043311,0.39639345,False
2025-02-19 18:30:00+00:00,ITC.NS,376.4176025390625,DOWN,1,0,2,DOWN,UP,0.16874391,0.19018629,0.6410698,False
2025-02-19 18:30:00+00:00,ICICIBANK.NS,1230.009521484375,DOWN,1,0,0,DOWN,DOWN,0.42822018,0.19347037,0.37830943,True
2025-02-19 18:30:00+00:00,TCS.NS,3584.625244140625,DOWN,1,0,2,DOWN,UP,0.1062699,0.32197943,0.57175064,False
2025-02-19 18:30:00+00:00,HDFCBANK.NS,818.758056640625,UP,1,2,2,UP,UP,0.27387294,0.28167155,0.44445547,True
2025-02-20 18:30:00+00:00,TCS.NS,3590.885009765625,DOWN,1,0,2,DOWN,UP,0.086236835,0.30261233,0.61115086,False
2025-02-20 18:30:00+00:00,INFY.NS,1725.4915771484375,DOWN,1,0,2,DOWN,UP,0.38851514,0.16950756,0.4419773,False
2025-02-20 18:30:00+00:00,BHARTIARTL.NS,1605.45458984375,DOWN,1,0,2,DOWN,UP,0.29127192,0.2469191,0.461809,False
2025-02-20 18:30:00+00:00,ICICIBANK.NS,1213.2806396484375,DOWN,1,0,0,DOWN,DOWN,0.47841346,0.16192044,0.3596661,True
2025-02-20 18:30:00+00:00,HDFCBANK.NS,821.378662109375,STAY,1,1,2,STAY,UP,0.29273933,0.28524068,0.42201996,False
2025-02-20 18:30:00+00:00,LT.NS,3252.69775390625,DOWN,1,0,2,DOWN,UP,0.10450216,0.17155468,0.7239432,False
2025-02-20 18:30:00+00:00,SBIN.NS,695.255859375,DOWN,1,0,2,DOWN,UP,0.10269106,0.24293734,0.6543716,False
2025-02-20 18:30:00+00:00,ITC.NS,375.3409423828125,STAY,1,1,2,STAY,UP,0.16278103,0.23787153,0.5993475,False
2025-02-20 18:30:00+00:00,RELIANCE.NS,1217.634521484375,DOWN,1,0,2,DOWN,UP,0.15656176,0.29983887,0.5435994,False
2025-02-20 18:30:00+00:00,TMPV.NS,661.9700317382812,DOWN,1,0,2,DOWN,UP,0.061338693,0.09005722,0.84860414,False
2025-02-23 18:30:00+00:00,SBIN.NS,689.8633422851562,STAY,1,1,2,STAY,UP,0.052940793,0.24818234,0.6988768,False
2025-02-23 18:30:00+00:00,LT.NS,3196.378173828125,DOWN,1,0,2,DOWN,UP,0.093066126,0.10589889,0.801035,False
2025-02-23 18:30:00+00:00,RELIANCE.NS,1204.1510009765625,DOWN,1,0,2,DOWN,UP,0.15425941,0.26307142,0.5826692,False
2025-02-23 18:30:00+00:00,HDFCBANK.NS,813.9049072265625,UP,1,2,2,UP,UP,0.22263327,0.3218107,0.45555604,True
2025-02-23 18:30:00+00:00,TMPV.NS,657.1026000976562,DOWN,1,0,2,DOWN,UP,0.07049714,0.10533488,0.82416797,False
2025-02-23 18:30:00+00:00,INFY.NS,1677.1016845703125,DOWN,1,0,0,DOWN,DOWN,0.38501936,0.23167323,0.38330746,True
2025-02-23 18:30:00+00:00,ITC.NS,376.2771911621094,DOWN,1,0,2,DOWN,UP,0.12525518,0.2539085,0.6208364,False
2025-02-23 18:30:00+00:00,TCS.NS,3486.174560546875,DOWN,1,0,2,DOWN,UP,0.042974155,0.26444873,0.69257706,False
2025-02-23 18:30:00+00:00,BHARTIARTL.NS,1568.2869873046875,DOWN,1,0,2,DOWN,UP,0.3112859,0.3226685,0.3660456,False
2025-02-23 18:30:00+00:00,ICICIBANK.NS,1198.9136962890625,STAY,1,1,2,STAY,UP,0.3998763,0.19563758,0.40448618,False
2025-02-24 18:30:00+00:00,INFY.NS,1680.5242919921875,DOWN,1,0,2,DOWN,UP,0.33480287,0.26749668,0.39770046,False
2025-02-24 18:30:00+00:00,LT.NS,3165.176513671875,STAY,1,1,2,STAY,UP,0.08791116,0.13499601,0.7770928,False
2025-02-24 18:30:00+00:00,BHARTIARTL.NS,1607.560302734375,DOWN,1,0,2,DOWN,UP,0.30481827,0.17529224,0.51988953,False
2025-02-24 18:30:00+00:00,TCS.NS,3442.498046875,DOWN,1,0,2,DOWN,UP,0.05110433,0.2389139,0.7099818,False
2025-02-24 18:30:00+00:00,TMPV.NS,650.5635375976562,DOWN,1,0,2,DOWN,UP,0.106470294,0.21166337,0.68186635,False
2025-02-24 18:30:00+00:00,SBIN.NS,684.5670776367188,UP,1,2,2,UP,UP,0.04648053,0.20096599,0.7525535,True
2025-02-24 18:30:00+00:00,ICICIBANK.NS,1204.6212158203125,STAY,1,1,2,STAY,UP,0.36991766,0.23185341,0.39822894,False
2025-02-24 18:30:00+00:00,RELIANCE.NS,1193.6912841796875,DOWN,1,0,2,DOWN,UP,0.12152542,0.23806487,0.6404097,False
2025-02-24 18:30:00+00:00,ITC.NS,379.03912353515625,STAY,1,1,2,STAY,UP,0.15120474,0.25988954,0.58890575,False
2025-02-24 18:30:00+00:00,HDFCBANK.NS,816.4527587890625,STAY,1,1,2,STAY,UP,0.24636379,0.29829577,0.45534047,False
2025-02-26 18:30:00+00:00,HDFCBANK.NS,825.3580932617188,STAY,1,1,2,STAY,UP,0.24169277,0.31376874,0.4445385,False
2025-02-26 18:30:00+00:00,INFY.NS,1677.2919921875,DOWN,1,0,2,DOWN,UP,0.33206794,0.2787615,0.3891706,False
2025-02-26 18:30:00+00:00,ITC.NS,375.9963073730469,UP,1,2,2,UP,UP,0.123756826,0.22032629,0.6559169,True
2025-02-26 18:30:00+00:00,ICICIBANK.NS,1202.9482421875,STAY,1,1,0,STAY,DOWN,0.38052347,0.25164583,0.36783075,False
2025-02-26 18:30:00+00:00,TCS.NS,3426.3740234375,STAY,1,1,2,STAY,UP,0.023033196,0.24432509,0.73264176,False
2025-02-26 18:30:00+00:00,TMPV.NS,637.7312622070312,DOWN,1,0,2,DOWN,UP,0.037987217,0.13614814,0.8258647,False
2025-02-26 18:30:00+00:00,RELIANCE.NS,1196.7647705078125,STAY,1,1,2,STAY,UP,0.113352515,0.27019238,0.61645514,False
2025-02-26 18:30:00+00:00,LT.NS,3149.08544921875,UP,1,2,2,UP,UP,0.07163492,0.16038878,0.7679763,True
2025-02-26 18:30:00+00:00,BHARTIARTL.NS,1616.3748779296875,DOWN,1,0,2,DOWN,UP,0.27672213,0.22854654,0.49473128,False
2025-02-26 18:30:00+00:00,SBIN.NS,677.8263549804688,UP,1,2,2,UP,UP,0.04533377,0.21560276,0.73906344,True
2025-02-27 18:30:00+00:00,TMPV.NS,610.296630859375,UP,1,2,2,UP,UP,0.037585396,0.114280686,0.84813386,True
2025-02-27 18:30:00+00:00,RELIANCE.NS,1189.82470703125,UP,1,2,2,UP,UP,0.103154734,0.28726864,0.60957664,True
2025-02-27 18:30:00+00:00,INFY.NS,1604.469482421875,STAY,1,1,2,STAY,UP,0.32823217,0.21325597,0.45851183,False
2025-02-27 18:30:00+00:00,HDFCBANK.NS,840.7423095703125,DOWN,1,0,2,DOWN,UP,0.2913598,0.2991198,0.40952033,False
2025-02-27 18:30:00+00:00,LT.NS,3104.294921875,UP,1,2,2,UP,UP,0.10579597,0.2837862,0.6104178,True
2025-02-27 18:30:00+00:00,ITC.NS,369.8170776367188,UP,1,2,2,UP,UP,0.072126254,0.28071818,0.6471555,True
2025-02-27 18:30:00+00:00,ICICIBANK.NS,1184.8909912109375,STAY,1,1,2,STAY,UP,0.28045696,0.27518407,0.44435897,False
2025-02-27 18:30:00+00:00,BHARTIARTL.NS,1537.8282470703125,UP,1,2,2,UP,UP,0.28044623,0.2992977,0.42025608,True
2025-02-27 18:30:00+00:00,TCS.NS,3303.73779296875,UP,1,2,2,UP,UP,0.031416323,0.19877361,0.7698101,True
2025-02-27 18:30:00+00:00,SBIN.NS,663.28564453125,UP,1,2,2,UP,UP,0.06357567,0.19947115,0.73695314,True
2025-03-02 18:30:00+00:00,ICICIBANK.NS,1186.9573974609375,STAY,1,1,2,STAY,UP,0.33945113,0.25124574,0.4093031,False
2025-03-02 18:30:00+00:00,TMPV.NS,610.788330078125,UP,1,2,2,UP,UP,0.034870308,0.09832277,0.8668069,True
2025-03-02 18:30:00+00:00,TCS.NS,3313.03271484375,UP,1,2,2,UP,UP,0.02608791,0.18695997,0.7869521,True
2025-03-02 18:30:00+00:00,ITC.NS,372.1109008789063,UP,1,2,2,UP,UP,0.12414864,0.316278,0.55957335,True
2025-03-02 18:30:00+00:00,INFY.NS,1624.3388671875,STAY,1,1,2,STAY,UP,0.37440553,0.1932771,0.4323174,False
2025-03-02 18:30:00+00:00,RELIANCE.NS,1161.2216796875,UP,1,2,2,UP,UP,0.13152614,0.39995354,0.46852025,True
2025-03-02 18:30:00+00:00,SBIN.NS,669.544921875,UP,1,2,2,UP,UP,0.062130157,0.20658535,0.73128456,True
2025-03-02 18:30:00+00:00,BHARTIARTL.NS,1562.9005126953125,UP,1,2,2,UP,UP,0.38747066,0.1830904,0.4294389,True
2025-03-02 18:30:00+00:00,HDFCBANK.NS,825.7706909179688,STAY,1,1,2,STAY,UP,0.34253082,0.26943296,0.3880362,False
2025-03-02 18:30:00+00:00,LT.NS,3137.115234375,STAY,1,1,2,STAY,UP,0.108175784,0.14444473,0.7473795,False
2025-03-03 18:30:00+00:00,SBIN.NS,689.5262451171875,UP,2,2,2,UP,UP,0.20658909,0.21971,0.5737009,True
2025-03-03 18:30:00+00:00,INFY.NS,1605.0400390625,DOWN,2,0,2,DOWN,UP,0.34750795,0.18854368,0.46394834,False
2025-03-03 18:30:00+00:00,TCS.NS,3350.022705078125,UP,2,2,2,UP,UP,0.14659254,0.2674289,0.58597857,True
2025-03-03 18:30:00+00:00,TMPV.NS,608.870849609375,UP,2,2,2,UP,UP,0.13409336,0.14697361,0.718933,True
2025-03-03 18:30:00+00:00,ITC.NS,369.6766662597656,UP,2,2,2,UP,UP,0.12740459,0.3230438,0.54955167,True
2025-03-03 18:30:00+00:00,ICICIBANK.NS,1191.0904541015625,UP,2,2,2,UP,UP,0.32842708,0.32534572,0.34622717,True
2025-03-03 18:30:00+00:00,BHARTIARTL.NS,1542.8720703125,UP,2,2,0,UP,DOWN,0.39302865,0.29586744,0.3111039,False
2025-03-03 18:30:00+00:00,LT.NS,3152.519775390625,STAY,2,1,2,STAY,UP,0.33682546,0.12136224,0.5418123,False
2025-03-03 18:30:00+00:00,HDFCBANK.NS,829.8714599609375,DOWN,2,0,0,DOWN,DOWN,0.3553058,0.32019475,0.3244995,True
2025-03-03 18:30:00+00:00,RELIANCE.NS,1151.9517822265625,UP,2,2,2,UP,UP,0.16588475,0.37136433,0.4627509,True
2025-03-04 18:30:00+00:00,SBIN.NS,703.2965698242188,STAY,2,1,2,STAY,UP,0.26191133,0.3690324,0.36905625,False
2025-03-04 18:30:00+00:00,ICICIBANK.NS,1196.3057861328125,UP,2,2,2,UP,UP,0.33081383,0.32671487,0.34247127,True
2025-03-04 18:30:00+00:00,BHARTIARTL.NS,1584.8875732421875,UP,2,2,0,UP,DOWN,0.39547467,0.24502861,0.3594967,False
2025-03-04 18:30:00+00:00,ITC.NS,379.2263488769531,UP,2,2,2,UP,UP,0.22790548,0.24365342,0.52844113,True
2025-03-04 18:30:00+00:00,TCS.NS,3364.249755859375,DOWN,2,0,2,DOWN,UP,0.16031405,0.29659602,0.5430899,False
2025-03-04 18:30:00+00:00,HDFCBANK.NS,820.1654052734375,UP,2,2,2,UP,UP,0.33317688,0.28545314,0.38136998,True
2025-03-04 18:30:00+00:00,LT.NS,3178.66796875,DOWN,2,0,2,DOWN,UP,0.39256972,0.14591569,0.46151462,False
2025-03-04 18:30:00+00:00,TMPV.NS,630.1104736328125,UP,2,2,2,UP,UP,0.3559115,0.16993357,0.47415495,True
2025-03-04 18:30:00+00:00,INFY.NS,1627.0958251953125,DOWN,2,0,2,DOWN,UP,0.28825903,0.22733359,0.4844074,False
2025-03-04 18:30:00+00:00,RELIANCE.NS,1165.5345458984375,UP,2,2,2,UP,UP,0.1464447,0.35184503,0.5017103,True
2025-03-05 18:30:00+00:00,ICICIBANK.NS,1198.618408203125,UP,2,2,2,UP,UP,0.33280313,0.30702907,0.3601678,True
2025-03-05 18:30:00+00:00,TCS.NS,3415.98828125,DOWN,2,0,1,DOWN,STAY,0.25335145,0.37928477,0.36736375,False
2025-03-05 18:30:00+00:00,SBIN.NS,704.93359375,STAY,2,1,2,STAY,UP,0.3432466,0.29188684,0.36486658,False
2025-03-05 18:30:00+00:00,INFY.NS,1631.2313232421875,DOWN,2,0,2,DOWN,UP,0.29692534,0.22853799,0.47453675,False
2025-03-05 18:30:00+00:00,ITC.NS,379.8349609375,UP,2,2,2,UP,UP,0.2063042,0.22755893,0.5661369,True
2025-03-05 18:30:00+00:00,LT.NS,3198.53662109375,DOWN,2,0,0,DOWN,DOWN,0.41573372,0.17260964,0.4116566,True
2025-03-05 18:30:00+00:00,BHARTIARTL.NS,1593.3592529296875,STAY,2,1,0,STAY,DOWN,0.40971887,0.26237008,0.32791108,False
2025-03-05 18:30:00+00:00,TMPV.NS,628.979736328125,UP,2,2,0,UP,DOWN,0.4148673,0.19770046,0.3874322,False
2025-03-05 18:30:00+00:00,HDFCBANK.NS,820.7477416992188,STAY,2,1,2,STAY,UP,0.29722002,0.2888343,0.41394567,False
2025-03-05 18:30:00+00:00,RELIANCE.NS,1199.243408203125,UP,2,2,2,UP,UP,0.2254027,0.28187323,0.49272403,True
2025-03-06 18:30:00+00:00,LT.NS,3183.623046875,DOWN,2,0,0,DOWN,DOWN,0.4303443,0.1685035,0.4011522,True
2025-03-06 18:30:00+00:00,ICICIBANK.NS,1195.17431640625,UP,2,2,0,UP,DOWN,0.37563628,0.2971344,0.3272293,False
2025-03-06 18:30:00+00:00,BHARTIARTL.NS,1597.0809326171875,STAY,2,1,2,STAY,UP,0.33921254,0.22171229,0.4390752,False
2025-03-06 18:30:00+00:00,TCS.NS,3425.09375,DOWN,2,0,1,DOWN,STAY,0.28040048,0.39592403,0.32367548,False
2025-03-06 18:30:00+00:00,SBIN.NS,705.6077270507812,DOWN,2,0,0,DOWN,DOWN,0.43589222,0.2547726,0.30933517,True
2025-03-06 18:30:00+00:00,HDFCBANK.NS,819.8014526367188,UP,2,2,2,UP,UP,0.34741762,0.2554597,0.39712262,True
2025-03-06 18:30:00+00:00,ITC.NS,378.1496887207031,UP,2,2,2,UP,UP,0.22931606,0.29303297,0.47765094,True
2025-03-06 18:30:00+00:00,RELIANCE.NS,1239.0992431640625,STAY,2,1,0,STAY,DOWN,0.3729166,0.34209803,0.28498536,False
2025-03-06 18:30:00+00:00,INFY.NS,1602.853271484375,DOWN,2,0,2,DOWN,UP,0.32693562,0.2576529,0.4154115,False
2025-03-06 18:30:00+00:00,TMPV.NS,637.4853515625,UP,2,2,0,UP,DOWN,0.43629387,0.18417448,0.3795317,False
2025-03-09 18:30:00+00:00,ITC.NS,379.1795349121094,UP,2,2,2,UP,UP,0.22380231,0.24493854,0.5312591,True
2025-03-09 18:30:00+00:00,HDFCBANK.NS,818.9521484375,UP,2,2,2,UP,UP,0.33281904,0.2566727,0.41050828,True
2025-03-09 18:30:00+00:00,ICICIBANK.NS,1195.469482421875,UP,2,2,0,UP,DOWN,0.35790744,0.29426897,0.34782362,False
2025-03-09 18:30:00+00:00,BHARTIARTL.NS,1597.32568359375,STAY,2,1,2,STAY,UP,0.30288884,0.31496307,0.3821481,False
2025-03-09 18:30:00+00:00,RELIANCE.NS,1227.7967529296875,STAY,2,1,0,STAY,DOWN,0.4177515,0.26534265,0.31690583,False
2025-03-09 18:30:00+00:00,LT.NS,3117.884033203125,STAY,2,1,2,STAY,UP,0.41270244,0.12166521,0.46563235,False
2025-03-09 18:30:00+00:00,INFY.NS,1617.5413818359375,DOWN,2,0,2,DOWN,UP,0.35409597,0.24454401,0.40136,False
2025-03-09 18:30:00+00:00,TCS.NS,3404.654052734375,DOWN,2,0,1,DOWN,STAY,0.26696122,0.4192331,0.3138057,False
2025-03-09 18:30:00+00:00,SBIN.NS,701.9003295898438,STAY,2,1,0,STAY,DOWN,0.46204153,0.19690476,0.3410537,False
2025-03-09 18:30:00+00:00,TMPV.NS,637.3379516601562,UP,2,2,0,UP,DOWN,0.41879815,0.18081251,0.40038934,False
2025-03-10 18:30:00+00:00,BHARTIARTL.NS,1628.6658935546875,DOWN,2,0,2,DOWN,UP,0.36048773,0.23921531,0.40029693,False
2025-03-10 18:30:00+00:00,HDFCBANK.NS,817.9815063476562,UP,2,2,2,UP,UP,0.2903084,0.29393423,0.41575742,True
2025-03-10 18:30:00+00:00,ITC.NS,380.3030700683594,STAY,2,1,2,STAY,UP,0.22392787,0.2672794,0.50879276,False
2025-03-10 18:30:00+00:00,SBIN.NS,702.8150634765625,UP,2,2,0,UP,DOWN,0.40176508,0.3037471,0.2944878,False
2025-03-10 18:30:00+00:00,TMPV.NS,637.2395629882812,UP,2,2,0,UP,DOWN,0.4342474,0.15546906,0.41028357,False
2025-03-10 18:30:00+00:00,RELIANCE.NS,1236.62060546875,STAY,2,1,0,STAY,DOWN,0.49307993,0.23333904,0.27358103,False
2025-03-10 18:30:00+00:00,TCS.NS,3391.0439453125,DOWN,2,0,2,DOWN,UP,0.30655685,0.2997992,0.39364392,False
2025-03-10 18:30:00+00:00,LT.NS,3135.300048828125,UP,2,2,0,UP,DOWN,0.4370036,0.15237314,0.41062328,False
2025-03-10 18:30:00+00:00,ICICIBANK.NS,1225.5321044921875,UP,2,2,2,UP,UP,0.35248846,0.28082484,0.36668676,True
2025-03-10 18:30:00+00:00,INFY.NS,1579.656494140625,DOWN,2,0,2,DOWN,UP,0.33217654,0.24446271,0.4233608,False
2025-03-11 18:30:00+00:00,LT.NS,3133.53369140625,UP,2,2,2,UP,UP,0.41232654,0.10202998,0.48564348,True
2025-03-11 18:30:00+00:00,BHARTIARTL.NS,1608.9803466796875,UP,2,2,2,UP,UP,0.37409943,0.21397805,0.41192245,True
2025-03-11 18:30:00+00:00,INFY.NS,1512.395751953125,UP,2,2,2,UP,UP,0.08038732,0.17505842,0.7445542,True
2025-03-11 18:30:00+00:00,HDFCBANK.NS,830.4296875,UP,2,2,2,UP,UP,0.30287707,0.29122582,0.4058971,True
2025-03-11 18:30:00+00:00,ICICIBANK.NS,1224.105224609375,UP,2,2,2,UP,UP,0.318062,0.32273695,0.35920104,True
2025-03-11 18:30:00+00:00,RELIANCE.NS,1246.287109375,STAY,2,1,0,STAY,DOWN,0.46768543,0.23619394,0.29612064,False
2025-03-11 18:30:00+00:00,TMPV.NS,657.1517944335938,UP,2,2,0,UP,DOWN,0.44823852,0.1642489,0.38751256,False
2025-03-11 18:30:00+00:00,ITC.NS,386.1077575683594,DOWN,2,0,2,DOWN,UP,0.31165937,0.1840874,0.5042532,False
2025-03-11 18:30:00+00:00,TCS.NS,3325.5048828125,UP,2,2,2,UP,UP,0.2726671,0.22985135,0.49748152,True
2025-03-11 18:30:00+00:00,SBIN.NS,696.2670288085938,UP,2,2,0,UP,DOWN,0.42230043,0.24295884,0.3347407,False
2025-03-12 18:30:00+00:00,SBIN.NS,700.88916015625,UP,2,2,0,UP,DOWN,0.44079152,0.22735669,0.33185184,False
2025-03-12 18:30:00+00:00,ITC.NS,385.7800598144531,DOWN,2,0,2,DOWN,UP,0.38591868,0.21202931,0.402052,False
2025-03-12 18:30:00+00:00,TCS.NS,3330.10498046875,UP,2,2,2,UP,UP,0.2674809,0.29583427,0.4366848,True
2025-03-12 18:30:00+00:00,HDFCBANK.NS,828.2214965820312,UP,2,2,2,UP,UP,0.28063473,0.33471537,0.38464996,True
2025-03-12 18:30:00+00:00,INFY.NS,1501.938232421875,STAY,2,1,2,STAY,UP,0.11553046,0.18369181,0.7007777,False
2025-03-12 18:30:00+00:00,ICICIBANK.NS,1230.1080322265625,UP,2,2,2,UP,UP,0.33558246,0.29951164,0.36490592,True
2025-03-12 18:30:00+00:00,RELIANCE.NS,1237.215576171875,UP,2,2,0,UP,DOWN,0.47064996,0.23255266,0.29679734,False
2025-03-12 18:30:00+00:00,TMPV.NS,644.5653076171875,UP,2,2,2,UP,UP,0.4045267,0.1834136,0.4120597,True
2025-03-12 18:30:00+00:00,BHARTIARTL.NS,1598.84375,UP,2,2,2,UP,UP,0.32805228,0.22354543,0.44840226,True
2025-03-12 18:30:00+00:00,LT.NS,3127.303466796875,UP,2,2,2,UP,UP,0.37951794,0.14210385,0.47837824,True
2025-03-16 18:30:00+00:00,SBIN.NS,696.3633422851562,UP,2,2,0,UP,DOWN,0.43297312,0.23672025,0.33030668,False
2025-03-16 18:30:00+00:00,RELIANCE.NS,1228.2427978515625,UP,2,2,0,UP,DOWN,0.4027629,0.21954244,0.37769464,False
2025-03-16 18:30:00+00:00,BHARTIARTL.NS,1605.356689453125,UP,2,2,2,UP,UP,0.35052812,0.24929568,0.4001762,True
2025-03-16 18:30:00+00:00,LT.NS,3113.714111328125,UP,2,2,2,UP,UP,0.323804,0.108270384,0.5679256,True
2025-03-16 18:30:00+00:00,HDFCBANK.NS,830.0656127929688,UP,2,2,2,UP,UP,0.2807741,0.3569878,0.36223814,True
2025-03-16 18:30:00+00:00,ITC.NS,381.94146728515625,STAY,2,1,2,STAY,UP,0.40938228,0.16467272,0.425945,False
2025-03-16 18:30:00+00:00,INFY.NS,1511.6353759765625,STAY,2,1,2,STAY,UP,0.19764598,0.3242791,0.47807488,False
2025-03-16 18:30:00+00:00,ICICIBANK.NS,1248.755615234375,UP,2,2,2,UP,UP,0.3261052,0.3291422,0.34475258,True
2025-03-16 18:30:00+00:00,TCS.NS,3317.443115234375,UP,2,2,2,UP,UP,0.23255268,0.3201018,0.44734547,True
2025-03-16 18:30:00+00:00,TMPV.NS,650.022705078125,UP,2,2,0,UP,DOWN,0.4414709,0.21191274,0.34661636,False
2025-03-17 18:30:00+00:00,BHARTIARTL.NS,1605.356689453125,UP,2,2,2,UP,UP,0.3292386,0.21479213,0.4559692,True
2025-03-17 18:30:00+00:00,ITC.NS,383.0181579589844,STAY,2,1,2,STAY,UP,0.33523685,0.16940631,0.49535686,False
2025-03-17 18:30:00+00:00,TCS.NS,3317.443115234375,UP,2,2,2,UP,UP,0.22292338,0.2797123,0.49736437,True
2025-03-17 18:30:00+00:00,RELIANCE.NS,1228.2427978515625,UP,2,2,2,UP,UP,0.39664763,0.17294438,0.43040803,True
2025-03-17 18:30:00+00:00,INFY.NS,1511.6353759765625,UP,2,2,2,UP,UP,0.1497844,0.25101504,0.5992006,True
2025-03-17 18:30:00+00:00,ICICIBANK.NS,1248.755615234375,UP,2,2,2,UP,UP,0.35550043,0.28384343,0.3606562,True
2025-03-17 18:30:00+00:00,TMPV.NS,650.022705078125,UP,2,2,2,UP,UP,0.28386578,0.16048564,0.55564857,True
2025-03-17 18:30:00+00:00,HDFCBANK.NS,830.0656127929688,UP,2,2,2,UP,UP,0.25228846,0.23322113,0.5144904,True
2025-03-17 18:30:00+00:00,SBIN.NS,696.3633422851562,UP,2,2,2,UP,UP,0.3783379,0.19506527,0.42659685,True
2025-03-17 18:30:00+00:00,LT.NS,3113.714111328125,UP,2,2,2,UP,UP,0.37887767,0.13089043,0.49023184,True
2025-03-18 18:30:00+00:00,ITC.NS,377.3538208007813,UP,2,2,2,UP,UP,0.35767594,0.16864254,0.47368148,True
2025-03-19 18:30:00+00:00,TMPV.NS,678.5389404296875,DOWN,2,0,0,DOWN,DOWN,0.45650628,0.22900794,0.31448582,True
2025-03-19 18:30:00+00:00,HDFCBANK.NS,858.3831787109375,UP,2,2,1,UP,STAY,0.2372566,0.50553197,0.25721145,False
2025-03-19 18:30:00+00:00,TCS.NS,3379.51953125,UP,2,2,2,UP,UP,0.24739282,0.36010903,0.3924982,True
2025-03-19 18:30:00+00:00,BHARTIARTL.NS,1670.0938720703125,UP,2,2,0,UP,DOWN,0.37678313,0.26345676,0.3597601,False
2025-03-19 18:30:00+00:00,INFY.NS,1535.8778076171875,STAY,2,1,2,STAY,UP,0.30674225,0.26899478,0.4242629,False
2025-03-19 18:30:00+00:00,LT.NS,3287.970947265625,UP,2,2,0,UP,DOWN,0.6007914,0.16903439,0.23017421,False
2025-03-19 18:30:00+00:00,RELIANCE.NS,1258.2835693359375,STAY,2,1,2,STAY,UP,0.3812209,0.23548536,0.38329378,False
2025-03-19 18:30:00+00:00,SBIN.NS,721.7853393554688,UP,2,2,0,UP,DOWN,0.38012922,0.28804013,0.33183065,False
2025-03-19 18:30:00+00:00,ICICIBANK.NS,1300.6148681640625,UP,2,2,1,UP,STAY,0.2742802,0.4388888,0.28683096,False
2025-03-19 18:30:00+00:00,ITC.NS,378.1965026855469,UP,2,2,2,UP,UP,0.2834093,0.20114343,0.51544726,True
2025-03-20 18:30:00+00:00,ICICIBANK.NS,1321.6734619140625,STAY,2,1,0,STAY,DOWN,0.45329705,0.32489693,0.22180599,False
2025-03-20 18:30:00+00:00,SBIN.NS,725.3001708984375,UP,2,2,2,UP,UP,0.3664417,0.2315776,0.40198073,True
2025-03-20 18:30:00+00:00,TCS.NS,3393.699951171875,STAY,2,1,2,STAY,UP,0.27252555,0.30964115,0.41783336,False
2025-03-20 18:30:00+00:00,ITC.NS,379.6944580078125,UP,2,2,2,UP,UP,0.2642001,0.18801242,0.5477875,True
2025-03-20 18:30:00+00:00,INFY.NS,1514.011962890625,DOWN,2,0,2,DOWN,UP,0.20160654,0.19543357,0.6029599,False
2025-03-20 18:30:00+00:00,TMPV.NS,691.2237548828125,DOWN,2,0,0,DOWN,DOWN,0.39625594,0.2296004,0.37414366,True
2025-03-20 18:30:00+00:00,RELIANCE.NS,1265.4217529296875,STAY,2,1,0,STAY,DOWN,0.41741002,0.22919466,0.35339537,False
2025-03-20 18:30:00+00:00,HDFCBANK.NS,859.1596069335938,UP,2,2,1,UP,STAY,0.304718,0.4043031,0.2909789,False
2025-03-20 18:30:00+00:00,BHARTIARTL.NS,1690.2203369140625,STAY,2,1,0,STAY,DOWN,0.43198314,0.27518052,0.29283637,False
2025-03-20 18:30:00+00:00,LT.NS,3351.6494140625,UP,2,2,1,UP,STAY,0.32822135,0.39334,0.2784387,False
2025-03-23 18:30:00+00:00,SBIN.NS,751.8778076171875,DOWN,2,0,1,DOWN,STAY,0.3406102,0.43807524,0.22131452,False
2025-03-23 18:30:00+00:00,ICICIBANK.NS,1336.4835205078125,DOWN,2,0,0,DOWN,DOWN,0.5682605,0.17936213,0.25237736,True
2025-03-23 18:30:00+00:00,HDFCBANK.NS,873.5489501953125,DOWN,2,0,1,DOWN,STAY,0.2949593,0.4121302,0.2929105,False
2025-03-23 18:30:00+00:00,TMPV.NS,701.5977783203125,DOWN,2,0,0,DOWN,DOWN,0.4152928,0.21978821,0.36491904,True
2025-03-23 18:30:00+00:00,LT.NS,3416.30908203125,DOWN,2,0,1,DOWN,STAY,0.31135353,0.42246455,0.26618198,False
2025-03-23 18:30:00+00:00,RELIANCE.NS,1290.9512939453125,DOWN,2,0,0,DOWN,DOWN,0.3838113,0.33830142,0.27788725,True
2025-03-23 18:30:00+00:00,ITC.NS,384.703369140625,DOWN,2,0,2,DOWN,UP,0.34058532,0.20802052,0.4513941,False
2025-03-23 18:30:00+00:00,INFY.NS,1514.2021484375,DOWN,2,0,2,DOWN,UP,0.22713552,0.2540503,0.51881415,False
2025-03-23 18:30:00+00:00,BHARTIARTL.NS,1683.3646240234375,STAY,2,1,0,STAY,DOWN,0.42968866,0.22659437,0.343717,False
2025-03-23 18:30:00+00:00,TCS.NS,3441.9287109375,DOWN,2,0,0,DOWN,DOWN,0.41054654,0.3563929,0.23306052,True
2025-03-24 18:30:00+00:00,INFY.NS,1548.141357421875,DOWN,2,0,2,DOWN,UP,0.3083352,0.29534066,0.39632416,False
2025-03-24 18:30:00+00:00,ICICIBANK.NS,1322.263916015625,STAY,2,1,0,STAY,DOWN,0.47791225,0.21237172,0.30971602,False
2025-03-24 18:30:00+00:00,SBIN.NS,744.2222900390625,STAY,2,1,0,STAY,DOWN,0.38309395,0.32728386,0.28962216,False
2025-03-24 18:30:00+00:00,RELIANCE.NS,1274.4439697265625,DOWN,2,0,0,DOWN,DOWN,0.440209,0.1892695,0.3705215,True
2025-03-24 18:30:00+00:00,ITC.NS,383.6735229492188,STAY,2,1,2,STAY,UP,0.31180608,0.1863387,0.5018552,False
2025-03-24 18:30:00+00:00,LT.NS,3404.28955078125,DOWN,2,0,2,DOWN,UP,0.3373819,0.2793089,0.38330925,False
2025-03-24 18:30:00+00:00,BHARTIARTL.NS,1694.8233642578125,UP,2,2,0,UP,DOWN,0.45036325,0.23711415,0.3125226,False
2025-03-24 18:30:00+00:00,HDFCBANK.NS,883.9586791992188,DOWN,2,0,1,DOWN,STAY,0.29869193,0.43373865,0.26756945,False
2025-03-24 18:30:00+00:00,TCS.NS,3469.24462890625,DOWN,2,0,0,DOWN,DOWN,0.45693877,0.32092804,0.22213316,True
2025-03-24 18:30:00+00:00,TMPV.NS,698.4511108398438,DOWN,2,0,0,DOWN,DOWN,0.41505834,0.17146385,0.41347778,True
2025-03-25 18:30:00+00:00,HDFCBANK.NS,876.7277221679688,STAY,2,1,1,STAY,STAY,0.27886167,0.41384524,0.3072931,True
2025-03-25 18:30:00+00:00,ICICIBANK.NS,1314.58837890625,STAY,2,1,0,STAY,DOWN,0.50638103,0.22226743,0.27135155,False
2025-03-25 18:30:00+00:00,TMPV.NS,696.4353637695312,DOWN,2,0,2,DOWN,UP,0.41997015,0.1577326,0.4222973,False
2025-03-25 18:30:00+00:00,ITC.NS,381.3797302246094,STAY,2,1,2,STAY,UP,0.36601144,0.21520115,0.4187874,False
2025-03-25 18:30:00+00:00,SBIN.NS,735.7001342773438,UP,2,2,0,UP,DOWN,0.40839526,0.25057444,0.3410303,False
2025-03-25 18:30:00+00:00,INFY.NS,1520.5716552734375,DOWN,2,0,2,DOWN,UP,0.23653275,0.18027516,0.58319205,False
2025-03-25 18:30:00+00:00,LT.NS,3379.95654296875,STAY,2,1,2,STAY,UP,0.38983527,0.15146646,0.45869827,False
2025-03-25 18:30:00+00:00,RELIANCE.NS,1262.150146484375,DOWN,2,0,0,DOWN,DOWN,0.42470026,0.20316483,0.37213492,True
2025-03-25 18:30:00+00:00,BHARTIARTL.NS,1702.70751953125,STAY,2,1,0,STAY,DOWN,0.4876622,0.19308548,0.3192523,False
2025-03-25 18:30:00+00:00,TCS.NS,3448.42578125,DOWN,2,0,0,DOWN,DOWN,0.54806453,0.22290468,0.22903077,True
2025-03-26 18:30:00+00:00,TMPV.NS,657.3975830078125,DOWN,2,0,0,DOWN,DOWN,0.41140142,0.19519286,0.3934057,True
2025-03-26 18:30:00+00:00,INFY.NS,1524.469482421875,DOWN,2,0,2,DOWN,UP,0.14630948,0.20657569,0.6471149,False
2025-03-26 18:30:00+00:00,TCS.NS,3463.031982421875,DOWN,2,0,0,DOWN,DOWN,0.6170083,0.1971447,0.18584695,True
2025-03-26 18:30:00+00:00,BHARTIARTL.NS,1689.142822265625,UP,2,2,2,UP,UP,0.39712647,0.19335295,0.40952063,True
2025-03-26 18:30:00+00:00,ICICIBANK.NS,1315.326416015625,STAY,2,1,0,STAY,DOWN,0.49563837,0.19824395,0.3061177,False
2025-03-26 18:30:00+00:00,LT.NS,3435.687255859375,DOWN,2,0,2,DOWN,UP,0.33653042,0.17617752,0.48729205,False
2025-03-26 18:30:00+00:00,ITC.NS,383.3458557128906,STAY,2,1,2,STAY,UP,0.3413143,0.18665634,0.4720294,False
2025-03-26 18:30:00+00:00,HDFCBANK.NS,885.8513793945312,STAY,2,1,1,STAY,STAY,0.309063,0.3811666,0.30977038,True
2025-03-26 18:30:00+00:00,SBIN.NS,743.6926879882812,STAY,2,1,0,STAY,DOWN,0.41603902,0.23265357,0.35130736,False
2025-03-26 18:30:00+00:00,RELIANCE.NS,1267.2559814453125,DOWN,2,0,2,DOWN,UP,0.3705759,0.23080869,0.39861542,False
2025-03-27 18:30:00+00:00,INFY.NS,1493.1920166015625,DOWN,2,0,2,DOWN,UP,0.24546158,0.24703641,0.507502,False
2025-03-27 18:30:00+00:00,TMPV.NS,663.19921875,DOWN,2,0,2,DOWN,UP,0.36184162,0.1572362,0.48092216,False
2025-03-27 18:30:00+00:00,HDFCBANK.NS,887.2345581054688,DOWN,2,0,1,DOWN,STAY,0.27780437,0.39459983,0.32759583,False
2025-03-27 18:30:00+00:00,BHARTIARTL.NS,1697.6636962890625,DOWN,2,0,0,DOWN,DOWN,0.4643703,0.1642442,0.37138546,True
2025-03-27 18:30:00+00:00,RELIANCE.NS,1264.1824951171875,DOWN,2,0,2,DOWN,UP,0.35659322,0.22687303,0.41653377,False
2025-03-27 18:30:00+00:00,LT.NS,3426.562255859375,DOWN,2,0,2,DOWN,UP,0.32828662,0.26134118,0.41037217,False
2025-03-27 18:30:00+00:00,ITC.NS,383.626708984375,STAY,2,1,0,STAY,DOWN,0.40028822,0.20776956,0.3919422,False
2025-03-27 18:30:00+00:00,TCS.NS,3420.303466796875,DOWN,2,0,0,DOWN,DOWN,0.5645068,0.2049047,0.23058847,True
2025-03-27 18:30:00+00:00,ICICIBANK.NS,1326.8397216796875,DOWN,2,0,0,DOWN,DOWN,0.4890379,0.23483069,0.27613142,True
2025-03-27 18:30:00+00:00,SBIN.NS,742.92236328125,DOWN,2,0,2,DOWN,UP,0.35672706,0.2842707,0.3590022,False
2025-03-31 18:30:00+00:00,ITC.NS,380.724365234375,UP,2,2,2,UP,UP,0.3255851,0.2100724,0.46434247,True
2025-03-31 18:30:00+00:00,BHARTIARTL.NS,1688.6043701171875,STAY,2,1,0,STAY,DOWN,0.4570073,0.12990598,0.41308677,False
2025-03-31 18:30:00+00:00,HDFCBANK.NS,857.9464111328125,STAY,2,1,2,STAY,UP,0.26144114,0.33634055,0.40221834,False
2025-03-31 18:30:00+00:00,SBIN.NS,743.1149291992188,STAY,2,1,2,STAY,UP,0.37065917,0.20142655,0.42791426,False
2025-03-31 18:30:00+00:00,TCS.NS,3367.806396484375,DOWN,2,0,2,DOWN,UP,0.34802,0.16920392,0.48277608,False
2025-03-31 18:30:00+00:00,TMPV.NS,660.6425170898438,DOWN,2,0,2,DOWN,UP,0.33649787,0.1772883,0.4862138,False
2025-03-31 18:30:00+00:00,LT.NS,3372.10693359375,DOWN,2,0,2,DOWN,UP,0.39264503,0.10879536,0.4985596,False
2025-03-31 18:30:00+00:00,INFY.NS,1451.21923828125,DOWN,2,0,2,DOWN,UP,0.20985025,0.22262351,0.5675263,False
2025-03-31 18:30:00+00:00,ICICIBANK.NS,1297.4166259765625,DOWN,2,0,0,DOWN,DOWN,0.47114015,0.18243355,0.34642634,True
2025-03-31 18:30:00+00:00,RELIANCE.NS,1241.8751220703125,DOWN,2,0,0,DOWN,DOWN,0.40696955,0.23379593,0.35923448,True
2025-04-01 18:30:00+00:00,TCS.NS,3361.3095703125,DOWN,2,0,2,DOWN,UP,0.36104152,0.19893083,0.4400277,False
2025-04-01 18:30:00+00:00,TMPV.NS,660.6917114257812,DOWN,2,0,2,DOWN,UP,0.38152233,0.16790248,0.45057514,False
2025-04-01 18:30:00+00:00,LT.NS,3355.52490234375,DOWN,2,0,2,DOWN,UP,0.38791937,0.13915245,0.47292817,False
2025-04-01 18:30:00+00:00,RELIANCE.NS,1240.437744140625,DOWN,2,0,0,DOWN,DOWN,0.40543842,0.21642043,0.3781411,True
2025-04-01 18:30:00+00:00,BHARTIARTL.NS,1718.426513671875,DOWN,2,0,0,DOWN,DOWN,0.50874835,0.17429231,0.31695932,True
2025-04-01 18:30:00+00:00,ICICIBANK.NS,1310.0125732421875,DOWN,2,0,0,DOWN,DOWN,0.4357107,0.22197172,0.34231758,True
2025-04-01 18:30:00+00:00,SBIN.NS,747.20751953125,DOWN,2,0,2,DOWN,UP,0.35393095,0.26469675,0.3813723,False
2025-04-01 18:30:00+00:00,INFY.NS,1473.7030029296875,DOWN,2,0,2,DOWN,UP,0.20552965,0.23541686,0.5590535,False
2025-04-01 18:30:00+00:00,ITC.NS,382.9713439941406,UP,2,2,2,UP,UP,0.32339182,0.17969795,0.49691018,True
2025-04-01 18:30:00+00:00,HDFCBANK.NS,872.0444946289062,DOWN,2,0,2,DOWN,UP,0.28222877,0.33440858,0.38336265,False
2025-04-02 18:30:00+00:00,BHARTIARTL.NS,1710.00390625,STAY,2,1,0,STAY,DOWN,0.49348992,0.17916498,0.32734516,False
2025-04-02 18:30:00+00:00,ITC.NS,383.2990112304688,UP,2,2,2,UP,UP,0.3556184,0.17150739,0.47287428,True
2025-04-02 18:30:00+00:00,ICICIBANK.NS,1308.3397216796875,DOWN,2,0,0,DOWN,DOWN,0.40611967,0.2594147,0.33446562,True
2025-04-02 18:30:00+00:00,TMPV.NS,643.0411987304688,DOWN,2,0,2,DOWN,UP,0.31462905,0.1720937,0.51327723,False
2025-04-02 18:30:00+00:00,TCS.NS,3227.765380859375,DOWN,2,0,2,DOWN,UP,0.2751141,0.3474604,0.37742552,False
2025-04-02 18:30:00+00:00,HDFCBANK.NS,871.0496215820312,STAY,2,1,1,STAY,STAY,0.25191715,0.39999348,0.3480894,True
2025-04-02 18:30:00+00:00,LT.NS,3355.77001953125,DOWN,2,0,2,DOWN,UP,0.417838,0.14540672,0.4367553,False
2025-04-02 18:30:00+00:00,INFY.NS,1422.6986083984375,DOWN,2,0,2,DOWN,UP,0.1546351,0.2746153,0.57074964,False
2025-04-02 18:30:00+00:00,RELIANCE.NS,1238.0086669921875,DOWN,2,0,2,DOWN,UP,0.3798698,0.22959927,0.39053094,False
2025-04-02 18:30:00+00:00,SBIN.NS,750.3370971679688,DOWN,2,0,2,DOWN,UP,0.29520926,0.29610816,0.40868253,False
2025-04-03 18:30:00+00:00,LT.NS,3198.78173828125,STAY,2,1,2,STAY,UP,0.24862708,0.14565381,0.60571915,False
2025-04-03 18:30:00+00:00,RELIANCE.NS,1194.38525390625,UP,2,2,1,UP,STAY,0.20278311,0.47804824,0.31916866,False
2025-04-03 18:30:00+00:00,INFY.NS,1380.060546875,DOWN,2,0,2,DOWN,UP,0.11484473,0.20348732,0.6816679,False
2025-04-03 18:30:00+00:00,ITC.NS,383.5798950195313,UP,2,2,2,UP,UP,0.28815803,0.17543228,0.5364097,True
2025-04-03 18:30:00+00:00,BHARTIARTL.NS,1707.50634765625,UP,2,2,2,UP,UP,0.39663476,0.1739231,0.4294421,True
2025-04-03 18:30:00+00:00,SBIN.NS,739.0223999023438,STAY,2,1,2,STAY,UP,0.30530894,0.20519556,0.48949552,False
2025-04-03 18:30:00+00:00,ICICIBANK.NS,1313.998046875,UP,2,2,0,UP,DOWN,0.4068445,0.22088467,0.37227088,False
2025-04-03 18:30:00+00:00,TMPV.NS,603.6100463867188,UP,2,2,2,UP,UP,0.19904305,0.17035867,0.6305983,True
2025-04-03 18:30:00+00:00,HDFCBANK.NS,881.9447021484375,UP,2,2,2,UP,UP,0.26130998,0.29107055,0.4476195,True
2025-04-03 18:30:00+00:00,TCS.NS,3129.3623046875,DOWN,2,0,2,DOWN,UP,0.13634135,0.3042947,0.5593639,False
2025-04-06 18:30:00+00:00,BHARTIARTL.NS,1651.87744140625,UP,2,2,0,UP,DOWN,0.45709664,0.1711512,0.3717522,False
2025-04-06 18:30:00+00:00,TCS.NS,3105.31884765625,STAY,2,1,2,STAY,UP,0.10049748,0.26642403,0.63307846,False
2025-04-06 18:30:00+00:00,ITC.NS,380.16259765625,UP,2,2,2,UP,UP,0.25779766,0.16671418,0.57548815,True
2025-04-06 18:30:00+00:00,SBIN.NS,719.2335815429688,UP,2,2,2,UP,UP,0.31355253,0.22540346,0.461044,True
2025-04-06 18:30:00+00:00,HDFCBANK.NS,853.0205688476562,UP,2,2,2,UP,UP,0.27466252,0.3199884,0.40534905,True
2025-04-06 18:30:00+00:00,INFY.NS,1327.8680419921875,UP,2,2,2,UP,UP,0.056826707,0.113110654,0.8300626,True
2025-04-06 18:30:00+00:00,TMPV.NS,570.0789184570312,UP,2,2,2,UP,UP,0.13277073,0.13097219,0.7362571,True
2025-04-06 18:30:00+00:00,ICICIBANK.NS,1267.009765625,UP,2,2,0,UP,DOWN,0.3893062,0.25042772,0.36026606,False
2025-04-06 18:30:00+00:00,LT.NS,3010.73974609375,UP,2,2,2,UP,UP,0.1945096,0.17725274,0.62823766,True
2025-04-06 18:30:00+00:00,RELIANCE.NS,1155.7191162109375,UP,2,2,2,UP,UP,0.12246744,0.35951185,0.51802075,True
2025-04-07 18:30:00+00:00,RELIANCE.NS,1172.0780029296875,UP,2,2,2,UP,UP,0.11735976,0.34178153,0.54085875,True
2025-04-07 18:30:00+00:00,TMPV.NS,579.027099609375,UP,2,2,2,UP,UP,0.13359089,0.10589285,0.7605162,True
2025-04-07 18:30:00+00:00,TCS.NS,3123.244873046875,STAY,2,1,2,STAY,UP,0.07846608,0.26430282,0.6572311,False
2025-04-07 18:30:00+00:00,ICICIBANK.NS,1279.1627197265625,UP,2,2,0,UP,DOWN,0.3938732,0.21499918,0.39112762,False
2025-04-07 18:30:00+00:00,BHARTIARTL.NS,1684.9315185546875,UP,2,2,0,UP,DOWN,0.4244125,0.174095,0.40149248,False
2025-04-07 18:30:00+00:00,LT.NS,3101.5966796875,UP,2,2,2,UP,UP,0.2765687,0.1447646,0.5786667,True
2025-04-07 18:30:00+00:00,INFY.NS,1358.3375244140625,STAY,2,1,2,STAY,UP,0.06639105,0.114108644,0.8195003,False
2025-04-07 18:30:00+00:00,ITC.NS,386.2481689453125,UP,2,2,2,UP,UP,0.40026653,0.15791868,0.4418148,True
2025-04-07 18:30:00+00:00,SBIN.NS,740.1296997070312,UP,2,2,2,UP,UP,0.30470845,0.21901968,0.47627187,True
2025-04-07 18:30:00+00:00,HDFCBANK.NS,858.5773315429688,UP,2,2,2,UP,UP,0.25667763,0.35394317,0.3893792,True
2025-04-08 18:30:00+00:00,LT.NS,2996.65966796875,UP,2,2,2,UP,UP,0.15104052,0.103021994,0.7459375,True
2025-04-08 18:30:00+00:00,ITC.NS,389.7591247558594,UP,2,2,0,UP,DOWN,0.4398538,0.16171925,0.39842698,False
2025-04-08 18:30:00+00:00,RELIANCE.NS,1175.2010498046875,UP,2,2,2,UP,UP,0.21047598,0.27619073,0.51333326,True
2025-04-08 18:30:00+00:00,TMPV.NS,573.1763916015625,UP,2,2,2,UP,UP,0.12353441,0.12550484,0.75096077,True
2025-04-08 18:30:00+00:00,HDFCBANK.NS,856.5632934570312,UP,2,2,1,UP,STAY,0.21813379,0.42336243,0.35850382,False
2025-04-08 18:30:00+00:00,INFY.NS,1334.4752197265625,UP,2,2,2,UP,UP,0.058141313,0.112286,0.82957274,True
2025-04-08 18:30:00+00:00,ICICIBANK.NS,1280.04833984375,UP,2,2,0,UP,DOWN,0.4031759,0.21257189,0.38425228,False
2025-04-08 18:30:00+00:00,BHARTIARTL.NS,1680.181640625,UP,2,2,2,UP,UP,0.37722832,0.23708701,0.3856847,True
2025-04-08 18:30:00+00:00,SBIN.NS,714.7076416015625,UP,2,2,2,UP,UP,0.2957456,0.23924659,0.46500775,True
2025-04-08 18:30:00+00:00,TCS.NS,3079.28369140625,UP,2,2,2,UP,UP,0.09458505,0.24800801,0.6574069,True
2025-04-10 18:30:00+00:00,ICICIBANK.NS,1290.7252197265625,UP,2,2,2,UP,UP,0.30531576,0.2698851,0.42479914,True
2025-04-10 18:30:00+00:00,HDFCBANK.NS,876.82470703125,UP,2,2,2,UP,UP,0.2502147,0.3537582,0.3960271,True
2025-04-10 18:30:00+00:00,BHARTIARTL.NS,1720.38525390625,UP,2,2,2,UP,UP,0.35615972,0.18523763,0.45860264,True
2025-04-10 18:30:00+00:00,TCS.NS,3064.9619140625,UP,2,2,2,UP,UP,0.07290594,0.19378763,0.7333064,True
2025-04-10 18:30:00+00:00,INFY.NS,1339.9417724609375,STAY,2,1,2,STAY,UP,0.054512274,0.089889474,0.8555983,False
2025-04-10 18:30:00+00:00,LT.NS,3057.29638671875,UP,2,2,2,UP,UP,0.14603992,0.123192616,0.7307674,True
2025-04-10 18:30:00+00:00,TMPV.NS,585.1236572265625,UP,2,2,2,UP,UP,0.15616693,0.080155104,0.76367795,True
2025-04-10 18:30:00+00:00,SBIN.NS,725.9260864257812,UP,2,2,2,UP,UP,0.3251058,0.20456049,0.47033367,True
2025-04-10 18:30:00+00:00,RELIANCE.NS,1208.5133056640625,UP,2,2,0,UP,DOWN,0.38323388,0.23881352,0.37795264,False
2025-04-10 18:30:00+00:00,ITC.NS,394.6744079589844,UP,2,2,0,UP,DOWN,0.48521352,0.20581578,0.30897078,False
2025-04-14 18:30:00+00:00,LT.NS,3196.2802734375,UP,2,2,2,UP,UP,0.38533807,0.20019709,0.41446483,True
2025-04-14 18:30:00+00:00,TCS.NS,3080.801025390625,UP,2,2,2,UP,UP,0.1364842,0.2184668,0.645049,True
2025-04-14 18:30:00+00:00,RELIANCE.NS,1229.4822998046875,UP,2,2,2,UP,UP,0.3502639,0.28535667,0.36437944,True
2025-04-14 18:30:00+00:00,ITC.NS,393.59771728515625,UP,2,2,0,UP,DOWN,0.4569304,0.20070499,0.34236467,False
2025-04-14 18:30:00+00:00,ICICIBANK.NS,1328.66015625,UP,2,2,2,UP,UP,0.33112627,0.28044453,0.38842925,True
2025-04-14 18:30:00+00:00,INFY.NS,1355.675537109375,UP,2,2,2,UP,UP,0.14197712,0.22030295,0.6377199,True
2025-04-14 18:30:00+00:00,BHARTIARTL.NS,1761.71533203125,UP,2,2,0,UP,DOWN,0.39068097,0.23696448,0.37235457,False
2025-04-14 18:30:00+00:00,SBIN.NS,735.2186279296875,UP,2,2,2,UP,UP,0.31584796,0.24246198,0.44169,True
2025-04-14 18:30:00+00:00,HDFCBANK.NS,905.0452270507812,UP,2,2,1,UP,STAY,0.23251837,0.4062917,0.36118996,False
2025-04-14 18:30:00+00:00,TMPV.NS,611.82080078125,UP,2,2,2,UP,UP,0.31937572,0.15711787,0.5235064,True
2025-04-15 18:30:00+00:00,LT.NS,3166.94287109375,UP,2,2,2,UP,UP,0.3591007,0.18993343,0.4509659,True
2025-04-15 18:30:00+00:00,ITC.NS,397.3895568847656,UP,2,2,0,UP,DOWN,0.48701227,0.21299534,0.2999924,False
2025-04-15 18:30:00+00:00,INFY.NS,1343.4117431640625,UP,2,2,2,UP,UP,0.13648602,0.19874382,0.6647701,True
2025-04-15 18:30:00+00:00,BHARTIARTL.NS,1785.0245361328125,UP,2,2,0,UP,DOWN,0.48627627,0.2192099,0.2945138,False
2025-04-15 18:30:00+00:00,TCS.NS,3105.08203125,UP,2,2,2,UP,UP,0.09888579,0.21490969,0.6862045,True
2025-04-15 18:30:00+00:00,ICICIBANK.NS,1334.7613525390625,UP,2,2,0,UP,DOWN,0.38767144,0.28869915,0.3236294,False
2025-04-15 18:30:00+00:00,TMPV.NS,605.7733764648438,UP,2,2,2,UP,UP,0.40247723,0.1573188,0.44020393,True
2025-04-15 18:30:00+00:00,SBIN.NS,743.1630859375,UP,2,2,2,UP,UP,0.31653774,0.21875414,0.46470818,True
2025-04-15 18:30:00+00:00,HDFCBANK.NS,911.4027709960938,UP,2,2,1,UP,STAY,0.25353208,0.4181742,0.32829368,False
2025-04-15 18:30:00+00:00,RELIANCE.NS,1228.689208984375,UP,2,2,2,UP,UP,0.38216347,0.21971814,0.3981184,True
2025-04-16 18:30:00+00:00,ITC.NS,400.010986328125,STAY,2,1,0,STAY,DOWN,0.40419483,0.22199541,0.3738097,False
2025-04-16 18:30:00+00:00,RELIANCE.NS,1263.5877685546875,UP,2,2,2,UP,UP,0.27671653,0.235973,0.4873104,True
2025-04-16 18:30:00+00:00,BHARTIARTL.NS,1850.153564453125,DOWN,2,0,0,DOWN,DOWN,0.45308703,0.26827568,0.27863735,True
2025-04-16 18:30:00+00:00,HDFCBANK.NS,925.3309326171876,STAY,2,1,2,STAY,UP,0.28746668,0.33960152,0.37293184,False
2025-04-16 18:30:00+00:00,SBIN.NS,767.9111328125,STAY,2,1,2,STAY,UP,0.29106474,0.24679342,0.46214187,False
2025-04-16 18:30:00+00:00,TCS.NS,3128.88818359375,UP,2,2,2,UP,UP,0.1468329,0.2801158,0.5730513,True
2025-04-16 18:30:00+00:00,LT.NS,3186.174072265625,STAY,2,1,0,STAY,DOWN,0.4225133,0.19232959,0.38515705,False
2025-04-16 18:30:00+00:00,INFY.NS,1349.4959716796875,UP,2,2,2,UP,UP,0.20826064,0.2553299,0.5364095,True
2025-04-16 18:30:00+00:00,ICICIBANK.NS,1384.2589111328125,STAY,2,1,2,STAY,UP,0.2917231,0.2991666,0.4091103,False
2025-04-16 18:30:00+00:00,TMPV.NS,611.181640625,UP,2,2,0,UP,DOWN,0.44138554,0.15960005,0.3990144,False
2025-04-20 18:30:00+00:00,BHARTIARTL.NS,1844.5711669921875,DOWN,2,0,0,DOWN,DOWN,0.43649614,0.27194536,0.2915585,True
2025-04-20 18:30:00+00:00,INFY.NS,1379.442626953125,UP,2,2,2,UP,UP,0.16473952,0.27704537,0.55821514,True
2025-04-20 18:30:00+00:00,ICICIBANK.NS,1387.3094482421875,UP,2,2,0,UP,DOWN,0.43807212,0.2579569,0.303971,False
2025-04-20 18:30:00+00:00,TMPV.NS,619.539794921875,UP,2,2,0,UP,DOWN,0.52983487,0.22226009,0.24790505,False
2025-04-20 18:30:00+00:00,LT.NS,3218.7490234375,UP,2,2,0,UP,DOWN,0.43646792,0.21216032,0.3513717,False
2025-04-20 18:30:00+00:00,SBIN.NS,786.447998046875,STAY,2,1,2,STAY,UP,0.2998908,0.2912145,0.40889466,False
2025-04-20 18:30:00+00:00,RELIANCE.NS,1284.4078369140625,UP,2,2,2,UP,UP,0.34455156,0.22710556,0.42834285,True
2025-04-20 18:30:00+00:00,TCS.NS,3150.418701171875,UP,2,2,2,UP,UP,0.18579379,0.33161527,0.48259094,True
2025-04-20 18:30:00+00:00,ITC.NS,395.89154052734375,UP,2,2,2,UP,UP,0.4148858,0.16101626,0.42409793,True
2025-04-20 18:30:00+00:00,HDFCBANK.NS,935.231201171875,STAY,2,1,1,STAY,STAY,0.32334095,0.3800993,0.29655978,True
2025-04-21 18:30:00+00:00,TMPV.NS,620.3264770507812,UP,2,2,0,UP,DOWN,0.49862075,0.28139886,0.21998046,False
2025-04-21 18:30:00+00:00,HDFCBANK.NS,952.0227661132812,DOWN,2,0,0,DOWN,DOWN,0.42525917,0.31762877,0.25711203,True
2025-04-21 18:30:00+00:00,BHARTIARTL.NS,1814.0142822265625,DOWN,2,0,0,DOWN,DOWN,0.5043794,0.1915639,0.30405667,True
2025-04-21 18:30:00+00:00,LT.NS,3196.4765625,UP,2,2,0,UP,DOWN,0.42901602,0.23689407,0.33408993,False
2025-04-21 18:30:00+00:00,INFY.NS,1352.6334228515625,UP,2,2,2,UP,UP,0.23189935,0.2518967,0.51620394,True
2025-04-21 18:30:00+00:00,TCS.NS,3143.589111328125,UP,2,2,2,UP,UP,0.18410014,0.32140675,0.49449307,True
2025-04-21 18:30:00+00:00,ITC.NS,405.9561767578125,DOWN,2,0,0,DOWN,DOWN,0.36114615,0.28958413,0.3492697,True
2025-04-21 18:30:00+00:00,ICICIBANK.NS,1393.9024658203125,STAY,2,1,0,STAY,DOWN,0.43995428,0.25512004,0.3049257,False
2025-04-21 18:30:00+00:00,RELIANCE.NS,1280.144775390625,UP,2,2,2,UP,UP,0.34034982,0.24990866,0.40974152,True
2025-04-21 18:30:00+00:00,SBIN.NS,791.9369506835938,DOWN,2,0,2,DOWN,UP,0.31371966,0.2820327,0.40424764,False
2025-04-22 18:30:00+00:00,ITC.NS,403.3815002441406,DOWN,2,0,0,DOWN,DOWN,0.35673496,0.28655943,0.3567056,True
2025-04-22 18:30:00+00:00,BHARTIARTL.NS,1842.8082275390625,STAY,2,1,0,STAY,DOWN,0.45576954,0.2636174,0.28061303,False
2025-04-22 18:30:00+00:00,SBIN.NS,783.3184204101562,DOWN,2,0,0,DOWN,DOWN,0.35316327,0.29582286,0.35101387,True
2025-04-22 18:30:00+00:00,TCS.NS,3237.1083984375,UP,2,2,1,UP,STAY,0.18681079,0.44801608,0.36517316,False
2025-04-22 18:30:00+00:00,LT.NS,3238.863037109375,UP,2,2,0,UP,DOWN,0.41438967,0.27542,0.31019026,False
2025-04-22 18:30:00+00:00,INFY.NS,1402.1639404296875,UP,2,2,2,UP,UP,0.19233973,0.39001688,0.4176434,True
2025-04-22 18:30:00+00:00,HDFCBANK.NS,933.6782836914062,STAY,2,1,0,STAY,DOWN,0.39208117,0.32039693,0.28752184,False
2025-04-22 18:30:00+00:00,TMPV.NS,648.8919677734375,DOWN,2,0,0,DOWN,DOWN,0.50705546,0.2556035,0.23734102,True
2025-04-22 18:30:00+00:00,RELIANCE.NS,1288.869384765625,UP,2,2,2,UP,UP,0.3534809,0.23090921,0.4156099,True
2025-04-22 18:30:00+00:00,ICICIBANK.NS,1401.676513671875,STAY,2,1,0,STAY,DOWN,0.4998707,0.2725244,0.22760491,False
2025-04-23 18:30:00+00:00,SBIN.NS,783.2703247070312,DOWN,2,0,2,DOWN,UP,0.36668798,0.23529857,0.39801344,False
2025-04-23 18:30:00+00:00,RELIANCE.NS,1290.4556884765625,UP,2,2,0,UP,DOWN,0.38510203,0.25354156,0.36135644,False
2025-04-23 18:30:00+00:00,TMPV.NS,657.200927734375,DOWN,2,0,0,DOWN,DOWN,0.5992305,0.2662723,0.13449715,True
2025-04-23 18:30:00+00:00,INFY.NS,1398.8365478515625,UP,2,2,2,UP,UP,0.3136331,0.2760948,0.4102721,True
2025-04-23 18:30:00+00:00,ITC.NS,402.6324768066406,STAY,2,1,2,STAY,UP,0.38692826,0.18473056,0.42834118,False
2025-04-23 18:30:00+00:00,TCS.NS,3226.29541015625,STAY,2,1,2,STAY,UP,0.25064808,0.37365082,0.37570104,False
2025-04-23 18:30:00+00:00,ICICIBANK.NS,1380.32275390625,UP,2,2,0,UP,DOWN,0.48501348,0.24440476,0.27058172,False
2025-04-23 18:30:00+00:00,HDFCBANK.NS,930.2325439453124,STAY,2,1,0,STAY,DOWN,0.36001426,0.31092033,0.32906538,False
2025-04-23 18:30:00+00:00,LT.NS,3238.470703125,UP,2,2,0,UP,DOWN,0.3983803,0.23380804,0.36781162,False
2025-04-23 18:30:00+00:00,BHARTIARTL.NS,1807.5504150390625,STAY,2,1,0,STAY,DOWN,0.5215929,0.14356646,0.33484063,False
2025-04-24 18:30:00+00:00,RELIANCE.NS,1289.2659912109375,UP,2,2,0,UP,DOWN,0.4757887,0.21411556,0.31009567,False
2025-04-24 18:30:00+00:00,ITC.NS,400.5259399414063,UP,2,2,2,UP,UP,0.36594006,0.20473997,0.42931995,True
2025-04-24 18:30:00+00:00,BHARTIARTL.NS,1779.73583984375,UP,2,2,0,UP,DOWN,0.41467237,0.2766525,0.30867514,False
2025-04-24 18:30:00+00:00,ICICIBANK.NS,1382.3892822265625,UP,2,2,0,UP,DOWN,0.42501906,0.31666526,0.25831562,False
2025-04-24 18:30:00+00:00,INFY.NS,1407.2025146484375,UP,2,2,0,UP,DOWN,0.3719153,0.2926384,0.3354463,False
2025-04-24 18:30:00+00:00,TMPV.NS,644.3195190429688,STAY,2,1,0,STAY,DOWN,0.5867568,0.21124119,0.20200199,False
2025-04-24 18:30:00+00:00,LT.NS,3210.50732421875,UP,2,2,0,UP,DOWN,0.41369352,0.18345766,0.40284884,False
2025-04-24 18:30:00+00:00,HDFCBANK.NS,927.5148315429688,UP,2,2,1,UP,STAY,0.31315124,0.3528056,0.33404317,False
2025-04-24 18:30:00+00:00,SBIN.NS,769.0667114257812,DOWN,2,0,2,DOWN,UP,0.36272806,0.22126187,0.41601005,False
2025-04-24 18:30:00+00:00,TCS.NS,3270.30419921875,STAY,2,1,1,STAY,STAY,0.24620013,0.40293622,0.3508637,True
2025-04-27 18:30:00+00:00,INFY.NS,1409.0087890625,UP,2,2,2,UP,UP,0.24861354,0.3509896,0.40039688,True
2025-04-27 18:30:00+00:00,BHARTIARTL.NS,1784.2412109375,UP,2,2,2,UP,UP,0.34294695,0.23792408,0.419129,True
2025-04-27 18:30:00+00:00,TMPV.NS,657.0043334960938,DOWN,2,0,0,DOWN,DOWN,0.61706877,0.21069229,0.17223893,True
2025-04-27 18:30:00+00:00,SBIN.NS,787.073974609375,DOWN,2,0,2,DOWN,UP,0.33804536,0.2596346,0.40232,False
2025-04-27 18:30:00+00:00,TCS.NS,3266.0361328125,STAY,2,1,2,STAY,UP,0.26743022,0.35633034,0.37623948,False
2025-04-27 18:30:00+00:00,RELIANCE.NS,1357.0804443359375,UP,2,2,0,UP,DOWN,0.41672236,0.17238216,0.41089553,False
2025-04-27 18:30:00+00:00,ITC.NS,401.4621887207031,UP,2,2,0,UP,DOWN,0.37124962,0.290426,0.3383244,False
2025-04-27 18:30:00+00:00,LT.NS,3264.668212890625,STAY,2,1,0,STAY,DOWN,0.4864423,0.17737047,0.3361872,False
2025-04-27 18:30:00+00:00,HDFCBANK.NS,931.882568359375,STAY,2,1,2,STAY,UP,0.28704372,0.3543795,0.35857683,False
2025-04-27 18:30:00+00:00,ICICIBANK.NS,1406.00634765625,STAY,2,1,0,STAY,DOWN,0.40965128,0.29572356,0.29462513,False
2025-04-28 18:30:00+00:00,INFY.NS,1423.6495361328125,STAY,2,1,2,STAY,UP,0.33448204,0.23326874,0.43224928,False
2025-04-28 18:30:00+00:00,TCS.NS,3293.54150390625,STAY,2,1,0,STAY,DOWN,0.3382058,0.33463466,0.3271595,False
2025-04-28 18:30:00+00:00,SBIN.NS,782.4517211914062,DOWN,2,0,2,DOWN,UP,0.3340598,0.2600591,0.4058811,False
2025-04-28 18:30:00+00:00,HDFCBANK.NS,926.3501586914062,UP,2,2,1,UP,STAY,0.29921514,0.37139568,0.3293892,False
2025-04-28 18:30:00+00:00,BHARTIARTL.NS,1786.199951171875,UP,2,2,2,UP,UP,0.38604632,0.20485763,0.40909606,True
2025-04-28 18:30:00+00:00,LT.NS,3259.76220703125,STAY,2,1,0,STAY,DOWN,0.46049857,0.19185601,0.34764537,False
2025-04-28 18:30:00+00:00,TMPV.NS,654.4967651367188,UP,2,2,0,UP,DOWN,0.59427977,0.19915761,0.2065626,False
2025-04-28 18:30:00+00:00,ITC.NS,398.8406982421875,UP,2,2,0,UP,DOWN,0.40102157,0.25414053,0.34483793,False
2025-04-28 18:30:00+00:00,RELIANCE.NS,1387.7156982421875,STAY,2,1,0,STAY,DOWN,0.50564295,0.22351672,0.27084035,False
2025-04-28 18:30:00+00:00,ICICIBANK.NS,1406.990478515625,STAY,2,1,0,STAY,DOWN,0.38920054,0.30689198,0.30390748,False
2025-04-29 18:30:00+00:00,ICICIBANK.NS,1404.2349853515625,STAY,2,1,0,STAY,DOWN,0.40187067,0.27399534,0.32413396,False
2025-04-29 18:30:00+00:00,SBIN.NS,759.4371337890625,DOWN,2,0,2,DOWN,UP,0.36239317,0.21643218,0.42117465,False
2025-04-29 18:30:00+00:00,BHARTIARTL.NS,1826.060791015625,STAY,2,1,2,STAY,UP,0.3619166,0.22193007,0.41615328,False
2025-04-29 18:30:00+00:00,TMPV.NS,633.5029296875,UP,2,2,0,UP,DOWN,0.49910408,0.15803768,0.34285825,False
2025-04-29 18:30:00+00:00,INFY.NS,1426.1212158203125,STAY,2,1,1,STAY,STAY,0.32545066,0.33815607,0.33639324,True
2025-04-29 18:30:00+00:00,ITC.NS,398.6534729003906,UP,2,2,0,UP,DOWN,0.42038018,0.23457122,0.3450486,False
2025-04-29 18:30:00+00:00,LT.NS,3278.110107421875,STAY,2,1,0,STAY,DOWN,0.44772127,0.19701123,0.35526752,False
2025-04-29 18:30:00+00:00,TCS.NS,3275.710205078125,STAY,2,1,2,STAY,UP,0.31379354,0.2708948,0.41531166,False
2025-04-29 18:30:00+00:00,RELIANCE.NS,1392.9703369140625,STAY,2,1,0,STAY,DOWN,0.4789004,0.24375026,0.27734935,False
2025-04-29 18:30:00+00:00,HDFCBANK.NS,934.2120361328124,STAY,2,1,1,STAY,STAY,0.28366718,0.3972664,0.31906644,True
2025-05-01 18:30:00+00:00,BHARTIARTL.NS,1810.0968017578125,STAY,2,1,2,STAY,UP,0.3753958,0.21151014,0.41309407,False
2025-05-01 18:30:00+00:00,SBIN.NS,767.1888427734375,DOWN,2,0,2,DOWN,UP,0.29865393,0.24042201,0.46092403,False
2025-05-01 18:30:00+00:00,HDFCBANK.NS,932.7076416015624,DOWN,2,0,1,DOWN,STAY,0.29848945,0.4284504,0.2730601,False
2025-05-01 18:30:00+00:00,TMPV.NS,638.2720947265625,UP,2,2,0,UP,DOWN,0.560871,0.1903869,0.24874213,False
2025-05-01 18:30:00+00:00,ICICIBANK.NS,1407.2855224609375,DOWN,2,0,0,DOWN,DOWN,0.39540917,0.27976507,0.32482576,True
2025-05-01 18:30:00+00:00,TCS.NS,3254.180419921875,STAY,2,1,2,STAY,UP,0.35721081,0.25989264,0.3828965,False
2025-05-01 18:30:00+00:00,INFY.NS,1432.5859375,STAY,2,1,0,STAY,DOWN,0.4037307,0.19446114,0.4018081,False
2025-05-01 18:30:00+00:00,RELIANCE.NS,1407.6436767578125,DOWN,2,0,0,DOWN,DOWN,0.54124147,0.19161469,0.26714385,True
2025-05-01 18:30:00+00:00,LT.NS,3272.125,UP,2,2,0,UP,DOWN,0.4677199,0.1638405,0.36843956,False
2025-05-01 18:30:00+00:00,ITC.NS,402.1175537109375,DOWN,2,0,0,DOWN,DOWN,0.41863352,0.23934174,0.34202474,True
2025-05-04 18:30:00+00:00,BHARTIARTL.NS,1827.5299072265625,STAY,2,1,2,STAY,UP,0.3811035,0.2308068,0.38808972,False
2025-05-04 18:30:00+00:00,INFY.NS,1434.2020263671875,UP,2,2,2,UP,UP,0.3526729,0.19263662,0.45469046,True
2025-05-04 18:30:00+00:00,HDFCBANK.NS,939.9386596679688,UP,2,2,1,UP,STAY,0.29773226,0.4438854,0.25838235,False
2025-05-04 18:30:00+00:00,LT.NS,3267.513427734375,UP,2,2,0,UP,DOWN,0.45338994,0.17241964,0.3741904,False
2025-05-04 18:30:00+00:00,SBIN.NS,760.737060546875,UP,2,2,2,UP,UP,0.29245284,0.22425272,0.4832945,True
2025-05-04 18:30:00+00:00,RELIANCE.NS,1419.0452880859375,STAY,2,1,0,STAY,DOWN,0.60281473,0.18153459,0.21565065,False
2025-05-04 18:30:00+00:00,TMPV.NS,650.5143432617188,UP,2,2,0,UP,DOWN,0.54448915,0.21364008,0.24187079,False
2025-05-04 18:30:00+00:00,TCS.NS,3276.279541015625,UP,2,2,2,UP,UP,0.35845038,0.2661155,0.37543416,True
2025-05-04 18:30:00+00:00,ICICIBANK.NS,1406.5968017578125,UP,2,2,0,UP,DOWN,0.40297562,0.28907865,0.30794576,False
2025-05-04 18:30:00+00:00,ITC.NS,409.0926208496094,STAY,2,1,0,STAY,DOWN,0.4354942,0.2559722,0.30853358,False
2025-05-05 18:30:00+00:00,BHARTIARTL.NS,1861.808349609375,DOWN,2,0,2,DOWN,UP,0.31092522,0.277903,0.41117176,False
2025-05-05 18:30:00+00:00,RELIANCE.NS,1408.7342529296875,STAY,2,1,0,STAY,DOWN,0.47139347,0.28258884,0.24601766,False
2025-05-05 18:30:00+00:00,ITC.NS,407.7818298339844,DOWN,2,0,0,DOWN,DOWN,0.448088,0.2359936,0.31591845,True
2025-05-05 18:30:00+00:00,TCS.NS,3281.68603515625,UP,2,2,0,UP,DOWN,0.40031022,0.2437087,0.35598108,False
2025-05-05 18:30:00+00:00,HDFCBANK.NS,937.463623046875,STAY,2,1,1,STAY,STAY,0.28212792,0.45617503,0.26169705,True
2025-05-05 18:30:00+00:00,TMPV.NS,637.3870849609375,UP,2,2,0,UP,DOWN,0.554899,0.16255145,0.28254956,False
2025-05-05 18:30:00+00:00,ICICIBANK.NS,1408.7615966796875,STAY,2,1,0,STAY,DOWN,0.42583877,0.24464732,0.32951388,False
2025-05-05 18:30:00+00:00,INFY.NS,1436.9588623046875,UP,2,2,2,UP,UP,0.27597943,0.2863281,0.43769246,True
2025-05-05 18:30:00+00:00,SBIN.NS,745.4259643554688,UP,2,2,2,UP,UP,0.32763395,0.2923422,0.3800239,True
2025-05-05 18:30:00+00:00,LT.NS,3271.241943359375,UP,2,2,0,UP,DOWN,0.42151344,0.16692978,0.4115568,False
2025-05-06 18:30:00+00:00,BHARTIARTL.NS,1857.6949462890625,DOWN,2,0,2,DOWN,UP,0.36065206,0.27621534,0.36313263,False
2025-05-06 18:30:00+00:00,ITC.NS,403.6623840332031,STAY,2,1,0,STAY,DOWN,0.48476005,0.20053628,0.31470364,False
2025-05-06 18:30:00+00:00,RELIANCE.NS,1393.9617919921875,UP,2,2,0,UP,DOWN,0.5449675,0.17904049,0.27599207,False
2025-05-06 18:30:00+00:00,TCS.NS,3267.553955078125,UP,2,2,0,UP,DOWN,0.41205162,0.18107665,0.4068717,False
2025-05-06 18:30:00+00:00,INFY.NS,1433.9168701171875,UP,2,2,2,UP,UP,0.36754194,0.15629554,0.47616255,True
2025-05-06 18:30:00+00:00,HDFCBANK.NS,944.2094116210938,DOWN,2,0,1,DOWN,STAY,0.29555136,0.4382175,0.26623118,False
2025-05-06 18:30:00+00:00,SBIN.NS,747.3518676757812,UP,2,2,2,UP,UP,0.36619994,0.24480717,0.38899288,True
2025-05-06 18:30:00+00:00,TMPV.NS,668.9515991210938,UP,2,2,0,UP,DOWN,0.59278905,0.13119748,0.27601346,False
2025-05-06 18:30:00+00:00,LT.NS,3258.879150390625,UP,2,2,2,UP,UP,0.38596603,0.15515147,0.4588825,True
2025-05-06 18:30:00+00:00,ICICIBANK.NS,1412.5010986328125,STAY,2,1,0,STAY,DOWN,0.40783206,0.27574575,0.31642216,False
2025-05-07 18:30:00+00:00,LT.NS,3261.33203125,UP,2,2,2,UP,UP,0.3203325,0.108706765,0.5709607,True
2025-05-07 18:30:00+00:00,TMPV.NS,671.4590454101562,UP,2,2,0,UP,DOWN,0.4645083,0.15968734,0.37580436,False
2025-05-07 18:30:00+00:00,RELIANCE.NS,1394.9532470703125,UP,2,2,0,UP,DOWN,0.5035418,0.16343707,0.33302107,False
2025-05-07 18:30:00+00:00,ITC.NS,403.1474609375,STAY,2,1,0,STAY,DOWN,0.42911568,0.2047388,0.36614552,False
2025-05-07 18:30:00+00:00,SBIN.NS,740.5149536132812,UP,2,2,0,UP,DOWN,0.40057436,0.22832581,0.3710998,False
2025-05-07 18:30:00+00:00,TCS.NS,3271.15771484375,UP,2,2,2,UP,UP,0.3685475,0.19652116,0.4349313,True
2025-05-07 18:30:00+00:00,BHARTIARTL.NS,1836.246337890625,STAY,2,1,0,STAY,DOWN,0.46578923,0.17267378,0.36153704,False
2025-05-07 18:30:00+00:00,ICICIBANK.NS,1412.599365234375,UP,2,2,0,UP,DOWN,0.39743763,0.26359117,0.3389712,False
2025-05-07 18:30:00+00:00,INFY.NS,1436.864013671875,UP,2,2,2,UP,UP,0.34534794,0.15917857,0.4954735,True
2025-05-07 18:30:00+00:00,HDFCBANK.NS,935.91064453125,STAY,2,1,1,STAY,STAY,0.29626477,0.35764995,0.3460853,True
2025-05-08 18:30:00+00:00,RELIANCE.NS,1365.4083251953125,UP,2,2,0,UP,DOWN,0.49800816,0.16803709,0.33395475,False
2025-05-08 18:30:00+00:00,ITC.NS,396.5469055175781,UP,2,2,0,UP,DOWN,0.49447662,0.16144957,0.34407377,False
2025-05-08 18:30:00+00:00,SBIN.NS,750.38525390625,UP,2,2,0,UP,DOWN,0.44720006,0.20554553,0.34725437,False
2025-05-08 18:30:00+00:00,TCS.NS,3263.001220703125,UP,2,2,2,UP,UP,0.25847492,0.2411094,0.5004157,True
2025-05-08 18:30:00+00:00,ICICIBANK.NS,1366.742919921875,UP,2,2,0,UP,DOWN,0.42443234,0.22952123,0.34604648,False
2025-05-08 18:30:00+00:00,INFY.NS,1433.2513427734375,UP,2,2,2,UP,UP,0.2727716,0.13642465,0.5908037,True
2025-05-08 18:30:00+00:00,LT.NS,3379.072998046875,UP,2,2,2,UP,UP,0.36743733,0.14941192,0.48315078,True
2025-05-08 18:30:00+00:00,TMPV.NS,696.6812133789062,UP,2,2,0,UP,DOWN,0.4568423,0.200228,0.34292975,False
2025-05-08 18:30:00+00:00,BHARTIARTL.NS,1810.292724609375,DOWN,2,0,0,DOWN,DOWN,0.4437721,0.17717522,0.37905273,True
2025-05-08 18:30:00+00:00,HDFCBANK.NS,917.080810546875,UP,2,2,1,UP,STAY,0.33609903,0.34710893,0.316792,False
2025-05-11 18:30:00+00:00,RELIANCE.NS,1424.2005615234375,STAY,2,1,0,STAY,DOWN,0.3818528,0.24093375,0.3772135,False
2025-05-11 18:30:00+00:00,ITC.NS,407.7350463867188,STAY,2,1,0,STAY,DOWN,0.48147848,0.21375632,0.3047652,False
2025-05-11 18:30:00+00:00,SBIN.NS,771.9555053710938,UP,2,2,2,UP,UP,0.32666177,0.263611,0.40972725,True
2025-05-11 18:30:00+00:00,TCS.NS,3433.819091796875,DOWN,2,0,1,DOWN,STAY,0.36305663,0.44832584,0.1886175,False
2025-05-11 18:30:00+00:00,TMPV.NS,708.7760009765625,UP,2,2,0,UP,DOWN,0.4610443,0.2662538,0.2727019,False
2025-05-11 18:30:00+00:00,ICICIBANK.NS,1425.39208984375,STAY,2,1,2,STAY,UP,0.3376263,0.28735802,0.37501565,False
2025-05-11 18:30:00+00:00,LT.NS,3519.67578125,STAY,2,1,1,STAY,STAY,0.3138093,0.37681708,0.3093736,True
2025-05-11 18:30:00+00:00,INFY.NS,1546.66796875,DOWN,2,0,0,DOWN,DOWN,0.38432735,0.33306226,0.28261036,True
2025-05-11 18:30:00+00:00,HDFCBANK.NS,949.8388671875,STAY,2,1,1,STAY,STAY,0.28980362,0.39244914,0.31774727,True
2025-05-11 18:30:00+00:00,BHARTIARTL.NS,1832.23095703125,DOWN,2,0,0,DOWN,DOWN,0.40022612,0.22190984,0.3778641,True
2025-05-12 18:30:00+00:00,RELIANCE.NS,1403.57861328125,STAY,2,1,0,STAY,DOWN,0.41560957,0.19345884,0.3909316,False
2025-05-12 18:30:00+00:00,BHARTIARTL.NS,1783.0657958984375,STAY,2,1,0,STAY,DOWN,0.40236664,0.23279408,0.36483932,False
2025-05-12 18:30:00+00:00,ITC.NS,400.61956787109375,UP,2,2,0,UP,DOWN,0.48295993,0.16422516,0.35281497,False
2025-05-12 18:30:00+00:00,TCS.NS,3333.851318359375,STAY,2,1,2,STAY,UP,0.34170085,0.20395245,0.45434666,False
2025-05-12 18:30:00+00:00,INFY.NS,1491.2430419921875,STAY,2,1,0,STAY,DOWN,0.4132598,0.18490463,0.40183556,False
2025-05-12 18:30:00+00:00,LT.NS,3499.85595703125,STAY,2,1,0,STAY,DOWN,0.39693353,0.30571052,0.29735598,False
2025-05-12 18:30:00+00:00,HDFCBANK.NS,933.04736328125,STAY,2,1,1,STAY,STAY,0.30031386,0.3846201,0.31506604,True
2025-05-12 18:30:00+00:00,ICICIBANK.NS,1407.777587890625,STAY,2,1,2,STAY,UP,0.35777855,0.20815484,0.43406656,False
2025-05-12 18:30:00+00:00,SBIN.NS,772.0518188476562,STAY,2,1,2,STAY,UP,0.33992448,0.2690112,0.39106432,False
2025-05-12 18:30:00+00:00,TMPV.NS,695.8945922851562,UP,2,2,0,UP,DOWN,0.45756403,0.19368863,0.34874737,False
2025-05-13 18:30:00+00:00,BHARTIARTL.NS,1796.385498046875,STAY,2,1,2,STAY,UP,0.34363002,0.22050215,0.43586785,False
2025-05-13 18:30:00+00:00,HDFCBANK.NS,927.2236938476562,STAY,2,1,1,STAY,STAY,0.28559136,0.39900622,0.31540236,True
2025-05-13 18:30:00+00:00,SBIN.NS,771.0407104492188,STAY,2,1,2,STAY,UP,0.32282263,0.25849792,0.41867942,False
2025-05-13 18:30:00+00:00,RELIANCE.NS,1412.204345703125,STAY,2,1,2,STAY,UP,0.28162584,0.2801458,0.43822837,False
2025-05-13 18:30:00+00:00,LT.NS,3505.84130859375,STAY,2,1,0,STAY,DOWN,0.37374577,0.33667085,0.28958338,False
2025-05-13 18:30:00+00:00,INFY.NS,1513.869384765625,DOWN,2,0,2,DOWN,UP,0.27531913,0.21881025,0.50587064,False
2025-05-13 18:30:00+00:00,ICICIBANK.NS,1403.44775390625,UP,2,2,2,UP,UP,0.38212365,0.20811674,0.4097596,True
2025-05-13 18:30:00+00:00,TCS.NS,3365.814453125,STAY,2,1,0,STAY,DOWN,0.42306283,0.22616339,0.3507738,False
2025-05-13 18:30:00+00:00,ITC.NS,401.7430725097656,STAY,2,1,0,STAY,DOWN,0.49465337,0.16531453,0.3400321,False
2025-05-13 18:30:00+00:00,TMPV.NS,687.29052734375,UP,2,2,0,UP,DOWN,0.45411015,0.15503371,0.39085615,False
2025-05-14 18:30:00+00:00,TMPV.NS,715.9542236328125,DOWN,2,0,0,DOWN,DOWN,0.51213515,0.16342016,0.3244447,True
2025-05-14 18:30:00+00:00,LT.NS,3550.092041015625,DOWN,2,0,0,DOWN,DOWN,0.37126064,0.3454448,0.28329456,True
2025-05-14 18:30:00+00:00,BHARTIARTL.NS,1828.705078125,DOWN,2,0,2,DOWN,UP,0.32113948,0.22645602,0.45240453,False
2025-05-14 18:30:00+00:00,RELIANCE.NS,1441.7491455078125,DOWN,2,0,2,DOWN,UP,0.28330228,0.24518701,0.47151074,False
2025-05-14 18:30:00+00:00,TCS.NS,3395.40673828125,DOWN,2,0,0,DOWN,DOWN,0.46958005,0.20946358,0.32095638,True
2025-05-14 18:30:00+00:00,INFY.NS,1533.453369140625,DOWN,2,0,2,DOWN,UP,0.30530697,0.17699465,0.5176984,False
2025-05-14 18:30:00+00:00,ITC.NS,405.0667419433594,DOWN,2,0,0,DOWN,DOWN,0.43612844,0.17936555,0.384506,True
2025-05-14 18:30:00+00:00,HDFCBANK.NS,938.4827270507812,STAY,2,1,1,STAY,STAY,0.24478027,0.40781114,0.3474086,True
2025-05-14 18:30:00+00:00,SBIN.NS,777.82958984375,STAY,2,1,2,STAY,UP,0.32871446,0.22314447,0.4481411,False
2025-05-14 18:30:00+00:00,ICICIBANK.NS,1427.6553955078125,STAY,2,1,2,STAY,UP,0.3108937,0.2329542,0.4561521,False
2025-05-15 18:30:00+00:00,ITC.NS,407.9223327636719,STAY,2,1,0,STAY,DOWN,0.4591795,0.18201457,0.35880595,False
2025-05-15 18:30:00+00:00,TMPV.NS,718.5108642578125,DOWN,2,0,0,DOWN,DOWN,0.39491287,0.29495853,0.3101286,True
2025-05-15 18:30:00+00:00,ICICIBANK.NS,1430.8043212890625,STAY,2,1,0,STAY,DOWN,0.38139454,0.28772447,0.330881,False
2025-05-15 18:30:00+00:00,HDFCBANK.NS,938.9194946289062,STAY,2,1,2,STAY,UP,0.26659897,0.35557175,0.37782925,False
2025-05-15 18:30:00+00:00,RELIANCE.NS,1443.9302978515625,DOWN,2,0,0,DOWN,DOWN,0.34495077,0.33343697,0.32161224,True
2025-05-15 18:30:00+00:00,SBIN.NS,778.0751342773438,STAY,2,1,2,STAY,UP,0.34374443,0.2949121,0.36134344,False
2025-05-15 18:30:00+00:00,LT.NS,3536.84619140625,STAY,2,1,0,STAY,DOWN,0.43112648,0.3538031,0.21507041,False
2025-05-15 18:30:00+00:00,BHARTIARTL.NS,1776.601806640625,STAY,2,1,0,STAY,DOWN,0.5153061,0.19344121,0.29125273,False
2025-05-15 18:30:00+00:00,TCS.NS,3377.765380859375,DOWN,2,0,0,DOWN,DOWN,0.5086296,0.18637854,0.30499184,True
2025-05-15 18:30:00+00:00,INFY.NS,1511.49267578125,DOWN,2,0,2,DOWN,UP,0.2665998,0.14009906,0.5933012,False
2025-05-18 18:30:00+00:00,TCS.NS,3337.455322265625,STAY,2,1,2,STAY,UP,0.31115097,0.19055098,0.49829802,False
2025-05-18 18:30:00+00:00,ITC.NS,407.5946350097656,UP,2,2,0,UP,DOWN,0.48236722,0.194094,0.3235388,False
2025-05-18 18:30:00+00:00,SBIN.NS,780.9237670898438,STAY,2,1,2,STAY,UP,0.35076964,0.28877187,0.3604585,False
2025-05-18 18:30:00+00:00,ICICIBANK.NS,1425.8841552734375,STAY,2,1,2,STAY,UP,0.35585535,0.28403744,0.36010718,False
2025-05-18 18:30:00+00:00,HDFCBANK.NS,940.8607177734376,STAY,2,1,1,STAY,STAY,0.2574933,0.3996197,0.342887,True
2025-05-18 18:30:00+00:00,INFY.NS,1482.8770751953125,UP,2,2,2,UP,UP,0.2508295,0.15550652,0.593664,True
2025-05-18 18:30:00+00:00,BHARTIARTL.NS,1780.813232421875,UP,2,2,0,UP,DOWN,0.6025836,0.16009332,0.23732312,False
2025-05-18 18:30:00+00:00,TMPV.NS,717.3308715820312,STAY,2,1,0,STAY,DOWN,0.43972784,0.26896808,0.29130405,False
2025-05-18 18:30:00+00:00,LT.NS,3532.43115234375,UP,2,2,0,UP,DOWN,0.5433398,0.23161288,0.22504735,False
2025-05-18 18:30:00+00:00,RELIANCE.NS,1428.4638671875,STAY,2,1,2,STAY,UP,0.28732505,0.28546545,0.42720947,False
2025-05-19 18:30:00+00:00,RELIANCE.NS,1412.4024658203125,STAY,2,1,2,STAY,UP,0.3773183,0.1824268,0.4402549,False
2025-05-19 18:30:00+00:00,LT.NS,3500.640869140625,UP,2,2,0,UP,DOWN,0.5604746,0.15737246,0.28215298,False
2025-05-19 18:30:00+00:00,BHARTIARTL.NS,1771.6070556640625,UP,2,2,0,UP,DOWN,0.4996033,0.24178477,0.258612,False
2025-05-19 18:30:00+00:00,SBIN.NS,771.7393798828125,UP,2,2,0,UP,DOWN,0.42691377,0.21820858,0.3548776,False
2025-05-19 18:30:00+00:00,ICICIBANK.NS,1415.25634765625,STAY,2,1,0,STAY,DOWN,0.44672507,0.20158668,0.3516882,False
2025-05-19 18:30:00+00:00,TMPV.NS,706.90771484375,STAY,2,1,0,STAY,DOWN,0.47488946,0.13619506,0.38891542,False
2025-05-19 18:30:00+00:00,INFY.NS,1483.6375732421875,STAY,2,1,2,STAY,UP,0.1966327,0.20625892,0.59710836,False
2025-05-19 18:30:00+00:00,HDFCBANK.NS,929.3104858398438,STAY,2,1,1,STAY,STAY,0.26605523,0.36760023,0.36634457,True
2025-05-19 18:30:00+00:00,TCS.NS,3318.01220703125,STAY,2,1,2,STAY,UP,0.29248914,0.23061906,0.47689188,False
2025-05-19 18:30:00+00:00,ITC.NS,407.1733093261719,STAY,2,1,0,STAY,DOWN,0.53905046,0.13443919,0.32651037,False
2025-05-20 18:30:00+00:00,SBIN.NS,773.1636352539062,UP,2,2,0,UP,DOWN,0.4503868,0.2491689,0.30044428,False
2025-05-20 18:30:00+00:00,LT.NS,3521.44189453125,UP,2,2,0,UP,DOWN,0.5303098,0.19538635,0.27430382,False
2025-05-20 18:30:00+00:00,TCS.NS,3344.094970703125,STAY,2,1,2,STAY,UP,0.35229993,0.22764423,0.4200558,False
2025-05-20 18:30:00+00:00,HDFCBANK.NS,935.0856323242188,STAY,2,1,1,STAY,STAY,0.28633127,0.36873528,0.34493345,True
2025-05-20 18:30:00+00:00,ICICIBANK.NS,1421.652587890625,STAY,2,1,0,STAY,DOWN,0.43304956,0.2027204,0.3642301,False
2025-05-20 18:30:00+00:00,ITC.NS,405.3944396972656,DOWN,2,0,2,DOWN,UP,0.41438887,0.16042429,0.42518687,False
2025-05-20 18:30:00+00:00,TMPV.NS,714.6759033203125,DOWN,2,0,2,DOWN,UP,0.39729556,0.174255,0.42844942,False
2025-05-20 18:30:00+00:00,INFY.NS,1491.14794921875,STAY,2,1,2,STAY,UP,0.22826597,0.17539787,0.5963361,False
2025-05-20 18:30:00+00:00,BHARTIARTL.NS,1784.9266357421875,UP,2,2,0,UP,DOWN,0.4920893,0.23438546,0.2735252,False
2025-05-20 18:30:00+00:00,RELIANCE.NS,1416.9630126953125,DOWN,2,0,2,DOWN,UP,0.2781367,0.22559595,0.49626738,False
2025-05-21 18:30:00+00:00,RELIANCE.NS,1397.332763671875,STAY,2,1,0,STAY,DOWN,0.41615653,0.1927107,0.3911327,False
2025-05-21 18:30:00+00:00,TMPV.NS,705.4818725585938,STAY,2,1,2,STAY,UP,0.38703462,0.16921782,0.44374755,False
2025-05-21 18:30:00+00:00,ITC.NS,398.934326171875,STAY,2,1,0,STAY,DOWN,0.46114483,0.15471163,0.38414356,False
2025-05-21 18:30:00+00:00,SBIN.NS,771.346435546875,UP,2,2,0,UP,DOWN,0.43850583,0.26942444,0.29206976,False
2025-05-21 18:30:00+00:00,LT.NS,3484.549560546875,UP,2,2,0,UP,DOWN,0.52491313,0.11774167,0.35734525,False
2025-05-21 18:30:00+00:00,INFY.NS,1471.1834716796875,UP,2,2,2,UP,UP,0.16975345,0.20591433,0.6243322,True
2025-05-21 18:30:00+00:00,HDFCBANK.NS,931.7369995117188,STAY,2,1,1,STAY,STAY,0.25024948,0.3794342,0.3703163,True
2025-05-21 18:30:00+00:00,BHARTIARTL.NS,1793.6431884765625,UP,2,2,0,UP,DOWN,0.46296424,0.27437314,0.26266268,False
2025-05-21 18:30:00+00:00,ICICIBANK.NS,1419.0941162109375,STAY,2,1,0,STAY,DOWN,0.44676766,0.21924965,0.3339827,False
2025-05-21 18:30:00+00:00,TCS.NS,3297.809814453125,STAY,2,1,2,STAY,UP,0.34078413,0.18587632,0.4733395,False
2025-05-22 18:30:00+00:00,RELIANCE.NS,1414.5838623046875,STAY,2,1,2,STAY,UP,0.2831952,0.26094925,0.45585558,False
2025-05-22 18:30:00+00:00,BHARTIARTL.NS,1793.9368896484375,UP,2,2,0,UP,DOWN,0.43952858,0.23180689,0.32866454,False
2025-05-22 18:30:00+00:00,ITC.NS,408.4840393066406,DOWN,2,0,0,DOWN,DOWN,0.44319093,0.17343242,0.38337663,True
2025-05-22 18:30:00+00:00,HDFCBANK.NS,938.3856811523438,STAY,2,1,1,STAY,STAY,0.28202406,0.40850288,0.3094731,True
2025-05-22 18:30:00+00:00,ICICIBANK.NS,1426.67138671875,STAY,2,1,0,STAY,DOWN,0.393728,0.24948476,0.35678726,False
2025-05-22 18:30:00+00:00,TCS.NS,3333.471923828125,DOWN,2,0,2,DOWN,UP,0.34047687,0.25296217,0.40656096,False
2025-05-22 18:30:00+00:00,TMPV.NS,706.2685546875,STAY,2,1,2,STAY,UP,0.3515357,0.18583521,0.46262914,False
2025-05-22 18:30:00+00:00,INFY.NS,1487.6304931640625,UP,2,2,2,UP,UP,0.19995664,0.22680418,0.57323915,True
2025-05-22 18:30:00+00:00,LT.NS,3532.13671875,UP,2,2,0,UP,DOWN,0.4736922,0.21540117,0.3109066,False
2025-05-22 18:30:00+00:00,SBIN.NS,776.5034790039062,UP,2,2,0,UP,DOWN,0.3905243,0.30796292,0.30151278,False
2025-05-25 18:30:00+00:00,HDFCBANK.NS,941.588623046875,STAY,2,1,1,STAY,STAY,0.2821121,0.4438027,0.27408525,True
2025-05-25 18:30:00+00:00,RELIANCE.NS,1422.5152587890625,DOWN,2,0,2,DOWN,UP,0.26877218,0.3301589,0.40106896,False
2025-05-25 18:30:00+00:00,INFY.NS,1502.55615234375,STAY,2,1,2,STAY,UP,0.18355545,0.25899342,0.5574511,False
2025-05-25 18:30:00+00:00,TMPV.NS,716.8392333984375,DOWN,2,0,2,DOWN,UP,0.38484508,0.14782603,0.4673289,False
2025-05-25 18:30:00+00:00,SBIN.NS,780.33447265625,UP,2,2,0,UP,DOWN,0.3792108,0.28903246,0.33175674,False
2025-05-25 18:30:00+00:00,ICICIBANK.NS,1437.2989501953125,STAY,2,1,0,STAY,DOWN,0.3669668,0.33024552,0.30278766,False
2025-05-25 18:30:00+00:00,LT.NS,3580.01806640625,STAY,2,1,0,STAY,DOWN,0.5140455,0.25191426,0.23404026,False
2025-05-25 18:30:00+00:00,ITC.NS,414.6632690429688,DOWN,2,0,0,DOWN,DOWN,0.46327543,0.220965,0.31575957,True
2025-05-25 18:30:00+00:00,TCS.NS,3355.002197265625,DOWN,2,0,0,DOWN,DOWN,0.36809835,0.29999357,0.33190805,True
2025-05-25 18:30:00+00:00,BHARTIARTL.NS,1809.3133544921875,STAY,2,1,0,STAY,DOWN,0.39283726,0.27527702,0.33188573,False
2025-05-26 18:30:00+00:00,INFY.NS,1492.669189453125,STAY,2,1,2,STAY,UP,0.17950875,0.18655898,0.63393223,False
2025-05-26 18:30:00+00:00,LT.NS,3571.48193359375,UP,2,2,0,UP,DOWN,0.49131194,0.25205985,0.25662822,False
2025-05-26 18:30:00+00:00,TCS.NS,3318.39111328125,DOWN,2,0,2,DOWN,UP,0.35663578,0.19813938,0.44522485,False
2025-05-26 18:30:00+00:00,ITC.NS,406.2370300292969,DOWN,2,0,0,DOWN,DOWN,0.43832862,0.14111988,0.4205515,True
2025-05-26 18:30:00+00:00,BHARTIARTL.NS,1805.78759765625,STAY,2,1,0,STAY,DOWN,0.4481728,0.23631,0.31551725,False
2025-05-26 18:30:00+00:00,SBIN.NS,779.6468505859375,UP,2,2,0,UP,DOWN,0.38376588,0.25246567,0.3637684,False
2025-05-26 18:30:00+00:00,TMPV.NS,704.4985961914062,DOWN,2,0,2,DOWN,UP,0.3937662,0.1429648,0.463269,False
2025-05-26 18:30:00+00:00,RELIANCE.NS,1409.9239501953125,DOWN,2,0,2,DOWN,UP,0.37478685,0.20862822,0.4165849,False
2025-05-26 18:30:00+00:00,HDFCBANK.NS,934.8429565429688,STAY,2,1,1,STAY,STAY,0.2777445,0.36147386,0.36078167,True
2025-05-26 18:30:00+00:00,ICICIBANK.NS,1423.3255615234375,STAY,2,1,2,STAY,UP,0.36547062,0.22084334,0.41368604,False
2025-05-27 18:30:00+00:00,BHARTIARTL.NS,1817.8338623046875,UP,2,2,0,UP,DOWN,0.39149386,0.2819536,0.3265525,False
2025-05-27 18:30:00+00:00,ITC.NS,400.65911865234375,STAY,2,1,2,STAY,UP,0.33865765,0.27999753,0.38134488,False
2025-05-27 18:30:00+00:00,LT.NS,3577.663330078125,STAY,2,1,0,STAY,DOWN,0.55416375,0.24066475,0.20517156,False
2025-05-27 18:30:00+00:00,HDFCBANK.NS,933.484130859375,STAY,2,1,1,STAY,STAY,0.25233755,0.4081096,0.3395528,True
2025-05-27 18:30:00+00:00,TMPV.NS,705.9735717773438,STAY,2,1,2,STAY,UP,0.27518305,0.16994222,0.5548748,False
2025-05-27 18:30:00+00:00,RELIANCE.NS,1400.8028564453125,STAY,2,1,0,STAY,DOWN,0.434937,0.22102487,0.34403816,False
2025-05-27 18:30:00+00:00,INFY.NS,1494.2852783203125,STAY,2,1,2,STAY,UP,0.19093892,0.25406438,0.55499667,False
2025-05-27 18:30:00+00:00,ICICIBANK.NS,1430.6075439453125,DOWN,2,0,0,DOWN,DOWN,0.36794758,0.31266412,0.3193883,True
2025-05-27 18:30:00+00:00,TCS.NS,3317.443115234375,DOWN,2,0,2,DOWN,UP,0.30721667,0.26567328,0.42711005,False
2025-05-27 18:30:00+00:00,SBIN.NS,782.4463500976562,UP,2,2,0,UP,DOWN,0.4489259,0.24170773,0.30936638,False
2025-05-28 18:30:00+00:00,HDFCBANK.NS,935.4253540039062,UP,2,2,1,UP,STAY,0.2738457,0.39769644,0.32845783,False
2025-05-28 18:30:00+00:00,RELIANCE.NS,1405.660888671875,UP,2,2,0,UP,DOWN,0.47123465,0.19537286,0.33339253,False
2025-05-28 18:30:00+00:00,ITC.NS,399.2765197753906,STAY,2,1,0,STAY,DOWN,0.39312065,0.23739003,0.36948934,False
2025-05-28 18:30:00+00:00,TCS.NS,3317.822265625,DOWN,2,0,2,DOWN,UP,0.34935275,0.22137499,0.42927223,False
2025-05-28 18:30:00+00:00,ICICIBANK.NS,1433.264404296875,STAY,2,1,1,STAY,STAY,0.31441152,0.35371026,0.33187822,True
2025-05-28 18:30:00+00:00,INFY.NS,1507.40478515625,STAY,2,1,2,STAY,UP,0.23413786,0.22923286,0.53662926,False
2025-05-28 18:30:00+00:00,BHARTIARTL.NS,1825.1793212890625,STAY,2,1,0,STAY,DOWN,0.42212692,0.2766476,0.3012255,False
2025-05-28 18:30:00+00:00,SBIN.NS,783.232177734375,UP,2,2,0,UP,DOWN,0.41909587,0.20751488,0.37338918,False
2025-05-28 18:30:00+00:00,LT.NS,3586.494140625,STAY,2,1,0,STAY,DOWN,0.56157345,0.2174361,0.22099042,False
2025-05-28 18:30:00+00:00,TMPV.NS,712.3651123046875,DOWN,2,0,2,DOWN,UP,0.29221594,0.16136102,0.5464231,False
2025-05-29 18:30:00+00:00,RELIANCE.NS,1408.7342529296875,UP,2,2,0,UP,DOWN,0.5188179,0.1790491,0.302133,False
2025-05-29 18:30:00+00:00,LT.NS,3605.92138671875,STAY,2,1,0,STAY,DOWN,0.5061417,0.24754742,0.24631085,False
2025-05-29 18:30:00+00:00,ICICIBANK.NS,1422.7352294921875,STAY,2,1,0,STAY,DOWN,0.34790248,0.31658196,0.33551553,False
2025-05-29 18:30:00+00:00,BHARTIARTL.NS,1817.9317626953125,STAY,2,1,0,STAY,DOWN,0.42693454,0.19822225,0.37484318,False
2025-05-29 18:30:00+00:00,ITC.NS,398.6090698242188,STAY,2,1,2,STAY,UP,0.35367224,0.2818061,0.36452165,False
2025-05-29 18:30:00+00:00,TCS.NS,3284.91015625,DOWN,2,0,2,DOWN,UP,0.33787072,0.19056877,0.4715605,False
2025-05-29 18:30:00+00:00,SBIN.NS,797.91748046875,STAY,2,1,0,STAY,DOWN,0.37742755,0.2583428,0.36422962,False
2025-05-29 18:30:00+00:00,TMPV.NS,707.4976806640625,STAY,2,1,2,STAY,UP,0.28035423,0.18455723,0.53508854,False
2025-05-29 18:30:00+00:00,HDFCBANK.NS,943.86962890625,UP,2,2,1,UP,STAY,0.26878315,0.3896068,0.34161007,False
2025-05-29 18:30:00+00:00,INFY.NS,1506.5369873046875,STAY,2,1,2,STAY,UP,0.21284012,0.21219143,0.57496846,False
2025-06-01 18:30:00+00:00,TMPV.NS,699.7294311523438,UP,2,2,2,UP,UP,0.27964267,0.1605713,0.55978596,True
2025-06-01 18:30:00+00:00,SBIN.NS,799.2435913085938,STAY,2,1,2,STAY,UP,0.35338163,0.25808513,0.38853326,False
2025-06-01 18:30:00+00:00,BHARTIARTL.NS,1815.8751220703125,STAY,2,1,0,STAY,DOWN,0.53094107,0.18035726,0.28870162,False
2025-06-01 18:30:00+00:00,RELIANCE.NS,1401.5958251953125,UP,2,2,0,UP,DOWN,0.5516287,0.18761815,0.26075312,False
2025-06-01 18:30:00+00:00,ICICIBANK.NS,1427.360107421875,DOWN,2,0,1,DOWN,STAY,0.30333072,0.35720453,0.3394647,False
2025-06-01 18:30:00+00:00,LT.NS,3610.336669921875,STAY,2,1,0,STAY,DOWN,0.5034012,0.27821884,0.21837997,False
2025-06-01 18:30:00+00:00,HDFCBANK.NS,937.6577758789062,UP,2,2,1,UP,STAY,0.2694387,0.37789172,0.3526696,False
2025-06-01 18:30:00+00:00,INFY.NS,1497.9569091796875,UP,2,2,2,UP,UP,0.26295874,0.20341803,0.5336232,True
2025-06-01 18:30:00+00:00,ITC.NS,399.8009338378906,STAY,2,1,1,STAY,STAY,0.3408227,0.3602027,0.29897463,True
2025-06-01 18:30:00+00:00,TCS.NS,3272.011474609375,STAY,2,1,0,STAY,DOWN,0.38359958,0.26770282,0.34869763,False
2025-06-02 18:30:00+00:00,ITC.NS,397.5602722167969,UP,2,2,1,UP,STAY,0.3596771,0.38537237,0.25495052,False
2025-06-02 18:30:00+00:00,HDFCBANK.NS,934.0179443359376,UP,2,2,2,UP,UP,0.27589262,0.3300746,0.3940328,True
2025-06-02 18:30:00+00:00,BHARTIARTL.NS,1803.339111328125,STAY,2,1,0,STAY,DOWN,0.46174818,0.2452118,0.29304004,False
2025-06-02 18:30:00+00:00,RELIANCE.NS,1393.466064453125,UP,2,2,0,UP,DOWN,0.55564064,0.18628311,0.25807628,False
2025-06-02 18:30:00+00:00,TMPV.NS,692.1087646484375,UP,2,2,2,UP,UP,0.31156477,0.13788505,0.5505502,True
2025-06-02 18:30:00+00:00,INFY.NS,1487.5450439453125,UP,2,2,2,UP,UP,0.267173,0.21128482,0.5215422,True
2025-06-02 18:30:00+00:00,SBIN.NS,795.4617309570312,STAY,2,1,0,STAY,DOWN,0.45586365,0.18965967,0.35447672,False
2025-06-02 18:30:00+00:00,LT.NS,3609.54443359375,STAY,2,1,0,STAY,DOWN,0.5563677,0.2039111,0.23972125,False
2025-06-02 18:30:00+00:00,TCS.NS,3229.709716796875,UP,2,2,2,UP,UP,0.3533789,0.22708288,0.41953826,True
2025-06-02 18:30:00+00:00,ICICIBANK.NS,1414.961181640625,DOWN,2,0,2,DOWN,UP,0.33810765,0.3085494,0.35334298,False
2025-06-03 18:30:00+00:00,TMPV.NS,703.3157958984375,UP,2,2,2,UP,UP,0.29742312,0.16183813,0.5407387,True
2025-06-03 18:30:00+00:00,RELIANCE.NS,1411.3118896484375,UP,2,2,0,UP,DOWN,0.39405945,0.23825435,0.36768615,False
2025-06-03 18:30:00+00:00,LT.NS,3591.42138671875,UP,2,2,0,UP,DOWN,0.5203365,0.18429314,0.2953703,False
2025-06-03 18:30:00+00:00,BHARTIARTL.NS,1836.736083984375,STAY,2,1,0,STAY,DOWN,0.5206387,0.21613708,0.2632242,False
2025-06-03 18:30:00+00:00,HDFCBANK.NS,942.0740356445312,STAY,2,1,1,STAY,STAY,0.27438664,0.3781065,0.34750688,True
2025-06-03 18:30:00+00:00,ITC.NS,397.60791015625,UP,2,2,0,UP,DOWN,0.37539035,0.34007773,0.28453192,False
2025-06-03 18:30:00+00:00,TCS.NS,3235.164306640625,UP,2,2,2,UP,UP,0.32088593,0.30851474,0.37059933,True
2025-06-03 18:30:00+00:00,SBIN.NS,792.2201538085938,UP,2,2,0,UP,DOWN,0.42253807,0.29035568,0.28710625,False
2025-06-03 18:30:00+00:00,INFY.NS,1495.4503173828125,UP,2,2,2,UP,UP,0.28430438,0.24130693,0.47438872,True
2025-06-03 18:30:00+00:00,ICICIBANK.NS,1408.171142578125,STAY,2,1,1,STAY,STAY,0.33370376,0.36704797,0.29924834,True
2025-06-04 18:30:00+00:00,LT.NS,3607.36572265625,DOWN,2,0,0,DOWN,DOWN,0.6120102,0.16043478,0.22755504,True
2025-06-04 18:30:00+00:00,HDFCBANK.NS,946.1505126953124,STAY,2,1,2,STAY,UP,0.26508847,0.35661495,0.37829658,False
2025-06-04 18:30:00+00:00,SBIN.NS,791.72900390625,STAY,2,1,0,STAY,DOWN,0.41042808,0.2678824,0.32168952,False
2025-06-04 18:30:00+00:00,TCS.NS,3225.786865234375,UP,2,2,2,UP,UP,0.34173393,0.2609581,0.3973079,True
2025-06-04 18:30:00+00:00,TMPV.NS,704.3075561523438,STAY,2,1,2,STAY,UP,0.3274137,0.172719,0.4998673,False
2025-06-04 18:30:00+00:00,ITC.NS,399.6102600097656,STAY,2,1,0,STAY,DOWN,0.35188675,0.3036472,0.34446603,False
2025-06-04 18:30:00+00:00,ICICIBANK.NS,1431.5916748046875,DOWN,2,0,1,DOWN,STAY,0.2930027,0.3572655,0.34973177,False
2025-06-04 18:30:00+00:00,BHARTIARTL.NS,1840.06591796875,DOWN,2,0,0,DOWN,DOWN,0.4891966,0.20698364,0.30381984,True
2025-06-04 18:30:00+00:00,INFY.NS,1498.43896484375,UP,2,2,2,UP,UP,0.28417173,0.21078792,0.50504035,True
2025-06-04 18:30:00+00:00,RELIANCE.NS,1430.0501708984375,STAY,2,1,0,STAY,DOWN,0.38402537,0.24071711,0.37525755,False
2025-06-05 18:30:00+00:00,HDFCBANK.NS,960.27294921875,DOWN,2,0,1,DOWN,STAY,0.27180767,0.4330898,0.2951025,False
2025-06-05 18:30:00+00:00,TCS.NS,3238.32177734375,UP,2,2,0,UP,DOWN,0.35183352,0.29911906,0.34904742,False
2025-06-05 18:30:00+00:00,RELIANCE.NS,1431.140625,DOWN,2,0,0,DOWN,DOWN,0.36566833,0.2921489,0.34218282,True
2025-06-05 18:30:00+00:00,ITC.NS,401.4695739746094,DOWN,2,0,0,DOWN,DOWN,0.33694467,0.3264917,0.33656365,True
2025-06-05 18:30:00+00:00,ICICIBANK.NS,1436.413330078125,DOWN,2,0,2,DOWN,UP,0.2905867,0.35135472,0.3580585,False
2025-06-05 18:30:00+00:00,INFY.NS,1507.5975341796875,UP,2,2,2,UP,UP,0.3051253,0.24064071,0.454234,True
2025-06-05 18:30:00+00:00,LT.NS,3620.93310546875,DOWN,2,0,0,DOWN,DOWN,0.37639287,0.3081707,0.31543642,True
2025-06-05 18:30:00+00:00,TMPV.NS,705.1505737304688,STAY,2,1,2,STAY,UP,0.27902204,0.16980289,0.55117506,False
2025-06-05 18:30:00+00:00,BHARTIARTL.NS,1831.643310546875,DOWN,2,0,0,DOWN,DOWN,0.49340904,0.22137833,0.28521267,True
2025-06-05 18:30:00+00:00,SBIN.NS,798.6541748046875,DOWN,2,0,0,DOWN,DOWN,0.39065626,0.31261837,0.29672536,True
2025-06-08 18:30:00+00:00,LT.NS,3643.314453125,DOWN,2,0,0,DOWN,DOWN,0.40070567,0.2880518,0.31124255,True
2025-06-08 18:30:00+00:00,INFY.NS,1516.3704833984375,UP,2,2,0,UP,DOWN,0.4133872,0.21426976,0.372343,False
2025-06-08 18:30:00+00:00,BHARTIARTL.NS,1826.6484375,STAY,2,1,0,STAY,DOWN,0.50408,0.25636783,0.23955214,False
2025-06-08 18:30:00+00:00,TMPV.NS,711.8945922851562,DOWN,2,0,2,DOWN,UP,0.30574402,0.20570259,0.48855338,False
2025-06-08 18:30:00+00:00,HDFCBANK.NS,960.3700561523438,DOWN,2,0,0,DOWN,DOWN,0.4027344,0.3303534,0.26691213,True
2025-06-08 18:30:00+00:00,ICICIBANK.NS,1411.91064453125,STAY,2,1,0,STAY,DOWN,0.3662959,0.29931954,0.33438453,False
2025-06-08 18:30:00+00:00,TCS.NS,3274.39697265625,UP,2,2,2,UP,UP,0.28881925,0.30974698,0.4014338,True
2025-06-08 18:30:00+00:00,SBIN.NS,805.5302734375,DOWN,2,0,0,DOWN,DOWN,0.3544715,0.3140284,0.33150002,True
2025-06-08 18:30:00+00:00,RELIANCE.NS,1436.3953857421875,STAY,2,1,2,STAY,UP,0.3066177,0.29234987,0.4010324,False
2025-06-08 18:30:00+00:00,ITC.NS,403.3765563964844,DOWN,2,0,2,DOWN,UP,0.28406253,0.3411545,0.37478295,False
2025-06-09 18:30:00+00:00,SBIN.NS,802.5833740234375,DOWN,2,0,0,DOWN,DOWN,0.45228478,0.29265267,0.25506255,True
2025-06-09 18:30:00+00:00,TCS.NS,3313.62939453125,UP,2,2,0,UP,DOWN,0.41429907,0.25618055,0.3295204,False
2025-06-09 18:30:00+00:00,HDFCBANK.NS,953.7698974609376,DOWN,2,0,1,DOWN,STAY,0.37061983,0.39111266,0.23826745,False
2025-06-09 18:30:00+00:00,INFY.NS,1538.6402587890625,UP,2,2,2,UP,UP,0.39559186,0.18580964,0.41859853,True
2025-06-09 18:30:00+00:00,ITC.NS,407.1428833007813,DOWN,2,0,2,DOWN,UP,0.33574793,0.28586182,0.37839022,False
2025-06-09 18:30:00+00:00,LT.NS,3644.205810546875,DOWN,2,0,0,DOWN,DOWN,0.48532093,0.24301831,0.2716608,True
2025-06-09 18:30:00+00:00,TMPV.NS,726.2257690429688,DOWN,2,0,2,DOWN,UP,0.29265153,0.14275828,0.5645902,False
2025-06-09 18:30:00+00:00,RELIANCE.NS,1426.1834716796875,STAY,2,1,0,STAY,DOWN,0.3836417,0.28470853,0.33164978,False
2025-06-09 18:30:00+00:00,ICICIBANK.NS,1400.200439453125,STAY,2,1,0,STAY,DOWN,0.41514823,0.28134257,0.30350927,False
2025-06-09 18:30:00+00:00,BHARTIARTL.NS,1818.813232421875,STAY,2,1,0,STAY,DOWN,0.41541764,0.27225938,0.312323,False
2025-06-10 18:30:00+00:00,ITC.NS,406.3323974609375,DOWN,2,0,2,DOWN,UP,0.34973255,0.27107975,0.3791877,False
2025-06-10 18:30:00+00:00,LT.NS,3649.157470703125,DOWN,2,0,0,DOWN,DOWN,0.48707578,0.25178063,0.26114357,True
2025-06-10 18:30:00+00:00,TCS.NS,3322.241455078125,STAY,2,1,0,STAY,DOWN,0.42736158,0.25185263,0.3207858,False
2025-06-10 18:30:00+00:00,INFY.NS,1572.478759765625,STAY,2,1,1,STAY,STAY,0.32955834,0.37769845,0.29274318,True
2025-06-10 18:30:00+00:00,RELIANCE.NS,1436.4945068359375,DOWN,2,0,0,DOWN,DOWN,0.38652653,0.30710998,0.3063635,True
2025-06-10 18:30:00+00:00,SBIN.NS,800.6187744140625,DOWN,2,0,0,DOWN,DOWN,0.41444096,0.32427204,0.261287,True
2025-06-10 18:30:00+00:00,TMPV.NS,730.3416137695312,DOWN,2,0,2,DOWN,UP,0.2763076,0.18362217,0.5400702,False
2025-06-10 18:30:00+00:00,ICICIBANK.NS,1408.171142578125,DOWN,2,0,0,DOWN,DOWN,0.41783878,0.27380615,0.30835515,True
2025-06-10 18:30:00+00:00,HDFCBANK.NS,946.5388793945312,STAY,2,1,0,STAY,DOWN,0.38177937,0.3515321,0.2666885,False
2025-06-10 18:30:00+00:00,BHARTIARTL.NS,1821.849365234375,STAY,2,1,0,STAY,DOWN,0.42691272,0.25553036,0.31755686,False
2025-06-11 18:30:00+00:00,INFY.NS,1550.787353515625,STAY,2,1,0,STAY,DOWN,0.4702416,0.14634295,0.38341537,False
2025-06-11 18:30:00+00:00,BHARTIARTL.NS,1806.17919921875,UP,2,2,0,UP,DOWN,0.44266742,0.24237707,0.31495544,False
2025-06-11 18:30:00+00:00,RELIANCE.NS,1429.2569580078125,STAY,2,1,0,STAY,DOWN,0.5142221,0.2559139,0.22986399,False
2025-06-11 18:30:00+00:00,HDFCBANK.NS,943.1417236328124,STAY,2,1,1,STAY,STAY,0.32975557,0.3825988,0.2876456,True
2025-06-11 18:30:00+00:00,ITC.NS,401.421875,DOWN,2,0,2,DOWN,UP,0.35057265,0.26412833,0.38529903,False
2025-06-11 18:30:00+00:00,ICICIBANK.NS,1402.4637451171875,STAY,2,1,0,STAY,DOWN,0.4350352,0.33460367,0.2303611,False
2025-06-11 18:30:00+00:00,TMPV.NS,709.4647827148438,DOWN,2,0,2,DOWN,UP,0.33513403,0.14105752,0.5238084,False
2025-06-11 18:30:00+00:00,SBIN.NS,791.679931640625,DOWN,2,0,0,DOWN,DOWN,0.3875461,0.30582938,0.30662453,True
2025-06-11 18:30:00+00:00,TCS.NS,3286.16650390625,STAY,2,1,2,STAY,UP,0.34200126,0.21590967,0.44208905,False
2025-06-11 18:30:00+00:00,LT.NS,3569.039794921875,STAY,2,1,0,STAY,DOWN,0.6492359,0.11033917,0.24042495,False
2025-06-12 18:30:00+00:00,SBIN.NS,778.3206787109375,STAY,2,1,0,STAY,DOWN,0.4185815,0.33070418,0.25071433,False
2025-06-12 18:30:00+00:00,LT.NS,3552.699462890625,UP,2,2,0,UP,DOWN,0.4297824,0.15570103,0.41451657,False
2025-06-12 18:30:00+00:00,ITC.NS,394.6520690917969,UP,2,2,1,UP,STAY,0.35494864,0.36055517,0.2844962,False
2025-06-12 18:30:00+00:00,INFY.NS,1544.424560546875,UP,2,2,2,UP,UP,0.39975375,0.16180648,0.43843976,True
2025-06-12 18:30:00+00:00,TCS.NS,3297.1708984375,STAY,2,1,0,STAY,DOWN,0.4764922,0.22343168,0.30007607,False
2025-06-12 18:30:00+00:00,BHARTIARTL.NS,1802.4576416015625,UP,2,2,0,UP,DOWN,0.46818656,0.22286713,0.30894628,False
2025-06-12 18:30:00+00:00,RELIANCE.NS,1415.67431640625,UP,2,2,0,UP,DOWN,0.49236178,0.24435486,0.26328328,False
2025-06-12 18:30:00+00:00,ICICIBANK.NS,1393.5089111328125,STAY,2,1,0,STAY,DOWN,0.49375483,0.2841379,0.22210723,False
2025-06-12 18:30:00+00:00,HDFCBANK.NS,930.620849609375,UP,2,2,1,UP,STAY,0.3589789,0.40232122,0.2386999,False
2025-06-12 18:30:00+00:00,TMPV.NS,706.19189453125,DOWN,2,0,2,DOWN,UP,0.35259283,0.166976,0.48043123,False
2025-06-15 18:30:00+00:00,ITC.NS,398.7521362304688,DOWN,2,0,1,DOWN,STAY,0.3261276,0.3668162,0.3070562,False
2025-06-15 18:30:00+00:00,BHARTIARTL.NS,1822.9267578125,UP,2,2,0,UP,DOWN,0.49830523,0.22033346,0.28136128,False
2025-06-15 18:30:00+00:00,ICICIBANK.NS,1404.1365966796875,STAY,2,1,0,STAY,DOWN,0.5197278,0.25594607,0.2243261,False
2025-06-15 18:30:00+00:00,RELIANCE.NS,1425.489501953125,UP,2,2,0,UP,DOWN,0.5054144,0.26344338,0.23114215,False
2025-06-15 18:30:00+00:00,HDFCBANK.NS,939.2592163085938,STAY,2,1,0,STAY,DOWN,0.36469197,0.35945296,0.2758551,False
2025-06-15 18:30:00+00:00,TMPV.NS,681.0009155273438,DOWN,2,0,0,DOWN,DOWN,0.40345845,0.23143412,0.3651074,True
2025-06-15 18:30:00+00:00,SBIN.NS,778.4680786132812,STAY,2,1,0,STAY,DOWN,0.47381192,0.25702384,0.26916426,False
2025-06-15 18:30:00+00:00,LT.NS,3593.599853515625,DOWN,2,0,0,DOWN,DOWN,0.561314,0.16095167,0.2777343,True
2025-06-15 18:30:00+00:00,INFY.NS,1565.441162109375,DOWN,2,0,0,DOWN,DOWN,0.44784892,0.15942214,0.39272892,True
2025-06-15 18:30:00+00:00,TCS.NS,3345.590087890625,DOWN,2,0,0,DOWN,DOWN,0.4106088,0.21670002,0.3726912,True
2025-06-16 18:30:00+00:00,TCS.NS,3363.770751953125,DOWN,2,0,0,DOWN,DOWN,0.43098325,0.24426512,0.32475165,True
2025-06-16 18:30:00+00:00,LT.NS,3587.261962890625,STAY,2,1,0,STAY,DOWN,0.58836967,0.12102997,0.29060036,False
2025-06-16 18:30:00+00:00,HDFCBANK.NS,936.4444580078124,UP,2,2,1,UP,STAY,0.33432472,0.3665368,0.2991385,False
2025-06-16 18:30:00+00:00,ICICIBANK.NS,1400.4957275390625,STAY,2,1,0,STAY,DOWN,0.46529934,0.25191808,0.28278255,False
2025-06-16 18:30:00+00:00,SBIN.NS,778.2716064453125,STAY,2,1,0,STAY,DOWN,0.40010574,0.3380833,0.26181096,False
2025-06-16 18:30:00+00:00,BHARTIARTL.NS,1816.560791015625,UP,2,2,0,UP,DOWN,0.5152826,0.1803705,0.3043469,False
2025-06-16 18:30:00+00:00,TMPV.NS,669.1987915039062,STAY,2,1,0,STAY,DOWN,0.40315622,0.22965564,0.36718816,False
2025-06-16 18:30:00+00:00,ITC.NS,397.98931884765625,STAY,2,1,2,STAY,UP,0.33106723,0.3333061,0.33562663,False
2025-06-16 18:30:00+00:00,RELIANCE.NS,1418.9459228515625,UP,2,2,0,UP,DOWN,0.431567,0.2509683,0.31746465,False
2025-06-16 18:30:00+00:00,INFY.NS,1580.9625244140625,DOWN,2,0,0,DOWN,DOWN,0.39866552,0.21121456,0.39012,True
2025-06-17 18:30:00+00:00,INFY.NS,1574.214111328125,DOWN,2,0,0,DOWN,DOWN,0.4085199,0.20474473,0.38673538,True
2025-06-17 18:30:00+00:00,ICICIBANK.NS,1390.0648193359375,STAY,2,1,0,STAY,DOWN,0.45216814,0.28971487,0.258117,False
2025-06-17 18:30:00+00:00,HDFCBANK.NS,938.5313110351562,UP,2,2,0,UP,DOWN,0.3423683,0.32791436,0.3297174,False
2025-06-17 18:30:00+00:00,SBIN.NS,777.8787231445312,UP,2,2,0,UP,DOWN,0.37872818,0.36009225,0.26117954,False
2025-06-17 18:30:00+00:00,BHARTIARTL.NS,1827.4320068359373,UP,2,2,0,UP,DOWN,0.528608,0.20391323,0.26747873,False
2025-06-17 18:30:00+00:00,TCS.NS,3302.625,STAY,2,1,0,STAY,DOWN,0.4472691,0.16830301,0.38442793,False
2025-06-17 18:30:00+00:00,RELIANCE.NS,1417.85546875,UP,2,2,0,UP,DOWN,0.44133982,0.29545563,0.2632046,False
2025-06-17 18:30:00+00:00,LT.NS,3566.6630859375,STAY,2,1,0,STAY,DOWN,0.570579,0.121689044,0.307732,False
2025-06-17 18:30:00+00:00,ITC.NS,396.5590515136719,STAY,2,1,1,STAY,STAY,0.32522935,0.37531316,0.29945752,True
2025-06-17 18:30:00+00:00,TMPV.NS,664.73583984375,STAY,2,1,2,STAY,UP,0.38170457,0.2044001,0.4138953,False
2025-06-18 18:30:00+00:00,BHARTIARTL.NS,1838.3031005859373,UP,2,2,0,UP,DOWN,0.5742244,0.18016598,0.24560963,False
2025-06-18 18:30:00+00:00,RELIANCE.NS,1421.028076171875,UP,2,2,0,UP,DOWN,0.4069406,0.26650664,0.3265527,False
2025-06-18 18:30:00+00:00,HDFCBANK.NS,939.210693359375,UP,2,2,1,UP,STAY,0.3146719,0.3628714,0.3224567,False
2025-06-18 18:30:00+00:00,TCS.NS,3276.40625,STAY,2,1,2,STAY,UP,0.32871446,0.21176809,0.45951745,False
2025-06-18 18:30:00+00:00,SBIN.NS,771.1990356445312,UP,2,2,0,UP,DOWN,0.35300404,0.35149857,0.29549742,False
2025-06-18 18:30:00+00:00,ICICIBANK.NS,1388.78564453125,UP,2,2,0,UP,DOWN,0.39756504,0.33872145,0.26371357,False
2025-06-18 18:30:00+00:00,LT.NS,3586.07373046875,UP,2,2,0,UP,DOWN,0.5808727,0.08491597,0.33421138,False
2025-06-18 18:30:00+00:00,ITC.NS,396.6544189453125,UP,2,2,2,UP,UP,0.328154,0.29404193,0.37780404,True
2025-06-18 18:30:00+00:00,TMPV.NS,666.7689208984375,UP,2,2,2,UP,UP,0.29647464,0.2374708,0.4660545,True
2025-06-18 18:30:00+00:00,INFY.NS,1560.2352294921875,STAY,2,1,0,STAY,DOWN,0.438054,0.14713857,0.4148074,False
2025-06-19 18:30:00+00:00,INFY.NS,1564.573486328125,STAY,2,1,2,STAY,UP,0.38797,0.141152,0.47087806,False
2025-06-19 18:30:00+00:00,ITC.NS,399.0858154296875,STAY,2,1,2,STAY,UP,0.21567294,0.24845509,0.5358719,False
2025-06-19 18:30:00+00:00,HDFCBANK.NS,953.4786987304688,UP,2,2,1,UP,STAY,0.33643788,0.34362838,0.31993377,False
2025-06-19 18:30:00+00:00,TMPV.NS,670.6369018554688,UP,2,2,2,UP,UP,0.24119616,0.2711502,0.48765364,True
2025-06-19 18:30:00+00:00,RELIANCE.NS,1453.6463623046875,UP,2,2,1,UP,STAY,0.3547815,0.3757708,0.2694477,False
2025-06-19 18:30:00+00:00,LT.NS,3626.577880859375,STAY,2,1,0,STAY,DOWN,0.5000019,0.116415896,0.3835822,False
2025-06-19 18:30:00+00:00,BHARTIARTL.NS,1896.772216796875,UP,2,2,0,UP,DOWN,0.3731153,0.3417263,0.28515834,False
2025-06-19 18:30:00+00:00,ICICIBANK.NS,1404.33349609375,UP,2,2,0,UP,DOWN,0.46133858,0.24832837,0.2903331,False
2025-06-19 18:30:00+00:00,TCS.NS,3287.60205078125,STAY,2,1,0,STAY,DOWN,0.4239064,0.21126866,0.36482495,False
2025-06-19 18:30:00+00:00,SBIN.NS,782.053466796875,UP,2,2,0,UP,DOWN,0.4331515,0.30950278,0.25734574,False
2025-06-22 18:30:00+00:00,ITC.NS,394.6520690917969,STAY,2,1,2,STAY,UP,0.33342126,0.28570798,0.3808708,False
2025-06-22 18:30:00+00:00,LT.NS,3549.03515625,UP,2,2,0,UP,DOWN,0.5844557,0.14046049,0.27508378,False
2025-06-22 18:30:00+00:00,RELIANCE.NS,1444.326904296875,UP,2,2,0,UP,DOWN,0.38371563,0.32514462,0.29113975,False
2025-06-22 18:30:00+00:00,TMPV.NS,665.7276000976562,UP,2,2,2,UP,UP,0.28920528,0.21877156,0.49202314,True
2025-06-22 18:30:00+00:00,HDFCBANK.NS,945.5681762695312,UP,2,2,0,UP,DOWN,0.40412483,0.27169335,0.32418185,False
2025-06-22 18:30:00+00:00,ICICIBANK.NS,1397.445068359375,UP,2,2,0,UP,DOWN,0.45405784,0.25946796,0.2864742,False
2025-06-22 18:30:00+00:00,BHARTIARTL.NS,1896.3804931640625,UP,2,2,0,UP,DOWN,0.47570217,0.29962173,0.22467606,False
2025-06-22 18:30:00+00:00,TCS.NS,3247.31689453125,UP,2,2,2,UP,UP,0.31421894,0.19061452,0.4951665,True
2025-06-22 18:30:00+00:00,SBIN.NS,776.2088012695312,UP,2,2,0,UP,DOWN,0.40162027,0.34993222,0.24844752,False
2025-06-22 18:30:00+00:00,INFY.NS,1527.071533203125,UP,2,2,0,UP,DOWN,0.47007453,0.15177394,0.37815148,False
2025-06-23 18:30:00+00:00,TMPV.NS,668.1078491210938,UP,2,2,2,UP,UP,0.23408398,0.21292703,0.552989,True
2025-06-23 18:30:00+00:00,BHARTIARTL.NS,1893.7362060546875,UP,2,2,0,UP,DOWN,0.51304746,0.21416184,0.2727907,False
2025-06-23 18:30:00+00:00,TCS.NS,3244.254638671875,UP,2,2,2,UP,UP,0.3149617,0.24677433,0.438264,True
2025-06-23 18:30:00+00:00,ICICIBANK.NS,1401.38134765625,STAY,2,1,0,STAY,DOWN,0.418132,0.26674703,0.31512102,False
2025-06-23 18:30:00+00:00,LT.NS,3569.93115234375,UP,2,2,0,UP,DOWN,0.64524585,0.1094077,0.24534643,False
2025-06-23 18:30:00+00:00,SBIN.NS,781.3167114257812,UP,2,2,0,UP,DOWN,0.3933319,0.30866224,0.29800588,False
2025-06-23 18:30:00+00:00,INFY.NS,1524.7576904296875,UP,2,2,2,UP,UP,0.40772086,0.1783156,0.41396353,True
2025-06-23 18:30:00+00:00,RELIANCE.NS,1438.378173828125,UP,2,2,0,UP,DOWN,0.40569684,0.24086617,0.35343698,False
2025-06-23 18:30:00+00:00,HDFCBANK.NS,951.634521484375,UP,2,2,2,UP,UP,0.3387167,0.31515223,0.34613106,True
2025-06-23 18:30:00+00:00,ITC.NS,395.0811767578125,STAY,2,1,1,STAY,STAY,0.2980192,0.40272793,0.2992528,True
2025-06-24 18:30:00+00:00,LT.NS,3584.7861328125,STAY,2,1,0,STAY,DOWN,0.6131632,0.09444704,0.2923898,False
2025-06-24 18:30:00+00:00,HDFCBANK.NS,961.0009155273438,UP,2,2,0,UP,DOWN,0.34888205,0.3180235,0.33309448,False
2025-06-24 18:30:00+00:00,ICICIBANK.NS,1403.0543212890625,STAY,2,1,0,STAY,DOWN,0.4655735,0.23730591,0.2971206,False
2025-06-24 18:30:00+00:00,RELIANCE.NS,1454.737060546875,UP,2,2,0,UP,DOWN,0.40395865,0.30563787,0.2904035,False
2025-06-24 18:30:00+00:00,INFY.NS,1556.8609619140625,STAY,2,1,2,STAY,UP,0.384171,0.196402,0.41942704,False
2025-06-24 18:30:00+00:00,SBIN.NS,785.8843383789062,UP,2,2,0,UP,DOWN,0.41235366,0.31529248,0.27235383,False
2025-06-24 18:30:00+00:00,TMPV.NS,668.9508666992188,UP,2,2,2,UP,UP,0.2961114,0.21473436,0.4891542,True
2025-06-24 18:30:00+00:00,ITC.NS,396.9881286621094,STAY,2,1,2,STAY,UP,0.34015134,0.23536833,0.42448035,False
2025-06-24 18:30:00+00:00,BHARTIARTL.NS,1925.076416015625,UP,2,2,0,UP,DOWN,0.49167433,0.24815339,0.26017225,False
2025-06-24 18:30:00+00:00,TCS.NS,3296.309814453125,STAY,2,1,0,STAY,DOWN,0.43050602,0.22206406,0.34742987,False
2025-06-25 18:30:00+00:00,BHARTIARTL.NS,1972.7725830078125,STAY,2,1,0,STAY,DOWN,0.47741634,0.29000595,0.23257771,False
2025-06-25 18:30:00+00:00,HDFCBANK.NS,981.1896362304688,STAY,2,1,1,STAY,STAY,0.29317886,0.42588788,0.28093326,True
2025-06-25 18:30:00+00:00,RELIANCE.NS,1482.4971923828125,UP,2,2,1,UP,STAY,0.32079667,0.40261382,0.2765895,False
2025-06-25 18:30:00+00:00,INFY.NS,1557.92138671875,STAY,2,1,0,STAY,DOWN,0.42598256,0.1891321,0.38488537,False
2025-06-25 18:30:00+00:00,TMPV.NS,677.1329956054688,UP,2,2,2,UP,UP,0.31280336,0.2120742,0.47512245,True
2025-06-25 18:30:00+00:00,ICICIBANK.NS,1416.14208984375,STAY,2,1,0,STAY,DOWN,0.4277759,0.24077569,0.33144847,False
2025-06-25 18:30:00+00:00,TCS.NS,3293.439208984375,DOWN,2,0,2,DOWN,UP,0.37626746,0.21610308,0.4076295,False
2025-06-25 18:30:00+00:00,ITC.NS,400.7544250488281,DOWN,2,0,2,DOWN,UP,0.19667861,0.138695,0.66462636,False
2025-06-25 18:30:00+00:00,LT.NS,3624.201171875,DOWN,2,0,0,DOWN,DOWN,0.5406452,0.13120252,0.3281523,True
2025-06-25 18:30:00+00:00,SBIN.NS,782.9375,UP,2,2,0,UP,DOWN,0.38597125,0.28769198,0.32633683,False
2025-06-26 18:30:00+00:00,TCS.NS,3292.769775390625,STAY,2,1,0,STAY,DOWN,0.41981208,0.21152967,0.36865824,False
2025-06-26 18:30:00+00:00,TMPV.NS,681.2488403320312,STAY,2,1,2,STAY,UP,0.31223807,0.2050885,0.4826734,False
2025-06-26 18:30:00+00:00,RELIANCE.NS,1502.425048828125,STAY,2,1,1,STAY,STAY,0.28423315,0.4793917,0.23637517,True
2025-06-26 18:30:00+00:00,BHARTIARTL.NS,1985.3084716796875,STAY,2,1,0,STAY,DOWN,0.4653649,0.3467654,0.18786967,False
2025-06-26 18:30:00+00:00,ITC.NS,399.1811828613281,DOWN,2,0,2,DOWN,UP,0.18448314,0.13396312,0.6815538,False
2025-06-26 18:30:00+00:00,LT.NS,3643.611572265625,DOWN,2,0,0,DOWN,DOWN,0.5298088,0.13704348,0.3331477,True
2025-06-26 18:30:00+00:00,ICICIBANK.NS,1438.87353515625,DOWN,2,0,2,DOWN,UP,0.34262395,0.26660958,0.39076647,False
2025-06-26 18:30:00+00:00,SBIN.NS,791.1396484375,STAY,2,1,0,STAY,DOWN,0.3557306,0.3234524,0.32081696,False
2025-06-26 18:30:00+00:00,HDFCBANK.NS,988.5983276367188,DOWN,2,0,1,DOWN,STAY,0.30572444,0.4334965,0.260779,False
2025-06-26 18:30:00+00:00,INFY.NS,1550.208984375,UP,2,2,0,UP,DOWN,0.42419574,0.18059038,0.3952139,False
2025-06-29 18:30:00+00:00,ICICIBANK.NS,1422.7352294921875,STAY,2,1,0,STAY,DOWN,0.38923135,0.2370235,0.3737452,False
2025-06-29 18:30:00+00:00,TCS.NS,3312.768310546875,DOWN,2,0,0,DOWN,DOWN,0.4095685,0.23995323,0.35047823,True
2025-06-29 18:30:00+00:00,TMPV.NS,682.3397827148438,STAY,2,1,2,STAY,UP,0.30631667,0.20267075,0.4910125,False
2025-06-29 18:30:00+00:00,SBIN.NS,805.824951171875,DOWN,2,0,0,DOWN,DOWN,0.36227563,0.33438617,0.30333823,True
2025-06-29 18:30:00+00:00,RELIANCE.NS,1487.7518310546875,UP,2,2,0,UP,DOWN,0.39667532,0.2707918,0.33253288,False
2025-06-29 18:30:00+00:00,BHARTIARTL.NS,1968.1693115234373,UP,2,2,0,UP,DOWN,0.525042,0.3063329,0.16862507,False
2025-06-29 18:30:00+00:00,LT.NS,3634.302490234375,DOWN,2,0,0,DOWN,DOWN,0.5694059,0.11415992,0.31643417,True
2025-06-29 18:30:00+00:00,ITC.NS,397.08349609375,STAY,2,1,2,STAY,UP,0.21176836,0.15662335,0.63160825,False
2025-06-29 18:30:00+00:00,INFY.NS,1544.2318115234375,UP,2,2,0,UP,DOWN,0.43015894,0.2068624,0.3629786,False
2025-06-29 18:30:00+00:00,HDFCBANK.NS,982.023681640625,STAY,2,1,0,STAY,DOWN,0.347292,0.34370178,0.30900618,False
2025-06-30 18:30:00+00:00,SBIN.NS,805.7758178710938,STAY,2,1,0,STAY,DOWN,0.3992066,0.29851973,0.30227372,False
2025-06-30 18:30:00+00:00,ITC.NS,395.7962646484375,STAY,2,1,2,STAY,UP,0.18156402,0.18609172,0.63234425,False
2025-06-30 18:30:00+00:00,TMPV.NS,678.17431640625,UP,2,2,2,UP,UP,0.31732795,0.18476783,0.49790424,True
2025-06-30 18:30:00+00:00,INFY.NS,1549.05224609375,UP,2,2,0,UP,DOWN,0.4191314,0.19854124,0.3823274,False
2025-06-30 18:30:00+00:00,LT.NS,3631.232421875,DOWN,2,0,0,DOWN,DOWN,0.49238613,0.0987316,0.4088823,True
2025-06-30 18:30:00+00:00,RELIANCE.NS,1515.3138427734375,STAY,2,1,0,STAY,DOWN,0.3633706,0.34246582,0.29416353,False
2025-06-30 18:30:00+00:00,HDFCBANK.NS,987.2244873046876,STAY,2,1,0,STAY,DOWN,0.36233637,0.3553768,0.28228682,False
2025-06-30 18:30:00+00:00,TCS.NS,3281.8603515625,STAY,2,1,2,STAY,UP,0.39792162,0.19232084,0.4097575,False
2025-06-30 18:30:00+00:00,BHARTIARTL.NS,1977.767333984375,STAY,2,1,0,STAY,DOWN,0.48552912,0.3038988,0.21057206,False
2025-06-30 18:30:00+00:00,ICICIBANK.NS,1409.1552734375,STAY,2,1,0,STAY,DOWN,0.3817196,0.23877734,0.37950304,False
2025-07-01 18:30:00+00:00,TMPV.NS,682.88525390625,STAY,2,1,2,STAY,UP,0.28271836,0.18635327,0.5309284,False
2025-07-01 18:30:00+00:00,SBIN.NS,798.5068969726562,STAY,2,1,0,STAY,DOWN,0.42971623,0.25290626,0.3173775,False
2025-07-01 18:30:00+00:00,BHARTIARTL.NS,1991.3807373046875,STAY,2,1,0,STAY,DOWN,0.48633146,0.32396847,0.18970002,False
2025-07-01 18:30:00+00:00,TCS.NS,3275.736572265625,DOWN,2,0,2,DOWN,UP,0.32992953,0.18745464,0.48261583,False
2025-07-01 18:30:00+00:00,LT.NS,3562.008544921875,STAY,2,1,0,STAY,DOWN,0.70813334,0.08358987,0.20827678,False
2025-07-01 18:30:00+00:00,INFY.NS,1552.619140625,UP,2,2,2,UP,UP,0.37249148,0.2228106,0.40469792,True
2025-07-01 18:30:00+00:00,RELIANCE.NS,1505.796142578125,STAY,2,1,0,STAY,DOWN,0.3702477,0.32194814,0.30780417,False
2025-07-01 18:30:00+00:00,ITC.NS,393.7462463378906,UP,2,2,2,UP,UP,0.1793377,0.185349,0.6353133,True
2025-07-01 18:30:00+00:00,HDFCBANK.NS,974.418701171875,UP,2,2,0,UP,DOWN,0.36018193,0.2812081,0.35860997,False
2025-07-01 18:30:00+00:00,ICICIBANK.NS,1405.0223388671875,STAY,2,1,2,STAY,UP,0.31114775,0.26931125,0.41954094,False
2025-07-02 18:30:00+00:00,INFY.NS,1560.5244140625,STAY,2,1,2,STAY,UP,0.38277507,0.21078715,0.4064378,False
2025-07-02 18:30:00+00:00,BHARTIARTL.NS,1977.66943359375,DOWN,2,0,0,DOWN,DOWN,0.4692232,0.3321324,0.19864437,True
2025-07-02 18:30:00+00:00,TCS.NS,3254.20654296875,STAY,2,1,0,STAY,DOWN,0.4128864,0.20277403,0.3843396,False
2025-07-02 18:30:00+00:00,TMPV.NS,684.7200927734375,STAY,2,1,2,STAY,UP,0.30037868,0.19144018,0.50818115,False
2025-07-02 18:30:00+00:00,LT.NS,3548.242919921875,STAY,2,1,0,STAY,DOWN,0.49870807,0.17151846,0.32977346,False
2025-07-02 18:30:00+00:00,SBIN.NS,792.8095092773438,STAY,2,1,0,STAY,DOWN,0.42912203,0.2753073,0.29557064,False
2025-07-02 18:30:00+00:00,ICICIBANK.NS,1403.1527099609375,STAY,2,1,0,STAY,DOWN,0.43912148,0.24390075,0.3169777,False
2025-07-02 18:30:00+00:00,ITC.NS,394.1276550292969,STAY,2,1,2,STAY,UP,0.2372415,0.18768147,0.57507706,False
2025-07-02 18:30:00+00:00,HDFCBANK.NS,974.9583740234376,STAY,2,1,1,STAY,STAY,0.33106524,0.3421278,0.32680696,True
2025-07-02 18:30:00+00:00,RELIANCE.NS,1504.8045654296875,STAY,2,1,2,STAY,UP,0.32786757,0.32130224,0.35083023,False
2025-07-03 18:30:00+00:00,SBIN.NS,797.4754028320312,STAY,2,1,0,STAY,DOWN,0.40107906,0.2904621,0.30845883,False
2025-07-03 18:30:00+00:00,TMPV.NS,683.3811645507812,DOWN,2,0,2,DOWN,UP,0.32420737,0.18962662,0.48616597,False
2025-07-03 18:30:00+00:00,RELIANCE.NS,1514.223388671875,DOWN,2,0,0,DOWN,DOWN,0.37480417,0.29930893,0.32588693,True
2025-07-03 18:30:00+00:00,HDFCBANK.NS,976.037841796875,STAY,2,1,0,STAY,DOWN,0.34990644,0.30709043,0.34300318,False
2025-07-03 18:30:00+00:00,TCS.NS,3272.3876953125,DOWN,2,0,2,DOWN,UP,0.39527658,0.16577563,0.43894783,False
2025-07-03 18:30:00+00:00,ITC.NS,393.3648376464844,UP,2,2,2,UP,UP,0.21069796,0.2650635,0.5242386,True
2025-07-03 18:30:00+00:00,LT.NS,3559.830078125,DOWN,2,0,2,DOWN,UP,0.3159374,0.19744256,0.48662,False
2025-07-03 18:30:00+00:00,INFY.NS,1581.733642578125,DOWN,2,0,2,DOWN,UP,0.35142663,0.2355078,0.41306555,False
2025-07-03 18:30:00+00:00,ICICIBANK.NS,1419.782958984375,DOWN,2,0,0,DOWN,DOWN,0.40239266,0.27567947,0.32192788,True
2025-07-03 18:30:00+00:00,BHARTIARTL.NS,1975.6126708984373,DOWN,2,0,0,DOWN,DOWN,0.47832558,0.30705237,0.21462202,True
2025-07-06 18:30:00+00:00,INFY.NS,1568.5262451171875,DOWN,2,0,2,DOWN,UP,0.40314558,0.18810512,0.40874928,False
2025-07-06 18:30:00+00:00,SBIN.NS,792.56396484375,STAY,2,1,0,STAY,DOWN,0.3979066,0.32837316,0.27372026,False
2025-07-06 18:30:00+00:00,RELIANCE.NS,1528.3016357421875,DOWN,2,0,1,DOWN,STAY,0.31392965,0.39947787,0.2865925,False
2025-07-06 18:30:00+00:00,BHARTIARTL.NS,1991.9683837890625,DOWN,2,0,0,DOWN,DOWN,0.46512482,0.27498308,0.25989208,True
2025-07-06 18:30:00+00:00,ICICIBANK.NS,1412.7962646484375,STAY,2,1,0,STAY,DOWN,0.4428403,0.22687562,0.3302841,False
2025-07-06 18:30:00+00:00,TMPV.NS,683.1828002929688,DOWN,2,0,2,DOWN,UP,0.29484457,0.17984426,0.5253111,False
2025-07-06 18:30:00+00:00,TCS.NS,3264.636474609375,DOWN,2,0,0,DOWN,DOWN,0.4594639,0.18504994,0.35548612,True
2025-07-06 18:30:00+00:00,HDFCBANK.NS,975.1055908203124,STAY,2,1,0,STAY,DOWN,0.3477803,0.3152237,0.33699602,False
2025-07-06 18:30:00+00:00,LT.NS,3546.757568359375,DOWN,2,0,2,DOWN,UP,0.27079225,0.20541726,0.5237905,False
2025-07-06 18:30:00+00:00,ITC.NS,396.7974548339844,STAY,2,1,2,STAY,UP,0.2531616,0.1761095,0.5707289,False
2025-07-07 18:30:00+00:00,RELIANCE.NS,1524.43505859375,DOWN,2,0,1,DOWN,STAY,0.33083826,0.35558587,0.31357586,False
2025-07-07 18:30:00+00:00,BHARTIARTL.NS,1988.148681640625,DOWN,2,0,0,DOWN,DOWN,0.4297618,0.31954408,0.25069413,True
2025-07-07 18:30:00+00:00,TCS.NS,3259.37353515625,DOWN,2,0,0,DOWN,DOWN,0.48378453,0.1795585,0.33665696,True
2025-07-07 18:30:00+00:00,TMPV.NS,687.4970092773438,DOWN,2,0,2,DOWN,UP,0.27063462,0.16296168,0.5664037,False
2025-07-07 18:30:00+00:00,ICICIBANK.NS,1418.9957275390625,STAY,2,1,0,STAY,DOWN,0.44895595,0.21640608,0.334638,False
2025-07-07 18:30:00+00:00,SBIN.NS,798.2612915039062,STAY,2,1,0,STAY,DOWN,0.45304653,0.23083837,0.31611505,False
2025-07-07 18:30:00+00:00,HDFCBANK.NS,981.974609375,STAY,2,1,0,STAY,DOWN,0.3713876,0.29564697,0.33296543,False
2025-07-07 18:30:00+00:00,INFY.NS,1579.8055419921875,DOWN,2,0,2,DOWN,UP,0.4009503,0.17580661,0.42324305,False
2025-07-07 18:30:00+00:00,LT.NS,3571.515625,DOWN,2,0,2,DOWN,UP,0.3601099,0.18691541,0.4529747,False
2025-07-07 18:30:00+00:00,ITC.NS,397.7986450195313,UP,2,2,2,UP,UP,0.2106284,0.15961671,0.6297549,True
2025-07-08 18:30:00+00:00,RELIANCE.NS,1505.9942626953125,DOWN,2,0,0,DOWN,DOWN,0.39131328,0.24919154,0.35949513,True
2025-07-08 18:30:00+00:00,TMPV.NS,687.1002807617188,DOWN,2,0,2,DOWN,UP,0.35915568,0.20536743,0.4354769,False
2025-07-08 18:30:00+00:00,ITC.NS,399.9440002441406,UP,2,2,2,UP,UP,0.2200089,0.15690574,0.6230854,True
2025-07-08 18:30:00+00:00,TCS.NS,3237.939453125,DOWN,2,0,0,DOWN,DOWN,0.4797168,0.26694158,0.25334165,True
2025-07-08 18:30:00+00:00,LT.NS,3545.073974609375,DOWN,2,0,2,DOWN,UP,0.28453794,0.18676983,0.5286922,False
2025-07-08 18:30:00+00:00,INFY.NS,1574.9853515625,DOWN,2,0,2,DOWN,UP,0.39475793,0.17906813,0.426174,False
2025-07-08 18:30:00+00:00,ICICIBANK.NS,1409.056884765625,STAY,2,1,0,STAY,DOWN,0.41068745,0.23027472,0.35903788,False
2025-07-08 18:30:00+00:00,BHARTIARTL.NS,1978.06103515625,DOWN,2,0,0,DOWN,DOWN,0.4725207,0.2609909,0.26648843,True
2025-07-08 18:30:00+00:00,SBIN.NS,796.5913696289062,UP,2,2,2,UP,UP,0.29000714,0.2394039,0.47058892,True
2025-07-08 18:30:00+00:00,HDFCBANK.NS,986.7828979492188,STAY,2,1,1,STAY,STAY,0.327957,0.3542498,0.31779316,True
2025-07-09 18:30:00+00:00,RELIANCE.NS,1504.209716796875,DOWN,2,0,2,DOWN,UP,0.3325354,0.2869431,0.38052148,False
2025-07-09 18:30:00+00:00,ICICIBANK.NS,1401.38134765625,STAY,2,1,0,STAY,DOWN,0.4036276,0.28083923,0.31553313,False
2025-07-09 18:30:00+00:00,TCS.NS,3236.216796875,DOWN,2,0,0,DOWN,DOWN,0.4886523,0.22121783,0.2901298,True
2025-07-09 18:30:00+00:00,ITC.NS,397.46490478515625,UP,2,2,2,UP,UP,0.21797976,0.13591832,0.64610195,True
2025-07-09 18:30:00+00:00,BHARTIARTL.NS,1923.9991455078125,DOWN,2,0,0,DOWN,DOWN,0.49653623,0.19831616,0.30514762,True
2025-07-09 18:30:00+00:00,LT.NS,3540.122314453125,DOWN,2,0,2,DOWN,UP,0.24094284,0.23409103,0.5249661,False
2025-07-09 18:30:00+00:00,SBIN.NS,793.693603515625,UP,2,2,2,UP,UP,0.2007931,0.17898779,0.62021905,True
2025-07-09 18:30:00+00:00,HDFCBANK.NS,984.3296508789062,STAY,2,1,2,STAY,UP,0.31726095,0.32912543,0.3536136,False
2025-07-09 18:30:00+00:00,TMPV.NS,689.8772583007812,DOWN,2,0,2,DOWN,UP,0.34636933,0.15779634,0.49583435,False
2025-07-09 18:30:00+00:00,INFY.NS,1557.728759765625,DOWN,2,0,2,DOWN,UP,0.41924682,0.13542834,0.44532478,False
2025-07-10 18:30:00+00:00,ITC.NS,397.4172058105469,UP,2,2,2,UP,UP,0.16887122,0.1197537,0.7113751,True
2025-07-10 18:30:00+00:00,RELIANCE.NS,1482.3980712890625,DOWN,2,0,2,DOWN,UP,0.38378653,0.22047316,0.39574027,False
2025-07-10 18:30:00+00:00,SBIN.NS,794.3321533203125,UP,2,2,2,UP,UP,0.2621401,0.19703229,0.5408276,True
2025-07-10 18:30:00+00:00,TMPV.NS,676.1907958984375,STAY,2,1,2,STAY,UP,0.39702466,0.16718858,0.4357867,False
2025-07-10 18:30:00+00:00,ICICIBANK.NS,1399.2164306640625,STAY,2,1,2,STAY,UP,0.30613965,0.2642189,0.42964152,False
2025-07-10 18:30:00+00:00,HDFCBANK.NS,973.2901611328124,DOWN,2,0,0,DOWN,DOWN,0.36243108,0.31987366,0.3176952,True
2025-07-10 18:30:00+00:00,BHARTIARTL.NS,1882.27734375,STAY,2,1,0,STAY,DOWN,0.43626255,0.24692167,0.31681576,False
2025-07-10 18:30:00+00:00,INFY.NS,1537.5797119140625,STAY,2,1,0,STAY,DOWN,0.42583773,0.18541898,0.38874325,False
2025-07-10 18:30:00+00:00,LT.NS,3506.352294921875,DOWN,2,0,2,DOWN,UP,0.24680696,0.19629914,0.55689394,False
2025-07-10 18:30:00+00:00,TCS.NS,3125.217041015625,DOWN,2,0,1,DOWN,STAY,0.20828165,0.40617603,0.3855423,False
2025-07-13 18:30:00+00:00,TMPV.NS,668.9508666992188,UP,2,2,0,UP,DOWN,0.4383001,0.16081421,0.40088567,False
2025-07-13 18:30:00+00:00,RELIANCE.NS,1470.9964599609375,DOWN,2,0,2,DOWN,UP,0.35370976,0.2531874,0.39310282,False
2025-07-13 18:30:00+00:00,SBIN.NS,794.528564453125,UP,2,2,2,UP,UP,0.23543046,0.21293122,0.5516383,True
2025-07-13 18:30:00+00:00,LT.NS,3462.08447265625,STAY,2,1,2,STAY,UP,0.23838514,0.25248578,0.50912905,False
2025-07-13 18:30:00+00:00,HDFCBANK.NS,972.94677734375,STAY,2,1,1,STAY,STAY,0.34787035,0.35536918,0.29676047,True
2025-07-13 18:30:00+00:00,TCS.NS,3083.783447265625,DOWN,2,0,2,DOWN,UP,0.20532276,0.39226103,0.40241623,False
2025-07-13 18:30:00+00:00,BHARTIARTL.NS,1881.2979736328125,STAY,2,1,0,STAY,DOWN,0.43382517,0.22500129,0.3411735,False
2025-07-13 18:30:00+00:00,INFY.NS,1513.8638916015625,STAY,2,1,0,STAY,DOWN,0.48832852,0.20910127,0.30257022,False
2025-07-13 18:30:00+00:00,ITC.NS,399.8963012695313,STAY,2,1,2,STAY,UP,0.1727054,0.09031881,0.7369758,False
2025-07-13 18:30:00+00:00,ICICIBANK.NS,1400.298828125,UP,2,2,2,UP,UP,0.25010172,0.19867647,0.55122185,True
2025-07-14 18:30:00+00:00,TCS.NS,3112.107666015625,DOWN,2,0,1,DOWN,STAY,0.17952631,0.4304016,0.39007205,False
2025-07-14 18:30:00+00:00,LT.NS,3460.202880859375,STAY,2,1,2,STAY,UP,0.31777155,0.22214754,0.4600809,False
2025-07-14 18:30:00+00:00,BHARTIARTL.NS,1894.32373046875,STAY,2,1,0,STAY,DOWN,0.4223753,0.2446641,0.33296064,False
2025-07-14 18:30:00+00:00,ICICIBANK.NS,1407.9744873046875,UP,2,2,2,UP,UP,0.2828274,0.17032218,0.5468504,True
2025-07-14 18:30:00+00:00,INFY.NS,1528.614013671875,STAY,2,1,0,STAY,DOWN,0.46795553,0.19179131,0.3402532,False
2025-07-14 18:30:00+00:00,SBIN.NS,801.9940185546875,STAY,2,1,2,STAY,UP,0.2582425,0.18165295,0.56010455,False
2025-07-14 18:30:00+00:00,ITC.NS,402.47076416015625,DOWN,2,0,2,DOWN,UP,0.15275258,0.097889036,0.74935836,False
2025-07-14 18:30:00+00:00,RELIANCE.NS,1472.6820068359375,DOWN,2,0,2,DOWN,UP,0.32575518,0.32620534,0.34803948,False
2025-07-14 18:30:00+00:00,HDFCBANK.NS,979.079833984375,STAY,2,1,0,STAY,DOWN,0.4111644,0.29164696,0.29718864,False
2025-07-14 18:30:00+00:00,TMPV.NS,678.7694091796875,DOWN,2,0,2,DOWN,UP,0.3347736,0.15293649,0.51228994,False
2025-07-15 18:30:00+00:00,ITC.NS,404.8544921875,DOWN,2,0,2,DOWN,UP,0.17343572,0.12284529,0.70371896,False
2025-07-15 18:30:00+00:00,INFY.NS,1550.1126708984375,DOWN,2,0,0,DOWN,DOWN,0.45373935,0.19975592,0.3465047,True
2025-07-15 18:30:00+00:00,TMPV.NS,673.413818359375,UP,2,2,2,UP,UP,0.35418844,0.16044167,0.4853699,True
2025-07-15 18:30:00+00:00,TCS.NS,3104.234375,DOWN,2,0,2,DOWN,UP,0.16651994,0.41307512,0.4204049,False
2025-07-15 18:30:00+00:00,ICICIBANK.NS,1403.6446533203125,UP,2,2,2,UP,UP,0.25380585,0.1724771,0.573717,True
2025-07-15 18:30:00+00:00,RELIANCE.NS,1472.8802490234375,DOWN,2,0,2,DOWN,UP,0.31397647,0.30858734,0.37743625,False
2025-07-15 18:30:00+00:00,BHARTIARTL.NS,1896.67431640625,UP,2,2,0,UP,DOWN,0.38191044,0.27780992,0.34027967,False
2025-07-15 18:30:00+00:00,SBIN.NS,816.9739990234375,DOWN,2,0,2,DOWN,UP,0.29719347,0.33154446,0.37126207,False
2025-07-15 18:30:00+00:00,LT.NS,3469.908203125,STAY,2,1,2,STAY,UP,0.29821423,0.21131498,0.49047077,False
2025-07-15 18:30:00+00:00,HDFCBANK.NS,979.4723510742188,UP,2,2,0,UP,DOWN,0.3630125,0.31397936,0.32300815,False
2025-07-16 18:30:00+00:00,BHARTIARTL.NS,1890.112548828125,UP,2,2,0,UP,DOWN,0.382493,0.3073124,0.31019458,False
2025-07-16 18:30:00+00:00,RELIANCE.NS,1463.759033203125,DOWN,2,0,1,DOWN,STAY,0.3096981,0.35548684,0.334815,False
2025-07-16 18:30:00+00:00,SBIN.NS,814.32177734375,DOWN,2,0,0,DOWN,DOWN,0.41856313,0.2625571,0.3188798,True
2025-07-16 18:30:00+00:00,ICICIBANK.NS,1396.0673828125,UP,2,2,2,UP,UP,0.22790973,0.17950669,0.59258354,True
2025-07-16 18:30:00+00:00,TMPV.NS,676.0916137695312,UP,2,2,2,UP,UP,0.34052977,0.14142239,0.5180478,True
2025-07-16 18:30:00+00:00,ITC.NS,404.2347106933594,DOWN,2,0,2,DOWN,UP,0.15710533,0.10525601,0.73763865,False
2025-07-16 18:30:00+00:00,HDFCBANK.NS,974.8602905273438,UP,2,2,2,UP,UP,0.29477236,0.31948915,0.38573846,True
2025-07-16 18:30:00+00:00,TCS.NS,3081.287109375,DOWN,2,0,2,DOWN,UP,0.13715248,0.34991652,0.512931,False
2025-07-16 18:30:00+00:00,LT.NS,3440.396484375,STAY,2,1,2,STAY,UP,0.3354841,0.19053999,0.47397593,False
2025-07-16 18:30:00+00:00,INFY.NS,1526.589599609375,DOWN,2,0,0,DOWN,DOWN,0.49820048,0.16550405,0.33629543,True
2025-07-17 18:30:00+00:00,ITC.NS,403.0905151367188,DOWN,2,0,2,DOWN,UP,0.16192324,0.10928093,0.7287958,False
2025-07-17 18:30:00+00:00,SBIN.NS,808.7717895507812,DOWN,2,0,0,DOWN,DOWN,0.42994982,0.26591957,0.30413058,True
2025-07-17 18:30:00+00:00,TMPV.NS,674.653564453125,UP,2,2,2,UP,UP,0.32869655,0.1433755,0.52792794,True
2025-07-17 18:30:00+00:00,INFY.NS,1529.095947265625,DOWN,2,0,0,DOWN,DOWN,0.50900733,0.21504533,0.2759473,True
2025-07-17 18:30:00+00:00,HDFCBANK.NS,960.3862915039062,UP,2,2,2,UP,UP,0.23989654,0.375574,0.38452944,True
2025-07-17 18:30:00+00:00,LT.NS,3431.285400390625,STAY,2,1,0,STAY,DOWN,0.414611,0.20769574,0.37769327,False
2025-07-17 18:30:00+00:00,BHARTIARTL.NS,1877.372802734375,UP,2,2,1,UP,STAY,0.33887357,0.3462899,0.31483656,False
2025-07-17 18:30:00+00:00,TCS.NS,3062.756103515625,DOWN,2,0,2,DOWN,UP,0.107146256,0.35032132,0.54253244,False
2025-07-17 18:30:00+00:00,RELIANCE.NS,1463.3624267578125,DOWN,2,0,1,DOWN,STAY,0.303501,0.35653025,0.33996877,False
2025-07-17 18:30:00+00:00,ICICIBANK.NS,1403.0543212890625,UP,2,2,2,UP,UP,0.24783224,0.17911987,0.5730479,True
2025-07-20 18:30:00+00:00,TCS.NS,3032.31982421875,DOWN,2,0,2,DOWN,UP,0.08314823,0.28701603,0.6298358,False
2025-07-20 18:30:00+00:00,BHARTIARTL.NS,1885.4708251953125,STAY,2,1,0,STAY,DOWN,0.38319564,0.34862113,0.26818317,False
2025-07-20 18:30:00+00:00,SBIN.NS,809.6068115234375,DOWN,2,0,0,DOWN,DOWN,0.44573557,0.27030948,0.28395492,True
2025-07-20 18:30:00+00:00,LT.NS,3468.91796875,DOWN,2,0,0,DOWN,DOWN,0.46056163,0.21484183,0.3245965,True
2025-07-20 18:30:00+00:00,INFY.NS,1527.36083984375,DOWN,2,0,0,DOWN,DOWN,0.47279516,0.17426091,0.3529439,True
2025-07-20 18:30:00+00:00,ICICIBANK.NS,1442.4161376953125,UP,2,2,2,UP,UP,0.22351007,0.35054213,0.42594782,True
2025-07-20 18:30:00+00:00,ITC.NS,400.5637512207031,DOWN,2,0,2,DOWN,UP,0.17770064,0.123819284,0.69848007,False
2025-07-20 18:30:00+00:00,TMPV.NS,681.7943115234375,STAY,2,1,2,STAY,UP,0.36513263,0.106858246,0.5280091,False
2025-07-20 18:30:00+00:00,RELIANCE.NS,1416.3682861328125,DOWN,2,0,1,DOWN,STAY,0.30512074,0.41626465,0.2786146,False
2025-07-20 18:30:00+00:00,HDFCBANK.NS,981.5330200195312,STAY,2,1,2,STAY,UP,0.3129607,0.32833564,0.3587036,False
2025-07-21 18:30:00+00:00,ICICIBANK.NS,1450.0916748046875,STAY,2,1,1,STAY,STAY,0.280714,0.38158154,0.33770445,True
2025-07-21 18:30:00+00:00,HDFCBANK.NS,984.771240234375,STAY,2,1,2,STAY,UP,0.30673534,0.3078393,0.3854254,False
2025-07-21 18:30:00+00:00,SBIN.NS,800.5697021484375,DOWN,2,0,0,DOWN,DOWN,0.48741812,0.22769657,0.28488526,True
2025-07-21 18:30:00+00:00,LT.NS,3431.08740234375,STAY,2,1,0,STAY,DOWN,0.41549912,0.1936064,0.39089444,False
2025-07-21 18:30:00+00:00,RELIANCE.NS,1400.70361328125,STAY,2,1,1,STAY,STAY,0.31151557,0.40430406,0.28418037,True
2025-07-21 18:30:00+00:00,BHARTIARTL.NS,1883.100830078125,STAY,2,1,0,STAY,DOWN,0.36232692,0.34853795,0.28913513,False
2025-07-21 18:30:00+00:00,TCS.NS,3033.664306640625,DOWN,2,0,2,DOWN,UP,0.07417243,0.31188273,0.6139448,False
2025-07-21 18:30:00+00:00,INFY.NS,1514.4423828125,DOWN,2,0,0,DOWN,DOWN,0.46943352,0.16930638,0.36126012,True
2025-07-21 18:30:00+00:00,ITC.NS,396.6544189453125,DOWN,2,0,2,DOWN,UP,0.11782715,0.098927595,0.78324527,False
2025-07-21 18:30:00+00:00,TMPV.NS,667.8599243164062,UP,2,2,2,UP,UP,0.31456336,0.14196101,0.5434756,True
2025-07-22 18:30:00+00:00,ICICIBANK.NS,1464.8524169921875,STAY,2,1,1,STAY,STAY,0.2614741,0.4649488,0.2735771,True
2025-07-22 18:30:00+00:00,TMPV.NS,684.4224853515625,DOWN,2,0,2,DOWN,UP,0.23488489,0.13413218,0.63098294,False
2025-07-22 18:30:00+00:00,RELIANCE.NS,1412.4024658203125,DOWN,2,0,1,DOWN,STAY,0.28637603,0.42045555,0.29316837,False
2025-07-22 18:30:00+00:00,INFY.NS,1517.9129638671875,DOWN,2,0,0,DOWN,DOWN,0.42248684,0.22968712,0.34782597,True
2025-07-22 18:30:00+00:00,TCS.NS,3052.386962890625,DOWN,2,0,2,DOWN,UP,0.09833352,0.42164415,0.4800223,False
2025-07-22 18:30:00+00:00,LT.NS,3451.19091796875,UP,2,2,0,UP,DOWN,0.4342598,0.18896013,0.3767801,False
2025-07-22 18:30:00+00:00,HDFCBANK.NS,993.2103881835938,STAY,2,1,2,STAY,UP,0.3205975,0.29247004,0.3869325,False
2025-07-22 18:30:00+00:00,BHARTIARTL.NS,1919.640869140625,STAY,2,1,0,STAY,DOWN,0.390312,0.30365068,0.30603734,False
2025-07-22 18:30:00+00:00,SBIN.NS,806.1196899414062,DOWN,2,0,0,DOWN,DOWN,0.400188,0.26031706,0.33949494,True
2025-07-22 18:30:00+00:00,ITC.NS,395.65325927734375,DOWN,2,0,2,DOWN,UP,0.10393008,0.12084525,0.7752246,False
2025-07-23 18:30:00+00:00,BHARTIARTL.NS,1912.0364990234373,DOWN,2,0,0,DOWN,DOWN,0.3444901,0.32327548,0.3322344,True
2025-07-23 18:30:00+00:00,TCS.NS,3022.5263671875,DOWN,2,0,2,DOWN,UP,0.097586386,0.30338782,0.59902585,False
2025-07-23 18:30:00+00:00,ITC.NS,390.8857727050781,STAY,2,1,2,STAY,UP,0.13435948,0.17207621,0.6935643,False
2025-07-23 18:30:00+00:00,INFY.NS,1496.70361328125,DOWN,2,0,0,DOWN,DOWN,0.49713656,0.18239777,0.32046562,True
2025-07-23 18:30:00+00:00,HDFCBANK.NS,988.2548217773438,STAY,2,1,2,STAY,UP,0.32248068,0.28150752,0.3960118,False
2025-07-23 18:30:00+00:00,LT.NS,3443.862548828125,UP,2,2,2,UP,UP,0.39503717,0.19109485,0.41386792,True
2025-07-23 18:30:00+00:00,SBIN.NS,801.25732421875,DOWN,2,0,0,DOWN,DOWN,0.41689104,0.26891398,0.31419504,True
2025-07-23 18:30:00+00:00,TMPV.NS,694.7369384765625,DOWN,2,0,2,DOWN,UP,0.23480882,0.171882,0.59330916,False
2025-07-23 18:30:00+00:00,ICICIBANK.NS,1459.7353515625,STAY,2,1,2,STAY,UP,0.321949,0.3094264,0.36862457,False
2025-07-23 18:30:00+00:00,RELIANCE.NS,1390.8883056640625,STAY,2,1,1,STAY,STAY,0.27758262,0.3774604,0.34495696,True
2025-07-24 18:30:00+00:00,LT.NS,3409.59716796875,UP,2,2,0,UP,DOWN,0.4347865,0.16631976,0.39889377,False
2025-07-24 18:30:00+00:00,ICICIBANK.NS,1453.5357666015625,STAY,2,1,2,STAY,UP,0.30512762,0.20976473,0.48510766,False
2025-07-24 18:30:00+00:00,ITC.NS,390.361328125,UP,2,2,2,UP,UP,0.13937698,0.22454263,0.6360804,True
2025-07-24 18:30:00+00:00,BHARTIARTL.NS,1913.814208984375,DOWN,2,0,0,DOWN,DOWN,0.4572614,0.24909045,0.29364815,True
2025-07-24 18:30:00+00:00,RELIANCE.NS,1379.7841796875,STAY,2,1,0,STAY,DOWN,0.33569774,0.33511135,0.3291909,False
2025-07-24 18:30:00+00:00,HDFCBANK.NS,985.9922485351562,STAY,2,1,0,STAY,DOWN,0.44210044,0.20526952,0.3526301,False
2025-07-24 18:30:00+00:00,TMPV.NS,681.7447509765625,DOWN,2,0,2,DOWN,UP,0.3040578,0.101772815,0.5941694,False
2025-07-24 18:30:00+00:00,TCS.NS,3010.812744140625,DOWN,2,0,2,DOWN,UP,0.10057547,0.34770334,0.55172116,False
2025-07-24 18:30:00+00:00,INFY.NS,1461.2261962890625,DOWN,2,0,2,DOWN,UP,0.30467123,0.29294816,0.40238056,False
2025-07-24 18:30:00+00:00,SBIN.NS,792.269287109375,DOWN,2,0,0,DOWN,DOWN,0.3844864,0.27582407,0.33968955,True
2025-07-27 18:30:00+00:00,RELIANCE.NS,1375.7193603515625,UP,2,2,0,UP,DOWN,0.37108952,0.32176015,0.30715033,False
2025-07-27 18:30:00+00:00,SBIN.NS,783.0357666015625,STAY,2,1,1,STAY,STAY,0.36758766,0.38608178,0.2463306,True
2025-07-27 18:30:00+00:00,LT.NS,3389.097412109375,UP,2,2,2,UP,UP,0.41571757,0.13587195,0.4484105,True
2025-07-27 18:30:00+00:00,ITC.NS,390.8381042480469,UP,2,2,2,UP,UP,0.12670873,0.20229937,0.6709919,True
2025-07-27 18:30:00+00:00,TMPV.NS,677.2817993164062,DOWN,2,0,2,DOWN,UP,0.28692287,0.11005138,0.60302573,False
2025-07-27 18:30:00+00:00,INFY.NS,1461.515380859375,DOWN,2,0,2,DOWN,UP,0.27152467,0.3315915,0.3968839,False
2025-07-27 18:30:00+00:00,BHARTIARTL.NS,1866.805908203125,UP,2,2,0,UP,DOWN,0.47771466,0.21369143,0.30859393,False
2025-07-27 18:30:00+00:00,ICICIBANK.NS,1464.655517578125,DOWN,2,0,2,DOWN,UP,0.35902354,0.25708076,0.38389564,False
2025-07-27 18:30:00+00:00,TCS.NS,2956.56494140625,STAY,2,1,2,STAY,UP,0.08486189,0.2442067,0.6709314,False
2025-07-27 18:30:00+00:00,HDFCBANK.NS,987.9105224609376,STAY,2,1,0,STAY,DOWN,0.47593558,0.2192807,0.30478367,False
2025-07-28 18:30:00+00:00,BHARTIARTL.NS,1894.4578857421875,STAY,2,1,0,STAY,DOWN,0.46584806,0.24510135,0.2890506,False
2025-07-28 18:30:00+00:00,INFY.NS,1459.2979736328125,DOWN,2,0,2,DOWN,UP,0.2602522,0.29913324,0.44061452,False
2025-07-28 18:30:00+00:00,LT.NS,3461.78759765625,UP,2,2,0,UP,DOWN,0.5144072,0.15466535,0.3309274,False
2025-07-28 18:30:00+00:00,SBIN.NS,785.0494384765625,STAY,2,1,1,STAY,STAY,0.37901062,0.39021,0.2307794,True
2025-07-28 18:30:00+00:00,RELIANCE.NS,1404.966796875,DOWN,2,0,2,DOWN,UP,0.32416868,0.33511522,0.3407161,False
2025-07-28 18:30:00+00:00,TCS.NS,2934.193359375,STAY,2,1,2,STAY,UP,0.08127218,0.32001206,0.5987157,False
2025-07-28 18:30:00+00:00,ICICIBANK.NS,1462.4906005859375,DOWN,2,0,2,DOWN,UP,0.36506918,0.2159609,0.4189699,False
2025-07-28 18:30:00+00:00,ITC.NS,389.4555358886719,UP,2,2,2,UP,UP,0.12737665,0.22225206,0.6503713,True
2025-07-28 18:30:00+00:00,TMPV.NS,686.6539916992188,DOWN,2,0,2,DOWN,UP,0.30040166,0.14972709,0.54987127,False
2025-07-28 18:30:00+00:00,HDFCBANK.NS,994.3539428710938,DOWN,2,0,0,DOWN,DOWN,0.40670973,0.22528826,0.36800206,True
2025-07-29 18:30:00+00:00,RELIANCE.NS,1398.0267333984375,DOWN,2,0,0,DOWN,DOWN,0.37002343,0.2955424,0.33443415,True
2025-07-29 18:30:00+00:00,TMPV.NS,662.9506225585938,DOWN,2,0,2,DOWN,UP,0.28784147,0.1965877,0.5155708,False
2025-07-29 18:30:00+00:00,LT.NS,3629.64794921875,DOWN,2,0,0,DOWN,DOWN,0.53920114,0.15665159,0.3041473,True
2025-07-29 18:30:00+00:00,ITC.NS,388.6450500488281,UP,2,2,2,UP,UP,0.09420238,0.14552203,0.7602756,True
2025-07-29 18:30:00+00:00,BHARTIARTL.NS,1908.580078125,STAY,2,1,0,STAY,DOWN,0.43741095,0.24807173,0.31451732,False
2025-07-29 18:30:00+00:00,INFY.NS,1464.40771484375,DOWN,2,0,0,DOWN,DOWN,0.38547462,0.28211275,0.3324126,True
2025-07-29 18:30:00+00:00,SBIN.NS,787.4560546875,STAY,2,1,0,STAY,DOWN,0.37440237,0.36438468,0.26121294,False
2025-07-29 18:30:00+00:00,TCS.NS,2931.888916015625,STAY,2,1,2,STAY,UP,0.088137865,0.33568794,0.5761742,False
2025-07-29 18:30:00+00:00,HDFCBANK.NS,996.4197998046876,DOWN,2,0,0,DOWN,DOWN,0.40938804,0.21088424,0.37972778,True
2025-07-29 18:30:00+00:00,ICICIBANK.NS,1458.751220703125,DOWN,2,0,2,DOWN,UP,0.31707036,0.14076059,0.54216903,False
2025-07-30 18:30:00+00:00,LT.NS,3601.324462890625,STAY,2,1,0,STAY,DOWN,0.5229221,0.16272,0.3143579,False
2025-07-30 18:30:00+00:00,INFY.NS,1454.76708984375,DOWN,2,0,2,DOWN,UP,0.26778466,0.24915855,0.4830568,False
2025-07-30 18:30:00+00:00,RELIANCE.NS,1378.2969970703125,STAY,2,1,0,STAY,DOWN,0.39782363,0.26547074,0.33670565,False
2025-07-30 18:30:00+00:00,SBIN.NS,782.4463500976562,UP,2,2,0,UP,DOWN,0.35233545,0.3505565,0.29710808,False
2025-07-30 18:30:00+00:00,HDFCBANK.NS,992.6815795898438,DOWN,2,0,2,DOWN,UP,0.37792385,0.19623396,0.42584217,False
2025-07-30 18:30:00+00:00,TMPV.NS,660.47119140625,DOWN,2,0,2,DOWN,UP,0.3005082,0.20278566,0.4967061,False
2025-07-30 18:30:00+00:00,BHARTIARTL.NS,1890.507568359375,STAY,2,1,0,STAY,DOWN,0.45708752,0.22704515,0.31586733,False
2025-07-30 18:30:00+00:00,TCS.NS,2915.7587890625,STAY,2,1,2,STAY,UP,0.08998868,0.28747493,0.62253636,False
2025-07-30 18:30:00+00:00,ICICIBANK.NS,1457.7672119140625,DOWN,2,0,2,DOWN,UP,0.2956755,0.15517484,0.54914963,False
2025-07-30 18:30:00+00:00,ITC.NS,392.7927856445313,STAY,2,1,2,STAY,UP,0.08535563,0.13395686,0.7806876,False
2025-07-31 18:30:00+00:00,INFY.NS,1416.782958984375,DOWN,2,0,2,DOWN,UP,0.19164559,0.31802514,0.49032933,False
2025-07-31 18:30:00+00:00,HDFCBANK.NS,989.7304077148438,DOWN,2,0,2,DOWN,UP,0.37657169,0.22418071,0.3992476,False
2025-07-31 18:30:00+00:00,TCS.NS,2883.3056640625,UP,2,2,2,UP,UP,0.096580535,0.27239335,0.6310261,True
2025-07-31 18:30:00+00:00,LT.NS,3552.6005859375,STAY,2,1,2,STAY,UP,0.40727043,0.16601357,0.42671603,False
2025-07-31 18:30:00+00:00,TMPV.NS,643.5118408203125,DOWN,2,0,2,DOWN,UP,0.3077777,0.23028722,0.46193507,False
2025-07-31 18:30:00+00:00,RELIANCE.NS,1381.76708984375,DOWN,2,0,0,DOWN,DOWN,0.37850624,0.30105376,0.32043996,True
2025-07-31 18:30:00+00:00,ICICIBANK.NS,1448.12353515625,DOWN,2,0,2,DOWN,UP,0.2875156,0.16977936,0.54270506,False
2025-07-31 18:30:00+00:00,ITC.NS,397.08349609375,STAY,2,1,2,STAY,UP,0.10351455,0.13278301,0.76370245,False
2025-07-31 18:30:00+00:00,BHARTIARTL.NS,1860.9791259765625,DOWN,2,0,0,DOWN,DOWN,0.5028759,0.21284667,0.28427744,True
2025-07-31 18:30:00+00:00,SBIN.NS,779.9415283203125,UP,2,2,1,UP,STAY,0.34161833,0.3807203,0.27766138,False
2025-08-03 18:30:00+00:00,BHARTIARTL.NS,1890.8037109375,DOWN,2,0,0,DOWN,DOWN,0.4725514,0.24011286,0.28733566,True
2025-08-03 18:30:00+00:00,TMPV.NS,648.2227783203125,STAY,2,1,2,STAY,UP,0.34346077,0.22265516,0.43388402,False
2025-08-03 18:30:00+00:00,HDFCBANK.NS,979.7947387695312,STAY,2,1,2,STAY,UP,0.27108786,0.17243938,0.5564728,False
2025-08-03 18:30:00+00:00,SBIN.NS,781.6113891601562,UP,2,2,0,UP,DOWN,0.39075202,0.34266782,0.26658016,False
2025-08-03 18:30:00+00:00,RELIANCE.NS,1399.4146728515625,DOWN,2,0,0,DOWN,DOWN,0.34735334,0.31709427,0.33555242,True
2025-08-03 18:30:00+00:00,LT.NS,3595.976806640625,UP,2,2,2,UP,UP,0.3925347,0.19318858,0.41427672,True
2025-08-03 18:30:00+00:00,ITC.NS,397.46490478515625,STAY,2,1,2,STAY,UP,0.13061598,0.16391526,0.7054687,False
2025-08-03 18:30:00+00:00,TCS.NS,2951.85986328125,DOWN,2,0,1,DOWN,STAY,0.13162282,0.4364288,0.43194842,False
2025-08-03 18:30:00+00:00,INFY.NS,1427.291259765625,DOWN,2,0,2,DOWN,UP,0.21475431,0.3077909,0.4774548,False
2025-08-03 18:30:00+00:00,ICICIBANK.NS,1439.8575439453125,DOWN,2,0,2,DOWN,UP,0.31758723,0.16945107,0.5129617,False
2025-08-04 18:30:00+00:00,LT.NS,3617.26904296875,STAY,2,1,2,STAY,UP,0.30914333,0.24729972,0.44355696,False
2025-08-04 18:30:00+00:00,HDFCBANK.NS,972.7118530273438,STAY,2,1,2,STAY,UP,0.23296237,0.22457756,0.5424601,False
2025-08-04 18:30:00+00:00,TCS.NS,2941.7783203125,STAY,2,1,1,STAY,STAY,0.13761826,0.4449138,0.41746792,True
2025-08-04 18:30:00+00:00,BHARTIARTL.NS,1907.7900390625,DOWN,2,0,0,DOWN,DOWN,0.42419136,0.25547582,0.32033285,True
2025-08-04 18:30:00+00:00,TMPV.NS,649.2145385742188,STAY,2,1,2,STAY,UP,0.3317332,0.2313521,0.43691468,False
2025-08-04 18:30:00+00:00,ICICIBANK.NS,1421.3575439453125,STAY,2,1,2,STAY,UP,0.21039893,0.20225462,0.58734643,False
2025-08-04 18:30:00+00:00,RELIANCE.NS,1379.7841796875,STAY,2,1,0,STAY,DOWN,0.45687965,0.22662969,0.31649065,False
2025-08-04 18:30:00+00:00,SBIN.NS,786.4246215820312,UP,2,2,2,UP,UP,0.27324837,0.30078265,0.42596897,True
2025-08-04 18:30:00+00:00,ITC.NS,394.8904418945313,STAY,2,1,2,STAY,UP,0.16273873,0.16231656,0.67494476,False
2025-08-04 18:30:00+00:00,INFY.NS,1407.8172607421875,DOWN,2,0,2,DOWN,UP,0.19985855,0.24821499,0.5519265,False
2025-08-05 18:30:00+00:00,LT.NS,3593.302734375,UP,2,2,2,UP,UP,0.36452776,0.18468581,0.45078644,True
2025-08-05 18:30:00+00:00,SBIN.NS,790.8941040039062,UP,2,2,2,UP,UP,0.2971013,0.25847453,0.44442418,True
2025-08-05 18:30:00+00:00,TMPV.NS,647.4789428710938,UP,2,2,2,UP,UP,0.31243515,0.2702476,0.41731718,True
2025-08-05 18:30:00+00:00,BHARTIARTL.NS,1905.716064453125,DOWN,2,0,0,DOWN,DOWN,0.43980554,0.21336785,0.34682667,True
2025-08-05 18:30:00+00:00,INFY.NS,1385.0654296875,STAY,2,1,2,STAY,UP,0.15090731,0.30943167,0.539661,False
2025-08-05 18:30:00+00:00,RELIANCE.NS,1380.8748779296875,STAY,2,1,0,STAY,DOWN,0.37043947,0.30965874,0.31990173,False
2025-08-05 18:30:00+00:00,HDFCBANK.NS,976.499267578125,STAY,2,1,2,STAY,UP,0.25561884,0.24350505,0.5008761,False
2025-08-05 18:30:00+00:00,TCS.NS,2911.43798828125,STAY,2,1,1,STAY,STAY,0.15042768,0.45889893,0.39067346,True
2025-08-05 18:30:00+00:00,ICICIBANK.NS,1420.5703125,STAY,2,1,2,STAY,UP,0.23612514,0.22196849,0.5419064,False
2025-08-05 18:30:00+00:00,ITC.NS,392.8404235839844,STAY,2,1,2,STAY,UP,0.14850882,0.18577322,0.66571796,False
2025-08-06 18:30:00+00:00,LT.NS,3606.375244140625,STAY,2,1,2,STAY,UP,0.33887255,0.18175949,0.47936794,False
2025-08-06 18:30:00+00:00,TMPV.NS,641.1812133789062,UP,2,2,2,UP,UP,0.25775045,0.19980673,0.5424428,True
2025-08-06 18:30:00+00:00,HDFCBANK.NS,981.4671020507812,STAY,2,1,2,STAY,UP,0.2674279,0.18860556,0.54396653,False
2025-08-06 18:30:00+00:00,INFY.NS,1385.2581787109375,STAY,2,1,2,STAY,UP,0.18426186,0.21808696,0.5976512,False
2025-08-06 18:30:00+00:00,ICICIBANK.NS,1417.322998046875,STAY,2,1,2,STAY,UP,0.25528765,0.22402574,0.5206866,False
2025-08-06 18:30:00+00:00,RELIANCE.NS,1377.50390625,STAY,2,1,0,STAY,DOWN,0.39018038,0.26393566,0.34588394,False
2025-08-06 18:30:00+00:00,BHARTIARTL.NS,1898.704345703125,DOWN,2,0,0,DOWN,DOWN,0.4829632,0.16747627,0.3495606,True
2025-08-06 18:30:00+00:00,ITC.NS,394.3660278320313,STAY,2,1,2,STAY,UP,0.11654979,0.100755624,0.78269464,False
2025-08-06 18:30:00+00:00,SBIN.NS,790.8941040039062,UP,2,2,0,UP,DOWN,0.41529867,0.28464368,0.30005765,False
2025-08-06 18:30:00+00:00,TCS.NS,2925.55224609375,STAY,2,1,2,STAY,UP,0.1645342,0.36927244,0.46619344,False
2025-08-07 18:30:00+00:00,ICICIBANK.NS,1412.9931640625,STAY,2,1,2,STAY,UP,0.2562027,0.21520112,0.52859616,False
2025-08-07 18:30:00+00:00,BHARTIARTL.NS,1835.499755859375,UP,2,2,0,UP,DOWN,0.436234,0.26430285,0.29946312,False
2025-08-07 18:30:00+00:00,TMPV.NS,628.4865112304688,UP,2,2,2,UP,UP,0.24397945,0.15706766,0.5989529,True
2025-08-07 18:30:00+00:00,ITC.NS,395.2241821289063,DOWN,2,0,2,DOWN,UP,0.13983974,0.11532306,0.7448372,False
2025-08-07 18:30:00+00:00,SBIN.NS,790.0591430664062,UP,2,2,0,UP,DOWN,0.41932482,0.24717677,0.3334984,False
2025-08-07 18:30:00+00:00,HDFCBANK.NS,970.8920288085938,UP,2,2,2,UP,UP,0.23806328,0.25788373,0.504053,True
2025-08-07 18:30:00+00:00,INFY.NS,1371.9542236328125,STAY,2,1,2,STAY,UP,0.19408385,0.2280245,0.57789165,False
2025-08-07 18:30:00+00:00,LT.NS,3572.7041015625,STAY,2,1,2,STAY,UP,0.3642905,0.15764853,0.478061,False
2025-08-07 18:30:00+00:00,TCS.NS,2915.374267578125,STAY,2,1,2,STAY,UP,0.14137332,0.2888316,0.56979513,False
2025-08-07 18:30:00+00:00,RELIANCE.NS,1356.0888671875,UP,2,2,0,UP,DOWN,0.4834679,0.22071142,0.2958207,False
2025-08-10 18:30:00+00:00,RELIANCE.NS,1374.331298828125,UP,2,2,0,UP,DOWN,0.4209251,0.24562433,0.33345062,False
2025-08-10 18:30:00+00:00,INFY.NS,1376.870849609375,STAY,2,1,2,STAY,UP,0.1573226,0.2646954,0.577982,False
2025-08-10 18:30:00+00:00,ITC.NS,397.46490478515625,DOWN,2,0,2,DOWN,UP,0.1511257,0.14111674,0.70775753,False
2025-08-10 18:30:00+00:00,ICICIBANK.NS,1413.681884765625,STAY,2,1,2,STAY,UP,0.22469023,0.22328594,0.5520238,False
2025-08-10 18:30:00+00:00,TMPV.NS,648.37158203125,UP,2,2,2,UP,UP,0.26370916,0.17158954,0.5647013,True
2025-08-10 18:30:00+00:00,LT.NS,3632.916015625,DOWN,2,0,2,DOWN,UP,0.29546714,0.17017835,0.5343545,False
2025-08-10 18:30:00+00:00,TCS.NS,2919.59912109375,STAY,2,1,2,STAY,UP,0.1267281,0.1959734,0.67729855,False
2025-08-10 18:30:00+00:00,BHARTIARTL.NS,1834.314697265625,UP,2,2,0,UP,DOWN,0.4829478,0.25313485,0.26391736,False
2025-08-10 18:30:00+00:00,HDFCBANK.NS,981.5654296875,STAY,2,1,2,STAY,UP,0.24186572,0.17769675,0.5804375,False
2025-08-10 18:30:00+00:00,SBIN.NS,808.8700561523438,STAY,2,1,0,STAY,DOWN,0.3620694,0.30017126,0.33775932,False
2025-08-11 18:30:00+00:00,ICICIBANK.NS,1410.112060546875,STAY,2,1,2,STAY,UP,0.25614443,0.21341932,0.5304363,False
2025-08-11 18:30:00+00:00,RELIANCE.NS,1368.5810546875,UP,2,2,0,UP,DOWN,0.40842685,0.2702562,0.321317,False
2025-08-11 18:30:00+00:00,ITC.NS,396.9881286621094,DOWN,2,0,2,DOWN,UP,0.11702692,0.118246935,0.76472616,False
2025-08-11 18:30:00+00:00,INFY.NS,1372.9183349609375,UP,2,2,2,UP,UP,0.11317352,0.174376,0.7124505,True
2025-08-11 18:30:00+00:00,TCS.NS,2914.414306640625,UP,2,2,2,UP,UP,0.108530134,0.23716082,0.6543091,True
2025-08-11 18:30:00+00:00,HDFCBANK.NS,968.924560546875,STAY,2,1,2,STAY,UP,0.2223476,0.23655011,0.5411023,False
2025-08-11 18:30:00+00:00,SBIN.NS,806.0704956054688,UP,2,2,0,UP,DOWN,0.41044828,0.27201653,0.3175352,False
2025-08-11 18:30:00+00:00,LT.NS,3650.44482421875,DOWN,2,0,2,DOWN,UP,0.32368177,0.18139285,0.49492532,False
2025-08-11 18:30:00+00:00,TMPV.NS,648.7186889648438,UP,2,2,2,UP,UP,0.24610779,0.20326988,0.55062234,True
2025-08-11 18:30:00+00:00,BHARTIARTL.NS,1827.302978515625,UP,2,2,0,UP,DOWN,0.44019043,0.29199535,0.2678142,False
2025-08-12 18:30:00+00:00,SBIN.NS,807.29833984375,STAY,2,1,2,STAY,UP,0.31981668,0.2322281,0.44795525,False
2025-08-12 18:30:00+00:00,ITC.NS,394.8427734375,DOWN,2,0,2,DOWN,UP,0.1261116,0.1452951,0.7285933,False
2025-08-12 18:30:00+00:00,HDFCBANK.NS,974.0399169921876,STAY,2,1,2,STAY,UP,0.21270773,0.24334969,0.54394263,False
2025-08-12 18:30:00+00:00,LT.NS,3657.97119140625,DOWN,2,0,2,DOWN,UP,0.297428,0.23796211,0.4646099,False
2025-08-12 18:30:00+00:00,TMPV.NS,658.289306640625,UP,2,2,2,UP,UP,0.3143831,0.18838522,0.49723163,True
2025-08-12 18:30:00+00:00,BHARTIARTL.NS,1844.1904296875,UP,2,2,0,UP,DOWN,0.46012512,0.26771697,0.27215794,False
2025-08-12 18:30:00+00:00,RELIANCE.NS,1370.7620849609375,UP,2,2,0,UP,DOWN,0.44741786,0.24538974,0.3071924,False
2025-08-12 18:30:00+00:00,INFY.NS,1375.3284912109375,UP,2,2,2,UP,UP,0.13518965,0.23753536,0.627275,True
2025-08-12 18:30:00+00:00,TCS.NS,2915.1826171875,UP,2,2,2,UP,UP,0.16394232,0.20957404,0.6264836,True
2025-08-12 18:30:00+00:00,ICICIBANK.NS,1408.922119140625,UP,2,2,2,UP,UP,0.2061967,0.18676403,0.6070393,True
2025-08-13 18:30:00+00:00,LT.NS,3641.432861328125,DOWN,2,0,2,DOWN,UP,0.2882593,0.1587604,0.5529803,False
2025-08-13 18:30:00+00:00,TCS.NS,2901.83642578125,UP,2,2,2,UP,UP,0.13565812,0.16827287,0.696069,True
2025-08-13 18:30:00+00:00,TMPV.NS,659.1322631835938,UP,2,2,2,UP,UP,0.31875366,0.2052652,0.47598115,True
2025-08-13 18:30:00+00:00,BHARTIARTL.NS,1850.5108642578125,UP,2,2,0,UP,DOWN,0.38918245,0.3472091,0.26360846,False
2025-08-13 18:30:00+00:00,ICICIBANK.NS,1415.3677978515625,STAY,2,1,2,STAY,UP,0.25183648,0.21880367,0.5293598,False
2025-08-13 18:30:00+00:00,INFY.NS,1395.6700439453125,UP,2,2,2,UP,UP,0.17635871,0.2511447,0.5724966,True
2025-08-13 18:30:00+00:00,ITC.NS,392.3160095214844,DOWN,2,0,2,DOWN,UP,0.13392483,0.16039793,0.7056772,False
2025-08-13 18:30:00+00:00,SBIN.NS,811.9151611328125,DOWN,2,0,2,DOWN,UP,0.31056154,0.21474203,0.4746964,False
2025-08-13 18:30:00+00:00,RELIANCE.NS,1367.4774169921875,UP,2,2,0,UP,DOWN,0.44800955,0.26655018,0.28544033,False
2025-08-13 18:30:00+00:00,HDFCBANK.NS,979.35205078125,DOWN,2,0,2,DOWN,UP,0.2086566,0.18435873,0.6069847,False
2025-08-17 18:30:00+00:00,ICICIBANK.NS,1422.606689453125,STAY,2,1,2,STAY,UP,0.2507157,0.18462762,0.5646566,False
2025-08-17 18:30:00+00:00,TCS.NS,2891.178955078125,UP,2,2,2,UP,UP,0.14103512,0.2027226,0.6562423,True
2025-08-17 18:30:00+00:00,ITC.NS,387.4054870605469,DOWN,2,0,2,DOWN,UP,0.11569248,0.16911271,0.7151948,False
2025-08-17 18:30:00+00:00,INFY.NS,1384.19775390625,UP,2,2,2,UP,UP,0.2000134,0.20461121,0.59537536,True
2025-08-17 18:30:00+00:00,BHARTIARTL.NS,1868.781005859375,UP,2,2,0,UP,DOWN,0.42123282,0.24267769,0.33608952,False
2025-08-17 18:30:00+00:00,SBIN.NS,812.9957275390625,DOWN,2,0,2,DOWN,UP,0.35505503,0.2557444,0.38920057,False
2025-08-17 18:30:00+00:00,TMPV.NS,670.4385375976562,UP,2,2,2,UP,UP,0.27127278,0.18844958,0.54027766,True
2025-08-17 18:30:00+00:00,RELIANCE.NS,1375.3409423828125,UP,2,2,0,UP,DOWN,0.37624064,0.29975542,0.3240039,False
2025-08-17 18:30:00+00:00,LT.NS,3599.938232421875,STAY,2,1,2,STAY,UP,0.2862659,0.1343894,0.5793447,False
2025-08-17 18:30:00+00:00,HDFCBANK.NS,985.5003662109376,DOWN,2,0,2,DOWN,UP,0.23685241,0.16710867,0.5960389,False
2025-08-18 18:30:00+00:00,RELIANCE.NS,1413.564208984375,DOWN,2,0,1,DOWN,STAY,0.32649428,0.34935594,0.32414982,False
2025-08-18 18:30:00+00:00,BHARTIARTL.NS,1885.964599609375,STAY,2,1,0,STAY,DOWN,0.3983639,0.28293547,0.31870067,False
2025-08-18 18:30:00+00:00,ICICIBANK.NS,1424.29248046875,DOWN,2,0,2,DOWN,UP,0.2109896,0.18845516,0.6005552,False
2025-08-18 18:30:00+00:00,LT.NS,3578.052001953125,DOWN,2,0,2,DOWN,UP,0.3008327,0.19048214,0.5086852,False
2025-08-18 18:30:00+00:00,INFY.NS,1388.2469482421875,UP,2,2,2,UP,UP,0.21524404,0.22907028,0.55568564,True
2025-08-18 18:30:00+00:00,SBIN.NS,815.697021484375,DOWN,2,0,2,DOWN,UP,0.35201347,0.25612816,0.39185834,False
2025-08-18 18:30:00+00:00,TMPV.NS,694.489013671875,DOWN,2,0,2,DOWN,UP,0.26649216,0.20784192,0.5256659,False
2025-08-18 18:30:00+00:00,ITC.NS,390.0752868652344,DOWN,2,0,2,DOWN,UP,0.14212582,0.14112584,0.71674836,False
2025-08-18 18:30:00+00:00,HDFCBANK.NS,979.35205078125,DOWN,2,0,2,DOWN,UP,0.2380715,0.15678295,0.6051456,False
2025-08-18 18:30:00+00:00,TCS.NS,2895.9794921875,UP,2,2,2,UP,UP,0.11494379,0.2122286,0.67282766,True
2025-08-19 18:30:00+00:00,LT.NS,3557.55224609375,STAY,2,1,2,STAY,UP,0.20843871,0.21259934,0.57896197,False
2025-08-19 18:30:00+00:00,HDFCBANK.NS,977.9256591796876,DOWN,2,0,2,DOWN,UP,0.23846588,0.17343503,0.5880991,False
2025-08-19 18:30:00+00:00,BHARTIARTL.NS,1904.4322509765625,DOWN,2,0,0,DOWN,DOWN,0.42768174,0.2491639,0.32315442,True
2025-08-19 18:30:00+00:00,TCS.NS,2975.09521484375,STAY,2,1,2,STAY,UP,0.133833,0.29699084,0.5691762,False
2025-08-19 18:30:00+00:00,INFY.NS,1442.427001953125,STAY,2,1,2,STAY,UP,0.35060605,0.2802635,0.3691304,False
2025-08-19 18:30:00+00:00,TMPV.NS,683.9265747070312,DOWN,2,0,2,DOWN,UP,0.32404312,0.16009678,0.5158601,False
2025-08-19 18:30:00+00:00,SBIN.NS,814.272705078125,DOWN,2,0,2,DOWN,UP,0.282057,0.19631456,0.5216285,False
2025-08-19 18:30:00+00:00,ITC.NS,387.1671142578125,DOWN,2,0,2,DOWN,UP,0.102013275,0.16849792,0.72948885,False
2025-08-19 18:30:00+00:00,ICICIBANK.NS,1418.64013671875,DOWN,2,0,2,DOWN,UP,0.21926208,0.16258806,0.6181498,False
2025-08-19 18:30:00+00:00,RELIANCE.NS,1406.4969482421875,DOWN,2,0,0,DOWN,DOWN,0.3487679,0.32105997,0.33017215,True
2025-08-20 18:30:00+00:00,ITC.NS,386.69036865234375,UP,2,2,2,UP,UP,0.08746814,0.15091725,0.76161456,True
2025-08-20 18:30:00+00:00,TMPV.NS,679.76123046875,DOWN,2,0,2,DOWN,UP,0.2748256,0.17893685,0.5462375,False
2025-08-20 18:30:00+00:00,INFY.NS,1442.619873046875,DOWN,2,0,0,DOWN,DOWN,0.3914118,0.32171354,0.28687468,True
2025-08-20 18:30:00+00:00,ICICIBANK.NS,1433.911376953125,DOWN,2,0,2,DOWN,UP,0.22976679,0.17156567,0.59866756,False
2025-08-20 18:30:00+00:00,RELIANCE.NS,1418.24267578125,DOWN,2,0,0,DOWN,DOWN,0.36196616,0.31929484,0.31873903,True
2025-08-20 18:30:00+00:00,TCS.NS,2978.93603515625,STAY,2,1,2,STAY,UP,0.15139386,0.4040181,0.44458804,False
2025-08-20 18:30:00+00:00,SBIN.NS,811.0802612304688,DOWN,2,0,2,DOWN,UP,0.26929596,0.16925868,0.56144536,False
2025-08-20 18:30:00+00:00,LT.NS,3577.65576171875,STAY,2,1,2,STAY,UP,0.29193968,0.20927797,0.49878234,False
2025-08-20 18:30:00+00:00,BHARTIARTL.NS,1905.9136962890625,DOWN,2,0,0,DOWN,DOWN,0.3668775,0.28513017,0.34799233,True
2025-08-20 18:30:00+00:00,HDFCBANK.NS,979.4012451171876,DOWN,2,0,2,DOWN,UP,0.15861179,0.13850191,0.70288634,False
2025-08-21 18:30:00+00:00,SBIN.NS,801.7975463867188,DOWN,2,0,2,DOWN,UP,0.27311936,0.14944953,0.57743114,False
2025-08-21 18:30:00+00:00,TMPV.NS,674.703125,UP,2,2,2,UP,UP,0.29739305,0.1771928,0.52541417,True
2025-08-21 18:30:00+00:00,INFY.NS,1434.0396728515625,STAY,2,1,0,STAY,DOWN,0.42411405,0.22736938,0.34851658,False
2025-08-21 18:30:00+00:00,TCS.NS,2932.273193359375,UP,2,2,2,UP,UP,0.21399246,0.24095301,0.5450545,True
2025-08-21 18:30:00+00:00,RELIANCE.NS,1402.71435546875,DOWN,2,0,0,DOWN,DOWN,0.37180117,0.288126,0.34007284,True
2025-08-21 18:30:00+00:00,LT.NS,3561.018310546875,STAY,2,1,2,STAY,UP,0.28842485,0.21562417,0.49595103,False
2025-08-21 18:30:00+00:00,ITC.NS,379.7774963378906,UP,2,2,2,UP,UP,0.17332917,0.25991774,0.5667531,True
2025-08-21 18:30:00+00:00,HDFCBANK.NS,966.317626953125,DOWN,2,0,2,DOWN,UP,0.22644159,0.2040034,0.56955504,False
2025-08-21 18:30:00+00:00,BHARTIARTL.NS,1909.2713623046875,DOWN,2,0,0,DOWN,DOWN,0.36235657,0.32883298,0.3088105,True
2025-08-21 18:30:00+00:00,ICICIBANK.NS,1424.3917236328125,DOWN,2,0,2,DOWN,UP,0.24531686,0.17330557,0.58137757,False
2025-08-24 18:30:00+00:00,SBIN.NS,801.9940185546875,DOWN,2,0,2,DOWN,UP,0.18041721,0.14903952,0.6705433,False
2025-08-24 18:30:00+00:00,ICICIBANK.NS,1421.2183837890625,DOWN,2,0,2,DOWN,UP,0.22975127,0.16383511,0.6064136,False
2025-08-24 18:30:00+00:00,LT.NS,3568.247802734375,STAY,2,1,2,STAY,UP,0.30745757,0.23482683,0.4577156,False
2025-08-24 18:30:00+00:00,TCS.NS,3015.421630859375,STAY,2,1,1,STAY,STAY,0.24403526,0.47836617,0.27759862,True
2025-08-24 18:30:00+00:00,RELIANCE.NS,1406.0987548828125,DOWN,2,0,0,DOWN,DOWN,0.4018982,0.2767415,0.32136032,True
2025-08-24 18:30:00+00:00,TMPV.NS,681.149658203125,STAY,2,1,2,STAY,UP,0.26815936,0.16242203,0.5694186,False
2025-08-24 18:30:00+00:00,INFY.NS,1477.0367431640625,DOWN,2,0,0,DOWN,DOWN,0.44543493,0.16343267,0.39113235,True
2025-08-24 18:30:00+00:00,HDFCBANK.NS,966.0717163085938,DOWN,2,0,2,DOWN,UP,0.21047238,0.2370679,0.5524597,False
2025-08-24 18:30:00+00:00,BHARTIARTL.NS,1906.70361328125,DOWN,2,0,0,DOWN,DOWN,0.4015441,0.31515622,0.28329962,True
2025-08-24 18:30:00+00:00,ITC.NS,380.7787170410156,UP,2,2,2,UP,UP,0.17046803,0.25978756,0.5697444,True
2025-08-25 18:30:00+00:00,ITC.NS,384.59271240234375,UP,2,2,2,UP,UP,0.18495384,0.23500496,0.58004117,True
2025-08-25 18:30:00+00:00,BHARTIARTL.NS,1881.0267333984373,DOWN,2,0,0,DOWN,DOWN,0.42176878,0.20400676,0.3742245,True
2025-08-25 18:30:00+00:00,RELIANCE.NS,1378.5262451171875,STAY,2,1,2,STAY,UP,0.34939906,0.28082266,0.36977825,False
2025-08-25 18:30:00+00:00,SBIN.NS,793.5462646484375,STAY,2,1,2,STAY,UP,0.16231224,0.14120415,0.6964837,False
2025-08-25 18:30:00+00:00,INFY.NS,1474.6265869140625,DOWN,2,0,0,DOWN,DOWN,0.44512406,0.20003335,0.35484254,True
2025-08-25 18:30:00+00:00,TCS.NS,3031.359619140625,DOWN,2,0,1,DOWN,STAY,0.23274308,0.52738255,0.23987438,False
2025-08-25 18:30:00+00:00,TMPV.NS,676.0420532226562,UP,2,2,2,UP,UP,0.28623033,0.18353122,0.53023845,True
2025-08-25 18:30:00+00:00,HDFCBANK.NS,957.5625,DOWN,2,0,2,DOWN,UP,0.21294363,0.35144556,0.4356108,False
2025-08-25 18:30:00+00:00,LT.NS,3507.04541015625,UP,2,2,2,UP,UP,0.2032285,0.25443912,0.5423324,True
2025-08-25 18:30:00+00:00,ICICIBANK.NS,1404.7572021484375,DOWN,2,0,2,DOWN,UP,0.24821328,0.19319838,0.5585884,False
2025-08-27 18:30:00+00:00,SBIN.NS,787.750732421875,STAY,3,1,2,STAY,UP,0.16034319,0.3452757,0.4943811,False
2025-08-27 18:30:00+00:00,HDFCBANK.NS,942.2162475585938,STAY,3,1,1,STAY,STAY,0.14809057,0.5089246,0.3429848,True
2025-08-27 18:30:00+00:00,ITC.NS,382.2566223144531,UP,3,2,2,UP,UP,0.18965377,0.37539813,0.43494815,True
2025-08-27 18:30:00+00:00,LT.NS,3525.66357421875,STAY,3,1,2,STAY,UP,0.26108277,0.36046255,0.3784547,False
2025-08-27 18:30:00+00:00,ICICIBANK.NS,1387.4034423828125,STAY,3,1,2,STAY,UP,0.19054687,0.37254003,0.43691313,False
2025-08-27 18:30:00+00:00,RELIANCE.NS,1379.521728515625,DOWN,3,0,2,DOWN,UP,0.29498193,0.3386689,0.3663492,False
2025-08-27 18:30:00+00:00,INFY.NS,1446.1868896484375,DOWN,3,0,0,DOWN,DOWN,0.4081016,0.21045299,0.38144538,True
2025-08-27 18:30:00+00:00,TMPV.NS,669.89306640625,UP,3,2,2,UP,UP,0.28009942,0.18297513,0.5369255,True
2025-08-27 18:30:00+00:00,TCS.NS,2970.390869140625,STAY,3,1,2,STAY,UP,0.24465305,0.2720168,0.48333013,False
2025-08-27 18:30:00+00:00,BHARTIARTL.NS,1857.7200927734373,STAY,3,1,2,STAY,UP,0.33912283,0.31927085,0.34160632,False
2025-08-28 18:30:00+00:00,TMPV.NS,663.49609375,UP,3,2,2,UP,UP,0.29117122,0.13189158,0.57693726,True
2025-08-28 18:30:00+00:00,LT.NS,3566.16796875,DOWN,3,0,2,DOWN,UP,0.3229637,0.29232332,0.3847129,False
2025-08-28 18:30:00+00:00,HDFCBANK.NS,936.1171264648438,UP,3,2,1,UP,STAY,0.24696945,0.4857996,0.26723093,False
2025-08-28 18:30:00+00:00,TCS.NS,2961.74951171875,DOWN,3,0,2,DOWN,UP,0.23515771,0.29501584,0.4698265,False
2025-08-28 18:30:00+00:00,INFY.NS,1416.782958984375,DOWN,3,0,2,DOWN,UP,0.34319738,0.23041323,0.42638934,False
2025-08-28 18:30:00+00:00,SBIN.NS,788.291015625,STAY,3,1,2,STAY,UP,0.16948341,0.31489193,0.51562464,False
2025-08-28 18:30:00+00:00,ICICIBANK.NS,1386.1143798828125,STAY,3,1,2,STAY,UP,0.24523914,0.35643053,0.39833036,False
2025-08-28 18:30:00+00:00,RELIANCE.NS,1350.9537353515625,UP,3,2,0,UP,DOWN,0.4192641,0.24141745,0.33931836,False
2025-08-28 18:30:00+00:00,ITC.NS,390.695068359375,STAY,3,1,2,STAY,UP,0.25180966,0.3043513,0.44383907,False
2025-08-28 18:30:00+00:00,BHARTIARTL.NS,1865.324462890625,STAY,3,1,1,STAY,STAY,0.273523,0.39539075,0.33108622,True
2025-08-31 18:30:00+00:00,BHARTIARTL.NS,1876.977783203125,STAY,3,1,2,STAY,UP,0.2858293,0.35276595,0.36140478,False
2025-08-31 18:30:00+00:00,SBIN.NS,791.7781372070312,STAY,3,1,2,STAY,UP,0.16105883,0.28986064,0.54908055,False
2025-08-31 18:30:00+00:00,ICICIBANK.NS,1399.2039794921875,STAY,3,1,2,STAY,UP,0.17411025,0.37520397,0.45068577,False
2025-08-31 18:30:00+00:00,INFY.NS,1445.5120849609375,DOWN,3,0,2,DOWN,UP,0.3701608,0.22841243,0.40142676,False
2025-08-31 18:30:00+00:00,TCS.NS,2988.537353515625,DOWN,3,0,2,DOWN,UP,0.27123746,0.31595352,0.41280895,False
2025-08-31 18:30:00+00:00,RELIANCE.NS,1347.6689453125,UP,3,2,0,UP,DOWN,0.4024914,0.27663633,0.32087225,False
2025-08-31 18:30:00+00:00,LT.NS,3563.593017578125,DOWN,3,0,2,DOWN,UP,0.3510576,0.2543793,0.39456305,False
2025-08-31 18:30:00+00:00,ITC.NS,386.9764404296875,STAY,3,1,1,STAY,STAY,0.2296552,0.40730402,0.36304078,True
2025-08-31 18:30:00+00:00,HDFCBANK.NS,935.1333618164062,UP,3,2,1,UP,STAY,0.1725597,0.4744311,0.35300922,False
2025-08-31 18:30:00+00:00,TMPV.NS,684.4721069335938,UP,3,2,2,UP,UP,0.29753083,0.16442469,0.53804445,True
2025-09-01 18:30:00+00:00,LT.NS,3540.3203125,DOWN,3,0,2,DOWN,UP,0.32908517,0.264893,0.4060218,False
2025-09-01 18:30:00+00:00,RELIANCE.NS,1360.2109375,STAY,3,1,2,STAY,UP,0.342296,0.2801779,0.3775261,False
2025-09-01 18:30:00+00:00,HDFCBANK.NS,929.1326904296876,UP,3,2,1,UP,STAY,0.18829787,0.48695624,0.32474583,False
2025-09-01 18:30:00+00:00,BHARTIARTL.NS,1863.7442626953125,STAY,3,1,2,STAY,UP,0.2570399,0.3494234,0.39353663,False
2025-09-01 18:30:00+00:00,ICICIBANK.NS,1382.54443359375,STAY,3,1,2,STAY,UP,0.19301957,0.38295963,0.42402077,False
2025-09-01 18:30:00+00:00,TCS.NS,2987.4814453125,DOWN,3,0,2,DOWN,UP,0.2469937,0.2967704,0.45623595,False
2025-09-01 18:30:00+00:00,ITC.NS,387.8345947265625,STAY,3,1,2,STAY,UP,0.28020158,0.35137337,0.36842498,False
2025-09-01 18:30:00+00:00,INFY.NS,1444.837158203125,STAY,3,1,2,STAY,UP,0.36489835,0.19586712,0.43923452,False
2025-09-01 18:30:00+00:00,TMPV.NS,678.7694091796875,UP,3,2,2,UP,UP,0.27818394,0.18142007,0.540396,True
2025-09-01 18:30:00+00:00,SBIN.NS,789.666259765625,STAY,3,1,2,STAY,UP,0.17286614,0.27879974,0.5483341,False
2025-09-02 18:30:00+00:00,LT.NS,3565.969970703125,DOWN,3,0,2,DOWN,UP,0.34494382,0.24603799,0.40901822,False
2025-09-02 18:30:00+00:00,HDFCBANK.NS,938.9207763671876,UP,3,2,1,UP,STAY,0.19383284,0.4631854,0.34298173,False
2025-09-02 18:30:00+00:00,RELIANCE.NS,1366.2828369140625,STAY,3,1,0,STAY,DOWN,0.3994467,0.27433923,0.32621408,False
2025-09-02 18:30:00+00:00,SBIN.NS,797.7701416015625,STAY,3,1,2,STAY,UP,0.17426783,0.26673827,0.5589939,False
2025-09-02 18:30:00+00:00,BHARTIARTL.NS,1860.4853515625,STAY,3,1,2,STAY,UP,0.27212763,0.33619976,0.3916726,False
2025-09-02 18:30:00+00:00,TCS.NS,2974.039306640625,STAY,3,1,2,STAY,UP,0.23858692,0.3030466,0.45836648,False
2025-09-02 18:30:00+00:00,ICICIBANK.NS,1385.321044921875,STAY,3,1,2,STAY,UP,0.16702679,0.36292413,0.47004905,False
2025-09-02 18:30:00+00:00,ITC.NS,392.60205078125,STAY,3,1,2,STAY,UP,0.31926358,0.32384434,0.35689208,False
2025-09-02 18:30:00+00:00,TMPV.NS,686.3564453125,UP,3,2,2,UP,UP,0.2950475,0.18978052,0.515172,True
2025-09-02 18:30:00+00:00,INFY.NS,1425.9415283203125,UP,3,2,2,UP,UP,0.33126456,0.21828625,0.45044923,True
2025-09-03 18:30:00+00:00,LT.NS,3557.849365234375,DOWN,3,0,2,DOWN,UP,0.36556485,0.25134167,0.3830935,False
2025-09-03 18:30:00+00:00,TCS.NS,2972.310791015625,STAY,3,1,2,STAY,UP,0.22315007,0.2788921,0.4979578,False
2025-09-03 18:30:00+00:00,SBIN.NS,795.06884765625,UP,3,2,2,UP,UP,0.17834948,0.2984399,0.5232106,True
2025-09-03 18:30:00+00:00,TMPV.NS,681.8439331054688,UP,3,2,2,UP,UP,0.24348192,0.1891486,0.56736946,True
2025-09-03 18:30:00+00:00,HDFCBANK.NS,945.610107421875,STAY,3,1,1,STAY,STAY,0.15790364,0.4811354,0.36096096,True
2025-09-03 18:30:00+00:00,BHARTIARTL.NS,1857.0289306640625,UP,3,2,2,UP,UP,0.2942815,0.34726936,0.35844916,True
2025-09-03 18:30:00+00:00,ICICIBANK.NS,1393.75,STAY,3,1,2,STAY,UP,0.15288815,0.40398672,0.4431251,False
2025-09-03 18:30:00+00:00,RELIANCE.NS,1353.0440673828125,UP,3,2,2,UP,UP,0.34731272,0.2299189,0.42276835,True
2025-09-03 18:30:00+00:00,ITC.NS,396.5590515136719,STAY,3,1,0,STAY,DOWN,0.3997384,0.23087847,0.36938316,False
2025-09-03 18:30:00+00:00,INFY.NS,1410.4202880859375,UP,3,2,2,UP,UP,0.33103395,0.20263794,0.46632808,True
2025-09-04 18:30:00+00:00,RELIANCE.NS,1368.671875,UP,3,2,0,UP,DOWN,0.37866497,0.25673917,0.3645959,False
2025-09-04 18:30:00+00:00,TCS.NS,2926.80029296875,UP,3,2,2,UP,UP,0.24598828,0.25721207,0.49679965,True
2025-09-04 18:30:00+00:00,SBIN.NS,792.318359375,UP,3,2,2,UP,UP,0.18260708,0.3203168,0.49707612,True
2025-09-04 18:30:00+00:00,BHARTIARTL.NS,1871.74365234375,STAY,3,1,2,STAY,UP,0.30334616,0.32204777,0.37460604,False
2025-09-04 18:30:00+00:00,INFY.NS,1392.681396484375,UP,3,2,2,UP,UP,0.27601367,0.17424853,0.5497378,True
2025-09-04 18:30:00+00:00,LT.NS,3519.2265625,STAY,3,1,2,STAY,UP,0.3038869,0.23235092,0.46376222,False
2025-09-04 18:30:00+00:00,ITC.NS,388.40667724609375,UP,3,2,0,UP,DOWN,0.3715914,0.27856308,0.3498455,False
2025-09-04 18:30:00+00:00,HDFCBANK.NS,947.7251586914062,STAY,3,1,1,STAY,STAY,0.1997727,0.4225867,0.3776406,True
2025-09-04 18:30:00+00:00,TMPV.NS,686.0093383789062,UP,3,2,2,UP,UP,0.2858155,0.1835898,0.5305947,True
2025-09-04 18:30:00+00:00,ICICIBANK.NS,1391.0726318359375,UP,3,2,2,UP,UP,0.18534245,0.37028378,0.44437376,True
2025-09-07 18:30:00+00:00,ICICIBANK.NS,1390.973388671875,UP,3,2,2,UP,UP,0.22834332,0.33705392,0.43460277,True
2025-09-07 18:30:00+00:00,BHARTIARTL.NS,1864.238037109375,STAY,3,1,2,STAY,UP,0.27741808,0.35692367,0.36565822,False
2025-09-07 18:30:00+00:00,ITC.NS,388.5973815917969,UP,3,2,0,UP,DOWN,0.38662568,0.2871493,0.32622504,False
2025-09-07 18:30:00+00:00,SBIN.NS,794.4794311523438,UP,3,2,2,UP,UP,0.21819992,0.27467245,0.50712764,True
2025-09-07 18:30:00+00:00,HDFCBANK.NS,950.2828369140624,STAY,3,1,1,STAY,STAY,0.21845499,0.39281455,0.3887304,True
2025-09-07 18:30:00+00:00,LT.NS,3495.458740234375,UP,3,2,2,UP,UP,0.26842174,0.3015307,0.4300475,True
2025-09-07 18:30:00+00:00,INFY.NS,1381.402099609375,UP,3,2,2,UP,UP,0.23213665,0.29343075,0.47443262,True
2025-09-07 18:30:00+00:00,TCS.NS,2898.66796875,UP,3,2,2,UP,UP,0.32509723,0.24907872,0.42582402,True
2025-09-07 18:30:00+00:00,RELIANCE.NS,1372.15576171875,UP,3,2,0,UP,DOWN,0.3631348,0.2781009,0.3587643,False
2025-09-07 18:30:00+00:00,TMPV.NS,713.5806274414062,STAY,3,1,2,STAY,UP,0.22861885,0.21542774,0.55595344,False
2025-09-08 18:30:00+00:00,SBIN.NS,794.528564453125,UP,3,2,2,UP,UP,0.18762553,0.27638882,0.53598565,True
2025-09-08 18:30:00+00:00,INFY.NS,1450.2359619140625,STAY,3,1,2,STAY,UP,0.26115686,0.18905842,0.54978466,False
2025-09-08 18:30:00+00:00,BHARTIARTL.NS,1870.1634521484373,UP,3,2,2,UP,UP,0.29271796,0.28212777,0.4251543,True
2025-09-08 18:30:00+00:00,RELIANCE.NS,1369.8662109375,UP,3,2,2,UP,UP,0.3232509,0.2880506,0.38869858,True
2025-09-08 18:30:00+00:00,TMPV.NS,709.6631469726562,STAY,3,1,2,STAY,UP,0.31361747,0.19770072,0.48868185,False
2025-09-08 18:30:00+00:00,TCS.NS,2927.856201171875,UP,3,2,2,UP,UP,0.2625053,0.311244,0.4262507,True
2025-09-08 18:30:00+00:00,ITC.NS,390.9811096191406,STAY,3,1,0,STAY,DOWN,0.37424603,0.29233354,0.33342046,False
2025-09-08 18:30:00+00:00,HDFCBANK.NS,949.4467163085938,STAY,3,1,2,STAY,UP,0.18337081,0.40670484,0.4099244,False
2025-09-08 18:30:00+00:00,ICICIBANK.NS,1391.9649658203125,UP,3,2,2,UP,UP,0.17557938,0.32838923,0.49603143,True
2025-09-08 18:30:00+00:00,LT.NS,3490.903076171875,UP,3,2,2,UP,UP,0.21310319,0.26391184,0.5229849,True
2025-09-09 18:30:00+00:00,RELIANCE.NS,1370.66259765625,UP,3,2,2,UP,UP,0.34044454,0.29227722,0.36727822,True
2025-09-09 18:30:00+00:00,HDFCBANK.NS,950.1845092773438,STAY,3,1,2,STAY,UP,0.2192591,0.32350123,0.45723963,False
2025-09-09 18:30:00+00:00,BHARTIARTL.NS,1867.8922119140625,UP,3,2,2,UP,UP,0.3247738,0.25097647,0.4242497,True
2025-09-09 18:30:00+00:00,TMPV.NS,703.2661743164062,UP,3,2,2,UP,UP,0.27077714,0.16747366,0.5617492,True
2025-09-09 18:30:00+00:00,TCS.NS,2986.041259765625,UP,3,2,2,UP,UP,0.25445488,0.33882573,0.40671936,True
2025-09-09 18:30:00+00:00,ITC.NS,393.8415832519531,STAY,3,1,0,STAY,DOWN,0.39216897,0.3029486,0.30488244,False
2025-09-09 18:30:00+00:00,INFY.NS,1477.518798828125,STAY,3,1,2,STAY,UP,0.2973719,0.30025142,0.40237662,False
2025-09-09 18:30:00+00:00,LT.NS,3515.661376953125,UP,3,2,2,UP,UP,0.22862616,0.20667696,0.56469685,True
2025-09-09 18:30:00+00:00,SBIN.NS,803.7130126953125,UP,3,2,2,UP,UP,0.2592904,0.22049934,0.52021027,True
2025-09-09 18:30:00+00:00,ICICIBANK.NS,1392.163330078125,UP,3,2,2,UP,UP,0.21882083,0.29046297,0.49071616,True
2025-09-10 18:30:00+00:00,ICICIBANK.NS,1389.882568359375,UP,3,2,2,UP,UP,0.21217358,0.23846693,0.5493595,True
2025-09-10 18:30:00+00:00,ITC.NS,395.7485961914063,STAY,3,1,0,STAY,DOWN,0.4195037,0.25376305,0.32673323,False
2025-09-10 18:30:00+00:00,LT.NS,3505.4609375,UP,3,2,2,UP,UP,0.2407327,0.22581981,0.5334475,True
2025-09-10 18:30:00+00:00,HDFCBANK.NS,952.0535278320312,STAY,3,1,2,STAY,UP,0.24835359,0.29931822,0.45232818,False
2025-09-10 18:30:00+00:00,TMPV.NS,700.0429077148438,STAY,3,1,2,STAY,UP,0.3033359,0.1921609,0.50450313,False
2025-09-10 18:30:00+00:00,RELIANCE.NS,1376.9337158203125,UP,3,2,2,UP,UP,0.32933322,0.2879476,0.38271922,True
2025-09-10 18:30:00+00:00,INFY.NS,1455.4417724609375,UP,3,2,2,UP,UP,0.30709434,0.22354959,0.46935603,True
2025-09-10 18:30:00+00:00,TCS.NS,2999.6748046875,UP,3,2,1,UP,STAY,0.2444668,0.3892607,0.36627248,False
2025-09-10 18:30:00+00:00,BHARTIARTL.NS,1889.2236328125,UP,3,2,2,UP,UP,0.31619576,0.2530856,0.4307186,True
2025-09-10 18:30:00+00:00,SBIN.NS,809.0665283203125,UP,3,2,2,UP,UP,0.25288236,0.27248013,0.47463748,True
2025-09-11 18:30:00+00:00,SBIN.NS,808.96826171875,UP,3,2,2,UP,UP,0.2926329,0.2768655,0.4305016,True
2025-09-11 18:30:00+00:00,TCS.NS,3008.508056640625,UP,3,2,2,UP,UP,0.23727931,0.37228116,0.39043957,True
2025-09-11 18:30:00+00:00,HDFCBANK.NS,951.5617065429688,STAY,3,1,2,STAY,UP,0.28010267,0.29966304,0.42023426,False
2025-09-11 18:30:00+00:00,INFY.NS,1470.7703857421875,STAY,3,1,2,STAY,UP,0.35283655,0.2144987,0.4326647,False
2025-09-11 18:30:00+00:00,RELIANCE.NS,1388.579833984375,STAY,3,1,1,STAY,STAY,0.3340072,0.33846623,0.3275266,True
2025-09-11 18:30:00+00:00,TMPV.NS,709.3656005859375,DOWN,3,0,2,DOWN,UP,0.29875895,0.19029883,0.5109423,False
2025-09-11 18:30:00+00:00,ICICIBANK.NS,1405.847900390625,DOWN,3,0,2,DOWN,UP,0.2264184,0.30736575,0.46621585,False
2025-09-11 18:30:00+00:00,LT.NS,3545.173095703125,UP,3,2,2,UP,UP,0.35027245,0.1833239,0.46640363,True
2025-09-11 18:30:00+00:00,BHARTIARTL.NS,1878.952880859375,UP,3,2,2,UP,UP,0.32420978,0.24334742,0.43244287,True
2025-09-11 18:30:00+00:00,ITC.NS,394.509033203125,STAY,3,1,0,STAY,DOWN,0.41072682,0.2579668,0.3313064,False
2025-09-14 18:30:00+00:00,INFY.NS,1454.1885986328125,STAY,3,1,2,STAY,UP,0.34250972,0.19862163,0.45886868,False
2025-09-14 18:30:00+00:00,TCS.NS,2987.865234375,DOWN,3,0,2,DOWN,UP,0.24060437,0.37685767,0.38253793,False
2025-09-14 18:30:00+00:00,TMPV.NS,707.0349731445312,DOWN,3,0,2,DOWN,UP,0.30210546,0.22926621,0.46862832,False
2025-09-14 18:30:00+00:00,HDFCBANK.NS,951.3157348632812,STAY,3,1,2,STAY,UP,0.27032453,0.27719423,0.45248127,False
2025-09-14 18:30:00+00:00,LT.NS,3551.510986328125,UP,3,2,2,UP,UP,0.28160334,0.21674281,0.50165385,True
2025-09-14 18:30:00+00:00,BHARTIARTL.NS,1880.829345703125,UP,3,2,2,UP,UP,0.32917368,0.2433134,0.4275129,True
2025-09-14 18:30:00+00:00,SBIN.NS,810.1470336914062,UP,3,2,2,UP,UP,0.31076312,0.27855512,0.41068172,True
2025-09-14 18:30:00+00:00,ITC.NS,393.460205078125,DOWN,3,0,2,DOWN,UP,0.29386243,0.3357595,0.37037808,False
2025-09-14 18:30:00+00:00,ICICIBANK.NS,1407.5338134765625,DOWN,3,0,2,DOWN,UP,0.24131855,0.33087668,0.42780477,False
2025-09-14 18:30:00+00:00,RELIANCE.NS,1392.8599853515625,STAY,3,1,2,STAY,UP,0.3285894,0.3176043,0.35380632,False
2025-09-15 18:30:00+00:00,LT.NS,3632.32177734375,STAY,3,1,2,STAY,UP,0.32822967,0.30319282,0.36857754,False
2025-09-15 18:30:00+00:00,ITC.NS,393.8892822265625,DOWN,3,0,2,DOWN,UP,0.33648667,0.27694815,0.38656518,False
2025-09-15 18:30:00+00:00,ICICIBANK.NS,1409.71533203125,DOWN,3,0,2,DOWN,UP,0.28476524,0.29968688,0.41554785,False
2025-09-15 18:30:00+00:00,BHARTIARTL.NS,1915.394287109375,STAY,3,1,2,STAY,UP,0.3616564,0.2489356,0.38940805,False
2025-09-15 18:30:00+00:00,TCS.NS,3020.31787109375,DOWN,3,0,2,DOWN,UP,0.2592966,0.36682123,0.3738822,False
2025-09-15 18:30:00+00:00,HDFCBANK.NS,951.1190185546876,STAY,3,1,2,STAY,UP,0.24145769,0.27579594,0.48274636,False
2025-09-15 18:30:00+00:00,RELIANCE.NS,1398.8323974609375,DOWN,3,0,2,DOWN,UP,0.30279505,0.30118287,0.39602214,False
2025-09-15 18:30:00+00:00,SBIN.NS,816.82666015625,UP,3,2,2,UP,UP,0.34987792,0.2737669,0.3763552,True
2025-09-15 18:30:00+00:00,TMPV.NS,707.382080078125,DOWN,3,0,2,DOWN,UP,0.2883674,0.17326115,0.53837144,False
2025-09-15 18:30:00+00:00,INFY.NS,1456.9844970703125,STAY,3,1,2,STAY,UP,0.28395173,0.23139164,0.4846566,False
2025-09-16 18:30:00+00:00,LT.NS,3649.8505859375,STAY,3,1,2,STAY,UP,0.31426165,0.28713495,0.3986034,False
2025-09-16 18:30:00+00:00,ICICIBANK.NS,1407.33544921875,DOWN,3,0,2,DOWN,UP,0.2964345,0.2979255,0.40563998,False
2025-09-16 18:30:00+00:00,RELIANCE.NS,1407.2933349609375,DOWN,3,0,2,DOWN,UP,0.30036673,0.29194167,0.40769163,False
2025-09-16 18:30:00+00:00,TCS.NS,3046.337890625,DOWN,3,0,1,DOWN,STAY,0.28936303,0.4229434,0.28769356,False
2025-09-16 18:30:00+00:00,TMPV.NS,713.2335205078125,DOWN,3,0,2,DOWN,UP,0.2789911,0.17269616,0.5483127,False
2025-09-16 18:30:00+00:00,INFY.NS,1467.685546875,DOWN,3,0,2,DOWN,UP,0.3246771,0.22100551,0.45431733,False
2025-09-16 18:30:00+00:00,SBIN.NS,841.973388671875,UP,3,2,1,UP,STAY,0.34054703,0.3419881,0.31746492,False
2025-09-16 18:30:00+00:00,HDFCBANK.NS,950.7747192382812,DOWN,3,0,2,DOWN,UP,0.2406251,0.26253486,0.49684,False
2025-09-16 18:30:00+00:00,ITC.NS,390.2659606933594,DOWN,3,0,2,DOWN,UP,0.289985,0.29611146,0.41390353,False
2025-09-16 18:30:00+00:00,BHARTIARTL.NS,1917.1719970703125,STAY,3,1,2,STAY,UP,0.37626725,0.23606445,0.3876683,False
2025-09-17 18:30:00+00:00,SBIN.NS,839.222900390625,STAY,3,1,1,STAY,STAY,0.3039646,0.3643387,0.33169666,True
2025-09-17 18:30:00+00:00,TMPV.NS,705.3489379882812,DOWN,3,0,2,DOWN,UP,0.2941799,0.17752063,0.52829945,False
2025-09-17 18:30:00+00:00,TCS.NS,3050.08251953125,DOWN,3,0,1,DOWN,STAY,0.2908412,0.37503007,0.33412877,False
2025-09-17 18:30:00+00:00,INFY.NS,1485.2313232421875,DOWN,3,0,2,DOWN,UP,0.28617966,0.2012232,0.51259714,False
2025-09-17 18:30:00+00:00,RELIANCE.NS,1408.4876708984375,DOWN,3,0,2,DOWN,UP,0.33250758,0.29828024,0.36921215,False
2025-09-17 18:30:00+00:00,ITC.NS,392.4113464355469,DOWN,3,0,2,DOWN,UP,0.27582303,0.2907116,0.43346536,False
2025-09-17 18:30:00+00:00,BHARTIARTL.NS,1916.974365234375,STAY,3,1,2,STAY,UP,0.38161147,0.21985915,0.3985294,False
2025-09-17 18:30:00+00:00,LT.NS,3650.345703125,DOWN,3,0,2,DOWN,UP,0.37675786,0.23072776,0.39251444,False
2025-09-17 18:30:00+00:00,ICICIBANK.NS,1409.814453125,DOWN,3,0,2,DOWN,UP,0.23996288,0.30048785,0.45954922,False
2025-09-17 18:30:00+00:00,HDFCBANK.NS,961.0055541992188,DOWN,3,0,2,DOWN,UP,0.28119814,0.31684688,0.401955,False
2025-09-18 18:30:00+00:00,TCS.NS,3042.88134765625,DOWN,3,0,0,DOWN,DOWN,0.35360658,0.3083785,0.33801493,True
2025-09-18 18:30:00+00:00,HDFCBANK.NS,951.168212890625,DOWN,3,0,2,DOWN,UP,0.19482926,0.28672922,0.5184415,False
2025-09-18 18:30:00+00:00,BHARTIARTL.NS,1938.009765625,DOWN,3,0,0,DOWN,DOWN,0.38092208,0.27577052,0.34330744,True
2025-09-18 18:30:00+00:00,ICICIBANK.NS,1390.4775390625,DOWN,3,0,2,DOWN,UP,0.26860383,0.27007523,0.46132094,False
2025-09-18 18:30:00+00:00,RELIANCE.NS,1400.9227294921875,DOWN,3,0,2,DOWN,UP,0.28831413,0.24053523,0.4711507,False
2025-09-18 18:30:00+00:00,LT.NS,3639.84814453125,UP,3,2,2,UP,UP,0.35713854,0.1645281,0.47833338,True
2025-09-18 18:30:00+00:00,INFY.NS,1484.845703125,DOWN,3,0,2,DOWN,UP,0.3155256,0.20206557,0.48240876,False
2025-09-18 18:30:00+00:00,TMPV.NS,701.6297607421875,DOWN,3,0,2,DOWN,UP,0.29409614,0.18031043,0.52559346,False
2025-09-18 18:30:00+00:00,SBIN.NS,847.081298828125,STAY,3,1,0,STAY,DOWN,0.36794898,0.26630557,0.3657455,False
2025-09-18 18:30:00+00:00,ITC.NS,391.5531921386719,DOWN,3,0,2,DOWN,UP,0.26312596,0.27870947,0.45816454,False
2025-09-21 18:30:00+00:00,HDFCBANK.NS,948.5121459960938,DOWN,3,0,2,DOWN,UP,0.21532193,0.32050252,0.46417552,False
2025-09-21 18:30:00+00:00,LT.NS,3609.2470703125,UP,3,2,0,UP,DOWN,0.45351702,0.17963542,0.3668476,False
2025-09-21 18:30:00+00:00,ITC.NS,388.0252990722656,STAY,3,1,2,STAY,UP,0.28049365,0.32074976,0.39875653,False
2025-09-21 18:30:00+00:00,INFY.NS,1445.6083984375,DOWN,3,0,2,DOWN,UP,0.31500688,0.16090664,0.5240865,False
2025-09-21 18:30:00+00:00,TMPV.NS,690.5219116210938,DOWN,3,0,2,DOWN,UP,0.3206645,0.1650365,0.51429904,False
2025-09-21 18:30:00+00:00,TCS.NS,2951.283935546875,DOWN,3,0,2,DOWN,UP,0.25862843,0.2606992,0.4806724,False
2025-09-21 18:30:00+00:00,RELIANCE.NS,1384.199951171875,DOWN,3,0,2,DOWN,UP,0.28644645,0.2907294,0.4228242,False
2025-09-21 18:30:00+00:00,BHARTIARTL.NS,1931.88671875,DOWN,3,0,0,DOWN,DOWN,0.43405983,0.24242376,0.3235164,True
2025-09-21 18:30:00+00:00,ICICIBANK.NS,1389.783447265625,DOWN,3,0,2,DOWN,UP,0.25859672,0.25494412,0.48645923,False
2025-09-21 18:30:00+00:00,SBIN.NS,840.1069946289062,UP,3,2,0,UP,DOWN,0.3770218,0.2592965,0.36368173,False
2025-09-22 18:30:00+00:00,RELIANCE.NS,1383.40380859375,DOWN,3,0,2,DOWN,UP,0.2484507,0.28782576,0.4637236,False
2025-09-22 18:30:00+00:00,TMPV.NS,695.5799560546875,DOWN,3,0,2,DOWN,UP,0.27365196,0.17129958,0.55504847,False
2025-09-22 18:30:00+00:00,BHARTIARTL.NS,1914.604248046875,DOWN,3,0,2,DOWN,UP,0.3420513,0.27295226,0.38499644,False
2025-09-22 18:30:00+00:00,ICICIBANK.NS,1382.6436767578125,DOWN,3,0,2,DOWN,UP,0.2476977,0.23218381,0.5201185,False
2025-09-22 18:30:00+00:00,SBIN.NS,855.1851806640625,STAY,3,1,2,STAY,UP,0.3529059,0.28687394,0.3602202,False
2025-09-22 18:30:00+00:00,ITC.NS,384.4496765136719,STAY,3,1,2,STAY,UP,0.21176042,0.3920772,0.39616236,False
2025-09-22 18:30:00+00:00,TCS.NS,2940.33837890625,DOWN,3,0,2,DOWN,UP,0.20585254,0.31937176,0.47477567,False
2025-09-22 18:30:00+00:00,INFY.NS,1443.6802978515625,DOWN,3,0,2,DOWN,UP,0.30527887,0.24208985,0.45263126,False
2025-09-22 18:30:00+00:00,LT.NS,3622.220458984375,STAY,3,1,0,STAY,DOWN,0.47923556,0.19444221,0.32632226,False
2025-09-22 18:30:00+00:00,HDFCBANK.NS,941.6260375976562,STAY,3,1,2,STAY,UP,0.18125431,0.3235768,0.49516892,False
2025-09-23 18:30:00+00:00,ICICIBANK.NS,1371.1405029296875,STAY,3,1,2,STAY,UP,0.21652594,0.2789878,0.50448626,False
2025-09-23 18:30:00+00:00,RELIANCE.NS,1376.635009765625,DOWN,3,0,2,DOWN,UP,0.23386465,0.24245055,0.5236848,False
2025-09-23 18:30:00+00:00,INFY.NS,1440.884521484375,DOWN,3,0,2,DOWN,UP,0.3390533,0.23940662,0.42154005,False
2025-09-23 18:30:00+00:00,LT.NS,3638.263916015625,STAY,3,1,0,STAY,DOWN,0.47936153,0.15171103,0.36892745,False
2025-09-23 18:30:00+00:00,BHARTIARTL.NS,1907.0986328125,DOWN,3,0,2,DOWN,UP,0.3071535,0.25102478,0.4418217,False
2025-09-23 18:30:00+00:00,TCS.NS,2914.414306640625,DOWN,3,0,1,DOWN,STAY,0.3072744,0.35318685,0.33953875,False
2025-09-23 18:30:00+00:00,SBIN.NS,850.8631591796875,STAY,3,1,0,STAY,DOWN,0.34403995,0.323775,0.33218506,False
2025-09-23 18:30:00+00:00,ITC.NS,382.3519592285156,UP,3,2,1,UP,STAY,0.18377863,0.42561337,0.39060798,False
2025-09-23 18:30:00+00:00,HDFCBANK.NS,935.5761108398438,UP,3,2,2,UP,UP,0.20097293,0.39874166,0.40028542,True
2025-09-23 18:30:00+00:00,TMPV.NS,677.3313598632812,UP,3,2,2,UP,UP,0.2893743,0.21849026,0.49213544,True
2025-09-24 18:30:00+00:00,BHARTIARTL.NS,1911.542724609375,DOWN,3,0,2,DOWN,UP,0.30103806,0.210305,0.4886569,False
2025-09-24 18:30:00+00:00,ICICIBANK.NS,1364.29833984375,STAY,3,1,2,STAY,UP,0.18967684,0.34545225,0.46487093,False
2025-09-24 18:30:00+00:00,RELIANCE.NS,1366.0838623046875,STAY,3,1,2,STAY,UP,0.19627175,0.28276843,0.52095985,False
2025-09-24 18:30:00+00:00,TMPV.NS,658.8347778320312,UP,3,2,2,UP,UP,0.24880183,0.21334523,0.53785294,True
2025-09-24 18:30:00+00:00,TCS.NS,2839.523193359375,DOWN,3,0,0,DOWN,DOWN,0.37750813,0.30213028,0.32036158,True
2025-09-24 18:30:00+00:00,LT.NS,3609.14794921875,UP,3,2,0,UP,DOWN,0.45673412,0.19299766,0.35026821,False
2025-09-24 18:30:00+00:00,ITC.NS,381.4938354492188,UP,3,2,2,UP,UP,0.18481603,0.34941262,0.4657714,True
2025-09-24 18:30:00+00:00,INFY.NS,1431.436767578125,DOWN,3,0,2,DOWN,UP,0.27965507,0.1847867,0.5355582,False
2025-09-24 18:30:00+00:00,HDFCBANK.NS,934.3955688476562,UP,3,2,2,UP,UP,0.17518738,0.35449505,0.47031754,True
2025-09-24 18:30:00+00:00,SBIN.NS,845.902587890625,STAY,3,1,2,STAY,UP,0.31307372,0.31289545,0.37403086,False
2025-09-25 18:30:00+00:00,RELIANCE.NS,1371.2598876953125,STAY,3,1,2,STAY,UP,0.15684871,0.2712027,0.5719486,False
2025-09-25 18:30:00+00:00,SBIN.NS,841.7769165039062,UP,3,2,2,UP,UP,0.29132935,0.33376104,0.37490964,True
2025-09-25 18:30:00+00:00,LT.NS,3693.425048828125,STAY,3,1,0,STAY,DOWN,0.4458082,0.2594921,0.29469967,False
2025-09-25 18:30:00+00:00,ITC.NS,386.2612915039063,DOWN,3,0,1,DOWN,STAY,0.19311872,0.4451011,0.36178014,False
2025-09-25 18:30:00+00:00,TCS.NS,2783.54736328125,UP,3,2,1,UP,STAY,0.27824408,0.3806849,0.341071,False
2025-09-25 18:30:00+00:00,HDFCBANK.NS,929.6737060546876,UP,3,2,2,UP,UP,0.15512396,0.35524842,0.48962757,True
2025-09-25 18:30:00+00:00,BHARTIARTL.NS,1892.7789306640625,STAY,3,1,2,STAY,UP,0.33502817,0.2562419,0.40872994,False
2025-09-25 18:30:00+00:00,INFY.NS,1396.8270263671875,UP,3,2,2,UP,UP,0.33369908,0.21324009,0.45306084,True
2025-09-25 18:30:00+00:00,TMPV.NS,667.364013671875,UP,3,2,2,UP,UP,0.3181649,0.1849487,0.49688634,True
2025-09-25 18:30:00+00:00,ICICIBANK.NS,1348.233642578125,STAY,3,1,2,STAY,UP,0.1461267,0.35748887,0.4963845,False
2025-09-28 18:30:00+00:00,ICICIBANK.NS,1336.829833984375,UP,3,2,2,UP,UP,0.18509766,0.39090106,0.42400125,True
2025-09-28 18:30:00+00:00,HDFCBANK.NS,934.8382568359376,UP,3,2,2,UP,UP,0.12652837,0.40771428,0.46575737,True
2025-09-28 18:30:00+00:00,TCS.NS,2780.666748046875,UP,3,2,2,UP,UP,0.22533664,0.38625965,0.38840374,True
2025-09-28 18:30:00+00:00,SBIN.NS,855.3325805664062,STAY,3,1,2,STAY,UP,0.29911426,0.28702015,0.41386566,False
2025-09-28 18:30:00+00:00,INFY.NS,1389.982177734375,UP,3,2,2,UP,UP,0.28220078,0.32830197,0.38949722,True
2025-09-28 18:30:00+00:00,BHARTIARTL.NS,1878.557861328125,UP,3,2,2,UP,UP,0.29673922,0.29007268,0.41318804,True
2025-09-28 18:30:00+00:00,RELIANCE.NS,1366.48193359375,STAY,3,1,2,STAY,UP,0.12580246,0.2990725,0.57512504,False
2025-09-28 18:30:00+00:00,ITC.NS,388.3113098144531,DOWN,3,0,2,DOWN,UP,0.24529067,0.2772526,0.47745666,False
2025-09-28 18:30:00+00:00,TMPV.NS,666.96728515625,UP,3,2,2,UP,UP,0.28829414,0.19004251,0.5216633,True
2025-09-28 18:30:00+00:00,LT.NS,3652.722412109375,UP,3,2,0,UP,DOWN,0.5649519,0.18672761,0.24832046,False
2025-09-29 18:30:00+00:00,SBIN.NS,857.0025024414062,DOWN,3,0,0,DOWN,DOWN,0.36839864,0.2702306,0.36137074,True
2025-09-29 18:30:00+00:00,TMPV.NS,674.6039428710938,STAY,3,1,2,STAY,UP,0.2815004,0.13922498,0.57927465,False
2025-09-29 18:30:00+00:00,RELIANCE.NS,1357.722412109375,STAY,3,1,2,STAY,UP,0.13787915,0.36653337,0.49558747,False
2025-09-29 18:30:00+00:00,ITC.NS,382.8763732910156,STAY,3,1,2,STAY,UP,0.22003767,0.38843605,0.39152628,False
2025-09-29 18:30:00+00:00,HDFCBANK.NS,935.5269165039062,UP,3,2,2,UP,UP,0.15420395,0.33078098,0.515015,True
2025-09-29 18:30:00+00:00,TCS.NS,2773.2734375,UP,3,2,1,UP,STAY,0.19011422,0.44315448,0.36673135,False
2025-09-29 18:30:00+00:00,ICICIBANK.NS,1336.730712890625,UP,3,2,2,UP,UP,0.18325272,0.3649845,0.4517627,True
2025-09-29 18:30:00+00:00,BHARTIARTL.NS,1855.0537109375,UP,3,2,2,UP,UP,0.30436078,0.33084604,0.36479315,True
2025-09-29 18:30:00+00:00,LT.NS,3623.60693359375,UP,3,2,0,UP,DOWN,0.550737,0.2036358,0.24562721,False
2025-09-29 18:30:00+00:00,INFY.NS,1389.982177734375,UP,3,2,2,UP,UP,0.26993653,0.34752762,0.38253582,True
2025-09-30 18:30:00+00:00,TMPV.NS,712.4400634765625,DOWN,3,0,2,DOWN,UP,0.24017929,0.21765737,0.5421634,False
2025-09-30 18:30:00+00:00,RELIANCE.NS,1362.4007568359375,STAY,3,1,2,STAY,UP,0.14033316,0.34144363,0.5182232,False
2025-09-30 18:30:00+00:00,INFY.NS,1393.83837890625,UP,3,2,2,UP,UP,0.3135,0.30947897,0.37702104,True
2025-09-30 18:30:00+00:00,HDFCBANK.NS,949.5450439453124,UP,3,2,2,UP,UP,0.1750724,0.32991236,0.4950152,True
2025-09-30 18:30:00+00:00,SBIN.NS,848.80029296875,STAY,3,1,2,STAY,UP,0.30965015,0.25746238,0.43288743,False
2025-09-30 18:30:00+00:00,TCS.NS,2798.045166015625,UP,3,2,2,UP,UP,0.19565569,0.3567454,0.4475989,True
2025-09-30 18:30:00+00:00,BHARTIARTL.NS,1844.387939453125,UP,3,2,1,UP,STAY,0.3124217,0.37965095,0.30792737,False
2025-09-30 18:30:00+00:00,ICICIBANK.NS,1360.530029296875,STAY,3,1,2,STAY,UP,0.2009907,0.3623647,0.43664455,False
2025-09-30 18:30:00+00:00,ITC.NS,386.7380676269531,DOWN,3,0,2,DOWN,UP,0.23975968,0.366215,0.3940253,False
2025-09-30 18:30:00+00:00,LT.NS,3634.797607421875,UP,3,2,0,UP,DOWN,0.5157622,0.21709138,0.26714638,False
2025-10-02 18:30:00+00:00,SBIN.NS,851.9436645507812,UP,3,2,2,UP,UP,0.3244715,0.27544555,0.40008292,True
2025-10-02 18:30:00+00:00,TMPV.NS,710.2085571289062,DOWN,3,0,2,DOWN,UP,0.24598746,0.27967656,0.47433597,False
2025-10-02 18:30:00+00:00,HDFCBANK.NS,949.4467163085938,UP,3,2,2,UP,UP,0.18027087,0.32158467,0.4981444,True
2025-10-02 18:30:00+00:00,LT.NS,3696.990234375,UP,3,2,0,UP,DOWN,0.5173285,0.20223795,0.28043354,False
2025-10-02 18:30:00+00:00,ITC.NS,385.4985046386719,STAY,3,1,1,STAY,STAY,0.2407297,0.38764885,0.3716214,True
2025-10-02 18:30:00+00:00,TCS.NS,2786.2353515625,UP,3,2,2,UP,UP,0.18074891,0.3815383,0.4377128,True
2025-10-02 18:30:00+00:00,ICICIBANK.NS,1353.786865234375,UP,3,2,2,UP,UP,0.18547413,0.29563093,0.5188949,True
2025-10-02 18:30:00+00:00,RELIANCE.NS,1357.125244140625,UP,3,2,2,UP,UP,0.13166568,0.32387373,0.5444606,True
2025-10-02 18:30:00+00:00,INFY.NS,1394.609619140625,UP,3,2,2,UP,UP,0.33166945,0.26942188,0.39890867,True
2025-10-02 18:30:00+00:00,BHARTIARTL.NS,1873.126220703125,UP,3,2,1,UP,STAY,0.32352832,0.352865,0.3236067,False
2025-10-05 18:30:00+00:00,SBIN.NS,858.5741577148438,UP,3,2,2,UP,UP,0.32630956,0.30485675,0.36883366,True
2025-10-05 18:30:00+00:00,LT.NS,3700.8525390625,STAY,3,1,0,STAY,DOWN,0.53384984,0.20289938,0.26325077,False
2025-10-05 18:30:00+00:00,INFY.NS,1422.9530029296875,UP,3,2,2,UP,UP,0.3230239,0.25563666,0.42133948,True
2025-10-05 18:30:00+00:00,RELIANCE.NS,1368.671875,STAY,3,1,2,STAY,UP,0.18253088,0.30997336,0.50749576,False
2025-10-05 18:30:00+00:00,ICICIBANK.NS,1352.001953125,UP,3,2,2,UP,UP,0.17437707,0.30403203,0.52159095,True
2025-10-05 18:30:00+00:00,TMPV.NS,706.7869873046875,DOWN,3,0,2,DOWN,UP,0.3021083,0.20672472,0.491167,False
2025-10-05 18:30:00+00:00,BHARTIARTL.NS,1879.4466552734373,UP,3,2,0,UP,DOWN,0.36188477,0.29390118,0.34421405,False
2025-10-05 18:30:00+00:00,HDFCBANK.NS,957.6116333007812,STAY,3,1,2,STAY,UP,0.20853202,0.33569092,0.45577708,False
2025-10-05 18:30:00+00:00,ITC.NS,382.1135864257813,STAY,3,1,2,STAY,UP,0.2101102,0.39358965,0.39630017,False
2025-10-05 18:30:00+00:00,TCS.NS,2869.28759765625,STAY,3,1,2,STAY,UP,0.22000287,0.32979918,0.4501979,False
2025-10-06 18:30:00+00:00,TCS.NS,2855.173583984375,STAY,3,1,2,STAY,UP,0.19982295,0.2661083,0.53406876,False
2025-10-06 18:30:00+00:00,ICICIBANK.NS,1364.3974609375,STAY,3,1,2,STAY,UP,0.19066624,0.29652968,0.5128041,False
2025-10-06 18:30:00+00:00,RELIANCE.NS,1378.4267578125,STAY,3,1,2,STAY,UP,0.20322652,0.22248228,0.57429117,False
2025-10-06 18:30:00+00:00,BHARTIARTL.NS,1905.0247802734373,STAY,3,1,2,STAY,UP,0.32313225,0.29373825,0.38312957,False
2025-10-06 18:30:00+00:00,SBIN.NS,849.3897094726562,UP,3,2,2,UP,UP,0.34153885,0.24279188,0.41566926,True
2025-10-06 18:30:00+00:00,INFY.NS,1406.0819091796875,UP,3,2,2,UP,UP,0.3393211,0.2164193,0.4442596,True
2025-10-06 18:30:00+00:00,TMPV.NS,692.3070678710938,DOWN,3,0,2,DOWN,UP,0.30004054,0.1686903,0.5312692,False
2025-10-06 18:30:00+00:00,HDFCBANK.NS,966.514404296875,STAY,3,1,2,STAY,UP,0.26002765,0.29200292,0.44796938,False
2025-10-06 18:30:00+00:00,LT.NS,3693.623046875,STAY,3,1,0,STAY,DOWN,0.5251847,0.2049078,0.26990747,False
2025-10-06 18:30:00+00:00,ITC.NS,381.2077941894531,STAY,3,1,2,STAY,UP,0.21697888,0.38788,0.39514115,False
2025-10-07 18:30:00+00:00,INFY.NS,1441.2701416015625,DOWN,3,0,2,DOWN,UP,0.31441757,0.2637454,0.42183703,False
2025-10-07 18:30:00+00:00,ICICIBANK.NS,1358.8443603515625,UP,3,2,2,UP,UP,0.24484769,0.31325155,0.44190073,True
2025-10-07 18:30:00+00:00,LT.NS,3693.72216796875,UP,3,2,0,UP,DOWN,0.5363944,0.1997207,0.2638849,False
2025-10-07 18:30:00+00:00,TMPV.NS,675.94287109375,DOWN,3,0,2,DOWN,UP,0.35063493,0.16686672,0.48249835,False
2025-10-07 18:30:00+00:00,BHARTIARTL.NS,1919.3446044921875,UP,3,2,2,UP,UP,0.327383,0.32475767,0.34785935,True
2025-10-07 18:30:00+00:00,TCS.NS,2906.541259765625,DOWN,3,0,2,DOWN,UP,0.2395744,0.3499564,0.41046917,False
2025-10-07 18:30:00+00:00,SBIN.NS,843.0538940429688,UP,3,2,2,UP,UP,0.32023007,0.25437367,0.4253963,True
2025-10-07 18:30:00+00:00,RELIANCE.NS,1361.1068115234375,STAY,3,1,2,STAY,UP,0.20034179,0.27841762,0.5212406,False
2025-10-07 18:30:00+00:00,ITC.NS,381.16009521484375,STAY,3,1,2,STAY,UP,0.17764251,0.3854357,0.43692183,False
2025-10-07 18:30:00+00:00,HDFCBANK.NS,962.7762451171876,STAY,3,1,2,STAY,UP,0.26228395,0.3267605,0.41095555,False
2025-10-08 18:30:00+00:00,HDFCBANK.NS,961.2022094726562,UP,3,2,2,UP,UP,0.2868876,0.347479,0.3656334,True
2025-10-08 18:30:00+00:00,SBIN.NS,846.835693359375,UP,3,2,2,UP,UP,0.27615333,0.2636018,0.46024492,True
2025-10-08 18:30:00+00:00,LT.NS,3732.740966796875,UP,3,2,0,UP,DOWN,0.5162388,0.23319045,0.25057068,False
2025-10-08 18:30:00+00:00,TCS.NS,2939.666015625,DOWN,3,0,1,DOWN,STAY,0.24956915,0.38609588,0.36433494,False
2025-10-08 18:30:00+00:00,ICICIBANK.NS,1364.69482421875,UP,3,2,2,UP,UP,0.2804824,0.30138788,0.41812968,True
2025-10-08 18:30:00+00:00,RELIANCE.NS,1371.458984375,UP,3,2,2,UP,UP,0.23742734,0.26472586,0.49784672,True
2025-10-08 18:30:00+00:00,ITC.NS,381.3031005859375,UP,3,2,2,UP,UP,0.18731931,0.30480286,0.5078778,True
2025-10-08 18:30:00+00:00,TMPV.NS,675.4965209960938,DOWN,3,0,2,DOWN,UP,0.29632702,0.27404425,0.4296287,False
2025-10-08 18:30:00+00:00,INFY.NS,1455.0562744140625,DOWN,3,0,2,DOWN,UP,0.3408977,0.28906918,0.3700331,False
2025-10-08 18:30:00+00:00,BHARTIARTL.NS,1917.86328125,UP,3,2,2,UP,UP,0.338266,0.31398284,0.34775117,True
2025-10-09 18:30:00+00:00,LT.NS,3747.397705078125,UP,3,2,0,UP,DOWN,0.53429204,0.24173988,0.22396813,False
2025-10-09 18:30:00+00:00,ICICIBANK.NS,1368.7607421875,UP,3,2,2,UP,UP,0.23990393,0.30245867,0.4576374,True
2025-10-09 18:30:00+00:00,INFY.NS,1460.4549560546875,DOWN,3,0,2,DOWN,UP,0.31060064,0.2860111,0.40338826,False
2025-10-09 18:30:00+00:00,HDFCBANK.NS,964.9404296875,UP,3,2,2,UP,UP,0.3150738,0.3271658,0.35776043,True
2025-10-09 18:30:00+00:00,TMPV.NS,673.3642578125,DOWN,3,0,2,DOWN,UP,0.32472494,0.18253973,0.49273533,False
2025-10-09 18:30:00+00:00,SBIN.NS,865.0573120117188,STAY,3,1,2,STAY,UP,0.30649418,0.2659073,0.4275985,False
2025-10-09 18:30:00+00:00,RELIANCE.NS,1375.3409423828125,UP,3,2,2,UP,UP,0.21155283,0.26513556,0.5233116,True
2025-10-09 18:30:00+00:00,TCS.NS,2907.59716796875,DOWN,3,0,2,DOWN,UP,0.25417864,0.33163378,0.41418752,False
2025-10-09 18:30:00+00:00,BHARTIARTL.NS,1915.789306640625,UP,3,2,2,UP,UP,0.3037737,0.33669558,0.35953072,True
2025-10-09 18:30:00+00:00,ITC.NS,384.0682678222656,UP,3,2,2,UP,UP,0.24048552,0.32026327,0.4392512,True
2025-10-12 18:30:00+00:00,RELIANCE.NS,1368.671875,UP,3,2,2,UP,UP,0.2520304,0.23503287,0.5129367,True
2025-10-12 18:30:00+00:00,HDFCBANK.NS,961.1038818359376,UP,3,2,2,UP,UP,0.31189469,0.29336524,0.39474007,True
2025-10-12 18:30:00+00:00,INFY.NS,1439.5347900390625,DOWN,3,0,0,DOWN,DOWN,0.4126777,0.21686094,0.37046137,True
2025-10-12 18:30:00+00:00,SBIN.NS,867.3165893554688,UP,3,2,2,UP,UP,0.3532522,0.28466734,0.36208045,True
2025-10-12 18:30:00+00:00,ICICIBANK.NS,1367.8681640625,STAY,3,1,2,STAY,UP,0.26767108,0.2837829,0.44854602,False
2025-10-12 18:30:00+00:00,TMPV.NS,655.31396484375,DOWN,3,0,0,DOWN,DOWN,0.45733166,0.17710672,0.3655616,True
2025-10-12 18:30:00+00:00,TCS.NS,2887.338134765625,STAY,3,1,2,STAY,UP,0.24218139,0.26648885,0.49132973,False
2025-10-12 18:30:00+00:00,BHARTIARTL.NS,1930.6029052734373,UP,3,2,2,UP,UP,0.34057465,0.27238858,0.38703677,True
2025-10-12 18:30:00+00:00,LT.NS,3733.0380859375,UP,3,2,0,UP,DOWN,0.57634026,0.21189204,0.21176773,False
2025-10-12 18:30:00+00:00,ITC.NS,380.683349609375,UP,3,2,2,UP,UP,0.19133049,0.30047488,0.5081946,True
2025-10-13 18:30:00+00:00,RELIANCE.NS,1369.5677490234375,UP,3,2,2,UP,UP,0.24762486,0.23818956,0.5141856,True
2025-10-13 18:30:00+00:00,LT.NS,3708.081787109375,UP,3,2,0,UP,DOWN,0.5332989,0.19653904,0.27016208,False
2025-10-13 18:30:00+00:00,INFY.NS,1436.353515625,DOWN,3,0,2,DOWN,UP,0.38793197,0.22274485,0.38932317,False
2025-10-13 18:30:00+00:00,ITC.NS,378.3472595214844,UP,3,2,2,UP,UP,0.13873862,0.34754995,0.51371145,True
2025-10-13 18:30:00+00:00,HDFCBANK.NS,961.25146484375,UP,3,2,2,UP,UP,0.28688133,0.32122493,0.39189374,True
2025-10-13 18:30:00+00:00,ICICIBANK.NS,1372.52880859375,STAY,3,1,2,STAY,UP,0.35850728,0.24274258,0.3987502,False
2025-10-13 18:30:00+00:00,TMPV.NS,392.1966247558594,UP,3,2,2,UP,UP,0.052146256,0.08057726,0.8672765,True
2025-10-13 18:30:00+00:00,TCS.NS,2842.3076171875,UP,3,2,2,UP,UP,0.23983108,0.20455384,0.5556151,True
2025-10-13 18:30:00+00:00,SBIN.NS,861.4227905273438,UP,3,2,0,UP,DOWN,0.3867133,0.26051992,0.35276675,False
2025-10-13 18:30:00+00:00,BHARTIARTL.NS,1922.406005859375,UP,3,2,2,UP,UP,0.33892283,0.2846293,0.37644783,True
2025-10-14 18:30:00+00:00,BHARTIARTL.NS,1944.0338134765625,UP,3,2,0,UP,DOWN,0.38961133,0.24493705,0.36545166,False
2025-10-14 18:30:00+00:00,SBIN.NS,870.4107666015625,UP,3,2,2,UP,UP,0.35776335,0.26318884,0.3790478,True
2025-10-14 18:30:00+00:00,ICICIBANK.NS,1386.7093505859375,DOWN,3,0,2,DOWN,UP,0.31572327,0.32307595,0.36120075,False
2025-10-14 18:30:00+00:00,INFY.NS,1421.41064453125,UP,3,2,2,UP,UP,0.38389224,0.220211,0.39589676,True
2025-10-14 18:30:00+00:00,TMPV.NS,387.6344604492188,UP,3,2,2,UP,UP,0.04413448,0.067221634,0.88864386,True
2025-10-14 18:30:00+00:00,RELIANCE.NS,1367.97509765625,UP,3,2,2,UP,UP,0.19809076,0.23456846,0.5673408,True
2025-10-14 18:30:00+00:00,HDFCBANK.NS,962.3335571289062,UP,3,2,2,UP,UP,0.2693329,0.33150032,0.39916682,True
2025-10-14 18:30:00+00:00,LT.NS,3791.665283203125,UP,3,2,0,UP,DOWN,0.4502014,0.29271024,0.2570883,False
2025-10-14 18:30:00+00:00,TCS.NS,2862.064208984375,UP,3,2,2,UP,UP,0.20728926,0.24845982,0.5442509,True
2025-10-14 18:30:00+00:00,ITC.NS,381.3031005859375,UP,3,2,2,UP,UP,0.263547,0.3019705,0.4344825,True
2025-10-15 18:30:00+00:00,ITC.NS,386.3089904785156,UP,3,2,2,UP,UP,0.28354427,0.23137398,0.48508182,True
2025-10-15 18:30:00+00:00,RELIANCE.NS,1391.8646240234375,UP,3,2,2,UP,UP,0.2719154,0.19792074,0.5301638,True
2025-10-15 18:30:00+00:00,BHARTIARTL.NS,1942.947509765625,UP,3,2,0,UP,DOWN,0.41152573,0.23518796,0.35328633,False
2025-10-15 18:30:00+00:00,HDFCBANK.NS,978.1715698242188,STAY,3,1,1,STAY,STAY,0.2732011,0.364865,0.3619339,True
2025-10-15 18:30:00+00:00,LT.NS,3824.4453125,UP,3,2,0,UP,DOWN,0.44512773,0.33422595,0.22064635,False
2025-10-15 18:30:00+00:00,TMPV.NS,393.5354919433594,UP,3,2,2,UP,UP,0.0496723,0.06671114,0.8836166,True
2025-10-15 18:30:00+00:00,ICICIBANK.NS,1405.451416015625,DOWN,3,0,0,DOWN,DOWN,0.38393882,0.28124326,0.33481792,True
2025-10-15 18:30:00+00:00,INFY.NS,1418.61474609375,UP,3,2,2,UP,UP,0.36207792,0.23786582,0.40005627,True
2025-10-15 18:30:00+00:00,TCS.NS,2862.931396484375,UP,3,2,2,UP,UP,0.19053562,0.25412858,0.5553358,True
2025-10-15 18:30:00+00:00,SBIN.NS,871.2457275390625,UP,3,2,0,UP,DOWN,0.34374762,0.33297893,0.32327345,False
2025-10-16 18:30:00+00:00,RELIANCE.NS,1410.279541015625,UP,3,2,2,UP,UP,0.3382758,0.30777067,0.3539536,True
2025-10-16 18:30:00+00:00,ICICIBANK.NS,1424.5899658203125,DOWN,3,0,1,DOWN,STAY,0.33581507,0.41985562,0.24432926,False
2025-10-16 18:30:00+00:00,TMPV.NS,393.337158203125,UP,3,2,2,UP,UP,0.03206648,0.04987339,0.9180601,True
2025-10-16 18:30:00+00:00,SBIN.NS,873.4067993164062,UP,3,2,0,UP,DOWN,0.38649863,0.2887805,0.32472083,False
2025-10-16 18:30:00+00:00,LT.NS,3802.261962890625,UP,3,2,0,UP,DOWN,0.55429536,0.2201064,0.22559825,False
2025-10-16 18:30:00+00:00,TCS.NS,2854.73974609375,UP,3,2,2,UP,UP,0.1915368,0.25961202,0.5488512,True
2025-10-16 18:30:00+00:00,HDFCBANK.NS,986.2381591796876,STAY,3,1,2,STAY,UP,0.30109045,0.34212154,0.35678798,False
2025-10-16 18:30:00+00:00,BHARTIARTL.NS,1986.9931640625,UP,3,2,0,UP,DOWN,0.3725054,0.3317258,0.29576874,False
2025-10-16 18:30:00+00:00,INFY.NS,1389.307373046875,UP,3,2,2,UP,UP,0.36398894,0.25941417,0.37659687,True
2025-10-16 18:30:00+00:00,ITC.NS,392.9834289550781,UP,3,2,0,UP,DOWN,0.3975355,0.2634321,0.33903238,False
2025-10-19 18:30:00+00:00,ITC.NS,393.8415832519531,UP,3,2,0,UP,DOWN,0.3671152,0.3111843,0.3217005,False
2025-10-19 18:30:00+00:00,BHARTIARTL.NS,2026.0023193359373,UP,3,2,1,UP,STAY,0.2774777,0.50327307,0.21924917,False
2025-10-19 18:30:00+00:00,RELIANCE.NS,1460.04931640625,UP,3,2,1,UP,STAY,0.3384585,0.36916405,0.29237738,False
2025-10-19 18:30:00+00:00,SBIN.NS,891.431884765625,UP,3,2,1,UP,STAY,0.30915222,0.3709951,0.31985268,False
2025-10-19 18:30:00+00:00,LT.NS,3835.23974609375,UP,3,2,0,UP,DOWN,0.45372334,0.3013706,0.24490607,False
2025-10-19 18:30:00+00:00,ICICIBANK.NS,1378.6771240234375,DOWN,3,0,2,DOWN,UP,0.3507624,0.24539648,0.40384108,False
2025-10-19 18:30:00+00:00,INFY.NS,1408.395751953125,UP,3,2,0,UP,DOWN,0.41022295,0.22561842,0.3641586,False
2025-10-19 18:30:00+00:00,TCS.NS,2905.81689453125,UP,3,2,1,UP,STAY,0.24939951,0.40312544,0.34747508,False
2025-10-19 18:30:00+00:00,TMPV.NS,396.4612426757813,UP,3,2,2,UP,UP,0.02857813,0.047323897,0.92409796,True
2025-10-19 18:30:00+00:00,HDFCBANK.NS,986.6316528320312,STAY,3,1,2,STAY,UP,0.31605712,0.33085266,0.35309026,False
2025-10-20 18:30:00+00:00,BHARTIARTL.NS,2018.1016845703125,UP,3,2,2,UP,UP,0.2522553,0.25337493,0.49436975,True
2025-10-20 18:30:00+00:00,TCS.NS,2897.625244140625,UP,3,2,2,UP,UP,0.14035173,0.25697827,0.60267,True
2025-10-20 18:30:00+00:00,LT.NS,3850.58984375,UP,3,2,0,UP,DOWN,0.39804918,0.2719411,0.33000967,False
2025-10-20 18:30:00+00:00,RELIANCE.NS,1458.4566650390625,UP,3,2,2,UP,UP,0.23349224,0.29852265,0.46798506,True
2025-10-20 18:30:00+00:00,TMPV.NS,398.5439758300781,UP,3,2,2,UP,UP,0.025475962,0.0516825,0.9228415,True
2025-10-20 18:30:00+00:00,ICICIBANK.NS,1370.4464111328125,STAY,3,1,2,STAY,UP,0.3582472,0.26961863,0.37213424,False
2025-10-20 18:30:00+00:00,INFY.NS,1419.482421875,UP,3,2,0,UP,DOWN,0.40965232,0.1945022,0.3958455,False
2025-10-20 18:30:00+00:00,ITC.NS,393.6509094238281,UP,3,2,2,UP,UP,0.22675051,0.17560863,0.5976408,True
2025-10-20 18:30:00+00:00,HDFCBANK.NS,991.3043823242188,STAY,3,1,2,STAY,UP,0.30973136,0.28698313,0.40328547,False
2025-10-20 18:30:00+00:00,SBIN.NS,891.775634765625,UP,3,2,2,UP,UP,0.28331488,0.2339595,0.48272562,True
2025-10-22 18:30:00+00:00,RELIANCE.NS,1441.7340087890625,UP,3,2,2,UP,UP,0.35896158,0.2683821,0.37265632,True
2025-10-22 18:30:00+00:00,INFY.NS,1473.566162109375,STAY,3,1,2,STAY,UP,0.28873464,0.22635067,0.4849147,False
2025-10-22 18:30:00+00:00,BHARTIARTL.NS,1982.9442138671875,UP,3,2,2,UP,UP,0.3823803,0.2195932,0.39802653,True
2025-10-22 18:30:00+00:00,TCS.NS,2961.713134765625,DOWN,3,0,2,DOWN,UP,0.3259401,0.32615337,0.34790656,False
2025-10-22 18:30:00+00:00,LT.NS,3880.794921875,UP,3,2,0,UP,DOWN,0.42303517,0.3098767,0.2670881,False
2025-10-22 18:30:00+00:00,ITC.NS,396.6067504882813,STAY,3,1,0,STAY,DOWN,0.37614596,0.2528367,0.37101737,False
2025-10-22 18:30:00+00:00,ICICIBANK.NS,1352.2994384765625,STAY,3,1,2,STAY,UP,0.27944124,0.33439085,0.3861679,False
2025-10-22 18:30:00+00:00,HDFCBANK.NS,992.386474609375,DOWN,3,0,2,DOWN,UP,0.24847448,0.3566247,0.39490083,False
2025-10-22 18:30:00+00:00,TMPV.NS,402.5110473632813,UP,3,2,2,UP,UP,0.033103406,0.06063281,0.9062638,True
2025-10-22 18:30:00+00:00,SBIN.NS,895.41015625,UP,3,2,2,UP,UP,0.32671133,0.2999974,0.37329128,True
2025-10-23 18:30:00+00:00,INFY.NS,1470.57763671875,DOWN,3,0,2,DOWN,UP,0.3184768,0.24179691,0.43972632,False
2025-10-23 18:30:00+00:00,TMPV.NS,399.9820251464844,UP,3,2,2,UP,UP,0.026007392,0.068043634,0.90594894,True
2025-10-23 18:30:00+00:00,SBIN.NS,888.4849853515625,UP,3,2,0,UP,DOWN,0.38505283,0.2738136,0.3411336,False
2025-10-23 18:30:00+00:00,ITC.NS,397.4172058105469,STAY,3,1,0,STAY,DOWN,0.38722652,0.28501064,0.3277628,False
2025-10-23 18:30:00+00:00,TCS.NS,2952.07568359375,STAY,3,1,1,STAY,STAY,0.29008052,0.39084876,0.3190707,True
2025-10-23 18:30:00+00:00,RELIANCE.NS,1444.9193115234375,UP,3,2,0,UP,DOWN,0.37967694,0.3058718,0.31445122,False
2025-10-23 18:30:00+00:00,ICICIBANK.NS,1366.182373046875,DOWN,3,0,2,DOWN,UP,0.33385348,0.32828647,0.33786005,False
2025-10-23 18:30:00+00:00,BHARTIARTL.NS,2004.0782470703125,UP,3,2,0,UP,DOWN,0.42610434,0.26814952,0.3057461,False
2025-10-23 18:30:00+00:00,LT.NS,3867.128173828125,UP,3,2,0,UP,DOWN,0.54151434,0.2504996,0.20798606,False
2025-10-23 18:30:00+00:00,HDFCBANK.NS,978.5650634765624,STAY,3,1,2,STAY,UP,0.26510763,0.35425738,0.38063493,False
2025-10-26 18:30:00+00:00,RELIANCE.NS,1477.2696533203125,STAY,3,1,1,STAY,STAY,0.33527157,0.36622432,0.29850405,True
2025-10-26 18:30:00+00:00,HDFCBANK.NS,986.6316528320312,DOWN,3,0,2,DOWN,UP,0.2860136,0.34322605,0.37076032,False
2025-10-26 18:30:00+00:00,BHARTIARTL.NS,2054.246826171875,STAY,3,1,1,STAY,STAY,0.3552241,0.38066718,0.26410875,True
2025-10-26 18:30:00+00:00,SBIN.NS,906.411865234375,UP,3,2,2,UP,UP,0.33639625,0.31319657,0.35040718,True
2025-10-26 18:30:00+00:00,INFY.NS,1472.633056640625,DOWN,3,0,2,DOWN,UP,0.32523775,0.20184374,0.47291854,False
2025-10-26 18:30:00+00:00,TCS.NS,2972.98828125,DOWN,3,0,1,DOWN,STAY,0.28871545,0.3952747,0.31600985,False
2025-10-26 18:30:00+00:00,LT.NS,3885.845703125,UP,3,2,0,UP,DOWN,0.43660614,0.28292736,0.2804665,False
2025-10-26 18:30:00+00:00,TMPV.NS,406.6764831542969,UP,3,2,2,UP,UP,0.037781656,0.06263946,0.89957887,True
2025-10-26 18:30:00+00:00,ITC.NS,401.0881652832031,DOWN,3,0,0,DOWN,DOWN,0.3733963,0.30252004,0.32408363,True
2025-10-26 18:30:00+00:00,ICICIBANK.NS,1366.083251953125,DOWN,3,0,1,DOWN,STAY,0.28995866,0.3671874,0.34285387,False
2025-10-27 18:30:00+00:00,SBIN.NS,913.779052734375,UP,3,2,1,UP,STAY,0.30328375,0.35190734,0.34480888,False
2025-10-27 18:30:00+00:00,TMPV.NS,408.1145629882813,DOWN,3,0,2,DOWN,UP,0.034602318,0.08835118,0.8770465,False
2025-10-27 18:30:00+00:00,ICICIBANK.NS,1351.7044677734375,DOWN,3,0,2,DOWN,UP,0.25520727,0.31570634,0.42908645,False
2025-10-27 18:30:00+00:00,INFY.NS,1468.4241943359375,DOWN,3,0,2,DOWN,UP,0.31600818,0.20765655,0.47633532,False
2025-10-27 18:30:00+00:00,RELIANCE.NS,1480.056884765625,STAY,3,1,1,STAY,STAY,0.33771336,0.38120025,0.2810864,True
2025-10-27 18:30:00+00:00,HDFCBANK.NS,987.2218627929688,DOWN,3,0,2,DOWN,UP,0.27018058,0.30888727,0.4209321,False
2025-10-27 18:30:00+00:00,ITC.NS,398.466064453125,DOWN,3,0,2,DOWN,UP,0.34905866,0.28097272,0.36996862,False
2025-10-27 18:30:00+00:00,BHARTIARTL.NS,2064.22119140625,UP,3,2,0,UP,DOWN,0.37573197,0.35782498,0.266443,False
2025-10-27 18:30:00+00:00,TCS.NS,2946.968017578125,DOWN,3,0,1,DOWN,STAY,0.24688701,0.40094665,0.35216635,False
2025-10-27 18:30:00+00:00,LT.NS,3934.37158203125,DOWN,3,0,0,DOWN,DOWN,0.42602882,0.314188,0.25978324,True
2025-10-28 18:30:00+00:00,TCS.NS,2946.67919921875,DOWN,3,0,1,DOWN,STAY,0.3026002,0.3891823,0.30821756,False
2025-10-28 18:30:00+00:00,TMPV.NS,407.9658203125,STAY,3,1,2,STAY,UP,0.06816761,0.13671252,0.7951199,False
2025-10-28 18:30:00+00:00,BHARTIARTL.NS,2074.4921875,STAY,3,1,0,STAY,DOWN,0.41201094,0.32463098,0.26335806,False
2025-10-28 18:30:00+00:00,RELIANCE.NS,1497.277099609375,STAY,3,1,0,STAY,DOWN,0.36719987,0.33441356,0.2983866,False
2025-10-28 18:30:00+00:00,LT.NS,3919.81396484375,DOWN,3,0,0,DOWN,DOWN,0.49851596,0.29341415,0.20806994,True
2025-10-28 18:30:00+00:00,HDFCBANK.NS,991.451904296875,DOWN,3,0,1,DOWN,STAY,0.3357071,0.357092,0.30720094,False
2025-10-28 18:30:00+00:00,ICICIBANK.NS,1358.9434814453125,DOWN,3,0,2,DOWN,UP,0.29277933,0.3188439,0.38837677,False
2025-10-28 18:30:00+00:00,ITC.NS,401.9940185546875,DOWN,3,0,1,DOWN,STAY,0.33005172,0.3465372,0.3234111,False
2025-10-28 18:30:00+00:00,INFY.NS,1478.408203125,DOWN,3,0,2,DOWN,UP,0.3501823,0.2146492,0.43516845,False
2025-10-28 18:30:00+00:00,SBIN.NS,923.11083984375,UP,3,2,0,UP,DOWN,0.3801331,0.3234939,0.29637298,False
2025-10-29 18:30:00+00:00,LT.NS,3948.929443359375,DOWN,3,0,0,DOWN,DOWN,0.519206,0.27281654,0.20797749,True
2025-10-29 18:30:00+00:00,ICICIBANK.NS,1351.0103759765625,DOWN,3,0,2,DOWN,UP,0.20669432,0.3687908,0.4245149,False
2025-10-29 18:30:00+00:00,HDFCBANK.NS,981.9097900390624,DOWN,3,0,2,DOWN,UP,0.29565558,0.3513242,0.3530202,False
2025-10-29 18:30:00+00:00,INFY.NS,1462.1597900390625,DOWN,3,0,2,DOWN,UP,0.35622805,0.22860208,0.4151699,False
2025-10-29 18:30:00+00:00,RELIANCE.NS,1481.6494140625,STAY,3,1,0,STAY,DOWN,0.414761,0.30817527,0.27706373,False
2025-10-29 18:30:00+00:00,TCS.NS,2925.187744140625,DOWN,3,0,1,DOWN,STAY,0.25557932,0.38202417,0.3623965,False
2025-10-29 18:30:00+00:00,BHARTIARTL.NS,2040.618408203125,DOWN,3,0,0,DOWN,DOWN,0.49370438,0.2117507,0.29454488,True
2025-10-29 18:30:00+00:00,SBIN.NS,917.8064575195312,UP,3,2,0,UP,DOWN,0.35638243,0.3390279,0.30458963,False
2025-10-29 18:30:00+00:00,ITC.NS,399.2765197753906,DOWN,3,0,2,DOWN,UP,0.3557076,0.22518888,0.4191035,False
2025-10-29 18:30:00+00:00,TMPV.NS,409.0567626953125,DOWN,3,0,2,DOWN,UP,0.0600691,0.121492215,0.8184387,False
2025-10-30 18:30:00+00:00,INFY.NS,1450.9034423828125,UP,3,2,2,UP,UP,0.33460826,0.24389696,0.4214948,True
2025-10-30 18:30:00+00:00,ITC.NS,400.8021545410156,DOWN,3,0,2,DOWN,UP,0.34617463,0.25872386,0.3951015,False
2025-10-30 18:30:00+00:00,HDFCBANK.NS,971.2362670898438,STAY,3,1,1,STAY,STAY,0.2649224,0.38433987,0.35073775,True
2025-10-30 18:30:00+00:00,TMPV.NS,406.6269226074219,STAY,3,1,2,STAY,UP,0.047482263,0.08746405,0.86505365,False
2025-10-30 18:30:00+00:00,LT.NS,3991.909423828125,DOWN,3,0,0,DOWN,DOWN,0.47353494,0.35070115,0.17576386,True
2025-10-30 18:30:00+00:00,SBIN.NS,920.4095458984376,UP,3,2,0,UP,DOWN,0.35084364,0.32804194,0.32111445,False
2025-10-30 18:30:00+00:00,BHARTIARTL.NS,2028.9649658203125,DOWN,3,0,0,DOWN,DOWN,0.3878454,0.29391244,0.3182422,True
2025-10-30 18:30:00+00:00,ICICIBANK.NS,1334.0533447265625,STAY,3,1,1,STAY,STAY,0.26113716,0.40687352,0.33198932,True
2025-10-30 18:30:00+00:00,RELIANCE.NS,1479.5592041015625,STAY,3,1,0,STAY,DOWN,0.41451266,0.3018844,0.28360295,False
2025-10-30 18:30:00+00:00,TCS.NS,2947.064208984375,DOWN,3,0,1,DOWN,STAY,0.31517828,0.3532018,0.33161995,False
2025-11-02 18:30:00+00:00,TCS.NS,2907.35888671875,UP,3,2,2,UP,UP,0.2773792,0.3324739,0.3901469,True
2025-11-02 18:30:00+00:00,HDFCBANK.NS,976.499267578125,STAY,3,1,1,STAY,STAY,0.26426718,0.40805066,0.32768217,True
2025-11-02 18:30:00+00:00,TMPV.NS,413.5693054199219,DOWN,3,0,2,DOWN,UP,0.072580054,0.11810575,0.8093142,False
2025-11-02 18:30:00+00:00,BHARTIARTL.NS,2048.22265625,DOWN,3,0,0,DOWN,DOWN,0.44054043,0.28489634,0.2745632,True
2025-11-02 18:30:00+00:00,SBIN.NS,932.8847045898438,STAY,3,1,1,STAY,STAY,0.32089302,0.3732877,0.3058193,True
2025-11-02 18:30:00+00:00,ITC.NS,394.6997680664063,DOWN,3,0,0,DOWN,DOWN,0.37895685,0.25279707,0.36824608,True
2025-11-02 18:30:00+00:00,INFY.NS,1454.0355224609375,UP,3,2,2,UP,UP,0.3440504,0.23436527,0.4215843,True
2025-11-02 18:30:00+00:00,ICICIBANK.NS,1335.14404296875,STAY,3,1,2,STAY,UP,0.20010346,0.39233783,0.4075587,False
2025-11-02 18:30:00+00:00,RELIANCE.NS,1477.866943359375,STAY,3,1,0,STAY,DOWN,0.39478782,0.29021433,0.31499785,False
2025-11-02 18:30:00+00:00,LT.NS,3941.9970703125,STAY,3,1,0,STAY,DOWN,0.5499204,0.26916027,0.18091932,False
2025-11-03 18:30:00+00:00,ITC.NS,389.8845825195313,STAY,3,1,2,STAY,UP,0.30309802,0.29301375,0.40388826,False
2025-11-03 18:30:00+00:00,RELIANCE.NS,1466.3203125,UP,3,2,0,UP,DOWN,0.3697742,0.2730382,0.35718763,False
2025-11-03 18:30:00+00:00,HDFCBANK.NS,969.2196655273438,STAY,3,1,1,STAY,STAY,0.22149977,0.43328673,0.3452135,True
2025-11-03 18:30:00+00:00,INFY.NS,1436.808349609375,UP,3,2,2,UP,UP,0.37401602,0.2060545,0.41992947,True
2025-11-03 18:30:00+00:00,TMPV.NS,403.15570068359375,DOWN,3,0,2,DOWN,UP,0.066979036,0.093466245,0.83955467,False
2025-11-03 18:30:00+00:00,ICICIBANK.NS,1325.7235107421875,UP,3,2,2,UP,UP,0.20411463,0.37178245,0.42410287,True
2025-11-03 18:30:00+00:00,SBIN.NS,940.644775390625,STAY,3,1,0,STAY,DOWN,0.469677,0.28537843,0.24494451,False
2025-11-03 18:30:00+00:00,TCS.NS,2881.723876953125,UP,3,2,2,UP,UP,0.2534278,0.3454111,0.40116104,True
2025-11-03 18:30:00+00:00,LT.NS,3886.439697265625,STAY,3,1,0,STAY,DOWN,0.46449777,0.2524449,0.28305733,False
2025-11-03 18:30:00+00:00,BHARTIARTL.NS,2087.0341796875,DOWN,3,0,0,DOWN,DOWN,0.41490406,0.27931952,0.30577648,True
2025-11-05 18:30:00+00:00,ITC.NS,388.5496826171875,STAY,3,1,0,STAY,DOWN,0.3654071,0.31243047,0.32216242,False
2025-11-05 18:30:00+00:00,SBIN.NS,943.739013671875,STAY,3,1,0,STAY,DOWN,0.49326804,0.26950783,0.23722418,False
2025-11-05 18:30:00+00:00,TCS.NS,2901.6728515625,UP,3,2,1,UP,STAY,0.25485867,0.37772456,0.3674168,False
2025-11-05 18:30:00+00:00,HDFCBANK.NS,968.6294555664062,STAY,3,1,1,STAY,STAY,0.19974907,0.4764423,0.32380867,True
2025-11-05 18:30:00+00:00,LT.NS,3844.053955078125,UP,3,2,0,UP,DOWN,0.470559,0.21106134,0.31837964,False
2025-11-05 18:30:00+00:00,BHARTIARTL.NS,2068.86279296875,STAY,3,1,0,STAY,DOWN,0.3772739,0.28271565,0.34001046,False
2025-11-05 18:30:00+00:00,INFY.NS,1435.6336669921875,UP,3,2,2,UP,UP,0.36175108,0.23895955,0.39928934,True
2025-11-05 18:30:00+00:00,ICICIBANK.NS,1309.3614501953125,UP,3,2,1,UP,STAY,0.31333455,0.39845225,0.28821322,False
2025-11-05 18:30:00+00:00,TMPV.NS,404.4945983886719,DOWN,3,0,2,DOWN,UP,0.060648873,0.091463804,0.84788734,False
2025-11-05 18:30:00+00:00,RELIANCE.NS,1489.2144775390625,STAY,3,1,0,STAY,DOWN,0.3631431,0.28554216,0.3513147,False
2025-11-06 18:30:00+00:00,SBIN.NS,938.92578125,UP,3,2,0,UP,DOWN,0.3941267,0.29939476,0.30647853,False
2025-11-06 18:30:00+00:00,ITC.NS,385.2601318359375,UP,3,2,1,UP,STAY,0.33382758,0.35674876,0.30942369,False
2025-11-06 18:30:00+00:00,RELIANCE.NS,1471.19775390625,UP,3,2,0,UP,DOWN,0.4477701,0.21667095,0.33555892,False
2025-11-06 18:30:00+00:00,LT.NS,3844.945068359375,UP,3,2,0,UP,DOWN,0.4883233,0.17245768,0.339219,False
2025-11-06 18:30:00+00:00,ICICIBANK.NS,1331.7724609375,UP,3,2,0,UP,DOWN,0.34945953,0.3092386,0.34130186,False
2025-11-06 18:30:00+00:00,HDFCBANK.NS,966.317626953125,STAY,3,1,1,STAY,STAY,0.22326243,0.43608505,0.34065253,True
2025-11-06 18:30:00+00:00,BHARTIARTL.NS,1976.327392578125,UP,3,2,2,UP,UP,0.31841883,0.3313155,0.3502657,True
2025-11-06 18:30:00+00:00,TMPV.NS,402.3623046875,DOWN,3,0,2,DOWN,UP,0.060937807,0.0890094,0.8500528,False
2025-11-06 18:30:00+00:00,INFY.NS,1445.5198974609375,UP,3,2,2,UP,UP,0.3325595,0.2223718,0.44506872,True
2025-11-06 18:30:00+00:00,TCS.NS,2883.265869140625,UP,3,2,2,UP,UP,0.26687542,0.34755024,0.38557428,True
2025-11-09 18:30:00+00:00,TMPV.NS,407.0732116699219,DOWN,3,0,2,DOWN,UP,0.05342221,0.07619163,0.8703862,False
2025-11-09 18:30:00+00:00,RELIANCE.NS,1482.44580078125,UP,3,2,0,UP,DOWN,0.38041145,0.3106558,0.30893275,False
2025-11-09 18:30:00+00:00,BHARTIARTL.NS,1994.6962890625,UP,3,2,2,UP,UP,0.33336774,0.24426712,0.42236516,True
2025-11-09 18:30:00+00:00,HDFCBANK.NS,968.4818725585938,UP,3,2,1,UP,STAY,0.24212272,0.40988368,0.34799358,False
2025-11-09 18:30:00+00:00,ITC.NS,386.69036865234375,STAY,3,1,1,STAY,STAY,0.2541287,0.41807175,0.3277996,True
2025-11-09 18:30:00+00:00,TCS.NS,2915.4541015625,UP,3,2,2,UP,UP,0.27961248,0.3282149,0.3921726,True
2025-11-09 18:30:00+00:00,SBIN.NS,934.3090209960938,UP,3,2,0,UP,DOWN,0.40032008,0.2927778,0.30690205,False
2025-11-09 18:30:00+00:00,ICICIBANK.NS,1336.730712890625,UP,3,2,1,UP,STAY,0.19767971,0.43019116,0.37212914,False
2025-11-09 18:30:00+00:00,LT.NS,3880.596923828125,UP,3,2,0,UP,DOWN,0.47465134,0.17942843,0.34592018,False
2025-11-09 18:30:00+00:00,INFY.NS,1481.4425048828125,STAY,3,1,2,STAY,UP,0.33064255,0.23355103,0.43580642,False
2025-11-10 18:30:00+00:00,HDFCBANK.NS,975.564697265625,STAY,3,1,2,STAY,UP,0.2523108,0.3692614,0.37842774,False
2025-11-10 18:30:00+00:00,RELIANCE.NS,1486.5269775390625,UP,3,2,0,UP,DOWN,0.40314382,0.30039215,0.29646406,False
2025-11-10 18:30:00+00:00,TMPV.NS,404.2466735839844,DOWN,3,0,2,DOWN,UP,0.04959674,0.10090914,0.8494941,False
2025-11-10 18:30:00+00:00,SBIN.NS,936.4209594726562,UP,3,2,0,UP,DOWN,0.3947468,0.30996993,0.2952832,False
2025-11-10 18:30:00+00:00,TCS.NS,2936.46337890625,UP,3,2,2,UP,UP,0.27499107,0.31918168,0.40582722,True
2025-11-10 18:30:00+00:00,BHARTIARTL.NS,2016.9166259765625,UP,3,2,2,UP,UP,0.28558835,0.22329506,0.49111658,True
2025-11-10 18:30:00+00:00,LT.NS,3916.74365234375,UP,3,2,0,UP,DOWN,0.4787427,0.19230339,0.32895395,False
2025-11-10 18:30:00+00:00,INFY.NS,1497.88671875,DOWN,3,0,2,DOWN,UP,0.32601637,0.22877,0.44521365,False
2025-11-10 18:30:00+00:00,ICICIBANK.NS,1346.944580078125,UP,3,2,2,UP,UP,0.24172992,0.34506497,0.41320515,True
2025-11-10 18:30:00+00:00,ITC.NS,387.929931640625,STAY,3,1,1,STAY,STAY,0.21142027,0.40258697,0.3859927,True
2025-11-11 18:30:00+00:00,SBIN.NS,940.2028198242188,UP,3,2,0,UP,DOWN,0.44369426,0.26865578,0.28764993,False
2025-11-11 18:30:00+00:00,ITC.NS,388.0729370117188,STAY,3,1,1,STAY,STAY,0.23864965,0.40318635,0.35816404,True
2025-11-11 18:30:00+00:00,LT.NS,3916.34765625,UP,3,2,0,UP,DOWN,0.49055883,0.19766238,0.31177878,False
2025-11-11 18:30:00+00:00,ICICIBANK.NS,1347.53955078125,UP,3,2,2,UP,UP,0.23357533,0.33644763,0.429977,True
2025-11-11 18:30:00+00:00,RELIANCE.NS,1504.5435791015625,STAY,3,1,0,STAY,DOWN,0.36229065,0.31323314,0.32447618,False
2025-11-11 18:30:00+00:00,TMPV.NS,398.8414916992188,DOWN,3,0,2,DOWN,UP,0.12943958,0.116542235,0.7540181,False
2025-11-11 18:30:00+00:00,HDFCBANK.NS,973.4005126953124,STAY,3,1,2,STAY,UP,0.26667863,0.36384878,0.36947256,False
2025-11-11 18:30:00+00:00,TCS.NS,3018.18701171875,STAY,3,1,1,STAY,STAY,0.24700364,0.41779968,0.3351967,True
2025-11-11 18:30:00+00:00,INFY.NS,1518.8333740234375,STAY,3,1,2,STAY,UP,0.34339598,0.28043708,0.37616697,False
2025-11-11 18:30:00+00:00,BHARTIARTL.NS,2048.025146484375,UP,3,2,2,UP,UP,0.31010315,0.2754961,0.41440073,True
2025-11-12 18:30:00+00:00,TCS.NS,2993.033935546875,UP,3,2,1,UP,STAY,0.2994286,0.37350425,0.32706714,False
2025-11-12 18:30:00+00:00,BHARTIARTL.NS,2065.801513671875,UP,3,2,2,UP,UP,0.2915079,0.31193113,0.396561,True
2025-11-12 18:30:00+00:00,ICICIBANK.NS,1374.3138427734375,STAY,3,1,2,STAY,UP,0.21158336,0.34569293,0.4427237,False
2025-11-12 18:30:00+00:00,TMPV.NS,394.6760559082031,DOWN,3,0,2,DOWN,UP,0.17333077,0.071919166,0.7547501,False
2025-11-12 18:30:00+00:00,RELIANCE.NS,1503.9464111328125,UP,3,2,0,UP,DOWN,0.4139738,0.29063493,0.29539132,False
2025-11-12 18:30:00+00:00,LT.NS,3963.7841796875,STAY,3,1,0,STAY,DOWN,0.49248406,0.22707504,0.2804409,False
2025-11-12 18:30:00+00:00,SBIN.NS,937.1085815429688,UP,3,2,0,UP,DOWN,0.38917014,0.28838006,0.32244983,False
2025-11-12 18:30:00+00:00,ITC.NS,386.83343505859375,STAY,3,1,2,STAY,UP,0.21972233,0.37591,0.40436763,False
2025-11-12 18:30:00+00:00,HDFCBANK.NS,970.596923828125,UP,3,2,1,UP,STAY,0.16327575,0.46833095,0.36839327,False
2025-11-12 18:30:00+00:00,INFY.NS,1509.14306640625,STAY,3,1,2,STAY,UP,0.3480737,0.22759554,0.42433077,False
2025-11-13 18:30:00+00:00,TCS.NS,2993.322998046875,UP,3,2,1,UP,STAY,0.30911514,0.36756277,0.32332212,False
2025-11-13 18:30:00+00:00,TMPV.NS,387.9815979003906,DOWN,3,0,2,DOWN,UP,0.2051238,0.0908886,0.7039876,False
2025-11-13 18:30:00+00:00,LT.NS,3965.665771484375,STAY,3,1,0,STAY,DOWN,0.47283077,0.26767114,0.25949806,False
2025-11-13 18:30:00+00:00,INFY.NS,1470.9691162109375,UP,3,2,2,UP,UP,0.38171548,0.18403538,0.43424916,True
2025-11-13 18:30:00+00:00,SBIN.NS,950.7133178710938,STAY,3,1,0,STAY,DOWN,0.41032505,0.28484523,0.30482972,False
2025-11-13 18:30:00+00:00,RELIANCE.NS,1511.9095458984375,UP,3,2,0,UP,DOWN,0.41083708,0.29346502,0.2956979,False
2025-11-13 18:30:00+00:00,BHARTIARTL.NS,2074.5908203125,UP,3,2,2,UP,UP,0.31647745,0.28697002,0.39655253,True
2025-11-13 18:30:00+00:00,ICICIBANK.NS,1361.521728515625,STAY,3,1,1,STAY,STAY,0.33367768,0.35734278,0.30897954,True
2025-11-13 18:30:00+00:00,HDFCBANK.NS,973.4988403320312,STAY,3,1,1,STAY,STAY,0.19356185,0.43835217,0.36808598,True
2025-11-13 18:30:00+00:00,ITC.NS,389.1694641113281,STAY,3,1,1,STAY,STAY,0.19556817,0.5279548,0.27647695,True
2025-11-16 18:30:00+00:00,SBIN.NS,956.1159057617188,STAY,3,1,0,STAY,DOWN,0.43733948,0.3126941,0.24996637,False
2025-11-16 18:30:00+00:00,INFY.NS,1475.66748046875,UP,3,2,2,UP,UP,0.29800212,0.26815033,0.43384758,True
2025-11-16 18:30:00+00:00,TCS.NS,2989.660888671875,UP,3,2,1,UP,STAY,0.33032277,0.35048983,0.3191874,False
2025-11-16 18:30:00+00:00,BHARTIARTL.NS,2085.94775390625,UP,3,2,2,UP,UP,0.31874296,0.30628598,0.37497106,True
2025-11-16 18:30:00+00:00,ICICIBANK.NS,1367.4715576171875,STAY,3,1,1,STAY,STAY,0.2807683,0.3873551,0.33187664,True
2025-11-16 18:30:00+00:00,RELIANCE.NS,1511.3123779296875,UP,3,2,0,UP,DOWN,0.3843355,0.3124578,0.3032067,False
2025-11-16 18:30:00+00:00,ITC.NS,388.1683044433594,STAY,3,1,2,STAY,UP,0.24714729,0.3328254,0.42002732,False
2025-11-16 18:30:00+00:00,HDFCBANK.NS,980.3357543945312,STAY,3,1,2,STAY,UP,0.22239298,0.3597636,0.41784346,False
2025-11-16 18:30:00+00:00,LT.NS,3988.740478515625,STAY,3,1,0,STAY,DOWN,0.5308887,0.24150835,0.22760302,False
2025-11-16 18:30:00+00:00,TMPV.NS,369.6337890625,DOWN,3,0,2,DOWN,UP,0.06829134,0.058131233,0.8735775,False
2025-11-17 18:30:00+00:00,ICICIBANK.NS,1361.9183349609375,DOWN,3,0,1,DOWN,STAY,0.3010332,0.3534487,0.3455181,False
2025-11-17 18:30:00+00:00,LT.NS,3960.912353515625,STAY,3,1,0,STAY,DOWN,0.51442266,0.18322085,0.30235654,False
2025-11-17 18:30:00+00:00,INFY.NS,1454.91650390625,UP,3,2,2,UP,UP,0.38096482,0.21512082,0.4039144,True
2025-11-17 18:30:00+00:00,RELIANCE.NS,1512.4072265625,UP,3,2,0,UP,DOWN,0.4109843,0.30421442,0.28480127,False
2025-11-17 18:30:00+00:00,HDFCBANK.NS,976.302490234375,STAY,3,1,2,STAY,UP,0.22169214,0.34496772,0.43334013,False
2025-11-17 18:30:00+00:00,ITC.NS,386.9764404296875,DOWN,3,0,1,DOWN,STAY,0.27403817,0.3639559,0.36200595,False
2025-11-17 18:30:00+00:00,SBIN.NS,955.2318725585938,UP,3,2,0,UP,DOWN,0.48257223,0.29510128,0.22232649,False
2025-11-17 18:30:00+00:00,TMPV.NS,368.2452697753906,DOWN,3,0,2,DOWN,UP,0.03276216,0.04931476,0.9179231,False
2025-11-17 18:30:00+00:00,BHARTIARTL.NS,2122.488037109375,STAY,3,1,1,STAY,STAY,0.29882413,0.3511196,0.35005626,True
2025-11-17 18:30:00+00:00,TCS.NS,2975.10888671875,UP,3,2,2,UP,UP,0.34191188,0.2880134,0.37007478,True
2025-11-18 18:30:00+00:00,RELIANCE.NS,1511.9095458984375,UP,3,2,0,UP,DOWN,0.49814156,0.24037696,0.2614815,False
2025-11-18 18:30:00+00:00,TMPV.NS,357.8812866210937,STAY,3,1,2,STAY,UP,0.027618254,0.037137967,0.9352437,False
2025-11-18 18:30:00+00:00,BHARTIARTL.NS,2132.956298828125,DOWN,3,0,1,DOWN,STAY,0.30522895,0.38162044,0.31315058,False
2025-11-18 18:30:00+00:00,HDFCBANK.NS,978.41748046875,STAY,3,1,2,STAY,UP,0.18107921,0.38992095,0.4289999,False
2025-11-18 18:30:00+00:00,ITC.NS,384.7833862304688,STAY,3,1,2,STAY,UP,0.2719919,0.35114732,0.3768608,False
2025-11-18 18:30:00+00:00,LT.NS,3980.718994140625,UP,3,2,0,UP,DOWN,0.54371995,0.20351768,0.2527624,False
2025-11-18 18:30:00+00:00,INFY.NS,1508.4578857421875,UP,3,2,2,UP,UP,0.33647656,0.20004113,0.46348235,True
2025-11-18 18:30:00+00:00,ICICIBANK.NS,1371.5372314453125,STAY,3,1,2,STAY,UP,0.3087396,0.2978501,0.3934103,False
2025-11-18 18:30:00+00:00,SBIN.NS,965.3494873046876,STAY,3,1,0,STAY,DOWN,0.5863351,0.20525959,0.20840529,False
2025-11-18 18:30:00+00:00,TCS.NS,3033.510009765625,STAY,3,1,1,STAY,STAY,0.34266472,0.3599857,0.29734957,True
2025-11-19 18:30:00+00:00,SBIN.NS,964.1707153320312,STAY,3,1,0,STAY,DOWN,0.4647018,0.3036283,0.2316699,False
2025-11-19 18:30:00+00:00,LT.NS,3998.3466796875,UP,3,2,0,UP,DOWN,0.5908891,0.198704,0.21040691,False
2025-11-19 18:30:00+00:00,ICICIBANK.NS,1371.4381103515625,STAY,3,1,2,STAY,UP,0.32404473,0.26712188,0.40883338,False
2025-11-19 18:30:00+00:00,TCS.NS,3030.715576171875,STAY,3,1,0,STAY,DOWN,0.4067142,0.28254998,0.31073582,False
2025-11-19 18:30:00+00:00,INFY.NS,1503.955322265625,UP,3,2,2,UP,UP,0.3496543,0.25165173,0.39869392,True
2025-11-19 18:30:00+00:00,HDFCBANK.NS,992.4356689453124,STAY,3,1,2,STAY,UP,0.24716558,0.35404393,0.39879048,False
2025-11-19 18:30:00+00:00,RELIANCE.NS,1541.9705810546875,STAY,3,1,0,STAY,DOWN,0.35351852,0.30654922,0.33993223,False
2025-11-19 18:30:00+00:00,BHARTIARTL.NS,2131.474853515625,DOWN,3,0,1,DOWN,STAY,0.30709246,0.43111673,0.2617908,False
2025-11-19 18:30:00+00:00,ITC.NS,386.5950317382813,STAY,3,1,1,STAY,STAY,0.23799294,0.41097316,0.35103393,True
2025-11-19 18:30:00+00:00,TMPV.NS,356.83990478515625,STAY,3,1,2,STAY,UP,0.025160052,0.03694334,0.9378966,False
2025-11-20 18:30:00+00:00,TCS.NS,3036.30517578125,STAY,3,1,0,STAY,DOWN,0.37135634,0.2662597,0.36238396,False
2025-11-20 18:30:00+00:00,RELIANCE.NS,1539.4820556640625,UP,3,2,0,UP,DOWN,0.45519596,0.27536872,0.26943538,False
2025-11-20 18:30:00+00:00,ICICIBANK.NS,1358.0509033203125,UP,3,2,2,UP,UP,0.25737795,0.26854604,0.47407606,True
2025-11-20 18:30:00+00:00,INFY.NS,1512.2752685546875,STAY,3,1,2,STAY,UP,0.3503794,0.20705129,0.44256926,False
2025-11-20 18:30:00+00:00,TMPV.NS,359.2697448730469,DOWN,3,0,2,DOWN,UP,0.022250239,0.034252636,0.94349706,False
2025-11-20 18:30:00+00:00,LT.NS,3985.967529296875,UP,3,2,0,UP,DOWN,0.63010937,0.17913385,0.19075677,False
2025-11-20 18:30:00+00:00,SBIN.NS,955.3792114257812,STAY,3,1,0,STAY,DOWN,0.49166033,0.25197974,0.25635988,False
2025-11-20 18:30:00+00:00,HDFCBANK.NS,981.8114013671876,STAY,3,1,2,STAY,UP,0.28428236,0.33953348,0.37618414,False
2025-11-20 18:30:00+00:00,BHARTIARTL.NS,2135.820068359375,DOWN,3,0,1,DOWN,STAY,0.32127774,0.40742102,0.2713013,False
2025-11-20 18:30:00+00:00,ITC.NS,388.8834228515625,STAY,3,1,2,STAY,UP,0.31035957,0.3367834,0.35285705,False
2025-11-23 18:30:00+00:00,TCS.NS,3027.24609375,STAY,3,1,0,STAY,DOWN,0.44507122,0.219064,0.3358648,False
2025-11-23 18:30:00+00:00,INFY.NS,1515.2117919921875,UP,3,2,2,UP,UP,0.37287354,0.18345758,0.4436688,True
2025-11-23 18:30:00+00:00,ICICIBANK.NS,1356.960205078125,UP,3,2,2,UP,UP,0.24308385,0.27382872,0.48308742,True
2025-11-23 18:30:00+00:00,ITC.NS,384.7833862304688,STAY,3,1,2,STAY,UP,0.26816484,0.333005,0.39883018,False
2025-11-23 18:30:00+00:00,RELIANCE.NS,1528.831298828125,UP,3,2,0,UP,DOWN,0.4403792,0.25410235,0.30551848,False
2025-11-23 18:30:00+00:00,BHARTIARTL.NS,2125.35205078125,DOWN,3,0,1,DOWN,STAY,0.3296284,0.35288703,0.31748462,False
2025-11-23 18:30:00+00:00,LT.NS,3974.47998046875,UP,3,2,0,UP,DOWN,0.589912,0.18604696,0.22404106,False
2025-11-23 18:30:00+00:00,TMPV.NS,355.35223388671875,UP,3,2,2,UP,UP,0.049022075,0.07918121,0.8717968,True
2025-11-23 18:30:00+00:00,SBIN.NS,953.4146118164062,STAY,3,1,0,STAY,DOWN,0.4679691,0.26392424,0.26810664,False
2025-11-23 18:30:00+00:00,HDFCBANK.NS,982.8934936523438,STAY,3,1,2,STAY,UP,0.26461685,0.3243258,0.41105732,False
2025-11-24 18:30:00+00:00,RELIANCE.NS,1532.61376953125,STAY,3,1,0,STAY,DOWN,0.48655516,0.25649512,0.25694978,False
2025-11-24 18:30:00+00:00,TCS.NS,3006.044189453125,STAY,3,1,0,STAY,DOWN,0.39550376,0.23719499,0.3673012,False
2025-11-24 18:30:00+00:00,ITC.NS,382.1612548828125,STAY,3,1,1,STAY,STAY,0.23404406,0.39654002,0.36941594,True
2025-11-24 18:30:00+00:00,SBIN.NS,966.1844482421876,DOWN,3,0,0,DOWN,DOWN,0.44008157,0.29808667,0.26183176,True
2025-11-24 18:30:00+00:00,LT.NS,3958.040283203125,STAY,3,1,0,STAY,DOWN,0.5959159,0.1818509,0.22223315,False
2025-11-24 18:30:00+00:00,HDFCBANK.NS,973.6956176757812,STAY,3,1,2,STAY,UP,0.25141057,0.35618946,0.3924,False
2025-11-24 18:30:00+00:00,TMPV.NS,349.5503845214844,UP,3,2,2,UP,UP,0.038788136,0.078052975,0.8831589,True
2025-11-24 18:30:00+00:00,INFY.NS,1498.1802978515625,UP,3,2,0,UP,DOWN,0.43488798,0.19228029,0.37283167,False
2025-11-24 18:30:00+00:00,BHARTIARTL.NS,2134.73388671875,DOWN,3,0,1,DOWN,STAY,0.33009183,0.340624,0.32928416,False
2025-11-24 18:30:00+00:00,ICICIBANK.NS,1346.4488525390625,UP,3,2,2,UP,UP,0.21972857,0.29177526,0.48849618,True
2025-11-25 18:30:00+00:00,LT.NS,4022.708740234375,DOWN,3,0,0,DOWN,DOWN,0.5415741,0.25248417,0.20594169,True
2025-11-25 18:30:00+00:00,ITC.NS,383.5915222167969,STAY,3,1,2,STAY,UP,0.21533358,0.35982755,0.42483884,False
2025-11-25 18:30:00+00:00,HDFCBANK.NS,987.5662231445312,STAY,3,1,2,STAY,UP,0.2701169,0.3600034,0.3698797,False
2025-11-25 18:30:00+00:00,RELIANCE.NS,1562.6748046875,DOWN,3,0,0,DOWN,DOWN,0.38844055,0.3270285,0.2845309,True
2025-11-25 18:30:00+00:00,INFY.NS,1524.902099609375,UP,3,2,2,UP,UP,0.32677552,0.27364588,0.3995786,True
2025-11-25 18:30:00+00:00,ICICIBANK.NS,1363.5050048828125,UP,3,2,2,UP,UP,0.27279904,0.2874005,0.4398004,True
2025-11-25 18:30:00+00:00,SBIN.NS,966.4791870117188,DOWN,3,0,0,DOWN,DOWN,0.44749993,0.26575956,0.28674045,True
2025-11-25 18:30:00+00:00,TCS.NS,3048.158935546875,STAY,3,1,0,STAY,DOWN,0.42975026,0.25273126,0.3175185,False
2025-11-25 18:30:00+00:00,TMPV.NS,356.29443359375,STAY,3,1,2,STAY,UP,0.052048907,0.08549209,0.86245894,False
2025-11-25 18:30:00+00:00,BHARTIARTL.NS,2100.366455078125,DOWN,3,0,0,DOWN,DOWN,0.3782199,0.24903981,0.3727403,True
2025-11-26 18:30:00+00:00,LT.NS,4041.822021484375,DOWN,3,0,0,DOWN,DOWN,0.48456594,0.29924938,0.21618463,True
2025-11-26 18:30:00+00:00,SBIN.NS,955.624755859375,DOWN,3,0,0,DOWN,DOWN,0.43441215,0.256397,0.3091909,True
2025-11-26 18:30:00+00:00,TMPV.NS,354.8563537597656,STAY,3,1,2,STAY,UP,0.053877577,0.08195452,0.864168,False
2025-11-26 18:30:00+00:00,HDFCBANK.NS,993.0750732421876,DOWN,3,0,2,DOWN,UP,0.2766833,0.32344723,0.39986947,False
2025-11-26 18:30:00+00:00,INFY.NS,1533.2220458984375,UP,3,2,2,UP,UP,0.32845816,0.24326646,0.42827535,True
2025-11-26 18:30:00+00:00,BHARTIARTL.NS,2089.3056640625,STAY,3,1,2,STAY,UP,0.31079462,0.2501147,0.43909064,False
2025-11-26 18:30:00+00:00,TCS.NS,3022.81298828125,UP,3,2,2,UP,UP,0.34575292,0.26326656,0.39098054,True
2025-11-26 18:30:00+00:00,RELIANCE.NS,1556.2047119140625,DOWN,3,0,0,DOWN,DOWN,0.39105165,0.33311105,0.2758373,True
2025-11-26 18:30:00+00:00,ITC.NS,385.4985046386719,STAY,3,1,2,STAY,UP,0.3037079,0.32335642,0.37293565,False
2025-11-26 18:30:00+00:00,ICICIBANK.NS,1380.5611572265625,STAY,3,1,2,STAY,UP,0.2645966,0.25992683,0.4754766,False
2025-11-27 18:30:00+00:00,BHARTIARTL.NS,2075.479736328125,STAY,3,1,2,STAY,UP,0.3235038,0.23991853,0.43657765,False
2025-11-27 18:30:00+00:00,TCS.NS,3023.68017578125,UP,3,2,0,UP,DOWN,0.38764122,0.23016924,0.3821895,False
2025-11-27 18:30:00+00:00,ITC.NS,385.4508361816406,STAY,3,1,0,STAY,DOWN,0.4023929,0.2450456,0.35256153,False
2025-11-27 18:30:00+00:00,TMPV.NS,353.86456298828125,STAY,3,1,2,STAY,UP,0.07573552,0.12752214,0.7967424,False
2025-11-27 18:30:00+00:00,ICICIBANK.NS,1377.189697265625,STAY,3,1,2,STAY,UP,0.25891483,0.2936373,0.4474479,False
2025-11-27 18:30:00+00:00,HDFCBANK.NS,991.2059936523438,STAY,3,1,2,STAY,UP,0.31617934,0.30378312,0.38003758,False
2025-11-27 18:30:00+00:00,RELIANCE.NS,1560.285888671875,DOWN,3,0,0,DOWN,DOWN,0.4121358,0.3133524,0.27451175,True
2025-11-27 18:30:00+00:00,LT.NS,4030.2353515625,STAY,3,1,0,STAY,DOWN,0.56417644,0.24408537,0.19173817,False
2025-11-27 18:30:00+00:00,SBIN.NS,961.6658935546876,STAY,3,1,0,STAY,DOWN,0.39583668,0.30643582,0.29772747,False
2025-11-27 18:30:00+00:00,INFY.NS,1527.055419921875,UP,3,2,2,UP,UP,0.3415111,0.22045325,0.4380356,True
2025-11-30 18:30:00+00:00,ITC.NS,385.4508361816406,STAY,3,1,2,STAY,UP,0.27578223,0.24144188,0.4827759,False
2025-11-30 18:30:00+00:00,HDFCBANK.NS,985.7954711914062,STAY,3,1,2,STAY,UP,0.27712938,0.35411924,0.36875135,False
2025-11-30 18:30:00+00:00,RELIANCE.NS,1558.892333984375,DOWN,3,0,0,DOWN,DOWN,0.4035334,0.33538353,0.2610831,True
2025-11-30 18:30:00+00:00,INFY.NS,1530.872802734375,UP,3,2,2,UP,UP,0.34656128,0.23901732,0.41442144,True
2025-11-30 18:30:00+00:00,LT.NS,4033.80029296875,DOWN,3,0,0,DOWN,DOWN,0.59499806,0.23417617,0.17082576,True
2025-11-30 18:30:00+00:00,TMPV.NS,360.8069763183594,DOWN,3,0,2,DOWN,UP,0.07750126,0.098894686,0.82360405,False
2025-11-30 18:30:00+00:00,BHARTIARTL.NS,2063.7275390625,STAY,3,1,2,STAY,UP,0.3220244,0.24746859,0.430507,False
2025-11-30 18:30:00+00:00,TCS.NS,3019.72900390625,UP,3,2,2,UP,UP,0.37460938,0.23565783,0.38973278,True
2025-11-30 18:30:00+00:00,SBIN.NS,955.870361328125,DOWN,3,0,0,DOWN,DOWN,0.3615818,0.30225703,0.33616114,True
2025-11-30 18:30:00+00:00,ICICIBANK.NS,1378.478759765625,STAY,3,1,2,STAY,UP,0.2650628,0.29540887,0.43952838,False
2025-12-01 18:30:00+00:00,ITC.NS,382.3043212890625,STAY,3,1,2,STAY,UP,0.27889624,0.30583364,0.4152701,False
2025-12-01 18:30:00+00:00,ICICIBANK.NS,1361.521728515625,STAY,3,1,2,STAY,UP,0.23229098,0.28110614,0.48660287,False
2025-12-01 18:30:00+00:00,TMPV.NS,358.7738647460937,DOWN,3,0,2,DOWN,UP,0.072592825,0.15887621,0.76853096,False
2025-12-01 18:30:00+00:00,TCS.NS,3021.945556640625,UP,3,2,2,UP,UP,0.26870444,0.21255723,0.5187383,True
2025-12-01 18:30:00+00:00,SBIN.NS,950.1730346679688,STAY,3,1,2,STAY,UP,0.3356444,0.3043739,0.35998175,False
2025-12-01 18:30:00+00:00,BHARTIARTL.NS,2077.849853515625,STAY,3,1,2,STAY,UP,0.30800718,0.26907843,0.42291442,False
2025-12-01 18:30:00+00:00,INFY.NS,1527.9364013671875,UP,3,2,2,UP,UP,0.3644333,0.24089126,0.3946755,True
2025-12-01 18:30:00+00:00,HDFCBANK.NS,973.6956176757812,STAY,3,1,2,STAY,UP,0.24137688,0.36541152,0.39321157,False
2025-12-01 18:30:00+00:00,LT.NS,3991.513427734375,STAY,3,1,0,STAY,DOWN,0.57514626,0.2226523,0.20220149,False
2025-12-01 18:30:00+00:00,RELIANCE.NS,1539.1834716796875,DOWN,3,0,0,DOWN,DOWN,0.47324556,0.2168574,0.30989707,True
2025-12-02 18:30:00+00:00,LT.NS,3949.424560546875,STAY,3,1,0,STAY,DOWN,0.49885097,0.220302,0.28084698,False
2025-12-02 18:30:00+00:00,INFY.NS,1545.261474609375,STAY,3,1,2,STAY,UP,0.3517869,0.2358579,0.4123552,False
2025-12-02 18:30:00+00:00,RELIANCE.NS,1531.718017578125,STAY,3,1,0,STAY,DOWN,0.4096149,0.26420844,0.3261767,False
2025-12-02 18:30:00+00:00,TCS.NS,3064.638427734375,STAY,3,1,0,STAY,DOWN,0.38220584,0.25166,0.3661341,False
2025-12-02 18:30:00+00:00,BHARTIARTL.NS,2060.073486328125,STAY,3,1,2,STAY,UP,0.33963108,0.27557543,0.38479346,False
2025-12-02 18:30:00+00:00,ITC.NS,381.875244140625,STAY,3,1,2,STAY,UP,0.27882883,0.28151587,0.43965533,False
2025-12-02 18:30:00+00:00,HDFCBANK.NS,984.2214965820312,DOWN,3,0,1,DOWN,STAY,0.27077663,0.39168972,0.33753365,False
2025-12-02 18:30:00+00:00,TMPV.NS,353.9141845703125,DOWN,3,0,2,DOWN,UP,0.08798901,0.11991582,0.7920952,False
2025-12-02 18:30:00+00:00,SBIN.NS,934.2107543945312,STAY,3,1,1,STAY,STAY,0.33263567,0.3893009,0.27806336,True
2025-12-02 18:30:00+00:00,ICICIBANK.NS,1379.8670654296875,DOWN,3,0,2,DOWN,UP,0.3044487,0.27945462,0.41609663,False
2025-12-03 18:30:00+00:00,SBIN.NS,931.31298828125,UP,3,2,1,UP,STAY,0.315066,0.37832883,0.3066052,False
2025-12-03 18:30:00+00:00,ICICIBANK.NS,1375.1070556640625,DOWN,3,0,2,DOWN,UP,0.25424704,0.28776544,0.45798755,False
2025-12-03 18:30:00+00:00,RELIANCE.NS,1528.53271484375,STAY,3,1,0,STAY,DOWN,0.36801568,0.30959854,0.32238576,False
2025-12-03 18:30:00+00:00,TMPV.NS,353.5174865722656,DOWN,3,0,2,DOWN,UP,0.07925517,0.1575321,0.76321274,False
2025-12-03 18:30:00+00:00,BHARTIARTL.NS,2077.65234375,DOWN,3,0,2,DOWN,UP,0.2834754,0.32391825,0.39260632,False
2025-12-03 18:30:00+00:00,LT.NS,3945.067138671875,STAY,3,1,0,STAY,DOWN,0.47303778,0.22402994,0.30293232,False
2025-12-03 18:30:00+00:00,ITC.NS,384.3066101074219,STAY,3,1,2,STAY,UP,0.30632228,0.24036676,0.45331094,False
2025-12-03 18:30:00+00:00,HDFCBANK.NS,980.9752197265624,STAY,3,1,1,STAY,STAY,0.2787599,0.3613195,0.35992062,True
2025-12-03 18:30:00+00:00,INFY.NS,1563.7611083984375,STAY,3,1,2,STAY,UP,0.31852192,0.29087108,0.39060703,False
2025-12-03 18:30:00+00:00,TCS.NS,3112.053466796875,DOWN,3,0,0,DOWN,DOWN,0.36535865,0.32455564,0.3100857,True
2025-12-04 18:30:00+00:00,SBIN.NS,954.2987060546876,STAY,3,1,2,STAY,UP,0.28502363,0.31088677,0.40408963,False
2025-12-04 18:30:00+00:00,ITC.NS,386.1182861328125,DOWN,3,0,2,DOWN,UP,0.38928965,0.19966912,0.41104126,False
2025-12-04 18:30:00+00:00,ICICIBANK.NS,1380.858642578125,DOWN,3,0,2,DOWN,UP,0.25042522,0.31916696,0.43040785,False
2025-12-04 18:30:00+00:00,LT.NS,3999.138916015625,STAY,3,1,0,STAY,DOWN,0.49962306,0.2178372,0.2825397,False
2025-12-04 18:30:00+00:00,INFY.NS,1581.9671630859375,DOWN,3,0,0,DOWN,DOWN,0.35368395,0.30728847,0.33902755,True
2025-12-04 18:30:00+00:00,TCS.NS,3120.72705078125,STAY,3,1,0,STAY,DOWN,0.38193837,0.3175391,0.3005225,False
2025-12-04 18:30:00+00:00,BHARTIARTL.NS,2082.590087890625,DOWN,3,0,2,DOWN,UP,0.24192815,0.33979952,0.41827232,False
2025-12-04 18:30:00+00:00,HDFCBANK.NS,986.9759521484376,STAY,3,1,2,STAY,UP,0.28745073,0.34843507,0.36411422,False
2025-12-04 18:30:00+00:00,TMPV.NS,350.69091796875,DOWN,3,0,2,DOWN,UP,0.069550164,0.15862069,0.7718291,False
2025-12-04 18:30:00+00:00,RELIANCE.NS,1533.5096435546875,UP,3,2,0,UP,DOWN,0.43871462,0.26959687,0.29168847,False
2025-12-07 18:30:00+00:00,ITC.NS,383.5915222167969,STAY,3,1,2,STAY,UP,0.36400723,0.22996071,0.4060321,False
2025-12-07 18:30:00+00:00,LT.NS,3958.040283203125,UP,3,2,0,UP,DOWN,0.54579484,0.21667318,0.23753202,False
2025-12-07 18:30:00+00:00,INFY.NS,1576.681640625,STAY,3,1,2,STAY,UP,0.33997053,0.29275194,0.36727756,False
2025-12-07 18:30:00+00:00,RELIANCE.NS,1535.898681640625,STAY,3,1,0,STAY,DOWN,0.44238868,0.2667979,0.29081342,False
2025-12-07 18:30:00+00:00,TMPV.NS,345.4345092773437,STAY,3,1,2,STAY,UP,0.08830306,0.15929843,0.7523985,False
2025-12-07 18:30:00+00:00,HDFCBANK.NS,986.7791748046876,STAY,3,1,2,STAY,UP,0.28845343,0.3301944,0.3813522,False
2025-12-07 18:30:00+00:00,BHARTIARTL.NS,2060.27099609375,STAY,3,1,2,STAY,UP,0.2622152,0.3109497,0.4268351,False
2025-12-07 18:30:00+00:00,ICICIBANK.NS,1377.98291015625,DOWN,3,0,2,DOWN,UP,0.27215847,0.26810443,0.45973712,False
2025-12-07 18:30:00+00:00,TCS.NS,3119.088623046875,STAY,3,1,0,STAY,DOWN,0.41294038,0.32842532,0.2586343,False
2025-12-07 18:30:00+00:00,SBIN.NS,939.466064453125,UP,3,2,2,UP,UP,0.3302166,0.29955208,0.37023136,True
2025-12-08 18:30:00+00:00,TCS.NS,3091.912109375,STAY,3,1,0,STAY,DOWN,0.415036,0.2598228,0.32514122,False
2025-12-08 18:30:00+00:00,BHARTIARTL.NS,2063.7275390625,STAY,3,1,1,STAY,STAY,0.26312205,0.38009062,0.3567873,True
2025-12-08 18:30:00+00:00,TMPV.NS,341.8641357421875,STAY,3,1,2,STAY,UP,0.094943136,0.15546745,0.74958944,False
2025-12-08 18:30:00+00:00,RELIANCE.NS,1522.3612060546875,STAY,3,1,0,STAY,DOWN,0.42146075,0.2914472,0.287092,False
2025-12-08 18:30:00+00:00,LT.NS,3958.832763671875,UP,3,2,0,UP,DOWN,0.5716177,0.2094079,0.21897443,False
2025-12-08 18:30:00+00:00,HDFCBANK.NS,980.8768310546876,STAY,3,1,2,STAY,UP,0.26270017,0.3665596,0.37074026,False
2025-12-08 18:30:00+00:00,INFY.NS,1565.1314697265625,STAY,3,1,0,STAY,DOWN,0.42046094,0.21272875,0.3668103,False
2025-12-08 18:30:00+00:00,ICICIBANK.NS,1363.7032470703125,STAY,3,1,2,STAY,UP,0.24347398,0.29846328,0.45806268,False
2025-12-08 18:30:00+00:00,SBIN.NS,942.3638305664062,STAY,3,1,2,STAY,UP,0.33331877,0.27807137,0.38860986,False
2025-12-08 18:30:00+00:00,ITC.NS,382.399658203125,STAY,3,1,2,STAY,UP,0.34334132,0.22375162,0.43290704,False
2025-12-09 18:30:00+00:00,TCS.NS,3073.5048828125,STAY,3,1,2,STAY,UP,0.34075788,0.31615162,0.3430905,False
2025-12-09 18:30:00+00:00,HDFCBANK.NS,973.6956176757812,STAY,3,1,1,STAY,STAY,0.24133274,0.44682744,0.3118398,True
2025-12-09 18:30:00+00:00,ITC.NS,384.4019775390625,STAY,3,1,2,STAY,UP,0.38491014,0.21531048,0.39977938,False
2025-12-09 18:30:00+00:00,TMPV.NS,340.5748291015625,STAY,3,1,2,STAY,UP,0.08117824,0.16847502,0.7503467,False
2025-12-09 18:30:00+00:00,BHARTIARTL.NS,2041.3095703125,UP,3,2,2,UP,UP,0.26969948,0.3631167,0.3671838,True
2025-12-09 18:30:00+00:00,SBIN.NS,942.7567749023438,UP,3,2,2,UP,UP,0.32774743,0.27662826,0.3956243,True
2025-12-09 18:30:00+00:00,LT.NS,3952.692626953125,UP,3,2,0,UP,DOWN,0.60836065,0.17927462,0.2123647,False
2025-12-09 18:30:00+00:00,RELIANCE.NS,1529.8267822265625,STAY,3,1,0,STAY,DOWN,0.4297267,0.28290945,0.28736383,False
2025-12-09 18:30:00+00:00,INFY.NS,1551.2322998046875,UP,3,2,2,UP,UP,0.36244118,0.24096309,0.3965957,True
2025-12-09 18:30:00+00:00,ICICIBANK.NS,1352.2001953125,STAY,3,1,2,STAY,UP,0.25447324,0.3189786,0.4265482,False
2025-12-10 18:30:00+00:00,BHARTIARTL.NS,2027.68115234375,UP,3,2,1,UP,STAY,0.2857707,0.37547758,0.3387517,False
2025-12-10 18:30:00+00:00,ICICIBANK.NS,1348.63037109375,STAY,3,1,1,STAY,STAY,0.20465232,0.4214865,0.37386113,True
2025-12-10 18:30:00+00:00,LT.NS,3965.170654296875,STAY,3,1,0,STAY,DOWN,0.59288764,0.20105942,0.206053,False
2025-12-10 18:30:00+00:00,TMPV.NS,343.798095703125,STAY,3,1,2,STAY,UP,0.06558726,0.14875561,0.7856571,False
2025-12-10 18:30:00+00:00,ITC.NS,384.1636047363281,STAY,3,1,0,STAY,DOWN,0.428591,0.19098106,0.38042796,False
2025-12-10 18:30:00+00:00,RELIANCE.NS,1537.889404296875,STAY,3,1,0,STAY,DOWN,0.41843867,0.25684983,0.32471156,False
2025-12-10 18:30:00+00:00,INFY.NS,1564.1527099609375,UP,3,2,2,UP,UP,0.34952947,0.23221304,0.41825753,True
2025-12-10 18:30:00+00:00,HDFCBANK.NS,984.0247802734376,DOWN,3,0,1,DOWN,STAY,0.29323053,0.3581179,0.34865153,False
2025-12-10 18:30:00+00:00,SBIN.NS,946.1947631835938,UP,3,2,2,UP,UP,0.30731645,0.28538054,0.40730304,True
2025-12-10 18:30:00+00:00,TCS.NS,3076.10693359375,UP,3,2,0,UP,DOWN,0.36357182,0.30584294,0.3305853,False
2025-12-11 18:30:00+00:00,ITC.NS,381.4938354492188,STAY,3,1,2,STAY,UP,0.36116418,0.21565475,0.42318106,False
2025-12-11 18:30:00+00:00,SBIN.NS,946.0965576171876,UP,3,2,2,UP,UP,0.24960904,0.34217075,0.40822017,True
2025-12-11 18:30:00+00:00,BHARTIARTL.NS,2057.505615234375,STAY,3,1,2,STAY,UP,0.26377052,0.3613214,0.37490806,False
2025-12-11 18:30:00+00:00,LT.NS,4034.69189453125,STAY,3,1,0,STAY,DOWN,0.5835702,0.23421875,0.18221104,False
2025-12-11 18:30:00+00:00,TCS.NS,3103.669189453125,UP,3,2,0,UP,DOWN,0.39568523,0.28706765,0.31724712,False
2025-12-11 18:30:00+00:00,HDFCBANK.NS,985.2052612304688,DOWN,3,0,2,DOWN,UP,0.2609666,0.35771337,0.38131997,False
2025-12-11 18:30:00+00:00,TMPV.NS,344.5915222167969,UP,3,2,2,UP,UP,0.060095396,0.10255547,0.8373491,True
2025-12-11 18:30:00+00:00,ICICIBANK.NS,1354.5802001953125,STAY,3,1,2,STAY,UP,0.19853416,0.27239794,0.5290679,False
2025-12-11 18:30:00+00:00,RELIANCE.NS,1549.3365478515625,STAY,3,1,0,STAY,DOWN,0.4278341,0.27501997,0.29714587,False
2025-12-11 18:30:00+00:00,INFY.NS,1564.348388671875,UP,3,2,2,UP,UP,0.36754507,0.23328286,0.3991721,True
2025-12-14 18:30:00+00:00,SBIN.NS,950.1239624023438,STAY,3,1,2,STAY,UP,0.27866477,0.27190354,0.44943172,False
2025-12-14 18:30:00+00:00,ICICIBANK.NS,1353.786865234375,STAY,3,1,2,STAY,UP,0.16668557,0.27955818,0.5537562,False
2025-12-14 18:30:00+00:00,RELIANCE.NS,1549.037841796875,UP,3,2,2,UP,UP,0.34315923,0.30804548,0.34879526,True
2025-12-14 18:30:00+00:00,LT.NS,4052.7158203125,STAY,3,1,0,STAY,DOWN,0.6048033,0.20441611,0.1907806,False
2025-12-14 18:30:00+00:00,INFY.NS,1572.766357421875,UP,3,2,0,UP,DOWN,0.37812826,0.24644925,0.37542248,False
2025-12-14 18:30:00+00:00,ITC.NS,383.5915222167969,STAY,3,1,2,STAY,UP,0.34652632,0.23387678,0.4195969,False
2025-12-14 18:30:00+00:00,BHARTIARTL.NS,2043.97607421875,UP,3,2,2,UP,UP,0.29259095,0.32399374,0.38341528,True
2025-12-14 18:30:00+00:00,TMPV.NS,344.2939758300781,UP,3,2,2,UP,UP,0.058283437,0.07970873,0.8620078,True
2025-12-14 18:30:00+00:00,HDFCBANK.NS,979.89306640625,STAY,3,1,2,STAY,UP,0.20917185,0.3933989,0.39742923,False
2025-12-14 18:30:00+00:00,TCS.NS,3113.017333984375,UP,3,2,0,UP,DOWN,0.43357858,0.25052983,0.31589153,False
2025-12-15 18:30:00+00:00,LT.NS,4024.491455078125,STAY,3,1,0,STAY,DOWN,0.57380104,0.21972202,0.20647693,False
2025-12-15 18:30:00+00:00,TMPV.NS,342.60797119140625,UP,3,2,2,UP,UP,0.05312635,0.082238436,0.8646352,True
2025-12-15 18:30:00+00:00,ITC.NS,383.0194091796875,UP,3,2,2,UP,UP,0.3122942,0.21655516,0.4711507,True
2025-12-15 18:30:00+00:00,INFY.NS,1559.1607666015625,UP,3,2,2,UP,UP,0.3796337,0.23621613,0.3841502,True
2025-12-15 18:30:00+00:00,TCS.NS,3088.828125,UP,3,2,0,UP,DOWN,0.36621314,0.26784328,0.36594358,False
2025-12-15 18:30:00+00:00,BHARTIARTL.NS,2075.87451171875,STAY,3,1,1,STAY,STAY,0.2973968,0.35654995,0.3460532,True
2025-12-15 18:30:00+00:00,RELIANCE.NS,1535.201904296875,UP,3,2,2,UP,UP,0.27801037,0.30370256,0.41828707,True
2025-12-15 18:30:00+00:00,ICICIBANK.NS,1354.5802001953125,STAY,3,1,2,STAY,UP,0.16584478,0.23416688,0.59998834,False
2025-12-15 18:30:00+00:00,SBIN.NS,944.1319580078124,UP,3,2,2,UP,UP,0.28080928,0.29406124,0.4251295,True
2025-12-15 18:30:00+00:00,HDFCBANK.NS,978.1223754882812,STAY,3,1,2,STAY,UP,0.1804712,0.36458516,0.45494363,False
2025-12-16 18:30:00+00:00,TMPV.NS,343.5005798339844,UP,3,2,2,UP,UP,0.04602025,0.06507137,0.8889084,True
2025-12-16 18:30:00+00:00,TCS.NS,3101.067138671875,UP,3,2,2,UP,UP,0.36225042,0.24035704,0.3973926,True
2025-12-16 18:30:00+00:00,RELIANCE.NS,1537.292236328125,STAY,3,1,2,STAY,UP,0.33848774,0.31052497,0.35098726,False
2025-12-16 18:30:00+00:00,BHARTIARTL.NS,2081.800048828125,STAY,3,1,1,STAY,STAY,0.29666033,0.3736167,0.3297229,True
2025-12-16 18:30:00+00:00,ICICIBANK.NS,1341.0938720703125,STAY,3,1,2,STAY,UP,0.17759696,0.3572881,0.46511498,False
2025-12-16 18:30:00+00:00,ITC.NS,381.2077941894531,UP,3,2,2,UP,UP,0.39049804,0.21057622,0.39892578,True
2025-12-16 18:30:00+00:00,INFY.NS,1568.0679931640625,UP,3,2,0,UP,DOWN,0.3786272,0.2494639,0.37190884,False
2025-12-16 18:30:00+00:00,SBIN.NS,958.5716552734376,STAY,3,1,2,STAY,UP,0.29471666,0.28711084,0.41817254,False
2025-12-16 18:30:00+00:00,LT.NS,4023.104736328125,STAY,3,1,0,STAY,DOWN,0.6228073,0.18942899,0.18776372,False
2025-12-16 18:30:00+00:00,HDFCBANK.NS,967.989990234375,UP,3,2,1,UP,STAY,0.17833804,0.41789663,0.40376538,False
2025-12-17 18:30:00+00:00,RELIANCE.NS,1537.292236328125,STAY,3,1,2,STAY,UP,0.33267334,0.3127041,0.35462257,False
2025-12-17 18:30:00+00:00,ITC.NS,381.7798767089844,STAY,3,1,2,STAY,UP,0.3237015,0.23869254,0.43760592,False
2025-12-17 18:30:00+00:00,LT.NS,3992.107666015625,STAY,3,1,0,STAY,DOWN,0.62425345,0.18198614,0.19376037,False
2025-12-17 18:30:00+00:00,INFY.NS,1592.3427734375,UP,3,2,0,UP,DOWN,0.38503093,0.28068444,0.3342846,False
2025-12-17 18:30:00+00:00,TCS.NS,3161.78173828125,STAY,3,1,1,STAY,STAY,0.34488398,0.34958193,0.30553406,True
2025-12-17 18:30:00+00:00,TMPV.NS,342.955078125,UP,3,2,2,UP,UP,0.0318609,0.06296878,0.9051703,True
2025-12-17 18:30:00+00:00,ICICIBANK.NS,1345.4571533203125,STAY,3,1,2,STAY,UP,0.17534007,0.37361857,0.45104137,False
2025-12-17 18:30:00+00:00,SBIN.NS,960.2415771484376,DOWN,3,0,2,DOWN,UP,0.2898153,0.28655112,0.42363358,False
2025-12-17 18:30:00+00:00,BHARTIARTL.NS,2065.9990234375,STAY,3,1,1,STAY,STAY,0.28270578,0.36239746,0.35489672,True
2025-12-17 18:30:00+00:00,HDFCBANK.NS,963.7599487304688,UP,3,2,1,UP,STAY,0.1857274,0.5124191,0.3018535,False
2025-12-18 18:30:00+00:00,RELIANCE.NS,1557.8968505859375,DOWN,3,0,0,DOWN,DOWN,0.35874715,0.28430757,0.35694528,True
2025-12-18 18:30:00+00:00,INFY.NS,1603.9906005859375,STAY,3,1,0,STAY,DOWN,0.3521245,0.3066612,0.3412143,False
2025-12-18 18:30:00+00:00,BHARTIARTL.NS,2071.6279296875,STAY,3,1,2,STAY,UP,0.2657323,0.34783912,0.38642856,False
2025-12-18 18:30:00+00:00,TMPV.NS,349.74871826171875,UP,3,2,2,UP,UP,0.053696316,0.11726044,0.82904327,True
2025-12-18 18:30:00+00:00,TCS.NS,3162.938232421875,STAY,3,1,2,STAY,UP,0.31369674,0.31647813,0.36982515,False
2025-12-18 18:30:00+00:00,ICICIBANK.NS,1342.7796630859375,STAY,3,1,2,STAY,UP,0.14700723,0.31046548,0.54252726,False
2025-12-18 18:30:00+00:00,SBIN.NS,962.94287109375,DOWN,3,0,2,DOWN,UP,0.27906033,0.2977363,0.42320335,False
2025-12-18 18:30:00+00:00,ITC.NS,382.399658203125,STAY,3,1,2,STAY,UP,0.3298085,0.20253976,0.4676517,False
2025-12-18 18:30:00+00:00,HDFCBANK.NS,969.465576171875,STAY,3,1,1,STAY,STAY,0.14350657,0.42912158,0.42737177,True
2025-12-18 18:30:00+00:00,LT.NS,4034.097412109375,STAY,3,1,0,STAY,DOWN,0.5507022,0.23821664,0.2110811,False
2025-12-21 18:30:00+00:00,ITC.NS,383.9729309082031,STAY,3,1,0,STAY,DOWN,0.43545592,0.21058618,0.35395792,False
2025-12-21 18:30:00+00:00,HDFCBANK.NS,971.6298217773438,STAY,3,1,2,STAY,UP,0.18384099,0.36496738,0.45119166,False
2025-12-21 18:30:00+00:00,INFY.NS,1653.8125,DOWN,3,0,1,DOWN,STAY,0.3213882,0.35822138,0.32039037,False
2025-12-21 18:30:00+00:00,TMPV.NS,356.1952514648437,STAY,3,1,2,STAY,UP,0.10977105,0.09391107,0.79631793,False
2025-12-21 18:30:00+00:00,RELIANCE.NS,1568.1495361328125,DOWN,3,0,0,DOWN,DOWN,0.37571013,0.30486232,0.3194275,True
2025-12-21 18:30:00+00:00,TCS.NS,3204.281982421875,DOWN,3,0,1,DOWN,STAY,0.33668235,0.3970281,0.26628953,False
2025-12-21 18:30:00+00:00,SBIN.NS,957.0491333007812,STAY,3,1,2,STAY,UP,0.3193872,0.25562304,0.42498973,False
2025-12-21 18:30:00+00:00,BHARTIARTL.NS,2120.907958984375,DOWN,3,0,2,DOWN,UP,0.2688288,0.30940697,0.4217642,False
2025-12-21 18:30:00+00:00,ICICIBANK.NS,1357.059326171875,DOWN,3,0,2,DOWN,UP,0.1864038,0.29561192,0.5179843,False
2025-12-21 18:30:00+00:00,LT.NS,4033.008056640625,STAY,3,1,0,STAY,DOWN,0.59963757,0.17792048,0.22244196,False
2025-12-22 18:30:00+00:00,HDFCBANK.NS,980.3849487304688,STAY,3,1,2,STAY,UP,0.18124278,0.3286376,0.49011967,False
2025-12-22 18:30:00+00:00,INFY.NS,1632.9637451171875,DOWN,3,0,0,DOWN,DOWN,0.39869663,0.27786124,0.32344216,True
2025-12-22 18:30:00+00:00,ICICIBANK.NS,1351.605224609375,DOWN,3,0,2,DOWN,UP,0.195115,0.25947994,0.54540503,False
2025-12-22 18:30:00+00:00,RELIANCE.NS,1563.4710693359375,STAY,3,1,0,STAY,DOWN,0.43779686,0.29774213,0.26446098,False
2025-12-22 18:30:00+00:00,BHARTIARTL.NS,2096.5146484375,STAY,3,1,2,STAY,UP,0.3228064,0.30893564,0.36825797,False
2025-12-22 18:30:00+00:00,SBIN.NS,954.691650390625,UP,3,2,2,UP,UP,0.27468342,0.30069277,0.42462382,True
2025-12-22 18:30:00+00:00,LT.NS,4019.539794921875,STAY,3,1,0,STAY,DOWN,0.51231265,0.23963404,0.24805334,False
2025-12-22 18:30:00+00:00,ITC.NS,388.40667724609375,DOWN,3,0,0,DOWN,DOWN,0.43489662,0.2266898,0.33841354,True
2025-12-22 18:30:00+00:00,TCS.NS,3189.92236328125,DOWN,3,0,1,DOWN,STAY,0.31262326,0.40760306,0.27977374,False
2025-12-22 18:30:00+00:00,TMPV.NS,360.26153564453125,UP,3,2,2,UP,UP,0.1346385,0.099770896,0.76559055,True
2025-12-23 18:30:00+00:00,BHARTIARTL.NS,2097.304931640625,STAY,3,1,2,STAY,UP,0.33721185,0.28050643,0.3822817,False
2025-12-23 18:30:00+00:00,ICICIBANK.NS,1348.43212890625,DOWN,3,0,2,DOWN,UP,0.1679321,0.30578232,0.5262856,False
2025-12-23 18:30:00+00:00,ITC.NS,387.6915588378906,DOWN,3,0,0,DOWN,DOWN,0.45502272,0.19132815,0.35364914,True
2025-12-23 18:30:00+00:00,HDFCBANK.NS,980.9752197265624,STAY,3,1,2,STAY,UP,0.20051281,0.33419347,0.4652937,False
2025-12-23 18:30:00+00:00,SBIN.NS,951.7938842773438,UP,3,2,2,UP,UP,0.29553902,0.2963116,0.4081494,True
2025-12-23 18:30:00+00:00,TMPV.NS,356.2448425292969,UP,3,2,2,UP,UP,0.10541229,0.10614739,0.7884403,True
2025-12-23 18:30:00+00:00,RELIANCE.NS,1551.0286865234375,UP,3,2,0,UP,DOWN,0.34539908,0.31115186,0.34344903,False
2025-12-23 18:30:00+00:00,TCS.NS,3198.595947265625,DOWN,3,0,1,DOWN,STAY,0.3409772,0.3477896,0.31123325,False
2025-12-23 18:30:00+00:00,LT.NS,4014.39013671875,UP,3,2,0,UP,DOWN,0.5865567,0.1727542,0.24068913,False
2025-12-23 18:30:00+00:00,INFY.NS,1628.16748046875,DOWN,3,0,0,DOWN,DOWN,0.34966165,0.3125309,0.3378074,True
2025-12-25 18:30:00+00:00,TMPV.NS,355.8481140136719,UP,3,2,2,UP,UP,0.10415601,0.108554944,0.787289,True
2025-12-25 18:30:00+00:00,HDFCBANK.NS,975.9581909179688,STAY,3,1,2,STAY,UP,0.20803693,0.27218363,0.51977944,False
2025-12-25 18:30:00+00:00,RELIANCE.NS,1552.0240478515625,UP,3,2,2,UP,UP,0.2956634,0.30123714,0.40309948,True
2025-12-25 18:30:00+00:00,INFY.NS,1621.0220947265625,STAY,3,1,0,STAY,DOWN,0.41590792,0.2711909,0.31290117,False
2025-12-25 18:30:00+00:00,TCS.NS,3161.0107421875,STAY,3,1,2,STAY,UP,0.35800976,0.22535124,0.41663897,False
2025-12-25 18:30:00+00:00,ICICIBANK.NS,1339.110595703125,STAY,3,1,2,STAY,UP,0.19356464,0.28290617,0.52352923,False
2025-12-25 18:30:00+00:00,LT.NS,4008.15087890625,UP,3,2,0,UP,DOWN,0.50621766,0.17502277,0.3187596,False
2025-12-25 18:30:00+00:00,BHARTIARTL.NS,2079.232177734375,STAY,3,1,2,STAY,UP,0.23691645,0.3022002,0.46088335,False
2025-12-25 18:30:00+00:00,ITC.NS,385.3554992675781,DOWN,3,0,0,DOWN,DOWN,0.4234931,0.21955551,0.3569514,True
2025-12-25 18:30:00+00:00,SBIN.NS,949.1907348632812,UP,3,2,2,UP,UP,0.26495913,0.2560809,0.47895995,True
2025-12-28 18:30:00+00:00,ITC.NS,383.8775634765625,DOWN,3,0,2,DOWN,UP,0.38975036,0.21241556,0.3978341,False
2025-12-28 18:30:00+00:00,SBIN.NS,947.962890625,UP,3,2,2,UP,UP,0.32478604,0.22917989,0.44603404,True
2025-12-28 18:30:00+00:00,RELIANCE.NS,1538.4866943359375,UP,3,2,2,UP,UP,0.3274321,0.28678226,0.3857856,True
2025-12-28 18:30:00+00:00,LT.NS,3999.634033203125,UP,3,2,0,UP,DOWN,0.5788929,0.15523088,0.26587626,False
2025-12-28 18:30:00+00:00,TCS.NS,3133.544677734375,DOWN,3,0,2,DOWN,UP,0.37562135,0.24554704,0.37883157,False
2025-12-28 18:30:00+00:00,ICICIBANK.NS,1332.070068359375,UP,3,2,2,UP,UP,0.16973343,0.34082693,0.4894396,True
2025-12-28 18:30:00+00:00,TMPV.NS,355.6497802734375,UP,3,2,2,UP,UP,0.087642424,0.10650966,0.8058479,True
2025-12-28 18:30:00+00:00,INFY.NS,1609.863525390625,DOWN,3,0,2,DOWN,UP,0.3707841,0.24413334,0.38508257,False
2025-12-28 18:30:00+00:00,HDFCBANK.NS,975.564697265625,DOWN,3,0,2,DOWN,UP,0.23699996,0.24893056,0.51406944,False
2025-12-28 18:30:00+00:00,BHARTIARTL.NS,2055.728271484375,UP,3,2,2,UP,UP,0.28411886,0.33531407,0.38056704,True
2025-12-29 18:30:00+00:00,TMPV.NS,358.7738647460937,UP,3,2,2,UP,UP,0.07868405,0.08574731,0.83556867,True
2025-12-29 18:30:00+00:00,TCS.NS,3129.01513671875,STAY,3,1,2,STAY,UP,0.269368,0.23032443,0.50030756,False
2025-12-29 18:30:00+00:00,BHARTIARTL.NS,2073.701904296875,STAY,3,1,2,STAY,UP,0.23187618,0.33110243,0.43702137,False
2025-12-29 18:30:00+00:00,ICICIBANK.NS,1331.276611328125,UP,3,2,2,UP,UP,0.18849856,0.32844588,0.4830556,True
2025-12-29 18:30:00+00:00,LT.NS,4012.805419921875,UP,3,2,0,UP,DOWN,0.5387187,0.1957249,0.2655564,False
2025-12-29 18:30:00+00:00,HDFCBANK.NS,974.7777709960938,DOWN,3,0,2,DOWN,UP,0.19189806,0.27890325,0.5291987,False
2025-12-29 18:30:00+00:00,INFY.NS,1587.2528076171875,STAY,3,1,0,STAY,DOWN,0.3961823,0.2394555,0.3643622,False
2025-12-29 18:30:00+00:00,ITC.NS,381.9705810546875,DOWN,3,0,2,DOWN,UP,0.36935228,0.19829513,0.43235254,False
2025-12-29 18:30:00+00:00,SBIN.NS,956.2141723632812,UP,3,2,2,UP,UP,0.21947668,0.23949504,0.54102826,True
2025-12-29 18:30:00+00:00,RELIANCE.NS,1532.71337890625,DOWN,3,0,2,DOWN,UP,0.2841306,0.27275932,0.44311002,False
2025-12-30 18:30:00+00:00,TCS.NS,3089.887939453125,UP,3,2,2,UP,UP,0.36272186,0.24188812,0.39539,True
2025-12-30 18:30:00+00:00,RELIANCE.NS,1563.172607421875,DOWN,3,0,2,DOWN,UP,0.3207688,0.31161752,0.36761364,False
2025-12-30 18:30:00+00:00,HDFCBANK.NS,975.0728759765624,DOWN,3,0,2,DOWN,UP,0.23503725,0.23303062,0.5319321,False
2025-12-30 18:30:00+00:00,TMPV.NS,364.3277893066406,DOWN,3,0,2,DOWN,UP,0.117641464,0.10821598,0.77414256,False
2025-12-30 18:30:00+00:00,ICICIBANK.NS,1331.67333984375,UP,3,2,2,UP,UP,0.17245963,0.2907088,0.53683156,True
2025-12-30 18:30:00+00:00,ITC.NS,384.2589721679688,DOWN,3,0,0,DOWN,DOWN,0.43928218,0.18226117,0.37845662,True
2025-12-30 18:30:00+00:00,BHARTIARTL.NS,2079.429931640625,DOWN,3,0,2,DOWN,UP,0.28030652,0.29786935,0.4218241,False
2025-12-30 18:30:00+00:00,LT.NS,4044.000732421875,UP,3,2,0,UP,DOWN,0.4701825,0.22809196,0.3017255,False
2025-12-30 18:30:00+00:00,SBIN.NS,964.8092651367188,UP,3,2,2,UP,UP,0.30362746,0.24572173,0.45065087,True
2025-12-30 18:30:00+00:00,INFY.NS,1581.1842041015625,UP,3,2,0,UP,DOWN,0.385994,0.252495,0.36151102,False
2025-12-31 18:30:00+00:00,LT.NS,4100.35009765625,DOWN,3,0,0,DOWN,DOWN,0.45994925,0.2909506,0.2491001,True
2025-12-31 18:30:00+00:00,HDFCBANK.NS,975.023681640625,DOWN,3,0,2,DOWN,UP,0.2181743,0.26463434,0.5171914,False
2025-12-31 18:30:00+00:00,BHARTIARTL.NS,2084.170166015625,DOWN,3,0,2,DOWN,UP,0.24807568,0.31650773,0.43541664,False
2025-12-31 18:30:00+00:00,TCS.NS,3110.31884765625,STAY,3,1,2,STAY,UP,0.3021436,0.26327094,0.43458545,False
2025-12-31 18:30:00+00:00,INFY.NS,1595.2791748046875,DOWN,3,0,0,DOWN,DOWN,0.39384773,0.22128597,0.3848663,True
2025-12-31 18:30:00+00:00,TMPV.NS,364.526123046875,DOWN,3,0,2,DOWN,UP,0.120952435,0.10841874,0.77062887,False
2025-12-31 18:30:00+00:00,ITC.NS,346.9295959472656,DOWN,3,0,2,DOWN,UP,0.1720684,0.37818652,0.44974512,False
2025-12-31 18:30:00+00:00,ICICIBANK.NS,1326.8143310546875,UP,3,2,2,UP,UP,0.19239211,0.31292814,0.4946797,True
2025-12-31 18:30:00+00:00,RELIANCE.NS,1568.3485107421875,DOWN,3,0,0,DOWN,DOWN,0.3608315,0.2810618,0.3581067,True
2025-12-31 18:30:00+00:00,SBIN.NS,967.3140869140624,UP,3,2,2,UP,UP,0.31368536,0.2527939,0.4335208,True
2026-01-01 18:30:00+00:00,TCS.NS,3132.773681640625,DOWN,3,0,2,DOWN,UP,0.30610025,0.2198182,0.47408152,False
2026-01-01 18:30:00+00:00,INFY.NS,1605.6546630859375,DOWN,3,0,0,DOWN,DOWN,0.3567749,0.29195103,0.35127407,True
2026-01-01 18:30:00+00:00,TMPV.NS,367.3031311035156,DOWN,3,0,2,DOWN,UP,0.13523948,0.11375904,0.7510014,False
2026-01-01 18:30:00+00:00,SBIN.NS,981.2626953125,STAY,3,1,1,STAY,STAY,0.270773,0.37066603,0.35856098,True
2026-01-01 18:30:00+00:00,BHARTIARTL.NS,2080.121337890625,DOWN,3,0,2,DOWN,UP,0.2918703,0.28886423,0.4192655,False
2026-01-01 18:30:00+00:00,HDFCBANK.NS,985.3035888671876,DOWN,3,0,2,DOWN,UP,0.256699,0.22711292,0.5161881,False
2026-01-01 18:30:00+00:00,ITC.NS,333.77130126953125,DOWN,3,0,2,DOWN,UP,0.11036649,0.2406518,0.6489817,False
2026-01-01 18:30:00+00:00,ICICIBANK.NS,1344.06884765625,UP,3,2,2,UP,UP,0.18550415,0.21952817,0.5949677,True
2026-01-01 18:30:00+00:00,RELIANCE.NS,1584.9718017578125,DOWN,3,0,0,DOWN,DOWN,0.39654347,0.31220216,0.2912544,True
2026-01-01 18:30:00+00:00,LT.NS,4123.1279296875,DOWN,3,0,0,DOWN,DOWN,0.45111528,0.32974282,0.21914183,True
2026-01-04 18:30:00+00:00,ICICIBANK.NS,1360.0341796875,UP,3,2,2,UP,UP,0.23152973,0.29129666,0.4771736,True
2026-01-04 18:30:00+00:00,BHARTIARTL.NS,2078.83740234375,DOWN,3,0,2,DOWN,UP,0.29842418,0.30407166,0.39750415,False
2026-01-04 18:30:00+00:00,TMPV.NS,370.4767761230469,DOWN,3,0,2,DOWN,UP,0.14885516,0.14371684,0.70742804,False
2026-01-04 18:30:00+00:00,SBIN.NS,987.7457885742188,STAY,3,1,1,STAY,STAY,0.30463764,0.3536951,0.34166726,True
2026-01-04 18:30:00+00:00,ITC.NS,333.4376220703125,DOWN,3,0,2,DOWN,UP,0.083710276,0.21478648,0.7015032,False
2026-01-04 18:30:00+00:00,LT.NS,4110.25341796875,DOWN,3,0,0,DOWN,DOWN,0.5662353,0.2264524,0.2073123,True
2026-01-04 18:30:00+00:00,RELIANCE.NS,1570.8370361328125,DOWN,3,0,2,DOWN,UP,0.31366083,0.3068777,0.3794615,False
2026-01-04 18:30:00+00:00,HDFCBANK.NS,961.5957641601562,DOWN,3,0,2,DOWN,UP,0.23468113,0.31407848,0.45124036,False
2026-01-04 18:30:00+00:00,INFY.NS,1572.374755859375,STAY,3,1,0,STAY,DOWN,0.5132615,0.19438966,0.29234883,False
2026-01-04 18:30:00+00:00,TCS.NS,3099.428955078125,STAY,3,1,2,STAY,UP,0.28928566,0.2988931,0.41182122,False
2026-01-05 18:30:00+00:00,SBIN.NS,1000.8594360351562,STAY,3,1,1,STAY,STAY,0.33755705,0.37815148,0.2842915,True
2026-01-05 18:30:00+00:00,TCS.NS,3137.688720703125,STAY,3,1,0,STAY,DOWN,0.36447734,0.31082895,0.32469368,False
2026-01-05 18:30:00+00:00,ITC.NS,326.5248107910156,DOWN,3,0,2,DOWN,UP,0.10089412,0.13437895,0.76472694,False
2026-01-05 18:30:00+00:00,HDFCBANK.NS,946.544677734375,DOWN,3,0,1,DOWN,STAY,0.26366824,0.4560668,0.280265,False
2026-01-05 18:30:00+00:00,RELIANCE.NS,1500.6614990234375,DOWN,3,0,1,DOWN,STAY,0.32175046,0.38104758,0.29720196,False
2026-01-05 18:30:00+00:00,TMPV.NS,365.8650207519531,DOWN,3,0,2,DOWN,UP,0.10734334,0.08755092,0.80510575,False
2026-01-05 18:30:00+00:00,LT.NS,4100.54833984375,DOWN,3,0,0,DOWN,DOWN,0.5420654,0.21351218,0.2444224,True
2026-01-05 18:30:00+00:00,INFY.NS,1578.0518798828125,STAY,3,1,0,STAY,DOWN,0.48047197,0.21293019,0.30659783,False
2026-01-05 18:30:00+00:00,ICICIBANK.NS,1399.4022216796875,UP,3,2,1,UP,STAY,0.23735021,0.41439894,0.34825087,False
2026-01-05 18:30:00+00:00,BHARTIARTL.NS,2079.133544921875,DOWN,3,0,2,DOWN,UP,0.26265404,0.28047943,0.4568665,False
2026-01-06 18:30:00+00:00,BHARTIARTL.NS,2058.2958984375,DOWN,3,0,2,DOWN,UP,0.3000905,0.2883613,0.41154817,False
2026-01-06 18:30:00+00:00,INFY.NS,1604.2843017578125,DOWN,3,0,0,DOWN,DOWN,0.4054605,0.23179598,0.36274353,True
2026-01-06 18:30:00+00:00,ITC.NS,325.3805847167969,DOWN,3,0,2,DOWN,UP,0.08917546,0.15904164,0.7517829,False
2026-01-06 18:30:00+00:00,TMPV.NS,360.3607177734375,DOWN,3,0,2,DOWN,UP,0.12825005,0.088608176,0.78314173,False
2026-01-06 18:30:00+00:00,ICICIBANK.NS,1415.7642822265625,STAY,3,1,1,STAY,STAY,0.23955944,0.49509427,0.26534635,True
2026-01-06 18:30:00+00:00,HDFCBANK.NS,933.608642578125,DOWN,3,0,1,DOWN,STAY,0.19400592,0.544869,0.26112503,False
2026-01-06 18:30:00+00:00,LT.NS,4116.7900390625,DOWN,3,0,0,DOWN,DOWN,0.52261233,0.23141,0.24597767,True
2026-01-06 18:30:00+00:00,TCS.NS,3176.044921875,DOWN,3,0,0,DOWN,DOWN,0.39150172,0.28706205,0.32143626,True
2026-01-06 18:30:00+00:00,RELIANCE.NS,1497.277099609375,DOWN,3,0,1,DOWN,STAY,0.352383,0.42787912,0.21973789,False
2026-01-06 18:30:00+00:00,SBIN.NS,989.3175048828124,UP,3,2,0,UP,DOWN,0.39999336,0.2535653,0.34644127,False
2026-01-07 18:30:00+00:00,HDFCBANK.NS,931.296875,DOWN,3,0,1,DOWN,STAY,0.24842083,0.5015643,0.25001484,False
2026-01-07 18:30:00+00:00,INFY.NS,1579.128662109375,STAY,3,1,0,STAY,DOWN,0.4213488,0.21210797,0.3665432,False
2026-01-07 18:30:00+00:00,SBIN.NS,980.3294677734376,UP,3,2,2,UP,UP,0.3634461,0.24046567,0.3960882,True
2026-01-07 18:30:00+00:00,TCS.NS,3087.671142578125,STAY,3,1,0,STAY,DOWN,0.44204602,0.29223037,0.2657237,False
2026-01-07 18:30:00+00:00,BHARTIARTL.NS,2040.618408203125,DOWN,3,0,2,DOWN,UP,0.27911288,0.35068455,0.37020263,False
2026-01-07 18:30:00+00:00,ICICIBANK.NS,1423.00341796875,DOWN,3,0,1,DOWN,STAY,0.23931415,0.47016537,0.2905205,False
2026-01-07 18:30:00+00:00,TMPV.NS,356.4927978515625,DOWN,3,0,2,DOWN,UP,0.15086882,0.097084254,0.7520469,False
2026-01-07 18:30:00+00:00,LT.NS,3989.43359375,DOWN,3,0,0,DOWN,DOWN,0.4983004,0.30563056,0.19606902,True
2026-01-07 18:30:00+00:00,RELIANCE.NS,1463.831787109375,STAY,3,1,0,STAY,DOWN,0.36414725,0.35194057,0.28391215,False
2026-01-07 18:30:00+00:00,ITC.NS,325.0468444824219,DOWN,3,0,2,DOWN,UP,0.08562405,0.15609564,0.75828034,False
2026-01-08 18:30:00+00:00,ICICIBANK.NS,1392.56005859375,STAY,3,1,2,STAY,UP,0.29493752,0.2743934,0.43066904,False
2026-01-08 18:30:00+00:00,SBIN.NS,982.7852172851562,UP,3,2,2,UP,UP,0.36043546,0.24354367,0.3960209,True
2026-01-08 18:30:00+00:00,TCS.NS,3091.43017578125,UP,3,2,0,UP,DOWN,0.39353833,0.33472794,0.27173376,False
2026-01-08 18:30:00+00:00,ITC.NS,321.47125244140625,DOWN,3,0,2,DOWN,UP,0.0806161,0.20300171,0.7163822,False
2026-01-08 18:30:00+00:00,BHARTIARTL.NS,2001.905517578125,STAY,3,1,1,STAY,STAY,0.25830296,0.44704992,0.2946472,True
2026-01-08 18:30:00+00:00,INFY.NS,1579.91162109375,UP,3,2,0,UP,DOWN,0.38960382,0.2519257,0.3584705,False
2026-01-08 18:30:00+00:00,HDFCBANK.NS,923.72216796875,STAY,3,1,1,STAY,STAY,0.23042102,0.46200407,0.3075749,True
2026-01-08 18:30:00+00:00,RELIANCE.NS,1468.51025390625,DOWN,3,0,0,DOWN,DOWN,0.38968727,0.36614653,0.24416624,True
2026-01-08 18:30:00+00:00,LT.NS,3986.2646484375,DOWN,3,0,0,DOWN,DOWN,0.5465747,0.3389665,0.11445883,True
2026-01-08 18:30:00+00:00,TMPV.NS,351.23638916015625,STAY,3,1,2,STAY,UP,0.116759256,0.15317312,0.7300676,False
2026-01-11 18:30:00+00:00,ICICIBANK.NS,1401.286376953125,DOWN,3,0,2,DOWN,UP,0.29375008,0.3363013,0.36994863,False
2026-01-11 18:30:00+00:00,TCS.NS,3122.076416015625,STAY,3,1,1,STAY,STAY,0.32233682,0.38274083,0.29492232,True
2026-01-11 18:30:00+00:00,BHARTIARTL.NS,2018.595458984375,DOWN,3,0,0,DOWN,DOWN,0.34514916,0.31752148,0.3373294,True
2026-01-11 18:30:00+00:00,INFY.NS,1562.09716796875,UP,3,2,0,UP,DOWN,0.40014794,0.25764406,0.34220803,False
2026-01-11 18:30:00+00:00,HDFCBANK.NS,921.7055053710938,STAY,3,1,1,STAY,STAY,0.23918304,0.4428065,0.31801042,True
2026-01-11 18:30:00+00:00,SBIN.NS,997.1758422851562,UP,3,2,2,UP,UP,0.33871272,0.28104654,0.38024077,True
2026-01-11 18:30:00+00:00,ITC.NS,322.6631164550781,DOWN,3,0,2,DOWN,UP,0.062780365,0.2487264,0.68849325,False
2026-01-11 18:30:00+00:00,TMPV.NS,347.6659851074219,DOWN,3,0,2,DOWN,UP,0.11530479,0.14035216,0.7443431,False
2026-01-11 18:30:00+00:00,LT.NS,3980.124755859375,DOWN,3,0,0,DOWN,DOWN,0.5551094,0.30736542,0.13752516,True
2026-01-11 18:30:00+00:00,RELIANCE.NS,1476.373779296875,DOWN,3,0,0,DOWN,DOWN,0.3674671,0.33969828,0.2928346,True
2026-01-12 18:30:00+00:00,ICICIBANK.NS,1424.9866943359375,DOWN,3,0,1,DOWN,STAY,0.27918583,0.39603305,0.32478112,False
2026-01-12 18:30:00+00:00,INFY.NS,1565.1314697265625,UP,3,2,0,UP,DOWN,0.4089171,0.24787062,0.34321225,False
2026-01-12 18:30:00+00:00,HDFCBANK.NS,922.0989990234376,STAY,3,1,1,STAY,STAY,0.17606553,0.47881138,0.34512305,True
2026-01-12 18:30:00+00:00,BHARTIARTL.NS,2001.7080078125,DOWN,3,0,1,DOWN,STAY,0.29337204,0.37502164,0.3316063,False
2026-01-12 18:30:00+00:00,RELIANCE.NS,1446.11376953125,DOWN,3,0,0,DOWN,DOWN,0.3808182,0.30596066,0.3132211,True
2026-01-12 18:30:00+00:00,TCS.NS,3149.446044921875,DOWN,3,0,0,DOWN,DOWN,0.36128598,0.33423996,0.30447412,True
2026-01-12 18:30:00+00:00,SBIN.NS,1010.2402954101562,STAY,3,1,2,STAY,UP,0.2836944,0.322258,0.3940476,False
2026-01-12 18:30:00+00:00,TMPV.NS,346.8725891113281,DOWN,3,0,2,DOWN,UP,0.09525421,0.15269461,0.7520512,False
2026-01-12 18:30:00+00:00,ITC.NS,319.1351928710937,DOWN,3,0,2,DOWN,UP,0.07076142,0.23028973,0.69894886,False
2026-01-12 18:30:00+00:00,LT.NS,3849.797607421875,DOWN,3,0,1,DOWN,STAY,0.41769785,0.43372098,0.14858112,False
2026-01-13 18:30:00+00:00,HDFCBANK.NS,910.3926391601562,STAY,3,1,1,STAY,STAY,0.18799044,0.4608259,0.35118368,True
2026-01-13 18:30:00+00:00,INFY.NS,1565.91455078125,UP,3,2,0,UP,DOWN,0.37794638,0.2824837,0.33956993,False
2026-01-13 18:30:00+00:00,BHARTIARTL.NS,1997.3626708984373,DOWN,3,0,1,DOWN,STAY,0.32469213,0.35913974,0.3161681,False
2026-01-13 18:30:00+00:00,TCS.NS,3076.684814453125,STAY,3,1,0,STAY,DOWN,0.4251835,0.26194954,0.312867,False
2026-01-13 18:30:00+00:00,LT.NS,3828.40673828125,DOWN,3,0,1,DOWN,STAY,0.36014387,0.48589432,0.15396182,False
2026-01-13 18:30:00+00:00,ICICIBANK.NS,1406.5421142578125,DOWN,3,0,2,DOWN,UP,0.32714918,0.30549777,0.36735308,False
2026-01-13 18:30:00+00:00,SBIN.NS,1010.14208984375,STAY,3,1,2,STAY,UP,0.3158123,0.3419411,0.34224665,False
2026-01-13 18:30:00+00:00,RELIANCE.NS,1452.086181640625,DOWN,3,0,0,DOWN,DOWN,0.41226208,0.30716044,0.28057754,True
2026-01-13 18:30:00+00:00,TMPV.NS,346.92218017578125,DOWN,3,0,2,DOWN,UP,0.09750396,0.14462055,0.75787544,False
2026-01-13 18:30:00+00:00,ITC.NS,319.182861328125,DOWN,3,0,2,DOWN,UP,0.062717825,0.2627854,0.6744967,False
2026-01-14 18:30:00+00:00,TCS.NS,3076.684814453125,STAY,3,1,2,STAY,UP,0.3745227,0.23355518,0.39192218,False
2026-01-14 18:30:00+00:00,ICICIBANK.NS,1406.5421142578125,DOWN,3,0,2,DOWN,UP,0.19705018,0.17357546,0.6293744,False
2026-01-14 18:30:00+00:00,LT.NS,3828.40673828125,DOWN,3,0,0,DOWN,DOWN,0.40989774,0.30382076,0.28628156,True
2026-01-14 18:30:00+00:00,ITC.NS,319.182861328125,DOWN,3,0,2,DOWN,UP,0.044728372,0.24403442,0.7112372,False
2026-01-14 18:30:00+00:00,RELIANCE.NS,1452.086181640625,DOWN,3,0,2,DOWN,UP,0.26706654,0.21788418,0.5150493,False
2026-01-14 18:30:00+00:00,BHARTIARTL.NS,1997.3626708984373,DOWN,3,0,2,DOWN,UP,0.22573693,0.24731031,0.52695274,False
2026-01-14 18:30:00+00:00,SBIN.NS,1010.14208984375,UP,3,2,2,UP,UP,0.25288445,0.20436266,0.54275286,True
2026-01-14 18:30:00+00:00,INFY.NS,1565.91455078125,UP,3,2,2,UP,UP,0.2458907,0.19631468,0.55779463,True
2026-01-14 18:30:00+00:00,HDFCBANK.NS,910.3926391601562,STAY,3,1,2,STAY,UP,0.17090204,0.24276958,0.5863283,False
2026-01-14 18:30:00+00:00,TMPV.NS,346.92218017578125,STAY,3,1,2,STAY,UP,0.053637825,0.07014305,0.8762191,False
2026-01-18 18:30:00+00:00,ICICIBANK.NS,1369.05810546875,DOWN,3,0,2,DOWN,UP,0.30772167,0.3020405,0.39023787,False
2026-01-18 18:30:00+00:00,BHARTIARTL.NS,1985.01806640625,DOWN,3,0,1,DOWN,STAY,0.3109392,0.37742522,0.31163552,False
2026-01-18 18:30:00+00:00,LT.NS,3832.367919921875,DOWN,3,0,1,DOWN,STAY,0.41324243,0.41386262,0.17289495,False
2026-01-18 18:30:00+00:00,SBIN.NS,1020.0142211914062,UP,3,2,0,UP,DOWN,0.46117058,0.27595705,0.26287234,False
2026-01-18 18:30:00+00:00,INFY.NS,1645.59033203125,STAY,3,1,2,STAY,UP,0.33662853,0.29256132,0.37081018,False
2026-01-18 18:30:00+00:00,TCS.NS,3104.258056640625,STAY,3,1,0,STAY,DOWN,0.4570132,0.20682988,0.33615693,False
2026-01-18 18:30:00+00:00,ITC.NS,317.7049255371094,DOWN,3,0,2,DOWN,UP,0.08396339,0.3542774,0.5617592,False
2026-01-18 18:30:00+00:00,TMPV.NS,341.1698913574219,DOWN,3,0,2,DOWN,UP,0.103136785,0.14513652,0.7517267,False
2026-01-18 18:30:00+00:00,HDFCBANK.NS,912.8027954101562,STAY,3,1,1,STAY,STAY,0.14180996,0.49246433,0.36572573,True
2026-01-18 18:30:00+00:00,RELIANCE.NS,1407.0941162109375,DOWN,3,0,0,DOWN,DOWN,0.35125515,0.35001412,0.2987307,True
2026-01-19 18:30:00+00:00,ITC.NS,311.12579345703125,DOWN,3,0,2,DOWN,UP,0.078646675,0.24328278,0.67807055,False
2026-01-19 18:30:00+00:00,TCS.NS,3044.10791015625,UP,3,2,0,UP,DOWN,0.43909675,0.2613201,0.2995832,False
2026-01-19 18:30:00+00:00,ICICIBANK.NS,1364.29833984375,STAY,3,1,1,STAY,STAY,0.26166683,0.3802449,0.35808825,True
2026-01-19 18:30:00+00:00,BHARTIARTL.NS,1971.1920166015625,DOWN,3,0,2,DOWN,UP,0.28229105,0.32491285,0.39279607,False
2026-01-19 18:30:00+00:00,SBIN.NS,1018.0496215820312,UP,3,2,0,UP,DOWN,0.4093992,0.24601209,0.34458876,False
2026-01-19 18:30:00+00:00,INFY.NS,1623.7628173828125,STAY,3,1,2,STAY,UP,0.33720517,0.26762882,0.39516598,False
2026-01-19 18:30:00+00:00,RELIANCE.NS,1387.5843505859375,STAY,3,1,1,STAY,STAY,0.3264665,0.40472114,0.26881242,True
2026-01-19 18:30:00+00:00,LT.NS,3773.6416015625,STAY,3,1,0,STAY,DOWN,0.4486711,0.34559315,0.20573577,False
2026-01-19 18:30:00+00:00,TMPV.NS,335.07049560546875,STAY,3,1,2,STAY,UP,0.09321973,0.12889022,0.7778901,False
2026-01-19 18:30:00+00:00,HDFCBANK.NS,916.049072265625,STAY,3,1,1,STAY,STAY,0.1316981,0.5054805,0.3628214,True
2026-01-20 18:30:00+00:00,BHARTIARTL.NS,1971.290771484375,DOWN,3,0,2,DOWN,UP,0.28646648,0.31098378,0.4025498,False
2026-01-20 18:30:00+00:00,INFY.NS,1619.358154296875,STAY,3,1,2,STAY,UP,0.34802815,0.26688406,0.38508776,False
2026-01-20 18:30:00+00:00,ICICIBANK.NS,1337.7222900390625,UP,3,2,2,UP,UP,0.32354638,0.308553,0.36790058,True
2026-01-20 18:30:00+00:00,TMPV.NS,336.458984375,UP,3,2,2,UP,UP,0.104543306,0.11247994,0.78297675,True
2026-01-20 18:30:00+00:00,ITC.NS,309.6478881835937,DOWN,3,0,2,DOWN,UP,0.066876255,0.31731614,0.6158076,False
2026-01-20 18:30:00+00:00,HDFCBANK.NS,905.3755493164062,UP,3,2,1,UP,STAY,0.1484827,0.45082316,0.4006942,False
2026-01-20 18:30:00+00:00,SBIN.NS,1010.4368286132812,UP,3,2,0,UP,DOWN,0.38304657,0.23611662,0.38083678,False
2026-01-20 18:30:00+00:00,TCS.NS,3064.027099609375,STAY,3,1,0,STAY,DOWN,0.44726864,0.2594711,0.2932603,False
2026-01-20 18:30:00+00:00,LT.NS,3730.067138671875,UP,3,2,0,UP,DOWN,0.41125515,0.3786943,0.21005055,False
2026-01-20 18:30:00+00:00,RELIANCE.NS,1398.1356201171875,STAY,3,1,1,STAY,STAY,0.32002372,0.36943412,0.3105422,True
2026-01-21 18:30:00+00:00,LT.NS,3757.10302734375,UP,3,2,0,UP,DOWN,0.45665658,0.35237163,0.19097178,False
2026-01-21 18:30:00+00:00,ITC.NS,309.7432556152344,STAY,3,1,2,STAY,UP,0.06422804,0.27484766,0.6609243,False
2026-01-21 18:30:00+00:00,SBIN.NS,1029.7879638671875,UP,3,2,2,UP,UP,0.31818965,0.30169755,0.3801128,True
2026-01-21 18:30:00+00:00,HDFCBANK.NS,903.75244140625,UP,3,2,1,UP,STAY,0.13070065,0.5063682,0.3629311,False
2026-01-21 18:30:00+00:00,TMPV.NS,344.4427185058594,STAY,3,1,2,STAY,UP,0.06722722,0.09217995,0.84059286,False
2026-01-21 18:30:00+00:00,TCS.NS,3091.305419921875,STAY,3,1,0,STAY,DOWN,0.43947166,0.25340334,0.30712503,False
2026-01-21 18:30:00+00:00,RELIANCE.NS,1396.0452880859375,STAY,3,1,1,STAY,STAY,0.32887232,0.3494517,0.321676,True
2026-01-21 18:30:00+00:00,INFY.NS,1628.265380859375,DOWN,3,0,0,DOWN,DOWN,0.4169573,0.21033104,0.37271163,True
2026-01-21 18:30:00+00:00,ICICIBANK.NS,1334.2515869140625,STAY,3,1,1,STAY,STAY,0.33642912,0.3491881,0.3143828,True
2026-01-21 18:30:00+00:00,BHARTIARTL.NS,1977.31494140625,DOWN,3,0,2,DOWN,UP,0.30304527,0.3229147,0.37403998,False
2026-01-22 18:30:00+00:00,ITC.NS,308.36065673828125,DOWN,3,0,2,DOWN,UP,0.062817715,0.24952951,0.68765277,False
2026-01-22 18:30:00+00:00,LT.NS,3707.586669921875,UP,3,2,0,UP,DOWN,0.46492097,0.2476847,0.28739432,False
2026-01-22 18:30:00+00:00,RELIANCE.NS,1379.720703125,STAY,3,1,0,STAY,DOWN,0.36030224,0.33328345,0.30641428,False
2026-01-22 18:30:00+00:00,SBIN.NS,1011.271728515625,STAY,3,1,2,STAY,UP,0.32422614,0.25197044,0.42380345,False
2026-01-22 18:30:00+00:00,ICICIBANK.NS,1332.169189453125,STAY,3,1,2,STAY,UP,0.33013552,0.29274127,0.3771232,False
2026-01-22 18:30:00+00:00,INFY.NS,1635.4107666015625,DOWN,3,0,2,DOWN,UP,0.33310094,0.31841302,0.348486,False
2026-01-22 18:30:00+00:00,TMPV.NS,341.6162109375,UP,3,2,2,UP,UP,0.07767106,0.10198774,0.82034117,True
2026-01-22 18:30:00+00:00,TCS.NS,3103.178466796875,STAY,3,1,0,STAY,DOWN,0.4210557,0.28214228,0.296802,False
2026-01-22 18:30:00+00:00,BHARTIARTL.NS,1960.032470703125,STAY,3,1,2,STAY,UP,0.31378457,0.27803415,0.40818128,False
2026-01-22 18:30:00+00:00,HDFCBANK.NS,901.1947021484376,UP,3,2,1,UP,STAY,0.13125072,0.48861337,0.38013586,False
2026-01-26 18:30:00+00:00,RELIANCE.NS,1374.146484375,UP,3,2,1,UP,STAY,0.2935509,0.36786348,0.33858564,False
2026-01-26 18:30:00+00:00,ICICIBANK.NS,1350.0186767578125,UP,3,2,2,UP,UP,0.31431878,0.31218538,0.3734959,True
2026-01-26 18:30:00+00:00,INFY.NS,1647.05859375,DOWN,3,0,2,DOWN,UP,0.35230651,0.22650062,0.42119288,False
2026-01-26 18:30:00+00:00,BHARTIARTL.NS,1948.873046875,UP,3,2,2,UP,UP,0.281934,0.2667672,0.45129883,True
2026-01-26 18:30:00+00:00,ITC.NS,303.83154296875,STAY,3,1,2,STAY,UP,0.088545814,0.26941773,0.6420365,False
2026-01-26 18:30:00+00:00,SBIN.NS,1034.5030517578125,UP,3,2,2,UP,UP,0.30165085,0.3046963,0.39365286,True
2026-01-26 18:30:00+00:00,TCS.NS,3098.762939453125,UP,3,2,2,UP,UP,0.3906264,0.2179675,0.3914061,True
2026-01-26 18:30:00+00:00,TMPV.NS,337.7482604980469,UP,3,2,2,UP,UP,0.07500206,0.080587186,0.8444108,True
2026-01-26 18:30:00+00:00,LT.NS,3751.1611328125,UP,3,2,0,UP,DOWN,0.46184194,0.32585,0.2123081,False
2026-01-26 18:30:00+00:00,HDFCBANK.NS,911.3272094726562,UP,3,2,2,UP,UP,0.1697643,0.3557659,0.4744698,True
2026-01-27 18:30:00+00:00,ICICIBANK.NS,1356.2659912109375,UP,3,2,2,UP,UP,0.3623402,0.27325776,0.36440206,True
2026-01-27 18:30:00+00:00,SBIN.NS,1044.6697998046875,STAY,3,1,1,STAY,STAY,0.27489215,0.39397642,0.33113143,True
2026-01-27 18:30:00+00:00,ITC.NS,306.2153015136719,STAY,3,1,2,STAY,UP,0.07126221,0.20355856,0.72517926,False
2026-01-27 18:30:00+00:00,TMPV.NS,337.64910888671875,UP,3,2,2,UP,UP,0.071882896,0.11624999,0.8118671,True
2026-01-27 18:30:00+00:00,RELIANCE.NS,1390.2718505859375,UP,3,2,0,UP,DOWN,0.42992765,0.26965663,0.30041575,False
2026-01-27 18:30:00+00:00,INFY.NS,1631.2017822265625,DOWN,3,0,2,DOWN,UP,0.36625218,0.21813494,0.4156129,False
2026-01-27 18:30:00+00:00,LT.NS,3757.301025390625,UP,3,2,0,UP,DOWN,0.534077,0.27613553,0.18978752,False
2026-01-27 18:30:00+00:00,BHARTIARTL.NS,1933.3680419921875,UP,3,2,2,UP,UP,0.297474,0.23821123,0.4643148,True
2026-01-27 18:30:00+00:00,TCS.NS,3140.073486328125,DOWN,3,0,1,DOWN,STAY,0.2843007,0.37741345,0.33828583,False
2026-01-27 18:30:00+00:00,HDFCBANK.NS,917.524658203125,UP,3,2,2,UP,UP,0.1855544,0.37164992,0.44279572,True
2026-01-28 18:30:00+00:00,ICICIBANK.NS,1372.0330810546875,STAY,3,1,2,STAY,UP,0.28668892,0.2794769,0.43383417,False
2026-01-28 18:30:00+00:00,INFY.NS,1624.35009765625,DOWN,3,0,0,DOWN,DOWN,0.40264946,0.23147637,0.36587414,True
2026-01-28 18:30:00+00:00,BHARTIARTL.NS,1943.44140625,UP,3,2,2,UP,UP,0.30174944,0.24970701,0.44854352,True
2026-01-28 18:30:00+00:00,HDFCBANK.NS,920.2791137695312,UP,3,2,2,UP,UP,0.1885958,0.37896284,0.43244138,True
2026-01-28 18:30:00+00:00,TMPV.NS,348.9057006835937,UP,3,2,2,UP,UP,0.08507702,0.114147045,0.8007759,True
2026-01-28 18:30:00+00:00,LT.NS,3894.857421875,UP,3,2,0,UP,DOWN,0.51905495,0.31516427,0.16578075,False
2026-01-28 18:30:00+00:00,ITC.NS,303.7839050292969,STAY,3,1,2,STAY,UP,0.060840428,0.27138624,0.6677733,False
2026-01-28 18:30:00+00:00,TCS.NS,3085.41796875,DOWN,3,0,0,DOWN,DOWN,0.40111762,0.22643234,0.37245002,True
2026-01-28 18:30:00+00:00,RELIANCE.NS,1384.59814453125,UP,3,2,1,UP,STAY,0.33500174,0.3647816,0.30021667,False
2026-01-28 18:30:00+00:00,SBIN.NS,1047.3218994140625,STAY,3,1,1,STAY,STAY,0.28852674,0.35601878,0.35545444,True
2026-01-29 18:30:00+00:00,ICICIBANK.NS,1343.672119140625,UP,3,2,0,UP,DOWN,0.39206144,0.25969657,0.34824198,False
2026-01-29 18:30:00+00:00,TMPV.NS,347.17010498046875,UP,3,2,2,UP,UP,0.090121344,0.13870074,0.7711779,True
2026-01-29 18:30:00+00:00,ITC.NS,307.1687927246094,UP,3,2,2,UP,UP,0.05430412,0.23212057,0.7135753,True
2026-01-29 18:30:00+00:00,HDFCBANK.NS,914.1307983398438,UP,3,2,2,UP,UP,0.19707426,0.38869053,0.41423514,True
2026-01-29 18:30:00+00:00,INFY.NS,1606.241943359375,DOWN,3,0,2,DOWN,UP,0.36223742,0.21106468,0.42669788,False
2026-01-29 18:30:00+00:00,TCS.NS,3065.302734375,DOWN,3,0,2,DOWN,UP,0.33899936,0.24620496,0.41479567,False
2026-01-29 18:30:00+00:00,BHARTIARTL.NS,1944.2313232421875,UP,3,2,2,UP,UP,0.31309682,0.19818853,0.48871464,True
2026-01-29 18:30:00+00:00,SBIN.NS,1058.078125,STAY,3,1,1,STAY,STAY,0.30355245,0.37160552,0.32484198,True
2026-01-29 18:30:00+00:00,LT.NS,3894.263427734375,UP,3,2,0,UP,DOWN,0.56788826,0.28959057,0.14252116,False
2026-01-29 18:30:00+00:00,RELIANCE.NS,1388.9779052734375,UP,3,2,0,UP,DOWN,0.4056883,0.34002095,0.25429082,False
2026-02-01 18:30:00+00:00,INFY.NS,1594.8875732421875,DOWN,3,0,2,DOWN,UP,0.34050852,0.28949285,0.36999857,False
2026-02-01 18:30:00+00:00,RELIANCE.NS,1384.0009765625,UP,3,2,2,UP,UP,0.33926177,0.32061577,0.34012246,True
2026-02-01 18:30:00+00:00,TMPV.NS,359.9143981933594,UP,3,2,2,UP,UP,0.18098742,0.098017536,0.72099507,True
2026-02-01 18:30:00+00:00,TCS.NS,3110.1455078125,DOWN,3,0,2,DOWN,UP,0.34639782,0.26898542,0.38461682,False
2026-02-01 18:30:00+00:00,ICICIBANK.NS,1341.4906005859375,UP,3,2,0,UP,DOWN,0.4231719,0.27314562,0.30368242,False
2026-02-01 18:30:00+00:00,ITC.NS,300.06524658203125,UP,3,2,2,UP,UP,0.07291898,0.09973092,0.82735014,True
2026-02-01 18:30:00+00:00,SBIN.NS,1010.4859008789062,UP,3,2,2,UP,UP,0.36154675,0.19063179,0.44782144,True
2026-02-01 18:30:00+00:00,HDFCBANK.NS,912.9994506835938,STAY,3,1,1,STAY,STAY,0.24986893,0.3865137,0.36361733,True
2026-02-01 18:30:00+00:00,BHARTIARTL.NS,1940.972412109375,UP,3,2,2,UP,UP,0.27663746,0.2083496,0.5150129,True
2026-02-01 18:30:00+00:00,LT.NS,3883.369873046875,UP,3,2,0,UP,DOWN,0.5369435,0.28161702,0.18143944,False
2026-02-02 18:30:00+00:00,ITC.NS,301.924560546875,UP,3,2,2,UP,UP,0.05827571,0.14783722,0.7938871,True
2026-02-02 18:30:00+00:00,SBIN.NS,1045.3572998046875,UP,3,2,2,UP,UP,0.29920247,0.22723082,0.4735667,True
2026-02-02 18:30:00+00:00,TCS.NS,3164.80078125,DOWN,3,0,2,DOWN,UP,0.27812946,0.316319,0.40555158,False
2026-02-02 18:30:00+00:00,TMPV.NS,368.9891052246094,UP,3,2,2,UP,UP,0.2719951,0.13681819,0.5911867,True
2026-02-02 18:30:00+00:00,LT.NS,3999.733154296875,UP,3,2,0,UP,DOWN,0.49761438,0.32843736,0.17394824,False
2026-02-02 18:30:00+00:00,HDFCBANK.NS,933.2643432617188,DOWN,3,0,2,DOWN,UP,0.30475536,0.2667619,0.42848274,False
2026-02-02 18:30:00+00:00,ICICIBANK.NS,1378.08203125,UP,3,2,2,UP,UP,0.28993416,0.27999687,0.43006894,True
2026-02-02 18:30:00+00:00,BHARTIARTL.NS,1972.4759521484373,STAY,3,1,2,STAY,UP,0.31196806,0.22925206,0.45877984,False
2026-02-02 18:30:00+00:00,INFY.NS,1620.9241943359375,DOWN,3,0,2,DOWN,UP,0.3053034,0.20478563,0.48991096,False
2026-02-02 18:30:00+00:00,RELIANCE.NS,1430.4859619140625,UP,3,2,2,UP,UP,0.2798171,0.20350736,0.51667553,True
2026-02-03 18:30:00+00:00,ITC.NS,305.5264587402344,UP,3,2,2,UP,UP,0.049408104,0.122948036,0.82764393,True
2026-02-03 18:30:00+00:00,TCS.NS,2942.84375,DOWN,3,0,0,DOWN,DOWN,0.36840177,0.28723356,0.3443647,True
2026-02-03 18:30:00+00:00,INFY.NS,1503.2701416015625,DOWN,3,0,0,DOWN,DOWN,0.447263,0.23814479,0.31459218,True
2026-02-03 18:30:00+00:00,HDFCBANK.NS,937.5927124023438,DOWN,3,0,2,DOWN,UP,0.3272734,0.29353842,0.37918815,False
2026-02-03 18:30:00+00:00,BHARTIARTL.NS,2000.6217041015625,STAY,3,1,0,STAY,DOWN,0.3633202,0.27678123,0.3598986,False
2026-02-03 18:30:00+00:00,RELIANCE.NS,1450.095458984375,STAY,3,1,2,STAY,UP,0.26980495,0.31130368,0.41889137,False
2026-02-03 18:30:00+00:00,ICICIBANK.NS,1396.625732421875,STAY,3,1,1,STAY,STAY,0.2888602,0.3655351,0.34560475,True
2026-02-03 18:30:00+00:00,LT.NS,4047.566162109375,UP,3,2,0,UP,DOWN,0.4422113,0.345548,0.21224074,False
2026-02-03 18:30:00+00:00,TMPV.NS,372.3611755371094,UP,3,2,2,UP,UP,0.27346003,0.14866786,0.57787216,True
2026-02-03 18:30:00+00:00,SBIN.NS,1049.2864990234375,UP,3,2,2,UP,UP,0.33720738,0.22521394,0.43757862,True
2026-02-04 18:30:00+00:00,RELIANCE.NS,1436.757080078125,STAY,3,1,2,STAY,UP,0.33315796,0.24618718,0.4206549,False
2026-02-04 18:30:00+00:00,TMPV.NS,371.0718383789063,UP,3,2,2,UP,UP,0.21869075,0.13155237,0.6497569,True
2026-02-04 18:30:00+00:00,TCS.NS,2935.38623046875,DOWN,3,0,1,DOWN,STAY,0.33171228,0.37231985,0.2959679,False
2026-02-04 18:30:00+00:00,ITC.NS,301.9732666015625,UP,3,2,2,UP,UP,0.052382916,0.10942006,0.83819705,True
2026-02-04 18:30:00+00:00,BHARTIARTL.NS,1967.6368408203125,UP,3,2,2,UP,UP,0.38261393,0.21827637,0.39910972,True
2026-02-04 18:30:00+00:00,INFY.NS,1488.00048828125,DOWN,3,0,2,DOWN,UP,0.3526619,0.25891015,0.38842794,False
2026-02-04 18:30:00+00:00,ICICIBANK.NS,1384.8251953125,UP,3,2,2,UP,UP,0.34984624,0.29256397,0.35758978,True
2026-02-04 18:30:00+00:00,LT.NS,4023.996337890625,UP,3,2,0,UP,DOWN,0.43552706,0.35640773,0.20806521,False
2026-02-04 18:30:00+00:00,HDFCBANK.NS,934.248046875,DOWN,3,0,2,DOWN,UP,0.35072407,0.28295946,0.36631647,False
2026-02-04 18:30:00+00:00,SBIN.NS,1054.49267578125,UP,3,2,2,UP,UP,0.33635017,0.24303104,0.42061874,True
2026-02-05 18:30:00+00:00,TCS.NS,2886.422119140625,DOWN,3,0,2,DOWN,UP,0.31913754,0.23190528,0.44895715,False
2026-02-05 18:30:00+00:00,RELIANCE.NS,1444.123046875,DOWN,3,0,2,DOWN,UP,0.35894474,0.2420987,0.3989566,False
2026-02-05 18:30:00+00:00,BHARTIARTL.NS,2013.0650634765625,DOWN,3,0,2,DOWN,UP,0.3817253,0.22060324,0.39767146,False
2026-02-05 18:30:00+00:00,SBIN.NS,1047.5184326171875,UP,3,2,2,UP,UP,0.33814812,0.22865683,0.433195,True
2026-02-05 18:30:00+00:00,HDFCBANK.NS,925.7879638671876,DOWN,3,0,2,DOWN,UP,0.25520432,0.35102957,0.39376608,False
2026-02-05 18:30:00+00:00,LT.NS,4028.749755859375,UP,3,2,0,UP,DOWN,0.5223467,0.32959253,0.14806077,False
2026-02-05 18:30:00+00:00,ITC.NS,317.1595153808594,DOWN,3,0,2,DOWN,UP,0.09063695,0.18758027,0.7217828,False
2026-02-05 18:30:00+00:00,ICICIBANK.NS,1394.344970703125,STAY,3,1,0,STAY,DOWN,0.36038435,0.34398165,0.295634,False
2026-02-05 18:30:00+00:00,INFY.NS,1475.177978515625,DOWN,3,0,2,DOWN,UP,0.18156,0.14045921,0.6779808,False
2026-02-05 18:30:00+00:00,TMPV.NS,366.4601135253906,UP,3,2,2,UP,UP,0.19670087,0.08951486,0.7137842,True
2026-02-08 18:30:00+00:00,RELIANCE.NS,1454.873291015625,DOWN,3,0,2,DOWN,UP,0.3514589,0.23671113,0.41183,False
2026-02-08 18:30:00+00:00,SBIN.NS,1125.708984375,UP,3,2,2,UP,UP,0.35565314,0.20255952,0.44178736,True
2026-02-08 18:30:00+00:00,TMPV.NS,374.2951049804688,STAY,3,1,2,STAY,UP,0.20796467,0.15150152,0.64053386,False
2026-02-08 18:30:00+00:00,ICICIBANK.NS,1384.626953125,UP,3,2,2,UP,UP,0.36779922,0.26327312,0.36892766,True
2026-02-08 18:30:00+00:00,BHARTIARTL.NS,2012.8675537109373,STAY,3,1,0,STAY,DOWN,0.4335918,0.18091644,0.38549176,False
2026-02-08 18:30:00+00:00,TCS.NS,2892.8984375,DOWN,3,0,1,DOWN,STAY,0.25654757,0.3891005,0.35435194,False
2026-02-08 18:30:00+00:00,ITC.NS,314.23907470703125,DOWN,3,0,2,DOWN,UP,0.10650084,0.22442411,0.6690751,False
2026-02-08 18:30:00+00:00,LT.NS,4073.809814453125,UP,3,2,0,UP,DOWN,0.55430126,0.3180416,0.12765715,False
2026-02-08 18:30:00+00:00,INFY.NS,1465.4876708984375,DOWN,3,0,2,DOWN,UP,0.27246958,0.2172568,0.51027364,False
2026-02-08 18:30:00+00:00,HDFCBANK.NS,922.0006103515624,DOWN,3,0,2,DOWN,UP,0.25590217,0.3563408,0.387757,False
2026-02-09 18:30:00+00:00,TMPV.NS,376.2290649414063,STAY,3,1,2,STAY,UP,0.18666789,0.20774217,0.6055899,False
2026-02-09 18:30:00+00:00,TCS.NS,2928.61572265625,DOWN,3,0,2,DOWN,UP,0.26770782,0.31333992,0.4189522,False
2026-02-09 18:30:00+00:00,SBIN.NS,1123.8426513671875,UP,3,2,0,UP,DOWN,0.50014234,0.27839088,0.22146676,False
2026-02-09 18:30:00+00:00,LT.NS,4128.673828125,UP,3,2,0,UP,DOWN,0.5051952,0.37156865,0.1232361,False
2026-02-09 18:30:00+00:00,RELIANCE.NS,1451.7874755859375,DOWN,3,0,0,DOWN,DOWN,0.42328534,0.21758446,0.35913023,True
2026-02-09 18:30:00+00:00,HDFCBANK.NS,917.2295532226562,STAY,3,1,2,STAY,UP,0.23701775,0.3201972,0.44278505,False
2026-02-09 18:30:00+00:00,BHARTIARTL.NS,1986.302001953125,STAY,3,1,2,STAY,UP,0.35253766,0.19672936,0.45073295,False
2026-02-09 18:30:00+00:00,ITC.NS,312.876220703125,UP,3,2,2,UP,UP,0.11648363,0.2179072,0.6656091,True
2026-02-09 18:30:00+00:00,INFY.NS,1466.0750732421875,DOWN,3,0,2,DOWN,UP,0.20439723,0.13551201,0.6600908,False
2026-02-09 18:30:00+00:00,ICICIBANK.NS,1394.7415771484375,STAY,3,1,2,STAY,UP,0.3332769,0.3271448,0.33957833,False
2026-02-10 18:30:00+00:00,ITC.NS,309.80975341796875,UP,3,2,2,UP,UP,0.08858304,0.1229387,0.7884782,True
2026-02-10 18:30:00+00:00,TCS.NS,2855.21875,DOWN,3,0,2,DOWN,UP,0.27372605,0.2872365,0.43903747,False
2026-02-10 18:30:00+00:00,BHARTIARTL.NS,1987.0919189453125,STAY,3,1,2,STAY,UP,0.3499249,0.22031811,0.42975694,False
2026-02-10 18:30:00+00:00,ICICIBANK.NS,1394.344970703125,STAY,3,1,0,STAY,DOWN,0.38614437,0.32218242,0.29167318,False
2026-02-10 18:30:00+00:00,TMPV.NS,381.5350646972656,STAY,3,1,2,STAY,UP,0.21942885,0.1761509,0.60442024,False
2026-02-10 18:30:00+00:00,RELIANCE.NS,1461.9405517578125,DOWN,3,0,2,DOWN,UP,0.3974499,0.19391203,0.4086381,False
2026-02-10 18:30:00+00:00,SBIN.NS,1161.9556884765625,UP,3,2,0,UP,DOWN,0.5965599,0.131335,0.27210513,False
2026-02-10 18:30:00+00:00,LT.NS,4130.06005859375,UP,3,2,0,UP,DOWN,0.52263254,0.34356225,0.13380525,False
2026-02-10 18:30:00+00:00,HDFCBANK.NS,912.0157470703124,STAY,3,1,2,STAY,UP,0.25724375,0.34214365,0.40061265,False
2026-02-10 18:30:00+00:00,INFY.NS,1440.7236328125,DOWN,3,0,2,DOWN,UP,0.35632554,0.19082874,0.4528457,False
2026-02-11 18:30:00+00:00,BHARTIARTL.NS,1989.462158203125,DOWN,3,0,2,DOWN,UP,0.31829366,0.24620953,0.43549678,False
2026-02-11 18:30:00+00:00,SBIN.NS,1171.2874755859375,UP,3,2,0,UP,DOWN,0.57469946,0.18846552,0.23683497,False
2026-02-11 18:30:00+00:00,INFY.NS,1356.64306640625,DOWN,3,0,2,DOWN,UP,0.3874473,0.19124007,0.4213126,False
2026-02-11 18:30:00+00:00,RELIANCE.NS,1442.231689453125,DOWN,3,0,2,DOWN,UP,0.39279336,0.19440196,0.41280472,False
2026-02-11 18:30:00+00:00,HDFCBANK.NS,905.6215209960938,STAY,3,1,2,STAY,UP,0.23511837,0.29452577,0.47035587,False
2026-02-11 18:30:00+00:00,TMPV.NS,380.29534912109375,DOWN,3,0,2,DOWN,UP,0.17620355,0.23914327,0.5846532,False
2026-02-11 18:30:00+00:00,ITC.NS,309.0309753417969,UP,3,2,2,UP,UP,0.09231695,0.1700803,0.7376028,True
2026-02-11 18:30:00+00:00,TCS.NS,2698.514404296875,DOWN,3,0,2,DOWN,UP,0.17303826,0.16247688,0.66448486,False
2026-02-11 18:30:00+00:00,LT.NS,4145.41015625,UP,3,2,0,UP,DOWN,0.58605224,0.2968332,0.117114566,False
2026-02-11 18:30:00+00:00,ICICIBANK.NS,1418.045166015625,DOWN,3,0,0,DOWN,DOWN,0.38515842,0.25320563,0.36163592,True
2026-02-12 18:30:00+00:00,ICICIBANK.NS,1402.77392578125,DOWN,3,0,0,DOWN,DOWN,0.44188803,0.26296368,0.2951483,True
2026-02-12 18:30:00+00:00,SBIN.NS,1177.377685546875,UP,3,2,0,UP,DOWN,0.65496314,0.15332381,0.19171305,False
2026-02-12 18:30:00+00:00,TMPV.NS,377.1216735839844,STAY,3,1,2,STAY,UP,0.14748731,0.13284749,0.7196652,False
2026-02-12 18:30:00+00:00,BHARTIARTL.NS,1979.783935546875,DOWN,3,0,2,DOWN,UP,0.3161713,0.2649055,0.41892326,False
2026-02-12 18:30:00+00:00,HDFCBANK.NS,889.1932373046875,STAY,3,1,1,STAY,STAY,0.25072137,0.37602973,0.37324896,True
2026-02-12 18:30:00+00:00,TCS.NS,2641.700439453125,STAY,3,1,2,STAY,UP,0.10008268,0.20578556,0.69413173,False
2026-02-12 18:30:00+00:00,ITC.NS,305.4291076660156,UP,3,2,2,UP,UP,0.10347591,0.25308394,0.6434401,True
2026-02-12 18:30:00+00:00,RELIANCE.NS,1413.0665283203125,STAY,3,1,0,STAY,DOWN,0.40028325,0.23122126,0.36849552,False
2026-02-12 18:30:00+00:00,LT.NS,4133.5263671875,UP,3,2,0,UP,DOWN,0.65014035,0.23876843,0.111091234,False
2026-02-12 18:30:00+00:00,INFY.NS,1340.1009521484375,DOWN,3,0,2,DOWN,UP,0.23251648,0.19285682,0.5746267,False
2026-02-15 18:30:00+00:00,INFY.NS,1336.6751708984375,DOWN,3,0,2,DOWN,UP,0.20444351,0.21024373,0.5853127,False
2026-02-15 18:30:00+00:00,ICICIBANK.NS,1399.7989501953125,STAY,3,1,0,STAY,DOWN,0.37372446,0.297847,0.3284285,False
2026-02-15 18:30:00+00:00,TMPV.NS,374.1463317871094,STAY,3,1,2,STAY,UP,0.114557244,0.17278339,0.71265936,False
2026-02-15 18:30:00+00:00,LT.NS,4160.859375,UP,3,2,0,UP,DOWN,0.65596616,0.21575503,0.12827878,False
2026-02-15 18:30:00+00:00,ITC.NS,309.5177307128906,UP,3,2,2,UP,UP,0.10419145,0.14881772,0.74699086,True
2026-02-15 18:30:00+00:00,SBIN.NS,1186.70947265625,UP,3,2,0,UP,DOWN,0.704768,0.17209984,0.12313214,False
2026-02-15 18:30:00+00:00,RELIANCE.NS,1430.4859619140625,STAY,3,1,2,STAY,UP,0.35025355,0.23089242,0.41885406,False
2026-02-15 18:30:00+00:00,TCS.NS,2655.830322265625,DOWN,3,0,2,DOWN,UP,0.08246449,0.25618526,0.6613503,False
2026-02-15 18:30:00+00:00,BHARTIARTL.NS,2004.177001953125,DOWN,3,0,2,DOWN,UP,0.35586268,0.23639761,0.40773973,False
2026-02-15 18:30:00+00:00,HDFCBANK.NS,910.7368774414062,STAY,3,1,2,STAY,UP,0.27096528,0.3625993,0.36643544,False
2026-02-16 18:30:00+00:00,RELIANCE.NS,1416.450927734375,STAY,3,1,2,STAY,UP,0.36226147,0.18406889,0.4536696,False
2026-02-16 18:30:00+00:00,INFY.NS,1361.73291015625,DOWN,3,0,2,DOWN,UP,0.20896895,0.23887406,0.55215704,False
2026-02-16 18:30:00+00:00,ITC.NS,316.8188171386719,STAY,3,1,2,STAY,UP,0.11050735,0.14837027,0.74112236,False
2026-02-16 18:30:00+00:00,TCS.NS,2666.427490234375,DOWN,3,0,2,DOWN,UP,0.08742547,0.18763328,0.72494125,False
2026-02-16 18:30:00+00:00,HDFCBANK.NS,910.6385498046876,DOWN,3,0,1,DOWN,STAY,0.26755044,0.3723175,0.3601321,False
2026-02-16 18:30:00+00:00,SBIN.NS,1191.9156494140625,STAY,3,1,0,STAY,DOWN,0.7643101,0.11426919,0.12142069,False
2026-02-16 18:30:00+00:00,ICICIBANK.NS,1395.7332763671875,DOWN,3,0,0,DOWN,DOWN,0.38911533,0.25296932,0.35791534,True
2026-02-16 18:30:00+00:00,BHARTIARTL.NS,1995.1900634765625,DOWN,3,0,2,DOWN,UP,0.34118158,0.24867095,0.4101475,False
2026-02-16 18:30:00+00:00,LT.NS,4238.40185546875,STAY,3,1,0,STAY,DOWN,0.6396368,0.26139823,0.09896499,False
2026-02-16 18:30:00+00:00,TMPV.NS,379.7002868652344,DOWN,3,0,2,DOWN,UP,0.16156615,0.14159177,0.6968421,False
2026-02-17 18:30:00+00:00,BHARTIARTL.NS,1996.6715087890625,DOWN,3,0,2,DOWN,UP,0.30998462,0.24664925,0.44336614,False
2026-02-17 18:30:00+00:00,RELIANCE.NS,1434.666748046875,DOWN,3,0,2,DOWN,UP,0.31131157,0.22898673,0.45970166,False
2026-02-17 18:30:00+00:00,INFY.NS,1344.603515625,DOWN,3,0,2,DOWN,UP,0.15038629,0.17488948,0.6747243,False
2026-02-17 18:30:00+00:00,SBIN.NS,1197.3182373046875,DOWN,3,0,0,DOWN,DOWN,0.67641044,0.19071892,0.1328707,True
2026-02-17 18:30:00+00:00,LT.NS,4284.05615234375,STAY,3,1,0,STAY,DOWN,0.6138154,0.28959754,0.09658702,False
2026-02-17 18:30:00+00:00,ICICIBANK.NS,1396.4273681640625,STAY,3,1,1,STAY,STAY,0.32026973,0.34092376,0.3388065,True
2026-02-17 18:30:00+00:00,TMPV.NS,379.7002868652344,STAY,3,1,2,STAY,UP,0.11981,0.16568577,0.7145042,False
2026-02-17 18:30:00+00:00,TCS.NS,2644.349609375,DOWN,3,0,2,DOWN,UP,0.078004666,0.17823704,0.74375826,False
2026-02-17 18:30:00+00:00,ITC.NS,323.6331787109375,DOWN,3,0,2,DOWN,UP,0.15828705,0.17879875,0.6629142,False
2026-02-17 18:30:00+00:00,HDFCBANK.NS,909.6548461914062,DOWN,3,0,2,DOWN,UP,0.2635798,0.35211483,0.3843054,False
2026-02-18 18:30:00+00:00,LT.NS,4239.09521484375,STAY,4,1,0,STAY,DOWN,0.67296755,0.17924002,0.14779241,False
2026-02-18 18:30:00+00:00,TCS.NS,2627.66845703125,DOWN,4,0,2,DOWN,UP,0.10023563,0.19951396,0.7002504,False
2026-02-18 18:30:00+00:00,HDFCBANK.NS,900.702880859375,DOWN,4,0,2,DOWN,UP,0.22635618,0.30420953,0.46943432,False
2026-02-18 18:30:00+00:00,SBIN.NS,1184.3519287109375,STAY,4,1,0,STAY,DOWN,0.5313532,0.2500595,0.21858735,False
2026-02-18 18:30:00+00:00,INFY.NS,1341.471435546875,DOWN,4,0,2,DOWN,UP,0.16717803,0.18023264,0.6525893,False
2026-02-18 18:30:00+00:00,ITC.NS,317.3542175292969,DOWN,4,0,2,DOWN,UP,0.37433898,0.14728336,0.4783776,False
2026-02-18 18:30:00+00:00,BHARTIARTL.NS,1963.884033203125,DOWN,4,0,2,DOWN,UP,0.37226504,0.24058925,0.38714573,False
2026-02-18 18:30:00+00:00,TMPV.NS,372.6091003417969,UP,4,2,2,UP,UP,0.2979766,0.16852437,0.533499,True
2026-02-18 18:30:00+00:00,ICICIBANK.NS,1377.189697265625,UP,4,2,2,UP,UP,0.3016147,0.32599732,0.37238798,True
2026-02-18 18:30:00+00:00,RELIANCE.NS,1403.0130615234375,STAY,4,1,2,STAY,UP,0.33549044,0.21095331,0.45355624,False
2026-02-19 18:30:00+00:00,TCS.NS,2635.81298828125,DOWN,4,0,2,DOWN,UP,0.16185506,0.24606116,0.5920838,False
2026-02-19 18:30:00+00:00,LT.NS,4338.22705078125,DOWN,4,0,0,DOWN,DOWN,0.63450056,0.22140308,0.14409639,True
2026-02-19 18:30:00+00:00,INFY.NS,1324.5377197265625,DOWN,4,0,2,DOWN,UP,0.213636,0.1457211,0.64064294,False
2026-02-19 18:30:00+00:00,ITC.NS,318.32769775390625,DOWN,4,0,2,DOWN,UP,0.3681149,0.2277334,0.40415168,False
2026-02-19 18:30:00+00:00,HDFCBANK.NS,897.0138549804688,DOWN,4,0,2,DOWN,UP,0.21763566,0.35164768,0.4307167,False
2026-02-19 18:30:00+00:00,BHARTIARTL.NS,1952.8232421875,DOWN,4,0,2,DOWN,UP,0.31850564,0.28851885,0.39297545,False
2026-02-19 18:30:00+00:00,SBIN.NS,1194.5677490234375,DOWN,4,0,0,DOWN,DOWN,0.52894634,0.2673278,0.2037259,True
2026-02-19 18:30:00+00:00,ICICIBANK.NS,1382.8419189453125,DOWN,4,0,1,DOWN,STAY,0.3159861,0.35918573,0.32482818,False
2026-02-19 18:30:00+00:00,RELIANCE.NS,1412.8675537109375,DOWN,4,0,2,DOWN,UP,0.32749125,0.24245529,0.43005344,False
2026-02-19 18:30:00+00:00,TMPV.NS,374.8901672363281,UP,4,2,2,UP,UP,0.25539333,0.22383505,0.5207716,True
2026-02-22 18:30:00+00:00,LT.NS,4375.3642578125,DOWN,4,0,0,DOWN,DOWN,0.6278227,0.22844903,0.14372824,True
2026-02-22 18:30:00+00:00,HDFCBANK.NS,908.5726928710938,DOWN,4,0,2,DOWN,UP,0.20696394,0.3611836,0.43185246,False
2026-02-22 18:30:00+00:00,TMPV.NS,376.82415771484375,DOWN,4,0,2,DOWN,UP,0.22336704,0.17706572,0.5995673,False
2026-02-22 18:30:00+00:00,SBIN.NS,1206.0606689453125,DOWN,4,0,0,DOWN,DOWN,0.52185273,0.30134192,0.17680535,True
2026-02-22 18:30:00+00:00,BHARTIARTL.NS,1972.4759521484373,DOWN,4,0,2,DOWN,UP,0.29774174,0.32051927,0.38173902,False
2026-02-22 18:30:00+00:00,ICICIBANK.NS,1387.7010498046875,DOWN,4,0,1,DOWN,STAY,0.29939115,0.36867574,0.3319331,False
2026-02-22 18:30:00+00:00,TCS.NS,2626.0986328125,DOWN,4,0,2,DOWN,UP,0.15418632,0.2293896,0.6164241,False
2026-02-22 18:30:00+00:00,INFY.NS,1299.3822021484375,DOWN,4,0,2,DOWN,UP,0.18188079,0.18196872,0.6361504,False
2026-02-22 18:30:00+00:00,RELIANCE.NS,1421.4278564453125,DOWN,4,0,2,DOWN,UP,0.3303621,0.26013118,0.40950665,False
2026-02-22 18:30:00+00:00,ITC.NS,316.7701416015625,DOWN,4,0,2,DOWN,UP,0.28058672,0.25775516,0.46165818,False
2026-02-23 18:30:00+00:00,ICICIBANK.NS,1373.2230224609375,DOWN,4,0,1,DOWN,STAY,0.19965553,0.4844849,0.3158596,False
2026-02-23 18:30:00+00:00,INFY.NS,1248.4835205078125,UP,4,2,2,UP,UP,0.14293954,0.13327003,0.7237904,True
2026-02-23 18:30:00+00:00,BHARTIARTL.NS,1916.8756103515625,DOWN,4,0,2,DOWN,UP,0.35190347,0.26144415,0.3866524,False
2026-02-23 18:30:00+00:00,HDFCBANK.NS,895.6858520507812,DOWN,4,0,2,DOWN,UP,0.23303328,0.32572725,0.44123945,False
2026-02-23 18:30:00+00:00,SBIN.NS,1201.640380859375,DOWN,4,0,0,DOWN,DOWN,0.37523702,0.311359,0.31340396,True
2026-02-23 18:30:00+00:00,TCS.NS,2525.423095703125,STAY,4,1,2,STAY,UP,0.1291598,0.19367008,0.67717016,False
2026-02-23 18:30:00+00:00,RELIANCE.NS,1422.2242431640625,DOWN,4,0,2,DOWN,UP,0.31888813,0.24024579,0.44086605,False
2026-02-23 18:30:00+00:00,TMPV.NS,374.4438781738281,DOWN,4,0,2,DOWN,UP,0.2720036,0.19012742,0.537869,False
2026-02-23 18:30:00+00:00,LT.NS,4218.00146484375,DOWN,4,0,0,DOWN,DOWN,0.64772683,0.20089638,0.1513768,True
2026-02-23 18:30:00+00:00,ITC.NS,314.9205322265625,DOWN,4,0,2,DOWN,UP,0.26883227,0.26467434,0.46649334,False
2026-02-24 18:30:00+00:00,SBIN.NS,1178.85107421875,DOWN,4,0,2,DOWN,UP,0.31846568,0.25889882,0.4226355,False
2026-02-24 18:30:00+00:00,TMPV.NS,378.70849609375,DOWN,4,0,2,DOWN,UP,0.25601268,0.18824211,0.5557452,False
2026-02-24 18:30:00+00:00,ICICIBANK.NS,1388.791748046875,DOWN,4,0,1,DOWN,STAY,0.2583397,0.43150824,0.31015202,False
2026-02-24 18:30:00+00:00,TCS.NS,2579.980224609375,DOWN,4,0,2,DOWN,UP,0.15844393,0.23472267,0.6068334,False
2026-02-24 18:30:00+00:00,LT.NS,4256.9208984375,DOWN,4,0,0,DOWN,DOWN,0.5759721,0.3051749,0.11885301,True
2026-02-24 18:30:00+00:00,RELIANCE.NS,1392.063720703125,STAY,4,1,2,STAY,UP,0.33287537,0.23855516,0.42856947,False
2026-02-24 18:30:00+00:00,ITC.NS,311.2699890136719,DOWN,4,0,2,DOWN,UP,0.26498637,0.25195011,0.4830635,False
2026-02-24 18:30:00+00:00,INFY.NS,1262.7742919921875,UP,4,2,2,UP,UP,0.17728615,0.19146149,0.63125235,True
2026-02-24 18:30:00+00:00,BHARTIARTL.NS,1889.6187744140625,STAY,4,1,0,STAY,DOWN,0.39342922,0.3014593,0.30511153,False
2026-02-24 18:30:00+00:00,HDFCBANK.NS,892.8330078125,DOWN,4,0,2,DOWN,UP,0.23573014,0.3542087,0.41006115,False
2026-02-25 18:30:00+00:00,HDFCBANK.NS,883.9794311523438,DOWN,4,0,2,DOWN,UP,0.24338117,0.32749197,0.42912686,False
2026-02-25 18:30:00+00:00,TMPV.NS,388.3286743164063,DOWN,4,0,2,DOWN,UP,0.22366232,0.18721895,0.5891187,False
2026-02-25 18:30:00+00:00,ICICIBANK.NS,1393.155029296875,DOWN,4,0,1,DOWN,STAY,0.25121832,0.39694643,0.35183522,False
2026-02-25 18:30:00+00:00,LT.NS,4245.037109375,DOWN,4,0,0,DOWN,DOWN,0.53428805,0.34184447,0.12386748,True
2026-02-25 18:30:00+00:00,RELIANCE.NS,1400.3255615234375,STAY,4,1,2,STAY,UP,0.3003836,0.22666502,0.47295138,False
2026-02-25 18:30:00+00:00,ITC.NS,309.8584289550781,DOWN,4,0,2,DOWN,UP,0.22749284,0.27724212,0.4952651,False
2026-02-25 18:30:00+00:00,TCS.NS,2598.03515625,DOWN,4,0,2,DOWN,UP,0.21642284,0.3559324,0.42764473,False
2026-02-25 18:30:00+00:00,SBIN.NS,1188.084716796875,DOWN,4,0,2,DOWN,UP,0.26697516,0.31705588,0.41596895,False
2026-02-25 18:30:00+00:00,INFY.NS,1261.7955322265625,UP,4,2,2,UP,UP,0.26972872,0.27658796,0.45368335,True
2026-02-25 18:30:00+00:00,BHARTIARTL.NS,1905.6173095703125,DOWN,4,0,0,DOWN,DOWN,0.38695425,0.2678531,0.34519267,True
2026-02-26 18:30:00+00:00,RELIANCE.NS,1387.48486328125,UP,4,2,2,UP,UP,0.32240993,0.22328575,0.4543043,True
2026-02-26 18:30:00+00:00,TMPV.NS,379.5019226074219,DOWN,4,0,2,DOWN,UP,0.39142883,0.14109424,0.46747687,False
2026-02-26 18:30:00+00:00,BHARTIARTL.NS,1855.942626953125,STAY,4,1,0,STAY,DOWN,0.3962307,0.26964724,0.3341221,False
2026-02-26 18:30:00+00:00,SBIN.NS,1180.4227294921875,DOWN,4,0,2,DOWN,UP,0.27067298,0.3330834,0.39624366,False
2026-02-26 18:30:00+00:00,INFY.NS,1272.5625,UP,4,2,2,UP,UP,0.22397824,0.251799,0.52422273,True
2026-02-26 18:30:00+00:00,TCS.NS,2587.92822265625,DOWN,4,0,2,DOWN,UP,0.234697,0.28740963,0.47789335,False
2026-02-26 18:30:00+00:00,ICICIBANK.NS,1367.3724365234375,DOWN,4,0,1,DOWN,STAY,0.27302963,0.38282517,0.34414518,False
2026-02-26 18:30:00+00:00,LT.NS,4236.91650390625,DOWN,4,0,1,DOWN,STAY,0.4006358,0.45020217,0.14916204,False
2026-02-26 18:30:00+00:00,HDFCBANK.NS,873.3060302734375,DOWN,4,0,2,DOWN,UP,0.26702574,0.35380387,0.3791704,False
2026-02-26 18:30:00+00:00,ITC.NS,305.2830810546875,DOWN,4,0,2,DOWN,UP,0.25089294,0.28739324,0.46171382,False
2026-03-01 18:30:00+00:00,RELIANCE.NS,1351.75,UP,4,2,0,UP,DOWN,0.41080675,0.24762955,0.34156367,False
2026-03-01 18:30:00+00:00,ICICIBANK.NS,1362.5133056640625,DOWN,4,0,1,DOWN,STAY,0.26437172,0.45400316,0.2816251,False
2026-03-01 18:30:00+00:00,TCS.NS,2564.4765625,DOWN,4,0,2,DOWN,UP,0.22623609,0.31476507,0.45899886,False
2026-03-01 18:30:00+00:00,LT.NS,4027.36328125,DOWN,4,0,1,DOWN,STAY,0.36750194,0.4194621,0.21303591,False
2026-03-01 18:30:00+00:00,ITC.NS,306.548583984375,DOWN,4,0,2,DOWN,UP,0.22407976,0.21913865,0.5567816,False
2026-03-01 18:30:00+00:00,TMPV.NS,367.5510559082031,DOWN,4,0,2,DOWN,UP,0.33548346,0.18111308,0.48340347,False
2026-03-01 18:30:00+00:00,BHARTIARTL.NS,1849.9183349609373,DOWN,4,0,1,DOWN,STAY,0.31828207,0.34622505,0.3354929,False
2026-03-01 18:30:00+00:00,SBIN.NS,1168.831787109375,DOWN,4,0,2,DOWN,UP,0.29910165,0.21780391,0.48309442,False
2026-03-01 18:30:00+00:00,HDFCBANK.NS,865.0918579101562,DOWN,4,0,1,DOWN,STAY,0.22744946,0.40831682,0.36423376,False
2026-03-01 18:30:00+00:00,INFY.NS,1261.5997314453125,STAY,4,1,2,STAY,UP,0.2506745,0.33105576,0.4182697,False
2026-03-03 18:30:00+00:00,RELIANCE.NS,1338.8099365234375,UP,4,2,2,UP,UP,0.3575656,0.24995427,0.39248008,True
2026-03-03 18:30:00+00:00,HDFCBANK.NS,854.5167846679688,DOWN,4,0,2,DOWN,UP,0.2184151,0.38741428,0.39417064,False
2026-03-03 18:30:00+00:00,INFY.NS,1279.7078857421875,DOWN,4,0,2,DOWN,UP,0.28104094,0.2635343,0.4554247,False
2026-03-03 18:30:00+00:00,LT.NS,3845.044189453125,DOWN,4,0,1,DOWN,STAY,0.35368916,0.4168013,0.22950947,False
2026-03-03 18:30:00+00:00,ICICIBANK.NS,1353.9852294921875,DOWN,4,0,0,DOWN,DOWN,0.35188255,0.32122236,0.32689512,True
2026-03-03 18:30:00+00:00,BHARTIARTL.NS,1882.2119140625,DOWN,4,0,2,DOWN,UP,0.27049497,0.24764143,0.4818636,False
2026-03-03 18:30:00+00:00,TMPV.NS,348.3106689453125,DOWN,4,0,2,DOWN,UP,0.3156537,0.24825881,0.43608746,False
2026-03-03 18:30:00+00:00,SBIN.NS,1153.704345703125,DOWN,4,0,2,DOWN,UP,0.28003252,0.29628062,0.4236869,False
2026-03-03 18:30:00+00:00,ITC.NS,303.6768493652344,STAY,4,1,2,STAY,UP,0.17648259,0.30362415,0.5198932,False
2026-03-03 18:30:00+00:00,TCS.NS,2539.2587890625,DOWN,4,0,2,DOWN,UP,0.21629879,0.3337725,0.44992873,False
2026-03-04 18:30:00+00:00,LT.NS,3999.634033203125,DOWN,4,0,0,DOWN,DOWN,0.41153458,0.39975226,0.1887132,True
2026-03-04 18:30:00+00:00,ICICIBANK.NS,1346.2503662109375,DOWN,4,0,1,DOWN,STAY,0.36710787,0.36753967,0.26535246,False
2026-03-04 18:30:00+00:00,INFY.NS,1278.141845703125,DOWN,4,0,2,DOWN,UP,0.3171346,0.301535,0.38133043,False
2026-03-04 18:30:00+00:00,TCS.NS,2530.427490234375,DOWN,4,0,2,DOWN,UP,0.22885332,0.35084504,0.42030168,False
2026-03-04 18:30:00+00:00,HDFCBANK.NS,863.4686889648438,DOWN,4,0,2,DOWN,UP,0.19307262,0.37340987,0.43351746,False
2026-03-04 18:30:00+00:00,TMPV.NS,352.2281494140625,DOWN,4,0,2,DOWN,UP,0.3556896,0.2381114,0.40619895,False
2026-03-04 18:30:00+00:00,ITC.NS,303.23876953125,DOWN,4,0,2,DOWN,UP,0.18287003,0.31522873,0.50190127,False
2026-03-04 18:30:00+00:00,BHARTIARTL.NS,1883.2982177734373,DOWN,4,0,2,DOWN,UP,0.29265168,0.25379428,0.45355403,False
2026-03-04 18:30:00+00:00,RELIANCE.NS,1383.005615234375,STAY,4,1,2,STAY,UP,0.30926493,0.1988482,0.49188685,False
2026-03-04 18:30:00+00:00,SBIN.NS,1148.79296875,DOWN,4,0,2,DOWN,UP,0.25927696,0.27772003,0.463003,False
2026-03-05 18:30:00+00:00,LT.NS,3911.593994140625,DOWN,4,0,0,DOWN,DOWN,0.41921908,0.39717504,0.18360591,True
2026-03-05 18:30:00+00:00,TMPV.NS,347.8643493652344,DOWN,4,0,2,DOWN,UP,0.280284,0.2521368,0.46757928,False
2026-03-05 18:30:00+00:00,RELIANCE.NS,1398.334716796875,DOWN,4,0,2,DOWN,UP,0.2852979,0.23496757,0.47973445,False
2026-03-05 18:30:00+00:00,BHARTIARTL.NS,1847.5482177734373,DOWN,4,0,2,DOWN,UP,0.39437878,0.18091284,0.42470843,False
2026-03-05 18:30:00+00:00,ICICIBANK.NS,1302.419921875,DOWN,4,0,0,DOWN,DOWN,0.43863893,0.23776764,0.32359347,True
2026-03-05 18:30:00+00:00,TCS.NS,2509.625244140625,DOWN,4,0,2,DOWN,UP,0.23012035,0.33734164,0.43253803,False
2026-03-05 18:30:00+00:00,SBIN.NS,1122.7620849609375,DOWN,4,0,2,DOWN,UP,0.28652644,0.2264485,0.48702505,False
2026-03-05 18:30:00+00:00,INFY.NS,1280.686767578125,DOWN,4,0,2,DOWN,UP,0.33413944,0.29800335,0.36785725,False
2026-03-05 18:30:00+00:00,ITC.NS,301.48651123046875,DOWN,4,0,2,DOWN,UP,0.20882288,0.276273,0.5149041,False
2026-03-05 18:30:00+00:00,HDFCBANK.NS,843.10546875,DOWN,4,0,2,DOWN,UP,0.27037188,0.26902395,0.46060416,False
2026-03-08 18:30:00+00:00,ITC.NS,297.8846435546875,STAY,4,1,2,STAY,UP,0.18822828,0.31216785,0.49960384,False
2026-03-08 18:30:00+00:00,RELIANCE.NS,1417.4462890625,DOWN,4,0,2,DOWN,UP,0.3295576,0.23373078,0.43671164,False
2026-03-08 18:30:00+00:00,HDFCBANK.NS,827.0215454101562,STAY,4,1,2,STAY,UP,0.1962062,0.29908687,0.5047069,False
2026-03-08 18:30:00+00:00,BHARTIARTL.NS,1843.4990234375,DOWN,4,0,2,DOWN,UP,0.3543782,0.21873614,0.4268857,False
2026-03-08 18:30:00+00:00,INFY.NS,1287.14697265625,DOWN,4,0,2,DOWN,UP,0.3190733,0.2965147,0.38441208,False
2026-03-08 18:30:00+00:00,TCS.NS,2479.99169921875,DOWN,4,0,1,DOWN,STAY,0.24000746,0.39784926,0.3621433,False
2026-03-08 18:30:00+00:00,ICICIBANK.NS,1267.7125244140625,STAY,4,1,2,STAY,UP,0.33992016,0.26528284,0.394797,False
2026-03-08 18:30:00+00:00,LT.NS,3804.93603515625,DOWN,4,0,2,DOWN,UP,0.28970075,0.3501063,0.36019298,False
2026-03-08 18:30:00+00:00,TMPV.NS,329.26861572265625,DOWN,4,0,2,DOWN,UP,0.32604513,0.19057457,0.48338032,False
2026-03-08 18:30:00+00:00,SBIN.NS,1079.050048828125,DOWN,4,0,2,DOWN,UP,0.23268539,0.1741507,0.5931639,False
2026-03-09 18:30:00+00:00,BHARTIARTL.NS,1827.4017333984373,DOWN,4,0,2,DOWN,UP,0.35863048,0.22595038,0.4154191,False
2026-03-09 18:30:00+00:00,TMPV.NS,342.36004638671875,DOWN,4,0,2,DOWN,UP,0.2851387,0.1897545,0.5251068,False
2026-03-09 18:30:00+00:00,ICICIBANK.NS,1300.9324951171875,DOWN,4,0,0,DOWN,DOWN,0.39749625,0.22676969,0.3757341,True
2026-03-09 18:30:00+00:00,SBIN.NS,1092.5074462890625,DOWN,4,0,2,DOWN,UP,0.21355756,0.26155987,0.52488256,False
2026-03-09 18:30:00+00:00,TCS.NS,2465.9599609375,DOWN,4,0,2,DOWN,UP,0.22217533,0.3490131,0.42881155,False
2026-03-09 18:30:00+00:00,ITC.NS,300.8537292480469,DOWN,4,0,2,DOWN,UP,0.14714481,0.29387578,0.55897945,False
2026-03-09 18:30:00+00:00,RELIANCE.NS,1402.3162841796875,STAY,4,1,2,STAY,UP,0.32558522,0.22942485,0.44498992,False
2026-03-09 18:30:00+00:00,HDFCBANK.NS,835.629150390625,STAY,4,1,2,STAY,UP,0.23767339,0.30378926,0.4585373,False
2026-03-09 18:30:00+00:00,INFY.NS,1268.1578369140625,DOWN,4,0,2,DOWN,UP,0.34893328,0.25039798,0.40066877,False
2026-03-09 18:30:00+00:00,LT.NS,3838.5078125,DOWN,4,0,1,DOWN,STAY,0.33498773,0.38997135,0.27504095,False
2026-03-10 18:30:00+00:00,BHARTIARTL.NS,1784.5411376953125,UP,4,2,0,UP,DOWN,0.36211583,0.33201194,0.30587223,False
2026-03-10 18:30:00+00:00,HDFCBANK.NS,820.38134765625,UP,4,2,2,UP,UP,0.23714031,0.30673793,0.4561218,True
2026-03-10 18:30:00+00:00,RELIANCE.NS,1383.8017578125,UP,4,2,2,UP,UP,0.38545066,0.18706535,0.42748398,True
2026-03-10 18:30:00+00:00,ITC.NS,300.8050842285156,DOWN,4,0,2,DOWN,UP,0.1418578,0.3434342,0.514708,False
2026-03-10 18:30:00+00:00,ICICIBANK.NS,1283.777099609375,STAY,4,1,0,STAY,DOWN,0.424456,0.19936588,0.37617812,False
2026-03-10 18:30:00+00:00,LT.NS,3801.667724609375,DOWN,4,0,2,DOWN,UP,0.32688215,0.33328885,0.33982906,False
2026-03-10 18:30:00+00:00,SBIN.NS,1071.781005859375,DOWN,4,0,2,DOWN,UP,0.21287733,0.20828398,0.5788387,False
2026-03-10 18:30:00+00:00,TCS.NS,2418.6640625,STAY,4,1,1,STAY,STAY,0.2449781,0.40024313,0.35477874,True
2026-03-10 18:30:00+00:00,INFY.NS,1249.2667236328125,STAY,4,1,1,STAY,STAY,0.3282623,0.34748718,0.32425052,True
2026-03-10 18:30:00+00:00,TMPV.NS,332.591064453125,DOWN,4,0,2,DOWN,UP,0.3610937,0.23327413,0.40563217,False
2026-03-11 18:30:00+00:00,RELIANCE.NS,1385.7926025390625,STAY,4,1,0,STAY,DOWN,0.39369583,0.21390806,0.39239612,False
2026-03-11 18:30:00+00:00,ICICIBANK.NS,1255.9119873046875,DOWN,4,0,2,DOWN,UP,0.29368913,0.2336911,0.4726198,False
2026-03-11 18:30:00+00:00,LT.NS,3683.521728515625,DOWN,4,0,2,DOWN,UP,0.19600002,0.24549006,0.55850995,False
2026-03-11 18:30:00+00:00,ITC.NS,296.0350341796875,DOWN,4,0,2,DOWN,UP,0.16538306,0.22691627,0.60770065,False
2026-03-11 18:30:00+00:00,INFY.NS,1238.9891357421875,DOWN,4,0,1,DOWN,STAY,0.29456544,0.4111674,0.2942671,False
2026-03-11 18:30:00+00:00,TMPV.NS,321.8799133300781,DOWN,4,0,2,DOWN,UP,0.27366197,0.2054775,0.5208605,False
2026-03-11 18:30:00+00:00,SBIN.NS,1065.9854736328125,DOWN,4,0,2,DOWN,UP,0.16175382,0.21687365,0.6213725,False
2026-03-11 18:30:00+00:00,HDFCBANK.NS,819.2008666992188,DOWN,4,0,2,DOWN,UP,0.22895768,0.31738392,0.45365843,False
2026-03-11 18:30:00+00:00,TCS.NS,2396.5859375,DOWN,4,0,1,DOWN,STAY,0.23699898,0.40045944,0.36254162,False
2026-03-11 18:30:00+00:00,BHARTIARTL.NS,1778.9119873046875,UP,4,2,2,UP,UP,0.34360585,0.3107121,0.34568205,True
2026-03-12 18:30:00+00:00,TCS.NS,2365.284423828125,STAY,4,1,2,STAY,UP,0.16439275,0.35158083,0.48402643,False
2026-03-12 18:30:00+00:00,SBIN.NS,1028.4619140625,UP,4,2,2,UP,UP,0.22205509,0.24274203,0.53520286,True
2026-03-12 18:30:00+00:00,BHARTIARTL.NS,1780.98583984375,UP,4,2,2,UP,UP,0.33389512,0.31766817,0.3484367,True
2026-03-12 18:30:00+00:00,HDFCBANK.NS,803.7071533203125,DOWN,4,0,2,DOWN,UP,0.20363197,0.27414632,0.52222174,False
2026-03-12 18:30:00+00:00,ITC.NS,293.455322265625,STAY,4,1,2,STAY,UP,0.15201524,0.25643018,0.5915546,False
2026-03-12 18:30:00+00:00,TMPV.NS,311.5158996582031,STAY,4,1,2,STAY,UP,0.2767553,0.14908215,0.57416254,False
2026-03-12 18:30:00+00:00,LT.NS,3405.73486328125,STAY,4,1,2,STAY,UP,0.113076806,0.10855143,0.7783718,False
2026-03-12 18:30:00+00:00,INFY.NS,1221.8597412109375,STAY,4,1,2,STAY,UP,0.30228743,0.30134216,0.3963704,False
2026-03-12 18:30:00+00:00,RELIANCE.NS,1374.3455810546875,UP,4,2,2,UP,UP,0.37111923,0.19437468,0.43450612,True
2026-03-12 18:30:00+00:00,ICICIBANK.NS,1244.3099365234375,STAY,4,1,2,STAY,UP,0.22135678,0.33301842,0.4456248,False
2026-03-15 18:30:00+00:00,INFY.NS,1223.3280029296875,STAY,4,1,2,STAY,UP,0.23178868,0.23002079,0.53819054,False
2026-03-15 18:30:00+00:00,RELIANCE.NS,1388.6793212890625,STAY,4,1,2,STAY,UP,0.38196295,0.17838849,0.43964857,False
2026-03-15 18:30:00+00:00,TMPV.NS,311.8134155273437,DOWN,4,0,2,DOWN,UP,0.28769436,0.21641918,0.49588642,False
2026-03-15 18:30:00+00:00,HDFCBANK.NS,826.9231567382812,DOWN,4,0,2,DOWN,UP,0.20141692,0.21586233,0.58272076,False
2026-03-15 18:30:00+00:00,BHARTIARTL.NS,1766.5673828125,STAY,4,1,2,STAY,UP,0.28233308,0.30939484,0.40827203,False
2026-03-15 18:30:00+00:00,SBIN.NS,1047.8131103515625,DOWN,4,0,2,DOWN,UP,0.29952142,0.27769163,0.42278695,False
2026-03-15 18:30:00+00:00,ITC.NS,300.0749816894531,DOWN,4,0,2,DOWN,UP,0.13762836,0.28820032,0.5741713,False
2026-03-15 18:30:00+00:00,TCS.NS,2364.0087890625,DOWN,4,0,2,DOWN,UP,0.17768554,0.23705438,0.5852601,False
2026-03-15 18:30:00+00:00,ICICIBANK.NS,1262.258544921875,DOWN,4,0,2,DOWN,UP,0.35827446,0.24208774,0.3996378,False
2026-03-15 18:30:00+00:00,LT.NS,3435.8408203125,DOWN,4,0,2,DOWN,UP,0.095392525,0.07570687,0.82890064,False
2026-03-16 18:30:00+00:00,INFY.NS,1206.785888671875,UP,4,2,2,UP,UP,0.30398488,0.2500535,0.44596162,True
2026-03-16 18:30:00+00:00,SBIN.NS,1045.8485107421875,DOWN,4,0,2,DOWN,UP,0.26605374,0.3136008,0.42034546,False
2026-03-16 18:30:00+00:00,TCS.NS,2346.837158203125,STAY,4,1,2,STAY,UP,0.19977677,0.2849215,0.5153017,False
2026-03-16 18:30:00+00:00,ITC.NS,296.76513671875,DOWN,4,0,2,DOWN,UP,0.13326226,0.3008964,0.5658413,False
2026-03-16 18:30:00+00:00,TMPV.NS,316.5739440917969,DOWN,4,0,2,DOWN,UP,0.32774475,0.27281412,0.39944112,False
2026-03-16 18:30:00+00:00,BHARTIARTL.NS,1804.2926025390625,DOWN,4,0,2,DOWN,UP,0.35942703,0.2672926,0.37328035,False
2026-03-16 18:30:00+00:00,HDFCBANK.NS,831.5958251953125,DOWN,4,0,2,DOWN,UP,0.19632865,0.26823795,0.53543335,False
2026-03-16 18:30:00+00:00,LT.NS,3508.531005859375,STAY,4,1,2,STAY,UP,0.11108546,0.10165225,0.7872623,False
2026-03-16 18:30:00+00:00,RELIANCE.NS,1391.167724609375,UP,4,2,2,UP,UP,0.38045642,0.21934187,0.40020174,True
2026-03-16 18:30:00+00:00,ICICIBANK.NS,1277.9263916015625,DOWN,4,0,2,DOWN,UP,0.3468607,0.2635271,0.3896122,False
2026-03-17 18:30:00+00:00,HDFCBANK.NS,829.333251953125,DOWN,4,0,2,DOWN,UP,0.2376055,0.252238,0.5101565,False
2026-03-17 18:30:00+00:00,ITC.NS,295.986328125,DOWN,4,0,2,DOWN,UP,0.12327754,0.31976673,0.55695575,False
2026-03-17 18:30:00+00:00,LT.NS,3573.001220703125,UP,4,2,2,UP,UP,0.13633285,0.15992397,0.70374316,True
2026-03-17 18:30:00+00:00,RELIANCE.NS,1401.6195068359375,STAY,4,1,0,STAY,DOWN,0.40811643,0.23817384,0.35370967,False
2026-03-17 18:30:00+00:00,TMPV.NS,322.0782775878906,DOWN,4,0,2,DOWN,UP,0.3131227,0.22793354,0.4589437,False
2026-03-17 18:30:00+00:00,SBIN.NS,1050.8582763671875,STAY,4,1,2,STAY,UP,0.27826074,0.3289481,0.39279115,False
2026-03-17 18:30:00+00:00,BHARTIARTL.NS,1832.339599609375,DOWN,4,0,2,DOWN,UP,0.29503822,0.26583305,0.4391287,False
2026-03-17 18:30:00+00:00,TCS.NS,2395.01611328125,DOWN,4,0,2,DOWN,UP,0.20198064,0.2826496,0.5153698,False
2026-03-17 18:30:00+00:00,INFY.NS,1240.261474609375,STAY,4,1,2,STAY,UP,0.1962444,0.21771473,0.5860409,False
2026-03-17 18:30:00+00:00,ICICIBANK.NS,1278.521484375,DOWN,4,0,0,DOWN,DOWN,0.38469929,0.28789857,0.3274021,True
2026-03-18 18:30:00+00:00,ITC.NS,290.0968017578125,DOWN,4,0,2,DOWN,UP,0.17161453,0.2858906,0.5424949,False
2026-03-18 18:30:00+00:00,SBIN.NS,1030.3282470703125,DOWN,4,0,2,DOWN,UP,0.27671385,0.2983292,0.4249569,False
2026-03-18 18:30:00+00:00,RELIANCE.NS,1378.4267578125,DOWN,4,0,0,DOWN,DOWN,0.41387382,0.1959666,0.3901596,True
2026-03-18 18:30:00+00:00,INFY.NS,1194.9422607421875,UP,4,2,0,UP,DOWN,0.3574684,0.29654628,0.34598532,False
2026-03-18 18:30:00+00:00,LT.NS,3401.278564453125,UP,4,2,2,UP,UP,0.08037411,0.067785814,0.85184014,True
2026-03-18 18:30:00+00:00,TCS.NS,2311.806640625,UP,4,2,2,UP,UP,0.26842058,0.2806599,0.45091945,True
2026-03-18 18:30:00+00:00,BHARTIARTL.NS,1804.2926025390625,STAY,4,1,2,STAY,UP,0.36599618,0.23405457,0.39994928,False
2026-03-18 18:30:00+00:00,HDFCBANK.NS,785.2130126953125,DOWN,4,0,1,DOWN,STAY,0.2848053,0.36509717,0.3500975,False
2026-03-18 18:30:00+00:00,TMPV.NS,306.75537109375,DOWN,4,0,2,DOWN,UP,0.31393614,0.19283342,0.49323052,False
2026-03-18 18:30:00+00:00,ICICIBANK.NS,1239.6490478515625,DOWN,4,0,2,DOWN,UP,0.3207234,0.295232,0.38404453,False
2026-03-19 18:30:00+00:00,HDFCBANK.NS,767.7518310546875,DOWN,4,0,2,DOWN,UP,0.2165609,0.36908442,0.41435468,False
2026-03-19 18:30:00+00:00,TMPV.NS,311.5158996582031,DOWN,4,0,2,DOWN,UP,0.30788276,0.16736428,0.5247529,False
2026-03-19 18:30:00+00:00,ICICIBANK.NS,1234.9884033203125,DOWN,4,0,2,DOWN,UP,0.32750714,0.27380505,0.39868778,False
2026-03-19 18:30:00+00:00,SBIN.NS,1039.26708984375,DOWN,4,0,2,DOWN,UP,0.28438973,0.33704108,0.37856916,False
2026-03-19 18:30:00+00:00,RELIANCE.NS,1407.8905029296875,DOWN,4,0,0,DOWN,DOWN,0.43111607,0.15894401,0.40993991,True
2026-03-19 18:30:00+00:00,BHARTIARTL.NS,1823.1551513671875,DOWN,4,0,2,DOWN,UP,0.2979094,0.24738751,0.45470303,False
2026-03-19 18:30:00+00:00,LT.NS,3401.57568359375,UP,4,2,2,UP,UP,0.07036358,0.07448466,0.8551518,True
2026-03-19 18:30:00+00:00,INFY.NS,1229.2987060546875,STAY,4,1,2,STAY,UP,0.24226184,0.16995822,0.58777994,False
2026-03-19 18:30:00+00:00,TCS.NS,2345.7578125,DOWN,4,0,2,DOWN,UP,0.23453604,0.26985475,0.4956092,False
2026-03-19 18:30:00+00:00,ITC.NS,291.9950866699219,DOWN,4,0,2,DOWN,UP,0.122102566,0.21088406,0.66701335,False
2026-03-22 18:30:00+00:00,TMPV.NS,302.7386779785156,STAY,4,1,2,STAY,UP,0.34971318,0.20364384,0.44664297,False
2026-03-22 18:30:00+00:00,BHARTIARTL.NS,1773.5791015625,STAY,4,1,2,STAY,UP,0.3780385,0.20640504,0.4155565,False
2026-03-22 18:30:00+00:00,INFY.NS,1230.1796875,UP,4,2,2,UP,UP,0.25709218,0.1981649,0.54474294,True
2026-03-22 18:30:00+00:00,LT.NS,3310.0693359375,UP,4,2,2,UP,UP,0.052758906,0.060862854,0.8863782,True
2026-03-22 18:30:00+00:00,HDFCBANK.NS,732.04248046875,STAY,4,1,2,STAY,UP,0.16825931,0.3012309,0.5305098,False
2026-03-22 18:30:00+00:00,RELIANCE.NS,1401.3209228515625,DOWN,4,0,2,DOWN,UP,0.3705513,0.22197779,0.4074709,False
2026-03-22 18:30:00+00:00,TCS.NS,2339.085205078125,UP,4,2,2,UP,UP,0.22176453,0.31486338,0.4633721,True
2026-03-22 18:30:00+00:00,ICICIBANK.NS,1212.4781494140625,STAY,4,1,1,STAY,STAY,0.24610664,0.43566266,0.31823063,True
2026-03-22 18:30:00+00:00,SBIN.NS,1013.6292724609376,DOWN,4,0,1,DOWN,STAY,0.27864653,0.41462022,0.30673325,False
2026-03-22 18:30:00+00:00,ITC.NS,282.7470397949219,STAY,4,1,2,STAY,UP,0.20845476,0.2857948,0.5057504,False
2026-03-23 18:30:00+00:00,ICICIBANK.NS,1240.7398681640625,DOWN,4,0,2,DOWN,UP,0.2848751,0.32504702,0.3900779,False
2026-03-23 18:30:00+00:00,HDFCBANK.NS,752.454833984375,DOWN,4,0,2,DOWN,UP,0.16420749,0.32419232,0.5116002,False
2026-03-23 18:30:00+00:00,TCS.NS,2353.803955078125,UP,4,2,2,UP,UP,0.19936998,0.29188317,0.5087468,True
2026-03-23 18:30:00+00:00,TMPV.NS,308.6397399902344,DOWN,4,0,2,DOWN,UP,0.35907423,0.22534117,0.4155846,False
2026-03-23 18:30:00+00:00,ITC.NS,283.5258178710937,STAY,4,1,2,STAY,UP,0.19278957,0.28110948,0.526101,False
2026-03-23 18:30:00+00:00,LT.NS,3482.782470703125,UP,4,2,2,UP,UP,0.15941681,0.104762614,0.7358206,True
2026-03-23 18:30:00+00:00,BHARTIARTL.NS,1779.7020263671875,STAY,4,1,2,STAY,UP,0.31502664,0.26126722,0.42370614,False
2026-03-23 18:30:00+00:00,INFY.NS,1251.224365234375,UP,4,2,2,UP,UP,0.2529479,0.22402328,0.5230288,True
2026-03-23 18:30:00+00:00,RELIANCE.NS,1405.302490234375,DOWN,4,0,0,DOWN,DOWN,0.4084144,0.2315942,0.35999143,True
2026-03-23 18:30:00+00:00,SBIN.NS,1012.5487670898438,DOWN,4,0,1,DOWN,STAY,0.26847148,0.399353,0.33217552,False
2026-03-24 18:30:00+00:00,TMPV.NS,315.334228515625,DOWN,4,0,2,DOWN,UP,0.3019654,0.31074482,0.38728982,False
2026-03-24 18:30:00+00:00,ITC.NS,287.8578186035156,STAY,4,1,2,STAY,UP,0.13757478,0.21970908,0.6427161,False
2026-03-24 18:30:00+00:00,HDFCBANK.NS,769.5717163085938,DOWN,4,0,1,DOWN,STAY,0.26262432,0.3882532,0.34912243,False
2026-03-24 18:30:00+00:00,INFY.NS,1252.00732421875,UP,4,2,2,UP,UP,0.25394937,0.1874702,0.55858046,True
2026-03-24 18:30:00+00:00,ICICIBANK.NS,1249.1688232421875,DOWN,4,0,2,DOWN,UP,0.24025612,0.28252462,0.47721925,False
2026-03-24 18:30:00+00:00,SBIN.NS,1041.821044921875,DOWN,4,0,1,DOWN,STAY,0.31390634,0.3599779,0.32611576,False
2026-03-24 18:30:00+00:00,TCS.NS,2332.80517578125,UP,4,2,2,UP,UP,0.18138257,0.18165524,0.6369621,True
2026-03-24 18:30:00+00:00,RELIANCE.NS,1406.596435546875,DOWN,4,0,0,DOWN,DOWN,0.37826136,0.2715261,0.35021254,True
2026-03-24 18:30:00+00:00,BHARTIARTL.NS,1812.0943603515625,DOWN,4,0,2,DOWN,UP,0.27662235,0.18946752,0.5339101,False
2026-03-24 18:30:00+00:00,LT.NS,3614.000732421875,UP,4,2,2,UP,UP,0.14831166,0.17359746,0.6780909,True
2026-03-26 18:30:00+00:00,HDFCBANK.NS,743.8963623046875,UP,4,2,2,UP,UP,0.22503524,0.2723055,0.5026593,True
2026-03-26 18:30:00+00:00,TMPV.NS,300.70556640625,UP,4,2,2,UP,UP,0.31351173,0.2298586,0.45662963,True
2026-03-26 18:30:00+00:00,LT.NS,3529.625,UP,4,2,2,UP,UP,0.2102961,0.2330824,0.5566215,True
2026-03-26 18:30:00+00:00,BHARTIARTL.NS,1820.9825439453125,STAY,4,1,2,STAY,UP,0.38166592,0.19695106,0.42138305,False
2026-03-26 18:30:00+00:00,SBIN.NS,1001.4487915039062,UP,4,2,2,UP,UP,0.2460817,0.36123952,0.3926788,True
2026-03-26 18:30:00+00:00,ITC.NS,286.88433837890625,UP,4,2,2,UP,UP,0.13843997,0.1882023,0.6733577,True
2026-03-26 18:30:00+00:00,ICICIBANK.NS,1223.4854736328125,STAY,4,1,2,STAY,UP,0.2654972,0.2812813,0.4532215,False
2026-03-26 18:30:00+00:00,INFY.NS,1242.806396484375,UP,4,2,2,UP,UP,0.23237959,0.21449965,0.5531208,True
2026-03-26 18:30:00+00:00,TCS.NS,2344.97265625,UP,4,2,2,UP,UP,0.17966667,0.24450597,0.57582736,True
2026-03-26 18:30:00+00:00,RELIANCE.NS,1341.8956298828125,DOWN,4,0,0,DOWN,DOWN,0.40001374,0.20176122,0.3982251,True
2026-03-29 18:30:00+00:00,SBIN.NS,962.058837890625,UP,4,2,2,UP,UP,0.18249962,0.37843361,0.43906674,True
2026-03-29 18:30:00+00:00,TMPV.NS,293.7631530761719,UP,4,2,2,UP,UP,0.28193146,0.2982611,0.41980743,True
2026-03-29 18:30:00+00:00,INFY.NS,1224.1109619140625,UP,4,2,2,UP,UP,0.29764533,0.16246617,0.53988856,True
2026-03-29 18:30:00+00:00,HDFCBANK.NS,719.6473999023438,UP,4,2,2,UP,UP,0.14755462,0.24560112,0.60684425,True
2026-03-29 18:30:00+00:00,TCS.NS,2314.652099609375,UP,4,2,2,UP,UP,0.22254059,0.25195307,0.5255063,True
2026-03-29 18:30:00+00:00,LT.NS,3470.205322265625,UP,4,2,2,UP,UP,0.1937648,0.15673795,0.6494972,True
2026-03-29 18:30:00+00:00,RELIANCE.NS,1337.7149658203125,STAY,4,1,1,STAY,STAY,0.32325858,0.35086802,0.3258734,True
2026-03-29 18:30:00+00:00,BHARTIARTL.NS,1760.2469482421875,UP,4,2,2,UP,UP,0.3416598,0.2306663,0.42767385,True
2026-03-29 18:30:00+00:00,ITC.NS,280.0699768066406,UP,4,2,2,UP,UP,0.18805507,0.20266032,0.6092846,True
2026-03-29 18:30:00+00:00,ICICIBANK.NS,1195.8187255859375,UP,4,2,2,UP,UP,0.2494238,0.37485427,0.37572196,True
2026-03-31 18:30:00+00:00,HDFCBANK.NS,730.17333984375,UP,4,2,2,UP,UP,0.22296816,0.3158164,0.4612154,True
2026-03-31 18:30:00+00:00,LT.NS,3572.60498046875,UP,4,2,2,UP,UP,0.2898435,0.26406023,0.44609624,True
2026-03-31 18:30:00+00:00,TCS.NS,2363.02734375,UP,4,2,2,UP,UP,0.17352673,0.27636698,0.5501063,True
2026-03-31 18:30:00+00:00,SBIN.NS,999.7789306640624,UP,4,2,1,UP,STAY,0.30195504,0.35607478,0.3419702,False
2026-03-31 18:30:00+00:00,BHARTIARTL.NS,1759.7530517578125,UP,4,2,2,UP,UP,0.36267698,0.20925626,0.4280668,True
2026-03-31 18:30:00+00:00,ITC.NS,283.9638977050781,UP,4,2,2,UP,UP,0.15331797,0.23353952,0.61314243,True
2026-03-31 18:30:00+00:00,TMPV.NS,300.4576416015625,UP,4,2,2,UP,UP,0.32982332,0.2273692,0.44280753,True
2026-03-31 18:30:00+00:00,ICICIBANK.NS,1202.561767578125,UP,4,2,2,UP,UP,0.22381139,0.3466644,0.4295242,True
2026-03-31 18:30:00+00:00,RELIANCE.NS,1362.8984375,DOWN,4,0,2,DOWN,UP,0.28078154,0.2893448,0.42987368,False
2026-03-31 18:30:00+00:00,INFY.NS,1248.6793212890625,UP,4,2,2,UP,UP,0.27254578,0.22634111,0.5011131,True
2026-04-01 18:30:00+00:00,ICICIBANK.NS,1205.635986328125,UP,4,2,1,UP,STAY,0.20121858,0.40592718,0.39285418,False
2026-04-01 18:30:00+00:00,RELIANCE.NS,1344.2845458984375,STAY,4,1,2,STAY,UP,0.33720702,0.1975427,0.46525028,False
2026-04-01 18:30:00+00:00,ITC.NS,285.0834045410156,UP,4,2,2,UP,UP,0.13868827,0.24049631,0.6208154,True
2026-04-01 18:30:00+00:00,TCS.NS,2404.730224609375,UP,4,2,2,UP,UP,0.18440044,0.3861962,0.42940336,True
2026-04-01 18:30:00+00:00,BHARTIARTL.NS,1767.4560546875,UP,4,2,2,UP,UP,0.31305772,0.25233546,0.4346068,True
2026-04-01 18:30:00+00:00,INFY.NS,1273.247802734375,STAY,4,1,2,STAY,UP,0.3617007,0.22143824,0.4168611,False
2026-04-01 18:30:00+00:00,HDFCBANK.NS,738.6826171875,UP,4,2,2,UP,UP,0.25531903,0.35757732,0.38710365,True
2026-04-01 18:30:00+00:00,TMPV.NS,300.8047180175781,UP,4,2,2,UP,UP,0.2882973,0.2820241,0.42967868,True
2026-04-01 18:30:00+00:00,SBIN.NS,1000.3683471679688,UP,4,2,2,UP,UP,0.23441802,0.37199467,0.39358735,True
2026-04-01 18:30:00+00:00,LT.NS,3578.151123046875,UP,4,2,2,UP,UP,0.15975013,0.412027,0.42822284,True
2026-04-05 18:30:00+00:00,LT.NS,3691.642333984375,UP,4,2,1,UP,STAY,0.2336579,0.39529037,0.37105173,False
2026-04-05 18:30:00+00:00,ITC.NS,287.0303649902344,UP,4,2,2,UP,UP,0.14021647,0.24145088,0.6183326,True
2026-04-05 18:30:00+00:00,HDFCBANK.NS,758.45556640625,UP,4,2,2,UP,UP,0.33333176,0.3251032,0.34156504,True
2026-04-05 18:30:00+00:00,INFY.NS,1278.5333251953125,DOWN,4,0,0,DOWN,DOWN,0.4237128,0.21250984,0.3637774,True
2026-04-05 18:30:00+00:00,TCS.NS,2427.4951171875,STAY,4,1,1,STAY,STAY,0.2104517,0.45374295,0.3358054,True
2026-04-05 18:30:00+00:00,TMPV.NS,304.8710021972656,UP,4,2,2,UP,UP,0.2833375,0.27067357,0.44598895,True
2026-04-05 18:30:00+00:00,BHARTIARTL.NS,1770.5177001953125,UP,4,2,2,UP,UP,0.31859717,0.2659882,0.41541466,True
2026-04-05 18:30:00+00:00,RELIANCE.NS,1298.6953125,STAY,4,1,0,STAY,DOWN,0.43198127,0.23801251,0.3300062,False
2026-04-05 18:30:00+00:00,SBIN.NS,1014.4642333984376,UP,4,2,2,UP,UP,0.30443022,0.33251187,0.36305794,True
2026-04-05 18:30:00+00:00,ICICIBANK.NS,1221.10546875,UP,4,2,2,UP,UP,0.21604465,0.32199782,0.46195757,True
2026-04-06 18:30:00+00:00,TMPV.NS,306.1603088378906,UP,4,2,2,UP,UP,0.25358677,0.24262963,0.5037836,True
2026-04-06 18:30:00+00:00,ITC.NS,290.5348815917969,UP,4,2,2,UP,UP,0.14831504,0.2365568,0.61512816,True
2026-04-06 18:30:00+00:00,LT.NS,3687.284912109375,UP,4,2,1,UP,STAY,0.27068812,0.46711323,0.26219866,False
2026-04-06 18:30:00+00:00,SBIN.NS,1012.1558227539062,UP,4,2,2,UP,UP,0.29544404,0.34170094,0.36285502,True
2026-04-06 18:30:00+00:00,INFY.NS,1311.0301513671875,DOWN,4,0,0,DOWN,DOWN,0.53405356,0.21711993,0.24882647,True
2026-04-06 18:30:00+00:00,RELIANCE.NS,1298.5958251953125,UP,4,2,0,UP,DOWN,0.35991526,0.2826594,0.35742536,False
2026-04-06 18:30:00+00:00,HDFCBANK.NS,759.4392700195312,UP,4,2,2,UP,UP,0.32023427,0.31575602,0.3640097,True
2026-04-06 18:30:00+00:00,BHARTIARTL.NS,1807.5516357421875,UP,4,2,0,UP,DOWN,0.39273378,0.22343071,0.38383552,False
2026-04-06 18:30:00+00:00,ICICIBANK.NS,1235.0875244140625,UP,4,2,2,UP,UP,0.19120124,0.2380902,0.5707085,True
2026-04-06 18:30:00+00:00,TCS.NS,2492.1591796875,STAY,4,1,1,STAY,STAY,0.33391556,0.36109397,0.3049905,True
2026-04-07 18:30:00+00:00,RELIANCE.NS,1341.5970458984375,STAY,4,1,2,STAY,UP,0.36572084,0.2374439,0.39683527,False
2026-04-07 18:30:00+00:00,BHARTIARTL.NS,1838.4625244140625,DOWN,4,0,0,DOWN,DOWN,0.44455072,0.22172207,0.33372724,True
2026-04-07 18:30:00+00:00,TMPV.NS,331.9960021972656,UP,4,2,2,UP,UP,0.33551455,0.1522423,0.5122431,True
2026-04-07 18:30:00+00:00,HDFCBANK.NS,802.82177734375,DOWN,4,0,0,DOWN,DOWN,0.3853683,0.27030882,0.34432295,True
2026-04-07 18:30:00+00:00,LT.NS,3967.1513671875,UP,4,2,0,UP,DOWN,0.40320247,0.30399376,0.29280373,False
2026-04-07 18:30:00+00:00,ITC.NS,294.4288024902344,STAY,4,1,2,STAY,UP,0.21582504,0.34102586,0.44314915,False
2026-04-07 18:30:00+00:00,INFY.NS,1317.68603515625,DOWN,4,0,0,DOWN,DOWN,0.56792295,0.20751639,0.22456066,True
2026-04-07 18:30:00+00:00,ICICIBANK.NS,1298.2550048828125,UP,4,2,0,UP,DOWN,0.4221521,0.22373849,0.35410944,False
2026-04-07 18:30:00+00:00,TCS.NS,2511.195068359375,STAY,4,1,1,STAY,STAY,0.31738314,0.39614573,0.28647107,True
2026-04-07 18:30:00+00:00,SBIN.NS,1042.656005859375,STAY,4,1,2,STAY,UP,0.2614481,0.23280814,0.50574374,False
2026-04-08 18:30:00+00:00,TCS.NS,2540.436279296875,STAY,4,1,0,STAY,DOWN,0.37474412,0.35469642,0.2705595,False
2026-04-08 18:30:00+00:00,TMPV.NS,330.5083312988281,UP,4,2,2,UP,UP,0.3776035,0.18793486,0.4344616,True
2026-04-08 18:30:00+00:00,LT.NS,3858.512451171875,UP,4,2,1,UP,STAY,0.3356318,0.37384042,0.29052776,False
2026-04-08 18:30:00+00:00,RELIANCE.NS,1323.87890625,UP,4,2,0,UP,DOWN,0.39193004,0.23918152,0.36888844,False
2026-04-08 18:30:00+00:00,ICICIBANK.NS,1270.58837890625,UP,4,2,0,UP,DOWN,0.47714168,0.26867157,0.25418672,False
2026-04-08 18:30:00+00:00,INFY.NS,1303.395263671875,STAY,4,1,0,STAY,DOWN,0.56192905,0.19456188,0.24350911,False
2026-04-08 18:30:00+00:00,HDFCBANK.NS,784.72119140625,STAY,4,1,1,STAY,STAY,0.31681368,0.34470487,0.33848146,True
2026-04-08 18:30:00+00:00,SBIN.NS,1022.5189819335938,UP,4,2,2,UP,UP,0.25731623,0.27469796,0.4679858,True
2026-04-08 18:30:00+00:00,ITC.NS,294.9642028808594,UP,4,2,2,UP,UP,0.24481529,0.34880823,0.40637654,True
2026-04-08 18:30:00+00:00,BHARTIARTL.NS,1836.2899169921875,STAY,4,1,0,STAY,DOWN,0.52053076,0.18991561,0.2895536,False
2026-04-09 18:30:00+00:00,RELIANCE.NS,1343.9859619140625,STAY,4,1,2,STAY,UP,0.3013235,0.25573298,0.44294348,False
2026-04-09 18:30:00+00:00,SBIN.NS,1047.8131103515625,UP,4,2,0,UP,DOWN,0.42659295,0.26450208,0.30890498,False
2026-04-09 18:30:00+00:00,ICICIBANK.NS,1310.848876953125,UP,4,2,0,UP,DOWN,0.4932705,0.18608242,0.32064715,False
2026-04-09 18:30:00+00:00,HDFCBANK.NS,797.1161499023438,DOWN,4,0,0,DOWN,DOWN,0.39838466,0.29773703,0.3038783,True
2026-04-09 18:30:00+00:00,INFY.NS,1265.12353515625,UP,4,2,2,UP,UP,0.4032722,0.13735573,0.45937207,True
2026-04-09 18:30:00+00:00,BHARTIARTL.NS,1846.758056640625,DOWN,4,0,0,DOWN,DOWN,0.5556007,0.16459249,0.27980682,True
2026-04-09 18:30:00+00:00,TCS.NS,2476.94970703125,UP,4,2,0,UP,DOWN,0.38789472,0.2582223,0.35388297,False
2026-04-09 18:30:00+00:00,ITC.NS,296.1810607910156,STAY,4,1,2,STAY,UP,0.27053273,0.3399432,0.3895241,False
2026-04-09 18:30:00+00:00,LT.NS,3921.59619140625,UP,4,2,0,UP,DOWN,0.36857992,0.34239474,0.28902534,False
2026-04-09 18:30:00+00:00,TMPV.NS,339.78143310546875,UP,4,2,0,UP,DOWN,0.43062493,0.16705552,0.40231955,False
2026-04-12 18:30:00+00:00,RELIANCE.NS,1309.0474853515625,UP,4,2,2,UP,UP,0.34872267,0.18944794,0.4618294,True
2026-04-12 18:30:00+00:00,BHARTIARTL.NS,1847.64697265625,STAY,4,1,0,STAY,DOWN,0.5133236,0.16080132,0.32587504,False
2026-04-12 18:30:00+00:00,HDFCBANK.NS,781.7699584960938,UP,4,2,2,UP,UP,0.35914034,0.22012566,0.420734,True
2026-04-12 18:30:00+00:00,TMPV.NS,342.6575622558594,UP,4,2,0,UP,DOWN,0.49321625,0.14576153,0.36102226,False
2026-04-12 18:30:00+00:00,LT.NS,3916.050537109375,UP,4,2,2,UP,UP,0.3221137,0.31525904,0.3626273,True
2026-04-12 18:30:00+00:00,ICICIBANK.NS,1339.8046875,UP,4,2,0,UP,DOWN,0.383039,0.2839102,0.33305076,False
2026-04-12 18:30:00+00:00,ITC.NS,290.72955322265625,UP,4,2,2,UP,UP,0.30076444,0.25177938,0.44745615,True
2026-04-12 18:30:00+00:00,INFY.NS,1249.756103515625,UP,4,2,2,UP,UP,0.36455697,0.1764668,0.45897624,True
2026-04-12 18:30:00+00:00,SBIN.NS,1044.7188720703125,UP,4,2,0,UP,DOWN,0.3957466,0.30047292,0.3037805,False
2026-04-12 18:30:00+00:00,TCS.NS,2426.2197265625,UP,4,2,2,UP,UP,0.3913974,0.16565883,0.4429438,True
2026-04-14 18:30:00+00:00,ITC.NS,294.0393981933594,UP,4,2,2,UP,UP,0.3219429,0.24512553,0.43293163,True
2026-04-14 18:30:00+00:00,ICICIBANK.NS,1336.829833984375,UP,4,2,0,UP,DOWN,0.43065867,0.22186758,0.34747377,False
2026-04-14 18:30:00+00:00,RELIANCE.NS,1337.9140625,UP,4,2,2,UP,UP,0.3390965,0.24054256,0.42036098,True
2026-04-14 18:30:00+00:00,TCS.NS,2506.975830078125,STAY,4,1,2,STAY,UP,0.32307088,0.25142708,0.42550206,False
2026-04-14 18:30:00+00:00,HDFCBANK.NS,796.72265625,DOWN,4,0,0,DOWN,DOWN,0.4441386,0.22739542,0.32846603,True
2026-04-14 18:30:00+00:00,INFY.NS,1277.6524658203125,DOWN,4,0,0,DOWN,DOWN,0.4271782,0.1821182,0.3907036,True
2026-04-14 18:30:00+00:00,SBIN.NS,1052.528076171875,UP,4,2,0,UP,DOWN,0.5673882,0.15706375,0.27554807,False
2026-04-14 18:30:00+00:00,LT.NS,4036.87060546875,DOWN,4,0,2,DOWN,UP,0.29005486,0.2883189,0.42162627,False
2026-04-14 18:30:00+00:00,BHARTIARTL.NS,1832.6357421875,DOWN,4,0,0,DOWN,DOWN,0.46334434,0.21314986,0.32350588,True
2026-04-14 18:30:00+00:00,TMPV.NS,354.9555358886719,UP,4,2,0,UP,DOWN,0.44876108,0.16902797,0.38221097,False
2026-04-15 18:30:00+00:00,BHARTIARTL.NS,1817.7235107421875,STAY,4,1,0,STAY,DOWN,0.4487665,0.18906549,0.36216804,False
2026-04-15 18:30:00+00:00,HDFCBANK.NS,782.5077514648438,DOWN,4,0,2,DOWN,UP,0.37206367,0.166248,0.46168837,False
2026-04-15 18:30:00+00:00,SBIN.NS,1048.255126953125,UP,4,2,0,UP,DOWN,0.49690223,0.14905234,0.35404536,False
2026-04-15 18:30:00+00:00,LT.NS,4079.949462890625,DOWN,4,0,2,DOWN,UP,0.23540786,0.3558565,0.40873566,False
2026-04-15 18:30:00+00:00,TMPV.NS,353.3686828613281,DOWN,4,0,0,DOWN,DOWN,0.47979933,0.19887996,0.32132068,True
2026-04-15 18:30:00+00:00,INFY.NS,1291.2579345703125,DOWN,4,0,0,DOWN,DOWN,0.50558484,0.14452401,0.3498912,True
2026-04-15 18:30:00+00:00,RELIANCE.NS,1337.1177978515625,STAY,4,1,2,STAY,UP,0.27037808,0.2560532,0.47356868,False
2026-04-15 18:30:00+00:00,ITC.NS,295.35357666015625,STAY,4,1,2,STAY,UP,0.30562797,0.2966569,0.39771515,False
2026-04-15 18:30:00+00:00,ICICIBANK.NS,1334.2515869140625,STAY,4,1,0,STAY,DOWN,0.36508605,0.28261846,0.35229552,False
2026-04-15 18:30:00+00:00,TCS.NS,2528.56298828125,DOWN,4,0,2,DOWN,UP,0.3103943,0.26680207,0.4228037,False
2026-04-16 18:30:00+00:00,RELIANCE.NS,1358.7178955078125,DOWN,4,0,2,DOWN,UP,0.28458065,0.30045483,0.41496456,False
2026-04-16 18:30:00+00:00,HDFCBANK.NS,786.8853759765625,DOWN,4,0,2,DOWN,UP,0.36507496,0.2147003,0.42022476,False
2026-04-16 18:30:00+00:00,ICICIBANK.NS,1335.540771484375,DOWN,4,0,2,DOWN,UP,0.34354734,0.26860023,0.38785243,False
2026-04-16 18:30:00+00:00,BHARTIARTL.NS,1823.9451904296875,DOWN,4,0,0,DOWN,DOWN,0.4361172,0.23369987,0.33018297,True
2026-04-16 18:30:00+00:00,SBIN.NS,1061.1231689453125,UP,4,2,0,UP,DOWN,0.60027856,0.14091365,0.2588078,False
2026-04-16 18:30:00+00:00,LT.NS,4056.47900390625,DOWN,4,0,0,DOWN,DOWN,0.3793195,0.2737116,0.34696886,True
2026-04-16 18:30:00+00:00,TCS.NS,2533.07666015625,DOWN,4,0,2,DOWN,UP,0.31068286,0.2664312,0.4228859,False
2026-04-16 18:30:00+00:00,INFY.NS,1290.7685546875,DOWN,4,0,0,DOWN,DOWN,0.4913298,0.19098946,0.31768072,True
2026-04-16 18:30:00+00:00,ITC.NS,298.6634216308594,DOWN,4,0,2,DOWN,UP,0.25889212,0.27364388,0.46746397,False
2026-04-16 18:30:00+00:00,TMPV.NS,357.137451171875,DOWN,4,0,0,DOWN,DOWN,0.4724083,0.19956455,0.3280272,True
2026-04-19 18:30:00+00:00,TCS.NS,2531.212646484375,DOWN,4,0,2,DOWN,UP,0.2993379,0.27977476,0.42088735,False
2026-04-19 18:30:00+00:00,BHARTIARTL.NS,1823.1551513671875,DOWN,4,0,0,DOWN,DOWN,0.41508546,0.23008244,0.35483214,True
2026-04-19 18:30:00+00:00,ITC.NS,296.9111633300781,STAY,4,1,2,STAY,UP,0.32900846,0.2676797,0.40331188,False
2026-04-19 18:30:00+00:00,LT.NS,4011.815185546875,STAY,4,1,2,STAY,UP,0.33636406,0.21177778,0.45185813,False
2026-04-19 18:30:00+00:00,SBIN.NS,1088.2344970703125,STAY,4,1,0,STAY,DOWN,0.5522848,0.1548487,0.2928665,False
2026-04-19 18:30:00+00:00,TMPV.NS,352.7736511230469,STAY,4,1,0,STAY,DOWN,0.41075003,0.24809965,0.34115028,False
2026-04-19 18:30:00+00:00,HDFCBANK.NS,782.5077514648438,STAY,4,1,2,STAY,UP,0.3607951,0.22305857,0.41614634,False
2026-04-19 18:30:00+00:00,ICICIBANK.NS,1344.862060546875,DOWN,4,0,2,DOWN,UP,0.30895808,0.30728444,0.38375747,False
2026-04-19 18:30:00+00:00,INFY.NS,1284.7977294921875,DOWN,4,0,2,DOWN,UP,0.33873755,0.22950919,0.43175334,False
2026-04-19 18:30:00+00:00,RELIANCE.NS,1357.0257568359375,STAY,4,1,2,STAY,UP,0.28729796,0.26576504,0.446937,False
2026-04-20 18:30:00+00:00,ITC.NS,301.4378356933594,DOWN,4,0,2,DOWN,UP,0.24580206,0.26902747,0.48517045,False
2026-04-20 18:30:00+00:00,TCS.NS,2561.532958984375,DOWN,4,0,2,DOWN,UP,0.3069232,0.31136844,0.3817083,False
2026-04-20 18:30:00+00:00,INFY.NS,1285.385009765625,DOWN,4,0,2,DOWN,UP,0.27864087,0.21963981,0.50171936,False
2026-04-20 18:30:00+00:00,LT.NS,4035.97900390625,STAY,4,1,2,STAY,UP,0.35492295,0.27063456,0.3744425,False
2026-04-20 18:30:00+00:00,SBIN.NS,1092.1636962890625,DOWN,4,0,0,DOWN,DOWN,0.4935826,0.18447974,0.3219376,True
2026-04-20 18:30:00+00:00,BHARTIARTL.NS,1831.944580078125,STAY,4,1,0,STAY,DOWN,0.43549377,0.23668799,0.32781824,False
2026-04-20 18:30:00+00:00,RELIANCE.NS,1347.07177734375,UP,4,2,2,UP,UP,0.2644266,0.21955535,0.5160181,True
2026-04-20 18:30:00+00:00,HDFCBANK.NS,798.5425415039062,DOWN,4,0,0,DOWN,DOWN,0.41783717,0.17938805,0.40277478,True
2026-04-20 18:30:00+00:00,ICICIBANK.NS,1376.79296875,DOWN,4,0,1,DOWN,STAY,0.2405342,0.40490288,0.35456297,False
2026-04-20 18:30:00+00:00,TMPV.NS,352.97198486328125,DOWN,4,0,0,DOWN,DOWN,0.44094726,0.21835615,0.34069663,True
2026-04-21 18:30:00+00:00,RELIANCE.NS,1355.8311767578125,UP,4,2,2,UP,UP,0.2904574,0.28069866,0.42884392,True
2026-04-21 18:30:00+00:00,ITC.NS,297.3978881835937,UP,4,2,2,UP,UP,0.29836884,0.22179435,0.47983682,True
2026-04-21 18:30:00+00:00,TMPV.NS,358.873046875,DOWN,4,0,2,DOWN,UP,0.34527943,0.23474157,0.41997907,False
2026-04-21 18:30:00+00:00,INFY.NS,1241.729736328125,DOWN,4,0,0,DOWN,DOWN,0.42880335,0.14783944,0.42335725,True
2026-04-21 18:30:00+00:00,TCS.NS,2490.883544921875,DOWN,4,0,2,DOWN,UP,0.26611212,0.17539595,0.55849195,False
2026-04-21 18:30:00+00:00,HDFCBANK.NS,786.8853759765625,DOWN,4,0,2,DOWN,UP,0.31212693,0.18204516,0.5058279,False
2026-04-21 18:30:00+00:00,ICICIBANK.NS,1356.166748046875,DOWN,4,0,2,DOWN,UP,0.3522654,0.23317343,0.4145612,False
2026-04-21 18:30:00+00:00,LT.NS,3982.20458984375,UP,4,2,2,UP,UP,0.31717116,0.26656076,0.41626805,True
2026-04-21 18:30:00+00:00,BHARTIARTL.NS,1806.2677001953125,UP,4,2,0,UP,DOWN,0.40848792,0.21192294,0.37958914,False
2026-04-21 18:30:00+00:00,SBIN.NS,1083.76513671875,DOWN,4,0,0,DOWN,DOWN,0.50765157,0.1640137,0.32833472,True
2026-04-22 18:30:00+00:00,ICICIBANK.NS,1336.730712890625,DOWN,4,0,2,DOWN,UP,0.35483226,0.21448855,0.43067914,False
2026-04-22 18:30:00+00:00,ITC.NS,297.20318603515625,UP,4,2,2,UP,UP,0.27840015,0.32060537,0.40099448,True
2026-04-22 18:30:00+00:00,BHARTIARTL.NS,1818.3160400390625,UP,4,2,2,UP,UP,0.35000733,0.26621354,0.3837791,True
2026-04-22 18:30:00+00:00,LT.NS,4014.88525390625,STAY,4,1,0,STAY,DOWN,0.41423243,0.28375664,0.3020109,False
2026-04-22 18:30:00+00:00,RELIANCE.NS,1337.21728515625,UP,4,2,2,UP,UP,0.3133583,0.23925065,0.44739103,True
2026-04-22 18:30:00+00:00,HDFCBANK.NS,771.5883178710938,DOWN,4,0,0,DOWN,DOWN,0.42709386,0.17774194,0.3951642,True
2026-04-22 18:30:00+00:00,TMPV.NS,349.05450439453125,DOWN,4,0,0,DOWN,DOWN,0.41219968,0.17608242,0.41171795,True
2026-04-22 18:30:00+00:00,INFY.NS,1214.32275390625,DOWN,4,0,0,DOWN,DOWN,0.38469008,0.23408133,0.38122863,True
2026-04-22 18:30:00+00:00,SBIN.NS,1074.875244140625,DOWN,4,0,0,DOWN,DOWN,0.43977594,0.16914539,0.3910787,True
2026-04-22 18:30:00+00:00,TCS.NS,2474.496826171875,DOWN,4,0,2,DOWN,UP,0.24665974,0.19934951,0.5539907,False
2026-04-23 18:30:00+00:00,ICICIBANK.NS,1315.1129150390625,DOWN,4,0,2,DOWN,UP,0.36044475,0.19714515,0.44241017,False
2026-04-23 18:30:00+00:00,ITC.NS,293.6013488769531,UP,4,2,2,UP,UP,0.3228616,0.18829395,0.4888444,True
2026-04-23 18:30:00+00:00,BHARTIARTL.NS,1791.9478759765625,UP,4,2,2,UP,UP,0.39013636,0.21278521,0.3970784,True
2026-04-23 18:30:00+00:00,LT.NS,3975.47021484375,STAY,4,1,0,STAY,DOWN,0.40190956,0.21258885,0.38550156,False
2026-04-23 18:30:00+00:00,SBIN.NS,1081.60400390625,DOWN,4,0,0,DOWN,DOWN,0.45337415,0.14680433,0.39982155,True
2026-04-23 18:30:00+00:00,TCS.NS,2351.939453125,UP,4,2,2,UP,UP,0.22807935,0.16316593,0.60875475,True
2026-04-23 18:30:00+00:00,HDFCBANK.NS,772.0802001953125,DOWN,4,0,2,DOWN,UP,0.32332557,0.17709044,0.49958402,False
2026-04-23 18:30:00+00:00,INFY.NS,1130.144287109375,UP,4,2,2,UP,UP,0.13195112,0.121867396,0.7461815,True
2026-04-23 18:30:00+00:00,RELIANCE.NS,1321.6890869140625,UP,4,2,2,UP,UP,0.36625156,0.21553244,0.41821608,True
2026-04-23 18:30:00+00:00,TMPV.NS,347.6164245605469,DOWN,4,0,2,DOWN,UP,0.3995741,0.14383782,0.4565881,False
2026-04-26 18:30:00+00:00,TMPV.NS,351.43475341796875,DOWN,4,0,2,DOWN,UP,0.30434114,0.17179231,0.52386653,False
2026-04-26 18:30:00+00:00,TCS.NS,2401.6884765625,STAY,4,1,2,STAY,UP,0.2678729,0.20114434,0.5309828,False
2026-04-26 18:30:00+00:00,SBIN.NS,1092.1636962890625,DOWN,4,0,2,DOWN,UP,0.38018948,0.22338676,0.3964238,False
2026-04-26 18:30:00+00:00,LT.NS,4014.39013671875,UP,4,2,0,UP,DOWN,0.38786817,0.24445818,0.3676737,False
2026-04-26 18:30:00+00:00,HDFCBANK.NS,776.9496459960938,DOWN,4,0,2,DOWN,UP,0.2350898,0.22671773,0.53819245,False
2026-04-26 18:30:00+00:00,BHARTIARTL.NS,1797.478271484375,STAY,4,1,2,STAY,UP,0.34187338,0.27645513,0.3816715,False
2026-04-26 18:30:00+00:00,ICICIBANK.NS,1303.114013671875,DOWN,4,0,2,DOWN,UP,0.2553816,0.26037657,0.4842418,False
2026-04-26 18:30:00+00:00,RELIANCE.NS,1359.51416015625,UP,4,2,2,UP,UP,0.32587326,0.22934994,0.4447768,True
2026-04-26 18:30:00+00:00,ITC.NS,295.7916564941406,UP,4,2,2,UP,UP,0.2587927,0.32437092,0.41683638,True
2026-04-26 18:30:00+00:00,INFY.NS,1145.5118408203125,STAY,4,1,2,STAY,UP,0.14666753,0.16795224,0.6853802,False
2026-04-27 18:30:00+00:00,LT.NS,3998.643798828125,STAY,4,1,2,STAY,UP,0.32777098,0.2567599,0.41546908,False
2026-04-27 18:30:00+00:00,TMPV.NS,347.9139404296875,DOWN,4,0,2,DOWN,UP,0.3373896,0.18123044,0.48138002,False
2026-04-27 18:30:00+00:00,ITC.NS,296.3757629394531,UP,4,2,2,UP,UP,0.21629217,0.3257761,0.4579317,True
2026-04-27 18:30:00+00:00,RELIANCE.NS,1382.5078125,UP,4,2,0,UP,DOWN,0.41799933,0.20174935,0.38025132,False
2026-04-27 18:30:00+00:00,ICICIBANK.NS,1281.1988525390625,DOWN,4,0,2,DOWN,UP,0.27747026,0.2854648,0.43706498,False
2026-04-27 18:30:00+00:00,BHARTIARTL.NS,1820.8837890625,DOWN,4,0,2,DOWN,UP,0.31824616,0.27753285,0.40422097,False
2026-04-27 18:30:00+00:00,INFY.NS,1127.697265625,UP,4,2,2,UP,UP,0.16312344,0.1526052,0.68427134,True
2026-04-27 18:30:00+00:00,SBIN.NS,1071.9775390625,DOWN,4,0,2,DOWN,UP,0.32736602,0.21565135,0.45698258,False
2026-04-27 18:30:00+00:00,TCS.NS,2398.8427734375,STAY,4,1,2,STAY,UP,0.23781803,0.1908871,0.5712949,False
2026-04-27 18:30:00+00:00,HDFCBANK.NS,769.817626953125,DOWN,4,0,2,DOWN,UP,0.2453126,0.22771558,0.5269718,False
2026-04-28 18:30:00+00:00,ICICIBANK.NS,1270.290771484375,STAY,4,1,2,STAY,UP,0.2841599,0.2350757,0.48076445,False
2026-04-28 18:30:00+00:00,BHARTIARTL.NS,1864.6331787109373,DOWN,4,0,0,DOWN,DOWN,0.38440406,0.2637847,0.3518112,True
2026-04-28 18:30:00+00:00,SBIN.NS,1067.655517578125,STAY,4,1,2,STAY,UP,0.30257204,0.21079008,0.48663792,False
2026-04-28 18:30:00+00:00,LT.NS,4056.47900390625,DOWN,4,0,2,DOWN,UP,0.37873992,0.23266079,0.38859925,False
2026-04-28 18:30:00+00:00,ITC.NS,307.86279296875,DOWN,4,0,2,DOWN,UP,0.20951778,0.316669,0.47381327,False
2026-04-28 18:30:00+00:00,TMPV.NS,349.79833984375,UP,4,2,2,UP,UP,0.30115592,0.15058155,0.5482625,True
2026-04-28 18:30:00+00:00,HDFCBANK.NS,766.3253784179688,UP,4,2,2,UP,UP,0.2199387,0.2308646,0.5491967,True
2026-04-28 18:30:00+00:00,RELIANCE.NS,1418.83984375,STAY,4,1,2,STAY,UP,0.32448354,0.23953363,0.4359828,False
2026-04-28 18:30:00+00:00,TCS.NS,2428.280029296875,DOWN,4,0,2,DOWN,UP,0.215838,0.20293435,0.58122766,False
2026-04-28 18:30:00+00:00,INFY.NS,1142.7711181640625,STAY,4,1,2,STAY,UP,0.1106661,0.1467964,0.7425375,False
2026-04-29 18:30:00+00:00,HDFCBANK.NS,759.1441650390625,UP,4,2,2,UP,UP,0.23567633,0.2044847,0.55983895,True
2026-04-29 18:30:00+00:00,BHARTIARTL.NS,1863.349365234375,DOWN,4,0,2,DOWN,UP,0.3819503,0.18622178,0.43182796,False
2026-04-29 18:30:00+00:00,SBIN.NS,1049.5321044921875,UP,4,2,2,UP,UP,0.3054491,0.20717515,0.48737574,True
2026-04-29 18:30:00+00:00,LT.NS,3975.173095703125,STAY,4,1,2,STAY,UP,0.31497726,0.23161107,0.4534117,False
2026-04-29 18:30:00+00:00,RELIANCE.NS,1424.215087890625,STAY,4,1,2,STAY,UP,0.33998102,0.24860695,0.41141203,False
2026-04-29 18:30:00+00:00,ICICIBANK.NS,1252.8380126953125,UP,4,2,2,UP,UP,0.25472915,0.2536678,0.49160305,True
2026-04-29 18:30:00+00:00,ITC.NS,306.548583984375,DOWN,4,0,2,DOWN,UP,0.2842939,0.28022185,0.43548423,False
2026-04-29 18:30:00+00:00,TMPV.NS,338.74005126953125,UP,4,2,2,UP,UP,0.3436749,0.13066323,0.5256618,True
2026-04-29 18:30:00+00:00,TCS.NS,2427.4951171875,DOWN,4,0,2,DOWN,UP,0.21277866,0.2031606,0.5840607,False
2026-04-29 18:30:00+00:00,INFY.NS,1156.768310546875,DOWN,4,0,2,DOWN,UP,0.124319285,0.17133267,0.7043481,False
2026-04-30 18:30:00+00:00,ITC.NS,306.548583984375,DOWN,4,0,2,DOWN,UP,0.1421919,0.2207354,0.63707274,False
2026-04-30 18:30:00+00:00,INFY.NS,1156.768310546875,STAY,4,1,2,STAY,UP,0.121376954,0.14105034,0.73757267,False
2026-04-30 18:30:00+00:00,TMPV.NS,338.74005126953125,UP,4,2,2,UP,UP,0.23839478,0.15647472,0.6051305,True
2026-04-30 18:30:00+00:00,LT.NS,3975.173095703125,STAY,4,1,2,STAY,UP,0.20886563,0.22330357,0.5678308,False
2026-04-30 18:30:00+00:00,RELIANCE.NS,1424.215087890625,STAY,4,1,2,STAY,UP,0.19724731,0.2074746,0.59527814,False
2026-04-30 18:30:00+00:00,SBIN.NS,1049.5321044921875,DOWN,4,0,2,DOWN,UP,0.18322115,0.16294211,0.6538368,False
2026-04-30 18:30:00+00:00,ICICIBANK.NS,1252.8380126953125,STAY,4,1,2,STAY,UP,0.2582141,0.2763516,0.4654343,False
2026-04-30 18:30:00+00:00,TCS.NS,2427.4951171875,DOWN,4,0,2,DOWN,UP,0.09814357,0.16036282,0.7414936,False
2026-04-30 18:30:00+00:00,HDFCBANK.NS,759.1441650390625,UP,4,2,2,UP,UP,0.20307985,0.22691207,0.5700081,True
2026-04-30 18:30:00+00:00,BHARTIARTL.NS,1863.349365234375,DOWN,4,0,2,DOWN,UP,0.19880073,0.12752512,0.67367417,False
2026-05-04 18:30:00+00:00,ITC.NS,303.19012451171875,DOWN,4,0,2,DOWN,UP,0.2412492,0.32047614,0.43827462,False
2026-05-04 18:30:00+00:00,TMPV.NS,337.3515625,STAY,4,1,2,STAY,UP,0.27817822,0.21099386,0.51082796,False
2026-05-04 18:30:00+00:00,TCS.NS,2381.76953125,DOWN,4,0,2,DOWN,UP,0.22375129,0.21919627,0.55705243,False
2026-05-04 18:30:00+00:00,INFY.NS,1153.1466064453125,DOWN,4,0,2,DOWN,UP,0.1836001,0.18114553,0.6352543,False
2026-05-04 18:30:00+00:00,SBIN.NS,1041.133544921875,DOWN,4,0,2,DOWN,UP,0.28662887,0.2504829,0.4628883,False
2026-05-04 18:30:00+00:00,LT.NS,4015.28125,DOWN,4,0,1,DOWN,STAY,0.30421528,0.44965968,0.24612503,False
2026-05-04 18:30:00+00:00,BHARTIARTL.NS,1783.65234375,DOWN,4,0,0,DOWN,DOWN,0.42427906,0.23783733,0.33788365,True
2026-05-04 18:30:00+00:00,HDFCBANK.NS,759.734375,DOWN,4,0,2,DOWN,UP,0.2302313,0.20677523,0.56299347,False
2026-05-04 18:30:00+00:00,ICICIBANK.NS,1240.839111328125,STAY,4,1,2,STAY,UP,0.18810473,0.3119426,0.49995267,False
2026-05-04 18:30:00+00:00,RELIANCE.NS,1456.864013671875,DOWN,4,0,1,DOWN,STAY,0.3199798,0.37374014,0.30628002,False
2026-05-05 18:30:00+00:00,RELIANCE.NS,1431.2823486328125,DOWN,4,0,2,DOWN,UP,0.37018335,0.21020496,0.41961172,False
2026-05-05 18:30:00+00:00,TMPV.NS,355.2034606933594,DOWN,4,0,2,DOWN,UP,0.37495458,0.1696176,0.45542777,False
2026-05-05 18:30:00+00:00,INFY.NS,1142.4774169921875,DOWN,4,0,2,DOWN,UP,0.25111923,0.23917085,0.50970995,False
2026-05-05 18:30:00+00:00,TCS.NS,2389.71728515625,DOWN,4,0,2,DOWN,UP,0.19847502,0.21279962,0.5887254,False
2026-05-05 18:30:00+00:00,BHARTIARTL.NS,1810.9091796875,DOWN,4,0,2,DOWN,UP,0.31279215,0.2736978,0.41351008,False
2026-05-05 18:30:00+00:00,HDFCBANK.NS,783.58984375,DOWN,4,0,2,DOWN,UP,0.25040895,0.24775854,0.50183254,False
2026-05-05 18:30:00+00:00,ICICIBANK.NS,1268.8033447265625,DOWN,4,0,2,DOWN,UP,0.27053654,0.32492498,0.40453848,False
2026-05-05 18:30:00+00:00,ITC.NS,302.4599914550781,DOWN,4,0,2,DOWN,UP,0.21038552,0.33215767,0.45745686,False
2026-05-05 18:30:00+00:00,SBIN.NS,1076.5943603515625,DOWN,4,0,2,DOWN,UP,0.29316807,0.25339705,0.45343488,False
2026-05-05 18:30:00+00:00,LT.NS,3969.726318359375,DOWN,4,0,1,DOWN,STAY,0.3627085,0.4511491,0.18614236,False
2026-05-06 18:30:00+00:00,TMPV.NS,356.29443359375,DOWN,4,0,2,DOWN,UP,0.37974623,0.21168853,0.40856522,False
2026-05-06 18:30:00+00:00,ICICIBANK.NS,1268.3074951171875,DOWN,4,0,2,DOWN,UP,0.30831966,0.31859642,0.37308395,False
2026-05-06 18:30:00+00:00,TCS.NS,2356.35498046875,DOWN,4,0,2,DOWN,UP,0.24282826,0.19781534,0.55935633,False
2026-05-06 18:30:00+00:00,HDFCBANK.NS,783.0979614257812,DOWN,4,0,2,DOWN,UP,0.21659665,0.26769307,0.5157103,False
2026-05-06 18:30:00+00:00,BHARTIARTL.NS,1803.8974609375,UP,4,2,2,UP,UP,0.32689303,0.26716873,0.40593824,True
2026-05-06 18:30:00+00:00,INFY.NS,1138.07275390625,DOWN,4,0,2,DOWN,UP,0.23943153,0.2905295,0.47003904,False
2026-05-06 18:30:00+00:00,RELIANCE.NS,1429.590087890625,DOWN,4,0,0,DOWN,DOWN,0.41140205,0.22187607,0.36672184,True
2026-05-06 18:30:00+00:00,SBIN.NS,1072.6651611328125,DOWN,4,0,2,DOWN,UP,0.28065068,0.25302732,0.46632206,False
2026-05-06 18:30:00+00:00,ITC.NS,299.2474975585937,STAY,4,1,2,STAY,UP,0.21094133,0.2808322,0.50822645,False
2026-05-06 18:30:00+00:00,LT.NS,3984.0859375,DOWN,4,0,0,DOWN,DOWN,0.4712091,0.38191476,0.14687614,True
2026-05-07 18:30:00+00:00,TCS.NS,2349.486083984375,DOWN,4,0,2,DOWN,UP,0.22530997,0.22863308,0.546057,False
2026-05-07 18:30:00+00:00,ITC.NS,299.29620361328125,STAY,4,1,2,STAY,UP,0.20584784,0.32149184,0.47266036,False
2026-05-07 18:30:00+00:00,TMPV.NS,352.52569580078125,STAY,4,1,2,STAY,UP,0.3689359,0.18433881,0.4467253,False
2026-05-07 18:30:00+00:00,HDFCBANK.NS,768.145263671875,DOWN,4,0,2,DOWN,UP,0.3128927,0.17346253,0.51364475,False
2026-05-07 18:30:00+00:00,SBIN.NS,1001.2523193359376,DOWN,4,0,2,DOWN,UP,0.38754323,0.20228463,0.41017216,False
2026-05-07 18:30:00+00:00,BHARTIARTL.NS,1811.6993408203125,UP,4,2,2,UP,UP,0.34043863,0.2462885,0.4132729,True
2026-05-07 18:30:00+00:00,ICICIBANK.NS,1254.226318359375,DOWN,4,0,0,DOWN,DOWN,0.43364197,0.21509477,0.3512632,True
2026-05-07 18:30:00+00:00,INFY.NS,1154.2232666015625,DOWN,4,0,2,DOWN,UP,0.2340626,0.37646782,0.3894696,False
2026-05-07 18:30:00+00:00,RELIANCE.NS,1428.5947265625,DOWN,4,0,0,DOWN,DOWN,0.41262546,0.23640794,0.35096666,True
2026-05-07 18:30:00+00:00,LT.NS,3936.05517578125,DOWN,4,0,0,DOWN,DOWN,0.4031864,0.40079755,0.196016,True
2026-05-10 18:30:00+00:00,SBIN.NS,956.3615112304688,DOWN,4,0,2,DOWN,UP,0.29567522,0.21473427,0.48959047,False
2026-05-10 18:30:00+00:00,TCS.NS,2348.014404296875,DOWN,4,0,2,DOWN,UP,0.2277188,0.21634105,0.55594015,False
2026-05-10 18:30:00+00:00,RELIANCE.NS,1381.81103515625,DOWN,4,0,2,DOWN,UP,0.29617274,0.25592843,0.4478988,False
2026-05-10 18:30:00+00:00,HDFCBANK.NS,751.2251586914062,STAY,4,1,2,STAY,UP,0.35927474,0.20769297,0.43303233,False
2026-05-10 18:30:00+00:00,ICICIBANK.NS,1255.8128662109375,DOWN,4,0,2,DOWN,UP,0.27073678,0.3591206,0.3701426,False
2026-05-10 18:30:00+00:00,TMPV.NS,343.1534423828125,UP,4,2,2,UP,UP,0.41621885,0.14185154,0.4419296,True
2026-05-10 18:30:00+00:00,LT.NS,3902.0869140625,STAY,4,1,0,STAY,DOWN,0.3912438,0.3488047,0.25995144,False
2026-05-10 18:30:00+00:00,BHARTIARTL.NS,1737.9278564453125,UP,4,2,0,UP,DOWN,0.40337068,0.25568077,0.34094852,False
2026-05-10 18:30:00+00:00,ITC.NS,297.7386169433594,UP,4,2,2,UP,UP,0.1620536,0.40272865,0.4352178,True
2026-05-10 18:30:00+00:00,INFY.NS,1152.0699462890625,DOWN,4,0,2,DOWN,UP,0.17128159,0.21139275,0.6173257,False
2026-05-11 18:30:00+00:00,TCS.NS,2257.151611328125,UP,4,2,2,UP,UP,0.25845268,0.18452466,0.55702263,True
2026-05-11 18:30:00+00:00,HDFCBANK.NS,738.2399291992188,UP,4,2,2,UP,UP,0.3415172,0.22931162,0.42917117,True
2026-05-11 18:30:00+00:00,BHARTIARTL.NS,1734.965087890625,UP,4,2,0,UP,DOWN,0.41184032,0.275226,0.3129337,False
2026-05-11 18:30:00+00:00,RELIANCE.NS,1357.722412109375,DOWN,4,0,2,DOWN,UP,0.28954613,0.18386945,0.5265844,False
2026-05-11 18:30:00+00:00,LT.NS,3819.196533203125,UP,4,2,0,UP,DOWN,0.3946657,0.36201477,0.24331959,False
2026-05-11 18:30:00+00:00,ITC.NS,292.7252197265625,UP,4,2,2,UP,UP,0.20572187,0.33702055,0.45725763,True
2026-05-11 18:30:00+00:00,INFY.NS,1116.1473388671875,UP,4,2,2,UP,UP,0.33212677,0.25920826,0.40866497,True
2026-05-11 18:30:00+00:00,SBIN.NS,957.3438110351562,STAY,4,1,2,STAY,UP,0.21909635,0.1732848,0.60761887,False
2026-05-11 18:30:00+00:00,ICICIBANK.NS,1229.93115234375,STAY,4,1,2,STAY,UP,0.328189,0.30364263,0.36816835,False
2026-05-11 18:30:00+00:00,TMPV.NS,334.0787353515625,UP,4,2,2,UP,UP,0.40430176,0.16754487,0.4281534,True
2026-05-12 18:30:00+00:00,BHARTIARTL.NS,1766.9622802734375,UP,4,2,0,UP,DOWN,0.4158285,0.22471657,0.35945493,False
2026-05-12 18:30:00+00:00,TMPV.NS,334.0787353515625,UP,4,2,2,UP,UP,0.34423113,0.29060492,0.3651639,True
2026-05-12 18:30:00+00:00,ITC.NS,296.3757629394531,UP,4,2,1,UP,STAY,0.116992086,0.5075969,0.37541106,False
2026-05-12 18:30:00+00:00,INFY.NS,1099.3115234375,UP,4,2,1,UP,STAY,0.27759442,0.36469185,0.3577137,False
2026-05-12 18:30:00+00:00,LT.NS,3877.923095703125,STAY,4,1,0,STAY,DOWN,0.4796017,0.30203924,0.21835901,False
2026-05-12 18:30:00+00:00,SBIN.NS,952.9234619140624,STAY,4,1,2,STAY,UP,0.23822866,0.22480166,0.53696966,False
2026-05-12 18:30:00+00:00,HDFCBANK.NS,737.4037475585938,UP,4,2,2,UP,UP,0.22484316,0.35218015,0.42297667,True
2026-05-12 18:30:00+00:00,RELIANCE.NS,1352.54638671875,STAY,4,1,2,STAY,UP,0.3102853,0.26157776,0.42813691,False
2026-05-12 18:30:00+00:00,TCS.NS,2230.167236328125,UP,4,2,2,UP,UP,0.16157396,0.32968867,0.5087374,True
2026-05-12 18:30:00+00:00,ICICIBANK.NS,1225.2703857421875,STAY,4,1,1,STAY,STAY,0.30027202,0.36577463,0.3339534,True
2026-05-13 18:30:00+00:00,INFY.NS,1071.8067626953125,UP,4,2,2,UP,UP,0.23088112,0.2898676,0.47925127,True
2026-05-13 18:30:00+00:00,BHARTIARTL.NS,1860.09033203125,STAY,4,1,2,STAY,UP,0.3272274,0.25116003,0.4216126,False
2026-05-13 18:30:00+00:00,RELIANCE.NS,1355.5325927734375,STAY,4,1,2,STAY,UP,0.31023383,0.23974451,0.45002165,False
2026-05-13 18:30:00+00:00,SBIN.NS,962.5499877929688,DOWN,4,0,2,DOWN,UP,0.30151856,0.24917145,0.44931,False
2026-05-13 18:30:00+00:00,TCS.NS,2203.8701171875,UP,4,2,2,UP,UP,0.13369334,0.23291424,0.6333924,True
2026-05-13 18:30:00+00:00,TMPV.NS,335.96307373046875,UP,4,2,2,UP,UP,0.34779873,0.21459796,0.43760335,True
2026-05-13 18:30:00+00:00,HDFCBANK.NS,757.0291748046875,DOWN,4,0,2,DOWN,UP,0.21512163,0.24200942,0.542869,False
2026-05-13 18:30:00+00:00,ITC.NS,299.0528259277344,STAY,4,1,2,STAY,UP,0.1589838,0.3965046,0.44451162,False
2026-05-13 18:30:00+00:00,ICICIBANK.NS,1235.5833740234375,STAY,4,1,2,STAY,UP,0.25112548,0.37339666,0.37547785,False
2026-05-13 18:30:00+00:00,LT.NS,3902.284912109375,STAY,4,1,0,STAY,DOWN,0.36916125,0.3411359,0.2897029,False
2026-05-14 18:30:00+00:00,RELIANCE.NS,1330.24951171875,UP,4,2,2,UP,UP,0.33782938,0.24615033,0.41602033,True
2026-05-14 18:30:00+00:00,SBIN.NS,963.2000122070312,DOWN,4,0,2,DOWN,UP,0.28069937,0.24380572,0.47549486,False
2026-05-14 18:30:00+00:00,HDFCBANK.NS,755.0125122070312,STAY,4,1,2,STAY,UP,0.24736917,0.2469468,0.505684,False
2026-05-14 18:30:00+00:00,ICICIBANK.NS,1234.095947265625,UP,4,2,1,UP,STAY,0.26700562,0.38450015,0.3484942,False
2026-05-14 18:30:00+00:00,INFY.NS,1095.2984619140625,UP,4,2,1,UP,STAY,0.29541066,0.3666032,0.33798614,False
2026-05-14 18:30:00+00:00,TMPV.NS,353.6166381835937,UP,4,2,2,UP,UP,0.3945198,0.19683805,0.40864208,True
2026-05-14 18:30:00+00:00,TCS.NS,2221.532470703125,UP,4,2,2,UP,UP,0.18635504,0.37456042,0.43908453,True
2026-05-14 18:30:00+00:00,BHARTIARTL.NS,1881.7181396484373,DOWN,4,0,2,DOWN,UP,0.34288293,0.30660844,0.3505086,False
2026-05-14 18:30:00+00:00,LT.NS,3871.188720703125,UP,4,2,0,UP,DOWN,0.40232667,0.33121237,0.26646098,False
2026-05-14 18:30:00+00:00,ITC.NS,301.2431640625,DOWN,4,0,2,DOWN,UP,0.20492053,0.35230398,0.44277546,False
2026-05-17 18:30:00+00:00,RELIANCE.NS,1329.7518310546875,UP,4,2,2,UP,UP,0.33945546,0.23485173,0.4256928,True
2026-05-17 18:30:00+00:00,SBIN.NS,939.4000244140624,UP,4,2,2,UP,UP,0.28935263,0.25947094,0.45117643,True
2026-05-17 18:30:00+00:00,TMPV.NS,350.2445983886719,UP,4,2,0,UP,DOWN,0.44784978,0.17115512,0.38099512,False
2026-05-17 18:30:00+00:00,LT.NS,3879.903564453125,UP,4,2,1,UP,STAY,0.36561826,0.3687356,0.26564616,False
2026-05-17 18:30:00+00:00,INFY.NS,1118.3006591796875,UP,4,2,2,UP,UP,0.32917392,0.29984215,0.37098393,True
2026-05-17 18:30:00+00:00,TCS.NS,2240.3720703125,UP,4,2,2,UP,UP,0.2101439,0.3042839,0.4855722,True
2026-05-17 18:30:00+00:00,HDFCBANK.NS,756.143798828125,UP,4,2,2,UP,UP,0.22863136,0.21334998,0.5580187,True
2026-05-17 18:30:00+00:00,ITC.NS,301.924560546875,DOWN,4,0,2,DOWN,UP,0.24376525,0.3113273,0.4449074,False
2026-05-17 18:30:00+00:00,ICICIBANK.NS,1240.6407470703125,UP,4,2,2,UP,UP,0.2358091,0.3688711,0.39531976,True
2026-05-17 18:30:00+00:00,BHARTIARTL.NS,1914.01171875,DOWN,4,0,0,DOWN,DOWN,0.3668323,0.26831245,0.3648552,True
2026-05-18 18:30:00+00:00,BHARTIARTL.NS,1889.7174072265625,DOWN,4,0,2,DOWN,UP,0.37372985,0.22547038,0.40079978,False
2026-05-18 18:30:00+00:00,INFY.NS,1171.5484619140625,DOWN,4,0,2,DOWN,UP,0.20864183,0.22022717,0.57113105,False
2026-05-18 18:30:00+00:00,ICICIBANK.NS,1230.4268798828125,UP,4,2,2,UP,UP,0.22734597,0.33149782,0.44115624,True
2026-05-18 18:30:00+00:00,SBIN.NS,948.7999877929688,UP,4,2,1,UP,STAY,0.32494316,0.39140117,0.28365567,False
2026-05-18 18:30:00+00:00,HDFCBANK.NS,750.044677734375,UP,4,2,2,UP,UP,0.2238472,0.22332002,0.5528328,True
2026-05-18 18:30:00+00:00,TMPV.NS,358.2283935546875,UP,4,2,2,UP,UP,0.3778154,0.15554623,0.4666384,True
2026-05-18 18:30:00+00:00,LT.NS,3883.07275390625,UP,4,2,0,UP,DOWN,0.42280072,0.3244738,0.25272554,False
2026-05-18 18:30:00+00:00,ITC.NS,302.0705871582031,DOWN,4,0,2,DOWN,UP,0.22122407,0.29886904,0.4799069,False
2026-05-18 18:30:00+00:00,TCS.NS,2283.448974609375,STAY,4,1,2,STAY,UP,0.21561669,0.2802197,0.5041636,False
2026-05-18 18:30:00+00:00,RELIANCE.NS,1316.6124267578125,UP,4,2,2,UP,UP,0.27314946,0.21105565,0.5157949,True
2026-05-19 18:30:00+00:00,TMPV.NS,358.2779846191406,UP,4,2,0,UP,DOWN,0.41178513,0.18887803,0.3993368,False
2026-05-19 18:30:00+00:00,HDFCBANK.NS,747.1427001953125,STAY,4,1,2,STAY,UP,0.2630272,0.24838953,0.4885833,False
2026-05-19 18:30:00+00:00,LT.NS,3872.872314453125,UP,4,2,1,UP,STAY,0.36283624,0.4032274,0.23393638,False
2026-05-19 18:30:00+00:00,INFY.NS,1168.4161376953125,DOWN,4,0,2,DOWN,UP,0.20411308,0.36426744,0.4316195,False
2026-05-19 18:30:00+00:00,BHARTIARTL.NS,1881.224365234375,DOWN,4,0,2,DOWN,UP,0.37753955,0.20534775,0.41711268,False
2026-05-19 18:30:00+00:00,RELIANCE.NS,1353.442138671875,STAY,4,1,2,STAY,UP,0.307181,0.24499899,0.44782,False
2026-05-19 18:30:00+00:00,TCS.NS,2283.7431640625,STAY,4,1,2,STAY,UP,0.16961041,0.25755712,0.57283247,False
2026-05-19 18:30:00+00:00,ITC.NS,299.3935241699219,DOWN,4,0,2,DOWN,UP,0.21960506,0.30595145,0.4744435,False
2026-05-19 18:30:00+00:00,ICICIBANK.NS,1226.9561767578125,UP,4,2,2,UP,UP,0.24485143,0.34934768,0.40580085,True
2026-05-19 18:30:00+00:00,SBIN.NS,950.9000244140624,UP,4,2,1,UP,STAY,0.33690718,0.41122213,0.2518707,False
2026-05-20 18:30:00+00:00,TMPV.NS,358.3771667480469,UP,4,2,2,UP,UP,0.42547426,0.12529361,0.4492321,True
2026-05-20 18:30:00+00:00,ICICIBANK.NS,1232.41015625,UP,4,2,1,UP,STAY,0.24068007,0.38398117,0.37533873,False
2026-05-20 18:30:00+00:00,SBIN.NS,950.9000244140624,UP,4,2,1,UP,STAY,0.32061353,0.4120971,0.2672894,False
2026-05-20 18:30:00+00:00,ITC.NS,299.8802490234375,DOWN,4,0,2,DOWN,UP,0.214512,0.24872409,0.53676397,False
2026-05-20 18:30:00+00:00,INFY.NS,1156.180908203125,DOWN,4,0,2,DOWN,UP,0.2223466,0.28891766,0.48873577,False
2026-05-20 18:30:00+00:00,HDFCBANK.NS,746.7984008789062,STAY,4,1,2,STAY,UP,0.25257128,0.18840437,0.5590244,False
2026-05-20 18:30:00+00:00,TCS.NS,2283.546875,STAY,4,1,2,STAY,UP,0.17603089,0.24403392,0.5799352,False
2026-05-20 18:30:00+00:00,BHARTIARTL.NS,1861.8680419921875,DOWN,4,0,2,DOWN,UP,0.3171464,0.22457936,0.45827428,False
2026-05-20 18:30:00+00:00,LT.NS,3890.5,UP,4,2,0,UP,DOWN,0.54805565,0.27040467,0.18153971,False
2026-05-20 18:30:00+00:00,RELIANCE.NS,1343.388671875,STAY,4,1,2,STAY,UP,0.26829976,0.26323614,0.46846408,False
2026-05-21 18:30:00+00:00,RELIANCE.NS,1348.26611328125,DOWN,4,0,2,DOWN,UP,0.2780841,0.24370389,0.47821203,False
2026-05-21 18:30:00+00:00,BHARTIARTL.NS,1848.1407470703125,DOWN,4,0,2,DOWN,UP,0.30320448,0.23632109,0.46047443,False
2026-05-21 18:30:00+00:00,ICICIBANK.NS,1253.73046875,STAY,4,1,1,STAY,STAY,0.27927083,0.39091635,0.3298128,True
2026-05-21 18:30:00+00:00,SBIN.NS,949.2000122070312,UP,4,2,1,UP,STAY,0.33770388,0.38379416,0.278502,False
2026-05-21 18:30:00+00:00,HDFCBANK.NS,754.3239135742188,DOWN,4,0,2,DOWN,UP,0.2599142,0.2188826,0.5212032,False
2026-05-21 18:30:00+00:00,INFY.NS,1149.622802734375,DOWN,4,0,2,DOWN,UP,0.17186774,0.274409,0.5537232,False
2026-05-21 18:30:00+00:00,TCS.NS,2273.83251953125,DOWN,4,0,2,DOWN,UP,0.17814721,0.20796964,0.61388314,False
2026-05-21 18:30:00+00:00,ITC.NS,293.6986999511719,DOWN,4,0,2,DOWN,UP,0.24719737,0.22293591,0.5298667,False
2026-05-21 18:30:00+00:00,TMPV.NS,360.3607177734375,UP,4,2,2,UP,UP,0.3366059,0.21326299,0.4501311,True
2026-05-21 18:30:00+00:00,LT.NS,3926.60009765625,UP,4,2,0,UP,DOWN,0.516784,0.2757485,0.2074675,False
2026-05-24 18:30:00+00:00,SBIN.NS,969.5999755859376,DOWN,4,0,1,DOWN,STAY,0.32965544,0.3521301,0.31821448,False
2026-05-24 18:30:00+00:00,ICICIBANK.NS,1281.0006103515625,DOWN,4,0,1,DOWN,STAY,0.34097952,0.4005355,0.258485,False
2026-05-24 18:30:00+00:00,LT.NS,4033.39990234375,STAY,4,1,0,STAY,DOWN,0.43188742,0.32401356,0.24409899,False
2026-05-24 18:30:00+00:00,HDFCBANK.NS,774.0476684570312,DOWN,4,0,2,DOWN,UP,0.30712464,0.2868374,0.40603793,False
2026-05-24 18:30:00+00:00,INFY.NS,1143.75,UP,4,2,2,UP,UP,0.17573063,0.2755353,0.54873407,True
2026-05-24 18:30:00+00:00,TMPV.NS,370.1792602539063,UP,4,2,2,UP,UP,0.23582596,0.24620725,0.5179668,True
2026-05-24 18:30:00+00:00,BHARTIARTL.NS,1851.49853515625,DOWN,4,0,2,DOWN,UP,0.28154728,0.27657425,0.44187844,False
2026-05-24 18:30:00+00:00,RELIANCE.NS,1360.7086181640625,DOWN,4,0,2,DOWN,UP,0.28709155,0.32706323,0.38584524,False
2026-05-24 18:30:00+00:00,ITC.NS,295.8890075683594,DOWN,4,0,2,DOWN,UP,0.19384204,0.32128385,0.48487416,False
2026-05-24 18:30:00+00:00,TCS.NS,2295.61328125,STAY,4,1,2,STAY,UP,0.19299872,0.2593744,0.5476269,False
2026-05-25 18:30:00+00:00,BHARTIARTL.NS,1823.9451904296875,DOWN,4,0,2,DOWN,UP,0.27076772,0.2603602,0.46887207,False
2026-05-25 18:30:00+00:00,TCS.NS,2263.78759765625,UP,4,2,2,UP,UP,0.22125344,0.17291653,0.60583,True
2026-05-25 18:30:00+00:00,HDFCBANK.NS,766.22705078125,DOWN,4,0,2,DOWN,UP,0.2657931,0.28545263,0.44875425,False
2026-05-25 18:30:00+00:00,SBIN.NS,968.5,DOWN,4,0,2,DOWN,UP,0.2877643,0.28448448,0.42775124,False
2026-05-25 18:30:00+00:00,LT.NS,4037.800048828125,STAY,4,1,0,STAY,DOWN,0.45536503,0.31137052,0.23326449,False
2026-05-25 18:30:00+00:00,TMPV.NS,382.4276428222656,UP,4,2,2,UP,UP,0.25064352,0.2264485,0.522908,True
2026-05-25 18:30:00+00:00,ICICIBANK.NS,1268.4066162109375,DOWN,4,0,0,DOWN,DOWN,0.41737533,0.2904476,0.29217702,True
2026-05-25 18:30:00+00:00,ITC.NS,293.6499938964844,DOWN,4,0,2,DOWN,UP,0.17024656,0.2891866,0.54056686,False
2026-05-25 18:30:00+00:00,INFY.NS,1142.966796875,UP,4,2,2,UP,UP,0.1764846,0.23394172,0.5895737,True
2026-05-25 18:30:00+00:00,RELIANCE.NS,1350.0579833984375,DOWN,4,0,2,DOWN,UP,0.30361608,0.31575632,0.38062763,False
2026-05-26 18:30:00+00:00,ITC.NS,291.95001220703125,DOWN,4,0,2,DOWN,UP,0.103280686,0.31265697,0.58406234,False
2026-05-26 18:30:00+00:00,BHARTIARTL.NS,1829.1793212890625,DOWN,4,0,2,DOWN,UP,0.28553566,0.29218662,0.4222777,False
2026-05-26 18:30:00+00:00,LT.NS,4047.5,DOWN,4,0,0,DOWN,DOWN,0.5421322,0.24805386,0.20981395,True
2026-05-26 18:30:00+00:00,SBIN.NS,967.7999877929688,STAY,4,1,2,STAY,UP,0.274473,0.34233642,0.38319057,False
2026-05-26 18:30:00+00:00,TMPV.NS,397.6513671875,STAY,4,1,2,STAY,UP,0.3331921,0.27175748,0.39505038,False
2026-05-26 18:30:00+00:00,ICICIBANK.NS,1262.0601806640625,DOWN,4,0,0,DOWN,DOWN,0.416325,0.30820397,0.27547103,True
2026-05-26 18:30:00+00:00,TCS.NS,2271.744140625,DOWN,4,0,2,DOWN,UP,0.20750405,0.19472231,0.5977737,False
2026-05-26 18:30:00+00:00,INFY.NS,1135.3321533203125,UP,4,2,2,UP,UP,0.1987935,0.17835027,0.62285626,True
2026-05-26 18:30:00+00:00,HDFCBANK.NS,746.3065185546875,STAY,4,1,2,STAY,UP,0.32156336,0.17278636,0.5056503,False
2026-05-26 18:30:00+00:00,RELIANCE.NS,1344.2845458984375,DOWN,4,0,2,DOWN,UP,0.3261658,0.265474,0.40836015,False
2026-05-27 18:30:00+00:00,BHARTIARTL.NS,1829.1793212890625,DOWN,4,0,2,DOWN,UP,0.19074053,0.20506881,0.60419065,False
2026-05-27 18:30:00+00:00,TMPV.NS,397.6513671875,STAY,4,1,2,STAY,UP,0.22029307,0.1870551,0.5926518,False
2026-05-27 18:30:00+00:00,HDFCBANK.NS,746.3065185546875,STAY,4,1,2,STAY,UP,0.18126981,0.18515408,0.6335761,False
2026-05-27 18:30:00+00:00,RELIANCE.NS,1344.2845458984375,DOWN,4,0,2,DOWN,UP,0.23302865,0.20403662,0.56293476,False
2026-05-27 18:30:00+00:00,ITC.NS,291.95001220703125,DOWN,4,0,2,DOWN,UP,0.08393867,0.34387237,0.5721889,False
2026-05-27 18:30:00+00:00,TCS.NS,2271.744140625,DOWN,4,0,2,DOWN,UP,0.119892016,0.12384089,0.7562671,False
2026-05-27 18:30:00+00:00,ICICIBANK.NS,1262.0601806640625,DOWN,4,0,2,DOWN,UP,0.29219264,0.21482061,0.4929868,False
2026-05-27 18:30:00+00:00,LT.NS,4047.5,DOWN,4,0,0,DOWN,DOWN,0.6261636,0.116569005,0.2572674,True
2026-05-27 18:30:00+00:00,SBIN.NS,967.7999877929688,UP,4,2,2,UP,UP,0.15385294,0.2088226,0.6373244,True
2026-05-27 18:30:00+00:00,INFY.NS,1135.3321533203125,UP,4,2,2,UP,UP,0.11052794,0.11270916,0.7767629,True
2026-05-31 18:30:00+00:00,TMPV.NS,381.7333984375,UP,4,2,2,UP,UP,0.33655062,0.2493608,0.4140886,True
2026-05-31 18:30:00+00:00,ICICIBANK.NS,1229.3360595703125,STAY,4,1,1,STAY,STAY,0.34546858,0.34868896,0.30584243,True
2026-05-31 18:30:00+00:00,HDFCBANK.NS,730.6160278320312,STAY,4,1,2,STAY,UP,0.26130566,0.36261672,0.37607762,False
2026-05-31 18:30:00+00:00,SBIN.NS,954.0999755859376,UP,4,2,2,UP,UP,0.31465453,0.2803386,0.4050069,True
2026-05-31 18:30:00+00:00,BHARTIARTL.NS,1788.0963134765625,STAY,4,1,2,STAY,UP,0.30478933,0.23607618,0.45913452,False
2026-05-31 18:30:00+00:00,RELIANCE.NS,1313.9249267578125,DOWN,4,0,0,DOWN,DOWN,0.42232394,0.23715116,0.34052488,True
2026-05-31 18:30:00+00:00,LT.NS,4010.800048828125,DOWN,4,0,0,DOWN,DOWN,0.71131593,0.19796252,0.09072156,True
2026-05-31 18:30:00+00:00,TCS.NS,2284.8720703125,DOWN,4,0,2,DOWN,UP,0.2317275,0.2472041,0.5210684,False
2026-05-31 18:30:00+00:00,INFY.NS,1177.02978515625,DOWN,4,0,2,DOWN,UP,0.27668318,0.20225401,0.5210628,False
2026-05-31 18:30:00+00:00,ITC.NS,279.6499938964844,STAY,4,1,2,STAY,UP,0.22582059,0.3206299,0.45354947,False
2026-06-01 18:30:00+00:00,HDFCBANK.NS,736.0757446289062,DOWN,4,0,2,DOWN,UP,0.24179897,0.27543196,0.482769,False
2026-06-01 18:30:00+00:00,TCS.NS,2433.556884765625,DOWN,4,0,0,DOWN,DOWN,0.37763387,0.3621024,0.26026374,True
2026-06-01 18:30:00+00:00,INFY.NS,1243.8831787109375,DOWN,4,0,0,DOWN,DOWN,0.37404743,0.3250558,0.30089676,True
2026-06-01 18:30:00+00:00,ITC.NS,283.25,DOWN,4,0,2,DOWN,UP,0.1939538,0.3706796,0.43536666,False
2026-06-01 18:30:00+00:00,LT.NS,4000.89990234375,DOWN,4,0,0,DOWN,DOWN,0.7638197,0.16340631,0.07277394,True
2026-06-01 18:30:00+00:00,RELIANCE.NS,1308.5498046875,DOWN,4,0,0,DOWN,DOWN,0.4205743,0.2394665,0.3399592,True
2026-06-01 18:30:00+00:00,TMPV.NS,386.9898071289063,STAY,4,1,2,STAY,UP,0.37262526,0.23506394,0.39231083,False
2026-06-01 18:30:00+00:00,BHARTIARTL.NS,1791.651611328125,STAY,4,1,2,STAY,UP,0.286372,0.24558133,0.4680467,False
2026-06-01 18:30:00+00:00,SBIN.NS,956.6500244140624,UP,4,2,2,UP,UP,0.24709246,0.28819457,0.464713,True
2026-06-01 18:30:00+00:00,ICICIBANK.NS,1216.3455810546875,UP,4,2,2,UP,UP,0.25363097,0.37113336,0.37523568,True
2026-06-02 18:30:00+00:00,INFY.NS,1196.7039794921875,DOWN,4,0,2,DOWN,UP,0.30015227,0.23782285,0.4620249,False
2026-06-02 18:30:00+00:00,LT.NS,3953.199951171875,STAY,4,1,0,STAY,DOWN,0.6316255,0.23881009,0.12956439,False
2026-06-02 18:30:00+00:00,ITC.NS,277.0,UP,4,2,2,UP,UP,0.21522643,0.24997164,0.53480196,True
2026-06-02 18:30:00+00:00,TMPV.NS,394.8743896484375,DOWN,4,0,1,DOWN,STAY,0.28297123,0.36359,0.3534388,False
2026-06-02 18:30:00+00:00,TCS.NS,2229.475830078125,DOWN,4,0,2,DOWN,UP,0.38458207,0.1712864,0.4441315,False
2026-06-02 18:30:00+00:00,BHARTIARTL.NS,1801.4285888671875,DOWN,4,0,2,DOWN,UP,0.27627814,0.27769086,0.44603106,False
2026-06-02 18:30:00+00:00,RELIANCE.NS,1307.15625,DOWN,4,0,0,DOWN,DOWN,0.41238603,0.23930131,0.34831268,True
2026-06-02 18:30:00+00:00,ICICIBANK.NS,1231.6168212890625,UP,4,2,2,UP,UP,0.24860471,0.3739591,0.37743622,True
2026-06-02 18:30:00+00:00,HDFCBANK.NS,741.3878784179688,STAY,4,1,2,STAY,UP,0.2195193,0.3195746,0.46090615,False
2026-06-02 18:30:00+00:00,SBIN.NS,970.4500122070312,UP,4,2,2,UP,UP,0.2427023,0.2452971,0.5120006,True
2026-06-03 18:30:00+00:00,ITC.NS,280.29998779296875,STAY,4,1,2,STAY,UP,0.17019823,0.32381707,0.5059847,False
2026-06-03 18:30:00+00:00,ICICIBANK.NS,1241.2357177734375,UP,4,2,2,UP,UP,0.25949863,0.32586783,0.41463354,True
2026-06-03 18:30:00+00:00,RELIANCE.NS,1297.699951171875,DOWN,4,0,0,DOWN,DOWN,0.42137343,0.2683178,0.31030878,True
2026-06-03 18:30:00+00:00,SBIN.NS,979.25,UP,4,2,2,UP,UP,0.31855854,0.24870661,0.43273485,True
2026-06-03 18:30:00+00:00,LT.NS,3942.10009765625,DOWN,4,0,0,DOWN,DOWN,0.7126539,0.1777255,0.10962067,True
2026-06-03 18:30:00+00:00,HDFCBANK.NS,741.9288940429688,DOWN,4,0,2,DOWN,UP,0.21700396,0.3095349,0.47346112,False
2026-06-03 18:30:00+00:00,TCS.NS,2228.77978515625,DOWN,4,0,2,DOWN,UP,0.3549837,0.20730081,0.43771544,False
2026-06-03 18:30:00+00:00,TMPV.NS,396.4116516113281,DOWN,4,0,2,DOWN,UP,0.34506395,0.26030695,0.39462915,False
2026-06-03 18:30:00+00:00,INFY.NS,1175.855224609375,DOWN,4,0,2,DOWN,UP,0.29471517,0.17458697,0.5306979,False
2026-06-03 18:30:00+00:00,BHARTIARTL.NS,1796.293212890625,DOWN,4,0,2,DOWN,UP,0.29690287,0.24402311,0.45907402,False
2026-06-04 18:30:00+00:00,RELIANCE.NS,1291.0,STAY,4,1,0,STAY,DOWN,0.46330342,0.28731832,0.24937822,False
2026-06-04 18:30:00+00:00,HDFCBANK.NS,734.8952026367188,UP,4,2,2,UP,UP,0.25611854,0.28424639,0.45963505,True
2026-06-04 18:30:00+00:00,LT.NS,3953.199951171875,UP,4,2,0,UP,DOWN,0.736919,0.13429916,0.1287819,False
2026-06-04 18:30:00+00:00,ITC.NS,280.70001220703125,UP,4,2,2,UP,UP,0.1356688,0.3943674,0.46996376,True
2026-06-04 18:30:00+00:00,TCS.NS,2186.9091796875,DOWN,4,0,2,DOWN,UP,0.35533813,0.18717912,0.4574828,False
2026-06-04 18:30:00+00:00,ICICIBANK.NS,1251.548828125,UP,4,2,2,UP,UP,0.29855305,0.34354952,0.35789743,True
2026-06-04 18:30:00+00:00,INFY.NS,1172.1357421875,DOWN,4,0,2,DOWN,UP,0.22603345,0.24750699,0.5264595,False
2026-06-04 18:30:00+00:00,BHARTIARTL.NS,1775.8504638671875,UP,4,2,2,UP,UP,0.31902292,0.25540653,0.42557058,True
2026-06-04 18:30:00+00:00,TMPV.NS,394.5272521972656,DOWN,4,0,2,DOWN,UP,0.33042118,0.29684573,0.37273306,False
2026-06-04 18:30:00+00:00,SBIN.NS,977.7000122070312,UP,4,2,2,UP,UP,0.38844582,0.16521291,0.44634122,True
2026-06-07 18:30:00+00:00,RELIANCE.NS,1263.300048828125,UP,4,2,0,UP,DOWN,0.4329333,0.26742974,0.299637,False
2026-06-07 18:30:00+00:00,LT.NS,3875.5,UP,4,2,0,UP,DOWN,0.66400534,0.1481352,0.18785946,False
2026-06-07 18:30:00+00:00,BHARTIARTL.NS,1790.7628173828125,UP,4,2,2,UP,UP,0.34268788,0.21483538,0.44247675,True
2026-06-07 18:30:00+00:00,TCS.NS,2139.668212890625,STAY,4,1,2,STAY,UP,0.31395695,0.24718554,0.43885747,False
2026-06-07 18:30:00+00:00,TMPV.NS,385.7996826171875,UP,4,2,2,UP,UP,0.39196068,0.17252524,0.43551403,True
2026-06-07 18:30:00+00:00,INFY.NS,1162.4453125,DOWN,4,0,2,DOWN,UP,0.23078725,0.24157323,0.52763957,False
2026-06-07 18:30:00+00:00,SBIN.NS,981.9500122070312,UP,4,2,2,UP,UP,0.4156617,0.16810852,0.41622984,True
2026-06-07 18:30:00+00:00,HDFCBANK.NS,726.6319580078125,UP,4,2,2,UP,UP,0.3068441,0.2736191,0.41953683,True
2026-06-07 18:30:00+00:00,ICICIBANK.NS,1239.748291015625,UP,4,2,1,UP,STAY,0.28476834,0.3733435,0.34188816,False
2026-06-07 18:30:00+00:00,ITC.NS,279.45001220703125,UP,4,2,2,UP,UP,0.13928826,0.34058753,0.5201242,True
2026-06-08 18:30:00+00:00,INFY.NS,1155.300048828125,DOWN,4,0,2,DOWN,UP,0.2604585,0.18391304,0.5556284,False
2026-06-08 18:30:00+00:00,HDFCBANK.NS,726.3367919921875,UP,4,2,2,UP,UP,0.27557158,0.27590293,0.44852543,True
2026-06-08 18:30:00+00:00,TCS.NS,2139.2705078125,UP,4,2,2,UP,UP,0.29700446,0.25870168,0.4442938,True
2026-06-08 18:30:00+00:00,ITC.NS,280.0,UP,4,2,2,UP,UP,0.13236113,0.40660718,0.46103165,True
2026-06-08 18:30:00+00:00,RELIANCE.NS,1269.199951171875,UP,4,2,0,UP,DOWN,0.4306964,0.22971374,0.33958992,False
2026-06-08 18:30:00+00:00,SBIN.NS,1002.7000122070312,UP,4,2,0,UP,DOWN,0.573532,0.14149271,0.28497532,False
2026-06-08 18:30:00+00:00,ICICIBANK.NS,1264.3409423828125,UP,4,2,2,UP,UP,0.3622498,0.26647204,0.37127823,True
2026-06-08 18:30:00+00:00,BHARTIARTL.NS,1776.6405029296875,UP,4,2,2,UP,UP,0.34070757,0.21461906,0.44467336,True
2026-06-08 18:30:00+00:00,TMPV.NS,384.6095275878906,UP,4,2,2,UP,UP,0.35498574,0.18232116,0.46269304,True
2026-06-08 18:30:00+00:00,LT.NS,3900.60009765625,UP,4,2,0,UP,DOWN,0.6760559,0.13224377,0.19170031,False
2026-06-09 18:30:00+00:00,LT.NS,3917.5,UP,4,2,0,UP,DOWN,0.6469947,0.15050083,0.20250446,False
2026-06-09 18:30:00+00:00,ICICIBANK.NS,1282.488037109375,UP,4,2,0,UP,DOWN,0.41109428,0.28372175,0.305184,False
2026-06-09 18:30:00+00:00,INFY.NS,1145.300048828125,UP,4,2,2,UP,UP,0.26045048,0.19583215,0.5437174,True
2026-06-09 18:30:00+00:00,HDFCBANK.NS,734.698486328125,UP,4,2,2,UP,UP,0.24936756,0.28218243,0.46844995,True
2026-06-09 18:30:00+00:00,BHARTIARTL.NS,1753.1363525390625,UP,4,2,0,UP,DOWN,0.3849254,0.24780323,0.36727142,False
2026-06-09 18:30:00+00:00,TCS.NS,2142.154541015625,UP,4,2,2,UP,UP,0.19251432,0.23686214,0.5706236,True
2026-06-09 18:30:00+00:00,RELIANCE.NS,1258.800048828125,UP,4,2,2,UP,UP,0.27582398,0.32086256,0.40331352,True
2026-06-09 18:30:00+00:00,TMPV.NS,377.8655090332031,DOWN,4,0,2,DOWN,UP,0.3563824,0.2820497,0.3615679,False
2026-06-09 18:30:00+00:00,SBIN.NS,1003.25,UP,4,2,0,UP,DOWN,0.59552735,0.16125536,0.24321726,False
2026-06-09 18:30:00+00:00,ITC.NS,283.6499938964844,UP,4,2,2,UP,UP,0.11946023,0.33922258,0.5413172,True
2026-06-10 18:30:00+00:00,TMPV.NS,372.8074340820313,DOWN,4,0,2,DOWN,UP,0.36329147,0.2701039,0.3666046,False
2026-06-10 18:30:00+00:00,INFY.NS,1114.5999755859375,UP,4,2,2,UP,UP,0.38939008,0.16215605,0.44845384,True
2026-06-10 18:30:00+00:00,ITC.NS,282.3999938964844,UP,4,2,2,UP,UP,0.12025425,0.36850977,0.511236,True
2026-06-10 18:30:00+00:00,HDFCBANK.NS,732.485107421875,UP,4,2,2,UP,UP,0.24219958,0.26329184,0.49450856,True
2026-06-10 18:30:00+00:00,SBIN.NS,1000.7000122070312,UP,4,2,0,UP,DOWN,0.5518574,0.16272616,0.28541645,False
2026-06-10 18:30:00+00:00,ICICIBANK.NS,1305.9898681640625,UP,4,2,0,UP,DOWN,0.4374558,0.2934381,0.26910612,False
2026-06-10 18:30:00+00:00,LT.NS,3862.0,UP,4,2,0,UP,DOWN,0.6221262,0.17833515,0.19953868,False
2026-06-10 18:30:00+00:00,TCS.NS,2123.95458984375,UP,4,2,2,UP,UP,0.200954,0.25618157,0.54286444,True
2026-06-10 18:30:00+00:00,BHARTIARTL.NS,1760.4443359375,UP,4,2,2,UP,UP,0.3507193,0.22905546,0.4202252,True
2026-06-10 18:30:00+00:00,RELIANCE.NS,1263.0,UP,4,2,0,UP,DOWN,0.36862752,0.29427856,0.33709395,False
2026-06-11 18:30:00+00:00,TMPV.NS,386.79144287109375,DOWN,4,0,2,DOWN,UP,0.30393356,0.22156258,0.47450382,False
2026-06-11 18:30:00+00:00,SBIN.NS,1017.1500244140624,UP,4,2,0,UP,DOWN,0.55054677,0.16780625,0.28164703,False
2026-06-11 18:30:00+00:00,HDFCBANK.NS,759.8819580078125,UP,4,2,2,UP,UP,0.29006484,0.324357,0.38557816,True
2026-06-11 18:30:00+00:00,INFY.NS,1116.4000244140625,DOWN,4,0,2,DOWN,UP,0.35432154,0.22630571,0.41937274,False
2026-06-11 18:30:00+00:00,BHARTIARTL.NS,1799.8485107421875,UP,4,2,0,UP,DOWN,0.38114327,0.25433224,0.3645245,False
2026-06-11 18:30:00+00:00,ICICIBANK.NS,1329.5909423828125,STAY,4,1,0,STAY,DOWN,0.40814433,0.32111266,0.27074307,False
2026-06-11 18:30:00+00:00,TCS.NS,2149.61376953125,DOWN,4,0,2,DOWN,UP,0.1785516,0.23673533,0.58471304,False
2026-06-11 18:30:00+00:00,RELIANCE.NS,1293.0,UP,4,2,2,UP,UP,0.3336876,0.29259908,0.37371337,True
2026-06-11 18:30:00+00:00,LT.NS,4049.300048828125,UP,4,2,0,UP,DOWN,0.5153896,0.2171704,0.26743996,False
2026-06-11 18:30:00+00:00,ITC.NS,285.1000061035156,UP,4,2,2,UP,UP,0.13839988,0.3713775,0.49022266,True
2026-06-14 18:30:00+00:00,HDFCBANK.NS,764.7022094726562,UP,4,2,2,UP,UP,0.28433743,0.29089618,0.4247664,True
2026-06-14 18:30:00+00:00,RELIANCE.NS,1307.0,UP,4,2,2,UP,UP,0.31725147,0.2835462,0.39920235,True
2026-06-14 18:30:00+00:00,INFY.NS,1134.9000244140625,DOWN,4,0,2,DOWN,UP,0.31976953,0.2035466,0.4766839,False
2026-06-14 18:30:00+00:00,TCS.NS,2150.21044921875,DOWN,4,0,2,DOWN,UP,0.18321535,0.24700648,0.56977814,False
2026-06-14 18:30:00+00:00,ITC.NS,287.8999938964844,UP,4,2,2,UP,UP,0.21824847,0.37776938,0.40398213,True
2026-06-14 18:30:00+00:00,SBIN.NS,1020.8499755859376,UP,4,2,0,UP,DOWN,0.55739605,0.15497261,0.28763136,False
2026-06-14 18:30:00+00:00,ICICIBANK.NS,1316.501220703125,UP,4,2,0,UP,DOWN,0.3740433,0.31009746,0.31585926,False
2026-06-14 18:30:00+00:00,BHARTIARTL.NS,1818.3160400390625,UP,4,2,0,UP,DOWN,0.40431494,0.25983274,0.33585235,False
2026-06-14 18:30:00+00:00,TMPV.NS,393.1387939453125,DOWN,4,0,2,DOWN,UP,0.2618427,0.20472577,0.53343153,False
2026-06-14 18:30:00+00:00,LT.NS,4169.7998046875,STAY,4,1,1,STAY,STAY,0.4142068,0.43956006,0.14623314,True
2026-06-15 18:30:00+00:00,SBIN.NS,1015.2999877929688,STAY,4,1,0,STAY,DOWN,0.5205189,0.19393387,0.28554717,False
2026-06-15 18:30:00+00:00,BHARTIARTL.NS,1829.9693603515625,UP,4,2,0,UP,DOWN,0.41428939,0.2757794,0.30993125,False
2026-06-15 18:30:00+00:00,TCS.NS,2187.0087890625,DOWN,4,0,2,DOWN,UP,0.1892654,0.26897448,0.5417601,False
2026-06-15 18:30:00+00:00,RELIANCE.NS,1328.800048828125,DOWN,4,0,0,DOWN,DOWN,0.3621844,0.30950645,0.32830912,True
2026-06-15 18:30:00+00:00,HDFCBANK.NS,772.1294555664062,STAY,4,1,2,STAY,UP,0.31141105,0.26614264,0.42244634,False
2026-06-15 18:30:00+00:00,INFY.NS,1143.5999755859375,DOWN,4,0,2,DOWN,UP,0.24757718,0.23316008,0.5192628,False
2026-06-15 18:30:00+00:00,ITC.NS,291.6499938964844,STAY,4,1,2,STAY,UP,0.2541787,0.37179515,0.37402612,False
2026-06-15 18:30:00+00:00,TMPV.NS,390.3618469238281,DOWN,4,0,2,DOWN,UP,0.27600726,0.22464743,0.49934527,False
2026-06-15 18:30:00+00:00,LT.NS,4186.39990234375,STAY,4,1,0,STAY,DOWN,0.48766422,0.34719387,0.16514187,False
2026-06-15 18:30:00+00:00,ICICIBANK.NS,1323.145263671875,STAY,4,1,0,STAY,DOWN,0.4057392,0.32393977,0.270321,False
2026-06-16 18:30:00+00:00,ITC.NS,290.75,STAY,4,1,1,STAY,STAY,0.27113515,0.3886688,0.34019604,True
2026-06-16 18:30:00+00:00,SBIN.NS,1026.5,STAY,4,1,0,STAY,DOWN,0.5256636,0.2031699,0.27116647,False
2026-06-16 18:30:00+00:00,RELIANCE.NS,1332.699951171875,DOWN,4,0,0,DOWN,DOWN,0.40005192,0.3074632,0.29248488,True
2026-06-16 18:30:00+00:00,TMPV.NS,357.98046875,DOWN,4,0,2,DOWN,UP,0.29390797,0.1886285,0.51746356,False
2026-06-16 18:30:00+00:00,BHARTIARTL.NS,1852.38720703125,STAY,4,1,0,STAY,DOWN,0.41162273,0.2447018,0.3436754,False
2026-06-16 18:30:00+00:00,INFY.NS,1157.699951171875,DOWN,4,0,2,DOWN,UP,0.21477711,0.20395571,0.5812672,False
2026-06-16 18:30:00+00:00,HDFCBANK.NS,774.2935791015625,UP,4,2,2,UP,UP,0.33011565,0.26249912,0.4073852,True
2026-06-16 18:30:00+00:00,TCS.NS,2210.8779296875,DOWN,4,0,2,DOWN,UP,0.19881803,0.31545365,0.48572832,False
2026-06-16 18:30:00+00:00,LT.NS,4207.7001953125,STAY,4,1,0,STAY,DOWN,0.5131237,0.29643258,0.19044374,False
2026-06-16 18:30:00+00:00,ICICIBANK.NS,1325.6243896484375,UP,4,2,0,UP,DOWN,0.39294133,0.34742686,0.2596318,False
2026-06-17 18:30:00+00:00,BHARTIARTL.NS,1851.49853515625,DOWN,4,0,0,DOWN,DOWN,0.45125046,0.22095363,0.3277959,True
2026-06-17 18:30:00+00:00,TCS.NS,2191.285400390625,DOWN,4,0,2,DOWN,UP,0.18955585,0.2666221,0.54382205,False
2026-06-17 18:30:00+00:00,LT.NS,4190.0,STAY,4,1,0,STAY,DOWN,0.5742818,0.26772657,0.15799159,False
2026-06-17 18:30:00+00:00,HDFCBANK.NS,786.0,UP,4,2,0,UP,DOWN,0.35909897,0.29629868,0.3446023,False
2026-06-17 18:30:00+00:00,SBIN.NS,1042.699951171875,STAY,4,1,0,STAY,DOWN,0.45028695,0.27143094,0.27828217,False
2026-06-17 18:30:00+00:00,ICICIBANK.NS,1331.078369140625,UP,4,2,0,UP,DOWN,0.38542673,0.36834347,0.24622977,False
2026-06-17 18:30:00+00:00,RELIANCE.NS,1328.0999755859375,STAY,4,1,0,STAY,DOWN,0.42009887,0.27788424,0.30201688,False
2026-06-17 18:30:00+00:00,ITC.NS,291.1499938964844,STAY,4,1,2,STAY,UP,0.27976844,0.35058165,0.3696499,False
2026-06-17 18:30:00+00:00,INFY.NS,1127.5,DOWN,4,0,2,DOWN,UP,0.25560707,0.15425389,0.59013903,False
2026-06-17 18:30:00+00:00,TMPV.NS,361.6499938964844,DOWN,4,0,2,DOWN,UP,0.3692575,0.1789846,0.45175788,False
2026-06-18 18:30:00+00:00,HDFCBANK.NS,779.7999877929688,UP,4,2,2,UP,UP,0.32036754,0.31478798,0.36484447,True
2026-06-18 18:30:00+00:00,TMPV.NS,359.5,DOWN,4,0,2,DOWN,UP,0.3429745,0.23768681,0.4193387,False
2026-06-18 18:30:00+00:00,BHARTIARTL.NS,1887.051025390625,DOWN,4,0,0,DOWN,DOWN,0.38178778,0.2810155,0.33719674,True
2026-06-18 18:30:00+00:00,LT.NS,4209.39990234375,STAY,4,1,0,STAY,DOWN,0.548602,0.30474365,0.14665435,False
2026-06-18 18:30:00+00:00,TCS.NS,2113.412353515625,DOWN,4,0,2,DOWN,UP,0.27393505,0.1903001,0.5357649,False
2026-06-18 18:30:00+00:00,ICICIBANK.NS,1335.2431640625,UP,4,2,1,UP,STAY,0.37852922,0.3811417,0.24032907,False
2026-06-18 18:30:00+00:00,SBIN.NS,1035.0999755859375,STAY,4,1,0,STAY,DOWN,0.46705788,0.26242498,0.2705171,False
2026-06-18 18:30:00+00:00,ITC.NS,292.5,STAY,4,1,2,STAY,UP,0.29848403,0.22118394,0.480332,False
2026-06-18 18:30:00+00:00,INFY.NS,1051.4000244140625,STAY,4,1,2,STAY,UP,0.16800807,0.2125938,0.6193981,False
2026-06-18 18:30:00+00:00,RELIANCE.NS,1309.5,STAY,4,1,0,STAY,DOWN,0.43410766,0.21903077,0.34686157,False
2026-06-21 18:30:00+00:00,TMPV.NS,361.5,DOWN,4,0,2,DOWN,UP,0.32423404,0.21652964,0.45923626,False
2026-06-21 18:30:00+00:00,TCS.NS,2116.197021484375,DOWN,4,0,2,DOWN,UP,0.21976992,0.26737124,0.51285887,False
2026-06-21 18:30:00+00:00,SBIN.NS,1040.75,STAY,4,1,0,STAY,DOWN,0.45376542,0.27202922,0.27420536,False
2026-06-21 18:30:00+00:00,LT.NS,4201.2998046875,STAY,4,1,0,STAY,DOWN,0.65493214,0.21428025,0.1307876,False
2026-06-21 18:30:00+00:00,BHARTIARTL.NS,1892.7789306640625,DOWN,4,0,0,DOWN,DOWN,0.41516906,0.23995213,0.3448788,True
2026-06-21 18:30:00+00:00,ICICIBANK.NS,1341.0938720703125,UP,4,2,0,UP,DOWN,0.39337367,0.30800557,0.29862076,False
2026-06-21 18:30:00+00:00,ITC.NS,291.25,STAY,4,1,2,STAY,UP,0.23527965,0.30987826,0.45484212,False
2026-06-21 18:30:00+00:00,HDFCBANK.NS,786.4000244140625,UP,4,2,0,UP,DOWN,0.4001491,0.2827606,0.31709033,False
2026-06-21 18:30:00+00:00,RELIANCE.NS,1326.5,DOWN,4,0,0,DOWN,DOWN,0.5304498,0.23125453,0.23829564,True
2026-06-21 18:30:00+00:00,INFY.NS,1065.4000244140625,DOWN,4,0,2,DOWN,UP,0.18821111,0.2831024,0.5286865,False
2026-06-22 18:30:00+00:00,BHARTIARTL.NS,1877.96533203125,DOWN,4,0,0,DOWN,DOWN,0.41698143,0.2192539,0.36376464,True
2026-06-22 18:30:00+00:00,LT.NS,4179.39990234375,STAY,4,1,0,STAY,DOWN,0.73024595,0.15634839,0.11340572,False
2026-06-22 18:30:00+00:00,SBIN.NS,1024.199951171875,STAY,4,1,0,STAY,DOWN,0.45400766,0.19648519,0.34950718,False
2026-06-22 18:30:00+00:00,ICICIBANK.NS,1327.11181640625,UP,4,2,0,UP,DOWN,0.4360446,0.24284217,0.32111323,False
2026-06-22 18:30:00+00:00,TMPV.NS,354.54998779296875,STAY,4,1,2,STAY,UP,0.35488668,0.15938865,0.4857247,False
2026-06-22 18:30:00+00:00,ITC.NS,290.0,DOWN,4,0,2,DOWN,UP,0.27228546,0.29752597,0.4301886,False
2026-06-22 18:30:00+00:00,HDFCBANK.NS,774.6500244140625,UP,4,2,2,UP,UP,0.36941785,0.21637987,0.41420224,True
2026-06-22 18:30:00+00:00,INFY.NS,1029.300048828125,DOWN,4,0,2,DOWN,UP,0.13451515,0.15592997,0.7095549,False
2026-06-22 18:30:00+00:00,RELIANCE.NS,1309.5,DOWN,4,0,0,DOWN,DOWN,0.45710802,0.23688094,0.30601105,True
2026-06-22 18:30:00+00:00,TCS.NS,2048.368896484375,DOWN,4,0,2,DOWN,UP,0.29199076,0.28519222,0.422817,False
2026-06-23 18:30:00+00:00,BHARTIARTL.NS,1853.9674072265625,STAY,4,1,0,STAY,DOWN,0.40006146,0.24079475,0.35914382,False
2026-06-23 18:30:00+00:00,ITC.NS,290.3500061035156,STAY,4,1,2,STAY,UP,0.2430644,0.25740984,0.49952576,False
2026-06-23 18:30:00+00:00,LT.NS,4181.7001953125,DOWN,4,0,0,DOWN,DOWN,0.7594493,0.13462298,0.105927736,True
2026-06-23 18:30:00+00:00,INFY.NS,1056.5999755859375,DOWN,4,0,2,DOWN,UP,0.21983993,0.2493469,0.53081316,False
2026-06-23 18:30:00+00:00,TCS.NS,2097.49951171875,DOWN,4,0,2,DOWN,UP,0.22223616,0.2820541,0.49570972,False
2026-06-23 18:30:00+00:00,SBIN.NS,1034.5999755859375,UP,4,2,0,UP,DOWN,0.45784277,0.2217565,0.32040077,False
2026-06-23 18:30:00+00:00,RELIANCE.NS,1313.5999755859375,STAY,4,1,0,STAY,DOWN,0.42868304,0.26530907,0.30600783,False
2026-06-23 18:30:00+00:00,ICICIBANK.NS,1362.11669921875,STAY,4,1,0,STAY,DOWN,0.365766,0.3460702,0.28816378,False
2026-06-23 18:30:00+00:00,TMPV.NS,349.70001220703125,STAY,4,1,0,STAY,DOWN,0.37087455,0.27673277,0.3523927,False
2026-06-23 18:30:00+00:00,HDFCBANK.NS,793.2000122070312,STAY,4,1,0,STAY,DOWN,0.42184988,0.24813975,0.33001035,False
2026-06-24 18:30:00+00:00,LT.NS,4216.39990234375,DOWN,4,0,0,DOWN,DOWN,0.73280066,0.16667725,0.10052211,True
2026-06-24 18:30:00+00:00,HDFCBANK.NS,796.2999877929688,STAY,4,1,0,STAY,DOWN,0.3917426,0.29004663,0.31821075,False
2026-06-24 18:30:00+00:00,RELIANCE.NS,1318.0999755859375,DOWN,4,0,0,DOWN,DOWN,0.44383198,0.27367133,0.28249666,True
2026-06-24 18:30:00+00:00,TMPV.NS,353.20001220703125,DOWN,4,0,0,DOWN,DOWN,0.40477887,0.2884489,0.30677223,True
2026-06-24 18:30:00+00:00,ITC.NS,290.0,STAY,4,1,2,STAY,UP,0.24808848,0.23230848,0.519603,False
2026-06-24 18:30:00+00:00,TCS.NS,2083.27734375,DOWN,4,0,2,DOWN,UP,0.21254662,0.25221476,0.5352386,False
2026-06-24 18:30:00+00:00,ICICIBANK.NS,1375.9005126953125,STAY,4,1,1,STAY,STAY,0.3198006,0.4712624,0.20893696,True
2026-06-24 18:30:00+00:00,BHARTIARTL.NS,1827.6978759765625,UP,4,2,0,UP,DOWN,0.39739314,0.2566579,0.34594893,False
2026-06-24 18:30:00+00:00,SBIN.NS,1045.4000244140625,STAY,4,1,0,STAY,DOWN,0.37679744,0.2874333,0.33576933,False
2026-06-24 18:30:00+00:00,INFY.NS,1041.199951171875,STAY,4,1,2,STAY,UP,0.18333648,0.22870392,0.5879596,False
2026-06-25 18:30:00+00:00,BHARTIARTL.NS,1827.6978759765625,UP,4,2,2,UP,UP,0.20222451,0.18921481,0.6085606,True
2026-06-25 18:30:00+00:00,SBIN.NS,1045.4000244140625,STAY,4,1,2,STAY,UP,0.23525508,0.18745676,0.57728815,False
2026-06-25 18:30:00+00:00,RELIANCE.NS,1318.0999755859375,DOWN,4,0,2,DOWN,UP,0.29507264,0.11176301,0.5931643,False
2026-06-25 18:30:00+00:00,ICICIBANK.NS,1375.9005126953125,UP,4,2,2,UP,UP,0.29277912,0.2712178,0.43600306,True
2026-06-25 18:30:00+00:00,TMPV.NS,353.20001220703125,DOWN,4,0,0,DOWN,DOWN,0.3921759,0.2667859,0.34103826,True
2026-06-25 18:30:00+00:00,INFY.NS,1041.199951171875,STAY,4,1,2,STAY,UP,0.19765948,0.21675812,0.5855824,False
2026-06-25 18:30:00+00:00,HDFCBANK.NS,796.2999877929688,STAY,4,1,2,STAY,UP,0.23179568,0.24191882,0.52628547,False
2026-06-25 18:30:00+00:00,LT.NS,4216.39990234375,DOWN,4,0,0,DOWN,DOWN,0.72232264,0.1529804,0.12469695,True
2026-06-25 18:30:00+00:00,TCS.NS,2083.27734375,STAY,4,1,2,STAY,UP,0.14995971,0.17672944,0.6733108,False
2026-06-25 18:30:00+00:00,ITC.NS,290.0,STAY,4,1,2,STAY,UP,0.15952541,0.15572868,0.68474585,False
2026-06-29 18:30:00+00:00,BHARTIARTL.NS,1828.9818115234373,UP,4,2,2,UP,UP,0.32894614,0.24996905,0.42108485,True
2026-06-29 18:30:00+00:00,SBIN.NS,1026.9000244140625,UP,4,2,2,UP,UP,0.32477337,0.26390982,0.41131684,True
2026-06-29 18:30:00+00:00,LT.NS,4143.39990234375,DOWN,4,0,0,DOWN,DOWN,0.6887902,0.18189856,0.1293112,True
2026-06-29 18:30:00+00:00,HDFCBANK.NS,797.9500122070312,UP,4,2,2,UP,UP,0.3101364,0.32638344,0.36348015,True
2026-06-29 18:30:00+00:00,RELIANCE.NS,1293.9000244140625,UP,4,2,0,UP,DOWN,0.38984653,0.22916073,0.3809927,False
2026-06-29 18:30:00+00:00,INFY.NS,1000.4000244140624,UP,4,2,2,UP,UP,0.13207987,0.24707636,0.6208438,True
2026-06-29 18:30:00+00:00,ICICIBANK.NS,1363.7032470703125,UP,4,2,0,UP,DOWN,0.35741234,0.3292546,0.31333306,False
2026-06-29 18:30:00+00:00,TCS.NS,2020.422119140625,UP,4,2,0,UP,DOWN,0.42039758,0.25520638,0.32439607,False
2026-06-29 18:30:00+00:00,TMPV.NS,352.20001220703125,DOWN,4,0,2,DOWN,UP,0.3973022,0.20405795,0.39863986,False
2026-06-29 18:30:00+00:00,ITC.NS,286.95001220703125,STAY,4,1,2,STAY,UP,0.14238857,0.2662538,0.59135765,False
2026-06-30 18:30:00+00:00,TMPV.NS,347.79998779296875,DOWN,4,0,0,DOWN,DOWN,0.41635472,0.27659264,0.30705264,True
2026-06-30 18:30:00+00:00,ITC.NS,290.29998779296875,DOWN,4,0,2,DOWN,UP,0.22449657,0.27607766,0.49942583,False
2026-06-30 18:30:00+00:00,RELIANCE.NS,1308.0,DOWN,4,0,0,DOWN,DOWN,0.40534186,0.22103272,0.37362546,True
2026-06-30 18:30:00+00:00,LT.NS,4092.60009765625,DOWN,4,0,0,DOWN,DOWN,0.681137,0.18950494,0.129358,True
2026-06-30 18:30:00+00:00,INFY.NS,985.2999877929688,UP,4,2,2,UP,UP,0.14673696,0.2448964,0.6083666,True
2026-06-30 18:30:00+00:00,BHARTIARTL.NS,1847.7457275390625,STAY,4,1,2,STAY,UP,0.3296729,0.2507655,0.41956162,False
2026-06-30 18:30:00+00:00,ICICIBANK.NS,1368.264892578125,STAY,4,1,1,STAY,STAY,0.3473714,0.3854098,0.26721877,True
2026-06-30 18:30:00+00:00,TCS.NS,1971.788818359375,UP,4,2,2,UP,UP,0.1431696,0.30489323,0.55193716,True
2026-06-30 18:30:00+00:00,SBIN.NS,1047.4000244140625,DOWN,4,0,2,DOWN,UP,0.32685757,0.2584809,0.4146615,False
2026-06-30 18:30:00+00:00,HDFCBANK.NS,796.1500244140625,UP,4,2,2,UP,UP,0.30504453,0.34485015,0.3501053,True
2026-07-01 18:30:00+00:00,SBIN.NS,1051.5999755859375,DOWN,4,0,2,DOWN,UP,0.30109936,0.24659246,0.45230818,False
2026-07-01 18:30:00+00:00,ITC.NS,289.8999938964844,DOWN,4,0,2,DOWN,UP,0.17985342,0.2535356,0.566611,False
2026-07-01 18:30:00+00:00,HDFCBANK.NS,795.9000244140625,UP,4,2,2,UP,UP,0.28519076,0.31017646,0.4046328,True
2026-07-01 18:30:00+00:00,INFY.NS,1040.9000244140625,STAY,4,1,2,STAY,UP,0.26604912,0.30647203,0.42747885,False
2026-07-01 18:30:00+00:00,TCS.NS,2056.82275390625,STAY,4,1,2,STAY,UP,0.24055469,0.2458813,0.513564,False
2026-07-01 18:30:00+00:00,BHARTIARTL.NS,1851.6959228515625,UP,4,2,2,UP,UP,0.32276058,0.2580197,0.4192198,True
2026-07-01 18:30:00+00:00,ICICIBANK.NS,1388.2960205078125,DOWN,4,0,1,DOWN,STAY,0.33829445,0.36625603,0.29544955,False
2026-07-01 18:30:00+00:00,RELIANCE.NS,1303.5,DOWN,4,0,2,DOWN,UP,0.36364147,0.23267342,0.40368515,False
2026-07-01 18:30:00+00:00,TMPV.NS,345.95001220703125,DOWN,4,0,0,DOWN,DOWN,0.40179047,0.3568033,0.24140622,True
2026-07-01 18:30:00+00:00,LT.NS,4059.39990234375,DOWN,4,0,0,DOWN,DOWN,0.6569936,0.22042061,0.1225857,True
2026-07-02 18:30:00+00:00,TCS.NS,2082.083984375,DOWN,4,0,2,DOWN,UP,0.28986603,0.23725823,0.47287577,False
2026-07-02 18:30:00+00:00,LT.NS,4026.60009765625,DOWN,4,0,0,DOWN,DOWN,0.6469798,0.22607158,0.12694864,True
2026-07-02 18:30:00+00:00,INFY.NS,1047.199951171875,UP,4,2,2,UP,UP,0.27227706,0.33212662,0.39559627,True
2026-07-02 18:30:00+00:00,ITC.NS,289.95001220703125,DOWN,4,0,2,DOWN,UP,0.2175626,0.2475169,0.53492045,False
2026-07-02 18:30:00+00:00,BHARTIARTL.NS,1886.656005859375,STAY,4,1,2,STAY,UP,0.31408617,0.27642515,0.40948868,False
2026-07-02 18:30:00+00:00,HDFCBANK.NS,801.0499877929688,UP,4,2,2,UP,UP,0.31042448,0.31948248,0.37009302,True
2026-07-02 18:30:00+00:00,RELIANCE.NS,1304.0,STAY,4,1,2,STAY,UP,0.35764867,0.22145247,0.42089888,False
2026-07-02 18:30:00+00:00,SBIN.NS,1040.0,STAY,4,1,2,STAY,UP,0.36721414,0.2350893,0.39769655,False
2026-07-02 18:30:00+00:00,TMPV.NS,344.1000061035156,DOWN,4,0,0,DOWN,DOWN,0.37675565,0.32624006,0.29700428,True
2026-07-02 18:30:00+00:00,ICICIBANK.NS,1399.6007080078125,STAY,4,1,1,STAY,STAY,0.31416413,0.41863993,0.26719594,True
2026-07-05 18:30:00+00:00,RELIANCE.NS,1321.300048828125,DOWN,4,0,2,DOWN,UP,0.3759051,0.23160052,0.39249438,False
2026-07-05 18:30:00+00:00,TMPV.NS,347.04998779296875,DOWN,4,0,0,DOWN,DOWN,0.42652133,0.23870784,0.3347709,True
2026-07-05 18:30:00+00:00,ICICIBANK.NS,1414.9710693359375,DOWN,4,0,1,DOWN,STAY,0.3675986,0.37359244,0.25880894,False
2026-07-05 18:30:00+00:00,BHARTIARTL.NS,1901.7657470703125,DOWN,4,0,2,DOWN,UP,0.29313374,0.2887674,0.41809887,False
2026-07-05 18:30:00+00:00,SBIN.NS,1037.699951171875,STAY,4,1,2,STAY,UP,0.3598965,0.24518117,0.39492235,False
2026-07-05 18:30:00+00:00,ITC.NS,288.25,DOWN,4,0,2,DOWN,UP,0.13096021,0.23924913,0.6297907,False
2026-07-05 18:30:00+00:00,HDFCBANK.NS,829.8499755859375,DOWN,4,0,2,DOWN,UP,0.2985122,0.31572154,0.38576627,False
2026-07-05 18:30:00+00:00,INFY.NS,1042.199951171875,UP,4,2,2,UP,UP,0.26271284,0.36033815,0.37694904,True
2026-07-05 18:30:00+00:00,TCS.NS,2046.3798828125,UP,4,2,2,UP,UP,0.2743371,0.18369693,0.54196596,True
2026-07-05 18:30:00+00:00,LT.NS,4041.0,DOWN,4,0,0,DOWN,DOWN,0.6444646,0.22265974,0.13287565,True
2026-07-06 18:30:00+00:00,LT.NS,3991.89990234375,DOWN,4,0,0,DOWN,DOWN,0.5689863,0.29546574,0.13554795,True
2026-07-06 18:30:00+00:00,HDFCBANK.NS,829.2999877929688,DOWN,4,0,1,DOWN,STAY,0.2907101,0.3868344,0.32245544,False
2026-07-06 18:30:00+00:00,TCS.NS,2084.669921875,UP,4,2,2,UP,UP,0.22402635,0.27733332,0.49864036,True
2026-07-06 18:30:00+00:00,INFY.NS,1071.800048828125,UP,4,2,2,UP,UP,0.19956249,0.23620144,0.56423604,True
2026-07-06 18:30:00+00:00,BHARTIARTL.NS,1901.8646240234373,STAY,4,1,2,STAY,UP,0.32949397,0.2686028,0.40190324,False
2026-07-06 18:30:00+00:00,ITC.NS,288.75,DOWN,4,0,2,DOWN,UP,0.14457047,0.28199217,0.5734374,False
2026-07-06 18:30:00+00:00,ICICIBANK.NS,1402.873046875,STAY,4,1,1,STAY,STAY,0.32300687,0.39444885,0.2825443,True
2026-07-06 18:30:00+00:00,SBIN.NS,1038.0999755859375,DOWN,4,0,2,DOWN,UP,0.33565536,0.23396549,0.43037912,False
2026-07-06 18:30:00+00:00,TMPV.NS,342.29998779296875,DOWN,4,0,0,DOWN,DOWN,0.41303542,0.291576,0.29538855,True
2026-07-06 18:30:00+00:00,RELIANCE.NS,1308.4000244140625,DOWN,4,0,2,DOWN,UP,0.32979143,0.24657382,0.4236347,False
2026-07-07 18:30:00+00:00,BHARTIARTL.NS,1864.6331787109373,UP,4,2,2,UP,UP,0.40907103,0.17402743,0.41690156,True
2026-07-07 18:30:00+00:00,SBIN.NS,1016.9000244140624,UP,4,2,2,UP,UP,0.29478762,0.31668717,0.38852525,True
2026-07-07 18:30:00+00:00,ICICIBANK.NS,1369.05810546875,UP,4,2,0,UP,DOWN,0.405662,0.27213153,0.32220644,False
2026-07-07 18:30:00+00:00,TCS.NS,2046.2803955078125,UP,4,2,2,UP,UP,0.2728535,0.2133966,0.5137499,True
2026-07-07 18:30:00+00:00,INFY.NS,1069.300048828125,STAY,4,1,2,STAY,UP,0.23009862,0.3376144,0.432287,False
2026-07-07 18:30:00+00:00,HDFCBANK.NS,810.2999877929688,STAY,4,1,2,STAY,UP,0.36541867,0.26265758,0.3719237,False
2026-07-07 18:30:00+00:00,ITC.NS,280.6499938964844,DOWN,4,0,2,DOWN,UP,0.17789264,0.30367398,0.5184334,False
2026-07-07 18:30:00+00:00,LT.NS,3892.10009765625,DOWN,4,0,0,DOWN,DOWN,0.6193145,0.26334217,0.117343314,True
2026-07-07 18:30:00+00:00,RELIANCE.NS,1275.9000244140625,UP,4,2,0,UP,DOWN,0.4159287,0.19060402,0.39346725,False
2026-07-07 18:30:00+00:00,TMPV.NS,332.04998779296875,STAY,4,1,0,STAY,DOWN,0.40093553,0.3118474,0.2872171,False
2026-07-08 18:30:00+00:00,ICICIBANK.NS,1369.1572265625,UP,4,2,1,UP,STAY,0.3035344,0.37050056,0.32596505,False
2026-07-08 18:30:00+00:00,HDFCBANK.NS,817.5499877929688,DOWN,4,0,1,DOWN,STAY,0.308114,0.36397702,0.32790896,False
2026-07-08 18:30:00+00:00,RELIANCE.NS,1279.800048828125,UP,4,2,2,UP,UP,0.3377392,0.28701517,0.37524563,True
2026-07-08 18:30:00+00:00,ITC.NS,282.04998779296875,STAY,4,1,2,STAY,UP,0.12529714,0.26466012,0.61004275,False
2026-07-08 18:30:00+00:00,INFY.NS,1050.800048828125,UP,4,2,2,UP,UP,0.2734118,0.17779131,0.5487969,True
2026-07-08 18:30:00+00:00,TMPV.NS,331.5,STAY,4,1,0,STAY,DOWN,0.42111176,0.27982923,0.299059,False
2026-07-08 18:30:00+00:00,LT.NS,3886.0,DOWN,4,0,0,DOWN,DOWN,0.5886342,0.28591403,0.12545177,True
2026-07-08 18:30:00+00:00,SBIN.NS,1022.0999755859376,STAY,4,1,2,STAY,UP,0.35208896,0.26998195,0.37792906,False
2026-07-08 18:30:00+00:00,BHARTIARTL.NS,1907.0986328125,STAY,4,1,2,STAY,UP,0.36045966,0.25444618,0.38509414,False
2026-07-08 18:30:00+00:00,TCS.NS,2038.323974609375,UP,4,2,2,UP,UP,0.21393639,0.24711415,0.5389495,True
2026-07-09 18:30:00+00:00,ITC.NS,281.75,STAY,4,1,2,STAY,UP,0.09457518,0.27136993,0.63405484,False
2026-07-09 18:30:00+00:00,TCS.NS,2057.717529296875,UP,4,2,2,UP,UP,0.19859545,0.1941588,0.60724574,True
2026-07-09 18:30:00+00:00,SBIN.NS,1036.0,STAY,4,1,2,STAY,UP,0.33475748,0.24082166,0.42442092,False
2026-07-09 18:30:00+00:00,INFY.NS,1068.0,UP,4,2,2,UP,UP,0.2503637,0.32699633,0.42264003,True
2026-07-09 18:30:00+00:00,HDFCBANK.NS,824.9500122070312,STAY,4,1,2,STAY,UP,0.3222891,0.3241573,0.35355353,False
2026-07-09 18:30:00+00:00,TMPV.NS,337.95001220703125,STAY,4,1,2,STAY,UP,0.32762927,0.2715713,0.40079948,False
2026-07-09 18:30:00+00:00,ICICIBANK.NS,1389.48583984375,UP,4,2,2,UP,UP,0.32606545,0.31869176,0.3552428,True
2026-07-09 18:30:00+00:00,LT.NS,3945.800048828125,DOWN,4,0,0,DOWN,DOWN,0.7219772,0.19283062,0.08519221,True
2026-07-09 18:30:00+00:00,BHARTIARTL.NS,1896.53173828125,STAY,4,1,2,STAY,UP,0.34333965,0.27283558,0.38382474,False
2026-07-09 18:30:00+00:00,RELIANCE.NS,1307.800048828125,UP,4,2,0,UP,DOWN,0.3785756,0.24668206,0.37474233,False
2026-07-12 18:30:00+00:00,SBIN.NS,1037.0,UP,4,2,2,UP,UP,0.33952022,0.27433386,0.3861459,True
2026-07-12 18:30:00+00:00,TCS.NS,2169.604248046875,UP,4,2,2,UP,UP,0.3445763,0.28845203,0.36697164,True
2026-07-12 18:30:00+00:00,ITC.NS,279.6499938964844,UP,4,2,2,UP,UP,0.08463372,0.25669444,0.65867186,True
2026-07-12 18:30:00+00:00,BHARTIARTL.NS,1878.1629638671875,UP,4,2,2,UP,UP,0.34932005,0.24592417,0.40475574,True
2026-07-12 18:30:00+00:00,HDFCBANK.NS,817.9500122070312,DOWN,4,0,1,DOWN,STAY,0.31688964,0.36096734,0.322143,False
2026-07-12 18:30:00+00:00,TMPV.NS,342.25,DOWN,4,0,0,DOWN,DOWN,0.3421643,0.3327322,0.32510346,True
2026-07-12 18:30:00+00:00,LT.NS,3928.5,DOWN,4,0,0,DOWN,DOWN,0.6522645,0.24748698,0.10024848,True
2026-07-12 18:30:00+00:00,ICICIBANK.NS,1397.716552734375,UP,4,2,2,UP,UP,0.29615343,0.34366485,0.3601817,True
2026-07-12 18:30:00+00:00,INFY.NS,1102.5999755859375,DOWN,4,0,2,DOWN,UP,0.32860103,0.22048588,0.4509131,False
2026-07-12 18:30:00+00:00,RELIANCE.NS,1296.9000244140625,UP,4,2,2,UP,UP,0.34774435,0.25333956,0.39891613,True
2026-07-13 18:30:00+00:00,BHARTIARTL.NS,1912.431640625,STAY,4,1,2,STAY,UP,0.35246056,0.26456594,0.38297355,False
2026-07-13 18:30:00+00:00,TMPV.NS,333.3500061035156,STAY,4,1,0,STAY,DOWN,0.5102759,0.24036238,0.24936174,False
2026-07-13 18:30:00+00:00,HDFCBANK.NS,809.4000244140625,DOWN,4,0,2,DOWN,UP,0.2975799,0.34275123,0.35966885,False
2026-07-13 18:30:00+00:00,ITC.NS,275.54998779296875,UP,4,2,2,UP,UP,0.111110546,0.2900505,0.598839,True
2026-07-13 18:30:00+00:00,INFY.NS,1092.9000244140625,DOWN,4,0,2,DOWN,UP,0.26597282,0.36070693,0.3733202,False
2026-07-13 18:30:00+00:00,TCS.NS,2188.60009765625,UP,4,2,1,UP,STAY,0.31266877,0.4190054,0.26832584,False
2026-07-13 18:30:00+00:00,LT.NS,3848.699951171875,STAY,4,1,0,STAY,DOWN,0.6368254,0.2435788,0.119595766,False
2026-07-13 18:30:00+00:00,ICICIBANK.NS,1395.9315185546875,UP,4,2,1,UP,STAY,0.25664714,0.37731534,0.36603752,False
2026-07-13 18:30:00+00:00,SBIN.NS,1015.4000244140624,UP,4,2,0,UP,DOWN,0.38503414,0.2517621,0.36320373,False
2026-07-13 18:30:00+00:00,RELIANCE.NS,1293.0,STAY,4,1,2,STAY,UP,0.32808763,0.24237436,0.42953798,False
2026-07-14 18:30:00+00:00,TCS.NS,2189.199951171875,STAY,4,1,0,STAY,DOWN,0.35972744,0.33783406,0.30243853,False
2026-07-14 18:30:00+00:00,ITC.NS,276.6499938964844,UP,4,2,2,UP,UP,0.11414407,0.285158,0.6006979,True
2026-07-14 18:30:00+00:00,SBIN.NS,1030.0999755859375,STAY,4,1,2,STAY,UP,0.3332956,0.28214988,0.38455454,False
2026-07-14 18:30:00+00:00,INFY.NS,1076.300048828125,DOWN,4,0,2,DOWN,UP,0.28886673,0.24194045,0.4691928,False
2026-07-14 18:30:00+00:00,LT.NS,3783.89990234375,STAY,4,1,0,STAY,DOWN,0.5988246,0.23126173,0.16991368,False
2026-07-14 18:30:00+00:00,RELIANCE.NS,1295.5,STAY,4,1,2,STAY,UP,0.35386068,0.2512156,0.39492375,False
2026-07-14 18:30:00+00:00,HDFCBANK.NS,815.4500122070312,DOWN,4,0,1,DOWN,STAY,0.28594354,0.35998902,0.35406747,False
2026-07-14 18:30:00+00:00,ICICIBANK.NS,1404.3604736328125,UP,4,2,2,UP,UP,0.30206844,0.34869698,0.34923455,True
2026-07-14 18:30:00+00:00,BHARTIARTL.NS,1894.4578857421875,UP,4,2,2,UP,UP,0.34764645,0.27656582,0.3757877,True
2026-07-14 18:30:00+00:00,TMPV.NS,333.0,DOWN,4,0,2,DOWN,UP,0.30712876,0.13702048,0.5558508,False
2026-07-15 18:30:00+00:00,BHARTIARTL.NS,1897.914306640625,STAY,4,1,2,STAY,UP,0.3500141,0.29683,0.35315594,False
2026-07-15 18:30:00+00:00,TCS.NS,2201.0,UP,4,2,0,UP,DOWN,0.37940004,0.29567015,0.3249298,False
2026-07-15 18:30:00+00:00,TMPV.NS,331.79998779296875,DOWN,4,0,2,DOWN,UP,0.2558356,0.18549813,0.5586663,False
2026-07-15 18:30:00+00:00,LT.NS,3775.60009765625,STAY,4,1,0,STAY,DOWN,0.62137395,0.251503,0.1271231,False
2026-07-15 18:30:00+00:00,ITC.NS,279.3500061035156,STAY,4,1,2,STAY,UP,0.08441492,0.2993557,0.6162294,False
2026-07-15 18:30:00+00:00,SBIN.NS,1031.199951171875,DOWN,4,0,2,DOWN,UP,0.3737763,0.23985203,0.38637173,False
2026-07-15 18:30:00+00:00,ICICIBANK.NS,1406.34375,UP,4,2,1,UP,STAY,0.309276,0.3582344,0.3324896,False
2026-07-15 18:30:00+00:00,HDFCBANK.NS,808.2999877929688,DOWN,4,0,2,DOWN,UP,0.2923042,0.35345757,0.35423824,False
2026-07-15 18:30:00+00:00,RELIANCE.NS,1296.5999755859375,DOWN,4,0,2,DOWN,UP,0.34362274,0.2373972,0.4189801,False
2026-07-15 18:30:00+00:00,INFY.NS,1082.4000244140625,DOWN,4,0,0,DOWN,DOWN,0.43887928,0.21109052,0.35003015,True
2026-07-16 18:30:00+00:00,ICICIBANK.NS,1432.2257080078125,STAY,4,1,1,STAY,STAY,0.28595212,0.42974514,0.2843027,True
2026-07-16 18:30:00+00:00,HDFCBANK.NS,819.5999755859375,DOWN,4,0,1,DOWN,STAY,0.2854258,0.36406478,0.35050943,False
2026-07-16 18:30:00+00:00,LT.NS,3814.5,STAY,4,1,0,STAY,DOWN,0.62941486,0.2026014,0.16798377,False
2026-07-16 18:30:00+00:00,RELIANCE.NS,1327.199951171875,DOWN,4,0,2,DOWN,UP,0.34279338,0.29544428,0.36176237,False
2026-07-16 18:30:00+00:00,TMPV.NS,335.6000061035156,DOWN,4,0,2,DOWN,UP,0.19794449,0.20352344,0.598532,False
2026-07-16 18:30:00+00:00,TCS.NS,2269.0,STAY,4,1,1,STAY,STAY,0.26578,0.40997517,0.32424486,True
2026-07-16 18:30:00+00:00,SBIN.NS,1044.300048828125,DOWN,4,0,0,DOWN,DOWN,0.38120782,0.24767247,0.37111968,True
2026-07-16 18:30:00+00:00,ITC.NS,280.70001220703125,STAY,4,1,2,STAY,UP,0.07409762,0.3123078,0.61359453,False
2026-07-16 18:30:00+00:00,BHARTIARTL.NS,1885.075927734375,STAY,4,1,2,STAY,UP,0.34844393,0.27619267,0.3753634,False
2026-07-16 18:30:00+00:00,INFY.NS,1096.5,DOWN,4,0,2,DOWN,UP,0.34567714,0.20822723,0.4460956,False
2026-07-19 18:30:00+00:00,LT.NS,3838.800048828125,STAY,4,1,0,STAY,DOWN,0.63615704,0.20006332,0.16377965,False
2026-07-19 18:30:00+00:00,BHARTIARTL.NS,1915.98681640625,STAY,4,1,2,STAY,UP,0.36922863,0.26073092,0.37004045,False
2026-07-19 18:30:00+00:00,RELIANCE.NS,1323.0999755859375,DOWN,4,0,0,DOWN,DOWN,0.38648662,0.25364354,0.35986987,True
2026-07-19 18:30:00+00:00,HDFCBANK.NS,777.5999755859375,DOWN,4,0,2,DOWN,UP,0.32598624,0.33292294,0.34109086,False
2026-07-19 18:30:00+00:00,TCS.NS,2251.10009765625,UP,4,2,1,UP,STAY,0.27584794,0.3996374,0.32451463,False
2026-07-19 18:30:00+00:00,TMPV.NS,336.45001220703125,DOWN,4,0,2,DOWN,UP,0.17294285,0.26750323,0.55955386,False
2026-07-19 18:30:00+00:00,SBIN.NS,1060.0,DOWN,4,0,2,DOWN,UP,0.3332168,0.29551005,0.37127313,False
2026-07-19 18:30:00+00:00,ICICIBANK.NS,1447.99267578125,STAY,4,1,1,STAY,STAY,0.2880426,0.40079534,0.31116208,True
2026-07-19 18:30:00+00:00,INFY.NS,1087.0999755859375,STAY,4,1,2,STAY,UP,0.34152547,0.21145815,0.44701642,False
2026-07-19 18:30:00+00:00,ITC.NS,282.70001220703125,UP,4,2,2,UP,UP,0.118426606,0.37709728,0.50447613,True
2026-07-20 18:30:00+00:00,RELIANCE.NS,1303.699951171875,DOWN,4,0,0,DOWN,DOWN,0.450965,0.18470767,0.36432734,True
2026-07-20 18:30:00+00:00,ICICIBANK.NS,1450.868408203125,DOWN,4,0,1,DOWN,STAY,0.28080142,0.43847755,0.28072104,False
2026-07-20 18:30:00+00:00,HDFCBANK.NS,761.4500122070312,DOWN,4,0,2,DOWN,UP,0.25582686,0.32437783,0.41979527,False
2026-07-20 18:30:00+00:00,SBIN.NS,1044.4000244140625,DOWN,4,0,0,DOWN,DOWN,0.4181274,0.235616,0.3462566,True
2026-07-20 18:30:00+00:00,TMPV.NS,333.79998779296875,DOWN,4,0,2,DOWN,UP,0.17709422,0.16830806,0.6545977,False
2026-07-20 18:30:00+00:00,BHARTIARTL.NS,1924.1837158203125,DOWN,4,0,2,DOWN,UP,0.34656066,0.29203257,0.3614068,False
2026-07-20 18:30:00+00:00,LT.NS,3846.60009765625,STAY,4,1,0,STAY,DOWN,0.6086215,0.13797143,0.25340706,False
2026-07-20 18:30:00+00:00,TCS.NS,2221.10009765625,UP,4,2,2,UP,UP,0.30684605,0.18715125,0.5060027,True
2026-07-20 18:30:00+00:00,ITC.NS,281.0,UP,4,2,2,UP,UP,0.09765748,0.3292245,0.57311803,True
2026-07-20 18:30:00+00:00,INFY.NS,1073.5,UP,4,2,2,UP,UP,0.33811775,0.15057187,0.51131034,True
2026-07-21 18:30:00+00:00,INFY.NS,1052.0999755859375,UP,4,2,2,UP,UP,0.33622044,0.16074748,0.5030321,True
2026-07-21 18:30:00+00:00,BHARTIARTL.NS,1924.7762451171875,UP,4,2,2,UP,UP,0.37207392,0.22921175,0.3987144,True
2026-07-21 18:30:00+00:00,ITC.NS,280.79998779296875,UP,4,2,2,UP,UP,0.11024327,0.2590631,0.6306937,True
2026-07-21 18:30:00+00:00,RELIANCE.NS,1288.5999755859375,STAY,4,1,0,STAY,DOWN,0.40488404,0.22962193,0.365494,False
2026-07-21 18:30:00+00:00,ICICIBANK.NS,1428.6556396484375,STAY,4,1,0,STAY,DOWN,0.4015253,0.30287415,0.29560053,False
2026-07-21 18:30:00+00:00,HDFCBANK.NS,753.1500244140625,STAY,4,1,2,STAY,UP,0.1946238,0.40185472,0.40352154,False
2026-07-21 18:30:00+00:00,TMPV.NS,327.70001220703125,STAY,4,1,2,STAY,UP,0.20406526,0.16536684,0.6305679,False
2026-07-21 18:30:00+00:00,LT.NS,3817.39990234375,UP,4,2,0,UP,DOWN,0.58716017,0.11578268,0.29705715,False
2026-07-21 18:30:00+00:00,SBIN.NS,1025.0,DOWN,4,0,0,DOWN,DOWN,0.4189276,0.20838219,0.37269017,True
2026-07-21 18:30:00+00:00,TCS.NS,2208.300048828125,UP,4,2,2,UP,UP,0.26920247,0.22880833,0.5019892,True
2026-07-22 18:30:00+00:00,HDFCBANK.NS,747.25,STAY,4,1,2,STAY,UP,0.14254647,0.345629,0.51182455,False
2026-07-22 18:30:00+00:00,INFY.NS,1047.4000244140625,UP,4,2,2,UP,UP,0.3230721,0.18643527,0.49049258,True
2026-07-22 18:30:00+00:00,RELIANCE.NS,1272.199951171875,UP,4,2,0,UP,DOWN,0.3862691,0.255038,0.35869294,False
2026-07-22 18:30:00+00:00,ICICIBANK.NS,1422.606689453125,STAY,4,1,0,STAY,DOWN,0.35987017,0.35348192,0.28664795,False
2026-07-22 18:30:00+00:00,TMPV.NS,324.29998779296875,UP,4,2,2,UP,UP,0.19779266,0.2359668,0.5662405,True
2026-07-22 18:30:00+00:00,SBIN.NS,1012.5999755859376,UP,4,2,0,UP,DOWN,0.4351359,0.25785434,0.3070098,False
2026-07-22 18:30:00+00:00,ITC.NS,281.29998779296875,UP,4,2,2,UP,UP,0.12831278,0.27322152,0.5984657,True
2026-07-22 18:30:00+00:00,TCS.NS,2242.89990234375,UP,4,2,2,UP,UP,0.2845509,0.24559802,0.46985105,True
2026-07-22 18:30:00+00:00,BHARTIARTL.NS,1907.0,UP,4,2,2,UP,UP,0.3487382,0.2575099,0.39375195,True
2026-07-22 18:30:00+00:00,LT.NS,3792.39990234375,UP,4,2,0,UP,DOWN,0.54021823,0.122605406,0.33717638,False
2026-07-23 18:30:00+00:00,LT.NS,3785.60009765625,UP,4,2,0,UP,DOWN,0.5638946,0.11672461,0.31938076,False
2026-07-23 18:30:00+00:00,ITC.NS,283.45001220703125,STAY,4,1,2,STAY,UP,0.18180645,0.26958695,0.54860663,False
2026-07-23 18:30:00+00:00,INFY.NS,1040.9000244140625,UP,4,2,2,UP,UP,0.2992002,0.18720007,0.51359975,True
2026-07-23 18:30:00+00:00,SBIN.NS,1015.0,UP,4,2,2,UP,UP,0.35138062,0.27972418,0.36889523,True
2026-07-23 18:30:00+00:00,TMPV.NS,323.79998779296875,UP,4,2,2,UP,UP,0.16410318,0.25393277,0.5819641,True
2026-07-23 18:30:00+00:00,RELIANCE.NS,1278.0,UP,4,2,0,UP,DOWN,0.3521721,0.2983707,0.34945717,False
2026-07-23 18:30:00+00:00,TCS.NS,2254.300048828125,UP,4,2,2,UP,UP,0.25644523,0.2891021,0.4544527,True
2026-07-23 18:30:00+00:00,HDFCBANK.NS,742.7999877929688,STAY,4,1,2,STAY,UP,0.14651941,0.31558287,0.53789777,False
2026-07-23 18:30:00+00:00,ICICIBANK.NS,1420.9208984375,STAY,4,1,1,STAY,STAY,0.3291462,0.3923618,0.27849197,True
2026-07-23 18:30:00+00:00,BHARTIARTL.NS,1898.199951171875,UP,4,2,2,UP,UP,0.32048032,0.2990441,0.38047555,True
2026-07-26 18:30:00+00:00,BHARTIARTL.NS,1905.300048828125,UP,4,2,2,UP,UP,0.29431337,0.3392292,0.3664574,True
2026-07-26 18:30:00+00:00,ICICIBANK.NS,1433.6138916015625,UP,4,2,1,UP,STAY,0.3208623,0.34509665,0.33404106,False
2026-07-26 18:30:00+00:00,INFY.NS,1079.199951171875,UP,4,2,2,UP,UP,0.29500276,0.23781238,0.4671848,True
2026-07-26 18:30:00+00:00,ITC.NS,285.8500061035156,STAY,4,1,2,STAY,UP,0.2170061,0.29118472,0.49180922,False
2026-07-26 18:30:00+00:00,LT.NS,3806.0,UP,4,2,0,UP,DOWN,0.61170125,0.09168558,0.29661313,False
2026-07-26 18:30:00+00:00,RELIANCE.NS,1280.0,UP,4,2,2,UP,UP,0.34296823,0.27576506,0.38126668,True
2026-07-26 18:30:00+00:00,SBIN.NS,1020.5999755859376,UP,4,2,2,UP,UP,0.30682078,0.3054393,0.38773996,True
2026-07-26 18:30:00+00:00,TCS.NS,2295.60009765625,UP,4,2,1,UP,STAY,0.29104954,0.37363794,0.33531252,False
2026-07-26 18:30:00+00:00,TMPV.NS,327.6499938964844,UP,4,2,2,UP,UP,0.16851628,0.18552332,0.6459604,True
2026-07-26 18:30:00+00:00,HDFCBANK.NS,739.5499877929688,UP,4,2,2,UP,UP,0.15702191,0.37475207,0.46822602,True
2026-07-27 18:30:00+00:00,RELIANCE.NS,1267.699951171875,UP,4,2,2,UP,UP,0.38336197,0.2271364,0.38950157,True
2026-07-27 18:30:00+00:00,TCS.NS,2398.0,UP,4,2,0,UP,DOWN,0.38400793,0.3742257,0.24176635,False
2026-07-27 18:30:00+00:00,ICICIBANK.NS,1418.8385009765625,UP,4,2,2,UP,UP,0.2780295,0.3527143,0.36925617,True
2026-07-27 18:30:00+00:00,SBIN.NS,1013.2000122070312,UP,4,2,2,UP,UP,0.32412606,0.24544418,0.43042973,True
2026-07-27 18:30:00+00:00,ITC.NS,284.6499938964844,UP,4,2,2,UP,UP,0.22224954,0.24517749,0.532573,True
2026-07-27 18:30:00+00:00,HDFCBANK.NS,735.4000244140625,STAY,4,1,2,STAY,UP,0.17796311,0.37065005,0.45138687,False
2026-07-27 18:30:00+00:00,BHARTIARTL.NS,1901.800048828125,UP,4,2,2,UP,UP,0.31068242,0.301817,0.38750058,True
2026-07-27 18:30:00+00:00,INFY.NS,1105.699951171875,UP,4,2,2,UP,UP,0.36212328,0.23530212,0.4025746,True
2026-07-27 18:30:00+00:00,TMPV.NS,324.3999938964844,UP,4,2,2,UP,UP,0.16058213,0.17159665,0.6678212,True
2026-07-27 18:30:00+00:00,LT.NS,3832.0,UP,4,2,0,UP,DOWN,0.57385254,0.09035602,0.33579147,False
2026-07-28 18:30:00+00:00,TCS.NS,2446.60009765625,DOWN,4,0,1,DOWN,STAY,0.39187005,0.41888162,0.1892483,False
2026-07-28 18:30:00+00:00,ITC.NS,286.25,STAY,4,1,2,STAY,UP,0.19419238,0.2629417,0.5428659,False
2026-07-28 18:30:00+00:00,HDFCBANK.NS,748.2000122070312,DOWN,4,0,1,DOWN,STAY,0.18539824,0.4566445,0.3579572,False
2026-07-28 18:30:00+00:00,RELIANCE.NS,1275.9000244140625,STAY,4,1,2,STAY,UP,0.33927566,0.26466894,0.39605537,False
2026-07-28 18:30:00+00:00,SBIN.NS,1013.7000122070312,UP,4,2,2,UP,UP,0.33713162,0.3038432,0.35902515,True
2026-07-28 18:30:00+00:00,LT.NS,3931.39990234375,UP,4,2,0,UP,DOWN,0.6871122,0.16253045,0.15035735,False
2026-07-28 18:30:00+00:00,INFY.NS,1155.5999755859375,UP,4,2,0,UP,DOWN,0.4380681,0.25193003,0.31000188,False
2026-07-28 18:30:00+00:00,BHARTIARTL.NS,1950.199951171875,UP,4,2,1,UP,STAY,0.2806621,0.40747634,0.31186157,False
2026-07-28 18:30:00+00:00,TMPV.NS,329.79998779296875,UP,4,2,2,UP,UP,0.18473281,0.17939772,0.63586944,True
2026-07-28 18:30:00+00:00,ICICIBANK.NS,1425.879150390625,UP,4,2,1,UP,STAY,0.30392447,0.3587659,0.3373096,False
2026-07-29 18:30:00+00:00,BHARTIARTL.NS,1956.800048828125,STAY,4,1,1,STAY,STAY,0.28528634,0.39592662,0.31878704,True
2026-07-29 18:30:00+00:00,INFY.NS,1155.0999755859375,STAY,4,1,0,STAY,DOWN,0.38709542,0.28534764,0.3275569,False
2026-07-29 18:30:00+00:00,TMPV.NS,334.20001220703125,UP,4,2,2,UP,UP,0.24769785,0.22523753,0.5270646,True
2026-07-29 18:30:00+00:00,ICICIBANK.NS,1421.91259765625,UP,4,2,1,UP,STAY,0.26717108,0.3911678,0.34166113,False
2026-07-29 18:30:00+00:00,RELIANCE.NS,1292.9000244140625,UP,4,2,2,UP,UP,0.36023173,0.24870372,0.3910646,True
2026-07-29 18:30:00+00:00,TCS.NS,2431.800048828125,DOWN,4,0,1,DOWN,STAY,0.32255843,0.4857167,0.19172488,False
2026-07-29 18:30:00+00:00,ITC.NS,285.04998779296875,STAY,4,1,2,STAY,UP,0.21274449,0.2584449,0.5288106,False
2026-07-29 18:30:00+00:00,HDFCBANK.NS,753.9500122070312,DOWN,4,0,2,DOWN,UP,0.18476489,0.37590903,0.43932608,False
2026-07-29 18:30:00+00:00,SBIN.NS,1025.300048828125,UP,4,2,0,UP,DOWN,0.37861046,0.28224653,0.33914298,False
2026-07-29 18:30:00+00:00,LT.NS,3937.699951171875,UP,4,2,0,UP,DOWN,0.7896887,0.11687258,0.09343873,False
2026-07-30 18:30:00+00:00,TCS.NS,2365.60009765625,UP,4,2,0,UP,DOWN,0.45138162,0.28199846,0.26661995,False
2026-07-30 18:30:00+00:00,LT.NS,3938.89990234375,UP,4,2,0,UP,DOWN,0.8040661,0.10338858,0.092545256,False
2026-07-30 18:30:00+00:00,INFY.NS,1130.0999755859375,UP,4,2,2,UP,UP,0.3763409,0.20548785,0.41817126,True
2026-07-30 18:30:00+00:00,BHARTIARTL.NS,1972.0,STAY,4,1,1,STAY,STAY,0.25273117,0.46006894,0.28719988,True
2026-07-30 18:30:00+00:00,ITC.NS,281.0,UP,4,2,2,UP,UP,0.15825304,0.30963027,0.53211665,True
2026-07-30 18:30:00+00:00,HDFCBANK.NS,748.1500244140625,DOWN,4,0,1,DOWN,STAY,0.17089291,0.44672564,0.38238147,False
2026-07-30 18:30:00+00:00,RELIANCE.NS,1307.800048828125,UP,4,2,0,UP,DOWN,0.35005322,0.31681713,0.3331297,False
2026-07-30 18:30:00+00:00,ICICIBANK.NS,1423.4000244140625,STAY,4,1,1,STAY,STAY,0.26421,0.44773102,0.28805906,True
2026-07-30 18:30:00+00:00,TMPV.NS,339.75,UP,4,2,2,UP,UP,0.22208643,0.20934105,0.5685726,True
2026-07-30 18:30:00+00:00,SBIN.NS,1027.4000244140625,UP,4,2,2,UP,UP,0.33994144,0.2571906,0.40286794,True
2026-08-02 18:30:00+00:00,INFY.NS,1180.0,STAY,4,1,0,STAY,DOWN,0.41041878,0.32604676,0.26353443,False
2026-08-02 18:30:00+00:00,RELIANCE.NS,1319.0,STAY,4,1,0,STAY,DOWN,0.3393634,0.32770866,0.3329279,False
2026-08-02 18:30:00+00:00,BHARTIARTL.NS,1970.5,DOWN,4,0,0,DOWN,DOWN,0.3403215,0.32944202,0.33023646,True
2026-08-02 18:30:00+00:00,LT.NS,4025.0,UP,4,2,0,UP,DOWN,0.7924708,0.09497324,0.1125559,False
2026-08-02 18:30:00+00:00,TCS.NS,2473.699951171875,DOWN,4,0,1,DOWN,STAY,0.3491167,0.45493695,0.19594632,False
2026-08-02 18:30:00+00:00,ITC.NS,287.0,DOWN,4,0,2,DOWN,UP,0.25423235,0.25770617,0.48806146,False
2026-08-02 18:30:00+00:00,SBIN.NS,1045.0,UP,4,2,2,UP,UP,0.35512853,0.26738617,0.3774853,True
2026-08-02 18:30:00+00:00,HDFCBANK.NS,753.0,DOWN,4,0,1,DOWN,STAY,0.17674895,0.5063858,0.31686527,False
2026-08-02 18:30:00+00:00,TMPV.NS,349.29998779296875,STAY,4,1,2,STAY,UP,0.32468408,0.18174222,0.49357376,False
2026-08-02 18:30:00+00:00,ICICIBANK.NS,1460.0,DOWN,4,0,1,DOWN,STAY,0.28286406,0.4133683,0.3037676,False
2026-08-03 18:30:00+00:00,ITC.NS,289.0,DOWN,4,0,2,DOWN,UP,0.25940585,0.28550798,0.45508623,False
2026-08-03 18:30:00+00:00,TMPV.NS,348.54998779296875,STAY,4,1,2,STAY,UP,0.3445522,0.20594768,0.44950017,False
2026-08-03 18:30:00+00:00,SBIN.NS,1042.699951171875,UP,4,2,2,UP,UP,0.36565092,0.24935074,0.38499832,True
2026-08-03 18:30:00+00:00,TCS.NS,2460.0,STAY,4,1,1,STAY,STAY,0.25305438,0.55779564,0.18915,True
2026-08-03 18:30:00+00:00,RELIANCE.NS,1290.9000244140625,UP,4,2,0,UP,DOWN,0.4128053,0.21974331,0.36745143,False
2026-08-03 18:30:00+00:00,HDFCBANK.NS,742.0,DOWN,4,0,1,DOWN,STAY,0.21553756,0.45941988,0.32504255,False
2026-08-03 18:30:00+00:00,BHARTIARTL.NS,1970.0999755859373,DOWN,4,0,2,DOWN,UP,0.32853583,0.30782673,0.36363748,False
2026-08-03 18:30:00+00:00,LT.NS,3990.0,UP,4,2,0,UP,DOWN,0.7742953,0.09735557,0.12834916,False
2026-08-03 18:30:00+00:00,ICICIBANK.NS,1454.5999755859375,DOWN,4,0,2,DOWN,UP,0.29624704,0.3508215,0.35293147,False
2026-08-03 18:30:00+00:00,INFY.NS,1167.5,UP,4,2,2,UP,UP,0.32832554,0.33210802,0.33956644,True
2026-08-04 18:30:00+00:00,TMPV.NS,349.79998779296875,DOWN,4,0,2,DOWN,UP,0.35699394,0.16775425,0.47525188,False
2026-08-04 18:30:00+00:00,ITC.NS,286.95001220703125,DOWN,4,0,2,DOWN,UP,0.27521154,0.23320486,0.49158362,False
2026-08-04 18:30:00+00:00,LT.NS,4057.0,STAY,4,1,0,STAY,DOWN,0.7055448,0.13960171,0.15485343,False
2026-08-04 18:30:00+00:00,ICICIBANK.NS,1450.0999755859375,DOWN,4,0,2,DOWN,UP,0.32175845,0.32532993,0.35291162,False
2026-08-04 18:30:00+00:00,TCS.NS,2413.0,DOWN,4,0,2,DOWN,UP,0.34145552,0.28964832,0.3688962,False
2026-08-04 18:30:00+00:00,BHARTIARTL.NS,1978.0,DOWN,4,0,2,DOWN,UP,0.31518987,0.28217047,0.40263966,False
2026-08-04 18:30:00+00:00,HDFCBANK.NS,735.0,STAY,4,1,1,STAY,STAY,0.19432107,0.4365502,0.36912876,True
2026-08-04 18:30:00+00:00,SBIN.NS,1055.0,UP,4,2,2,UP,UP,0.35816938,0.23072925,0.4111013,True
2026-08-04 18:30:00+00:00,INFY.NS,1174.0,STAY,4,1,0,STAY,DOWN,0.37485167,0.32749078,0.2976575,False
2026-08-04 18:30:00+00:00,RELIANCE.NS,1280.0,UP,4,2,2,UP,UP,0.39274976,0.16852829,0.43872198,True
2026-08-05 18:30:00+00:00,SBIN.NS,1085.0,STAY,4,1,2,STAY,UP,0.27234054,0.349681,0.37797847,False
2026-08-05 18:30:00+00:00,ITC.NS,285.8999938964844,DOWN,4,0,2,DOWN,UP,0.22204581,0.29405385,0.48390028,False
2026-08-05 18:30:00+00:00,RELIANCE.NS,1325.0,STAY,4,1,2,STAY,UP,0.3431831,0.29316598,0.36365092,False
2026-08-05 18:30:00+00:00,BHARTIARTL.NS,1948.0,STAY,4,1,0,STAY,DOWN,0.38705522,0.24567854,0.36726624,False
2026-08-05 18:30:00+00:00,LT.NS,4061.800048828125,STAY,4,1,0,STAY,DOWN,0.5925381,0.16218543,0.24527648,False
2026-08-05 18:30:00+00:00,TMPV.NS,345.3500061035156,UP,4,2,2,UP,UP,0.34463632,0.14578196,0.50958174,True
2026-08-05 18:30:00+00:00,HDFCBANK.NS,734.2999877929688,DOWN,4,0,1,DOWN,STAY,0.16165283,0.5339851,0.3043621,False
2026-08-05 18:30:00+00:00,ICICIBANK.NS,1457.5,DOWN,4,0,1,DOWN,STAY,0.2508759,0.44545755,0.30366653,False
2026-08-05 18:30:00+00:00,INFY.NS,1165.0,STAY,4,1,0,STAY,DOWN,0.39340323,0.24117976,0.36541697,False
2026-08-05 18:30:00+00:00,TCS.NS,2373.0,STAY,4,1,0,STAY,DOWN,0.41961566,0.22425869,0.35612562,False
2026-08-06 18:30:00+00:00,SBIN.NS,1097.199951171875,DOWN,4,0,2,DOWN,UP,0.33292583,0.33335227,0.33372188,False
2026-08-06 18:30:00+00:00,ITC.NS,286.1000061035156,DOWN,4,0,2,DOWN,UP,0.20240155,0.2731717,0.52442676,False
2026-08-06 18:30:00+00:00,TMPV.NS,347.0,DOWN,4,0,2,DOWN,UP,0.30183324,0.17421293,0.52395386,False
2026-08-06 18:30:00+00:00,LT.NS,4056.0,STAY,4,1,0,STAY,DOWN,0.5672382,0.16755116,0.26521063,False
2026-08-06 18:30:00+00:00,BHARTIARTL.NS,1959.9000244140625,UP,4,2,2,UP,UP,0.36508304,0.24483295,0.39008403,True
2026-08-06 18:30:00+00:00,ICICIBANK.NS,1421.0,STAY,4,1,1,STAY,STAY,0.3374906,0.36020723,0.3023022,True
2026-08-06 18:30:00+00:00,INFY.NS,1175.0999755859375,STAY,4,1,0,STAY,DOWN,0.43084574,0.2846406,0.28451362,False
2026-08-06 18:30:00+00:00,RELIANCE.NS,1334.800048828125,DOWN,4,0,2,DOWN,UP,0.3350329,0.31304464,0.3519224,False
2026-08-06 18:30:00+00:00,HDFCBANK.NS,731.0,STAY,4,1,1,STAY,STAY,0.17537056,0.5125778,0.31205165,True
2026-08-06 18:30:00+00:00,TCS.NS,2452.699951171875,DOWN,4,0,0,DOWN,DOWN,0.3615437,0.2848614,0.35359496,True
2026-08-09 18:30:00+00:00,RELIANCE.NS,1327.300048828125,STAY,4,1,0,STAY,DOWN,0.4014832,0.23864028,0.3598765,False
2026-08-09 18:30:00+00:00,TMPV.NS,347.1000061035156,DOWN,4,0,2,DOWN,UP,0.2789641,0.17090209,0.5501338,False
2026-08-09 18:30:00+00:00,HDFCBANK.NS,731.0,STAY,4,1,1,STAY,STAY,0.17261975,0.49585006,0.33153015,True
2026-08-09 18:30:00+00:00,ICICIBANK.NS,1431.800048828125,DOWN,4,0,1,DOWN,STAY,0.2878884,0.42170224,0.29040936,False
2026-08-09 18:30:00+00:00,BHARTIARTL.NS,1943.0,UP,4,2,2,UP,UP,0.35833764,0.23090607,0.4107563,True
2026-08-09 18:30:00+00:00,ITC.NS,282.6499938964844,DOWN,4,0,2,DOWN,UP,0.17330578,0.32187572,0.5048185,False
2026-08-09 18:30:00+00:00,SBIN.NS,1071.0,STAY,4,1,0,STAY,DOWN,0.43802577,0.21990149,0.34207276,False
2026-08-09 18:30:00+00:00,TCS.NS,2425.699951171875,DOWN,4,0,1,DOWN,STAY,0.2847827,0.35958165,0.3556356,False
2026-08-09 18:30:00+00:00,LT.NS,4080.0,STAY,4,1,0,STAY,DOWN,0.63704276,0.19403076,0.16892646,False
2026-08-09 18:30:00+00:00,INFY.NS,1183.0,DOWN,4,0,1,DOWN,STAY,0.34364638,0.4635949,0.19275872,False
2026-08-10 18:30:00+00:00,HDFCBANK.NS,729.0,STAY,4,1,1,STAY,STAY,0.123488985,0.48709586,0.38941514,True
2026-08-10 18:30:00+00:00,INFY.NS,1190.699951171875,DOWN,4,0,0,DOWN,DOWN,0.38759848,0.3852634,0.22713809,True
2026-08-10 18:30:00+00:00,BHARTIARTL.NS,1915.199951171875,STAY,4,1,2,STAY,UP,0.35876855,0.2619665,0.3792649,False
2026-08-10 18:30:00+00:00,SBIN.NS,1066.0,DOWN,4,0,2,DOWN,UP,0.3779477,0.19823614,0.42381617,False
2026-08-10 18:30:00+00:00,RELIANCE.NS,1323.9000244140625,STAY,4,1,0,STAY,DOWN,0.37544882,0.25186673,0.37268445,False
2026-08-10 18:30:00+00:00,ICICIBANK.NS,1429.5999755859375,DOWN,4,0,1,DOWN,STAY,0.33061656,0.34883997,0.32054344,False
2026-08-10 18:30:00+00:00,TMPV.NS,347.6000061035156,DOWN,4,0,2,DOWN,UP,0.34710255,0.12918079,0.5237166,False
2026-08-10 18:30:00+00:00,LT.NS,4037.39990234375,STAY,4,1,0,STAY,DOWN,0.6796169,0.15754433,0.16283879,False
2026-08-10 18:30:00+00:00,ITC.NS,279.0,DOWN,4,0,2,DOWN,UP,0.15604472,0.3294048,0.5145505,False
2026-08-10 18:30:00+00:00,TCS.NS,2445.699951171875,DOWN,4,0,2,DOWN,UP,0.26316738,0.29294935,0.44388327,False
2026-08-11 18:30:00+00:00,SBIN.NS,1082.0,DOWN,4,0,2,DOWN,UP,0.31408158,0.25876954,0.42714885,False
2026-08-11 18:30:00+00:00,BHARTIARTL.NS,1945.0,DOWN,4,0,2,DOWN,UP,0.35490698,0.26135352,0.38373956,False
2026-08-11 18:30:00+00:00,TCS.NS,2349.699951171875,DOWN,4,0,2,DOWN,UP,0.37150973,0.2278015,0.40068883,False
2026-08-11 18:30:00+00:00,ITC.NS,276.1499938964844,DOWN,4,0,2,DOWN,UP,0.14141117,0.34314185,0.51544696,False
2026-08-11 18:30:00+00:00,ICICIBANK.NS,1431.699951171875,DOWN,4,0,0,DOWN,DOWN,0.3445082,0.33167222,0.3238196,True
2026-08-11 18:30:00+00:00,TMPV.NS,343.0,DOWN,4,0,2,DOWN,UP,0.26773283,0.14274977,0.5895174,False
2026-08-11 18:30:00+00:00,RELIANCE.NS,1329.0,DOWN,4,0,2,DOWN,UP,0.37976134,0.23686841,0.38337025,False
2026-08-11 18:30:00+00:00,LT.NS,4020.0,STAY,4,1,0,STAY,DOWN,0.61685497,0.20303437,0.1801107,False
2026-08-11 18:30:00+00:00,HDFCBANK.NS,729.0,DOWN,4,0,1,DOWN,STAY,0.11904236,0.5867147,0.29424298,False
2026-08-11 18:30:00+00:00,INFY.NS,1176.0999755859375,DOWN,4,0,0,DOWN,DOWN,0.42714196,0.3161259,0.2567321,True
2026-08-12 18:30:00+00:00,BHARTIARTL.NS,1939.0999755859373,STAY,4,1,2,STAY,UP,0.34300646,0.26633343,0.39066008,False
2026-08-12 18:30:00+00:00,RELIANCE.NS,1317.0,STAY,4,1,2,STAY,UP,0.31767854,0.3117662,0.37055528,False
2026-08-12 18:30:00+00:00,TMPV.NS,349.6000061035156,DOWN,4,0,2,DOWN,UP,0.33832482,0.13923961,0.52243555,False
2026-08-12 18:30:00+00:00,INFY.NS,1175.0,DOWN,4,0,0,DOWN,DOWN,0.35238212,0.3187008,0.3289171,True
2026-08-12 18:30:00+00:00,ICICIBANK.NS,1406.800048828125,STAY,4,1,0,STAY,DOWN,0.3863481,0.3341199,0.27953202,False
2026-08-12 18:30:00+00:00,ITC.NS,278.5,DOWN,4,0,2,DOWN,UP,0.09707277,0.35239303,0.5505342,False
2026-08-12 18:30:00+00:00,TCS.NS,2375.0,DOWN,4,0,0,DOWN,DOWN,0.36952722,0.26639098,0.36408177,True
2026-08-12 18:30:00+00:00,HDFCBANK.NS,725.0,STAY,4,1,1,STAY,STAY,0.12499069,0.59546185,0.27954745,True
2026-08-12 18:30:00+00:00,LT.NS,4070.699951171875,STAY,4,1,0,STAY,DOWN,0.64435214,0.19772658,0.15792128,False
2026-08-12 18:30:00+00:00,SBIN.NS,1083.0,DOWN,4,0,2,DOWN,UP,0.31706613,0.26680106,0.41613284,False
2026-08-13 18:30:00+00:00,BHARTIARTL.NS,1992.0999755859373,DOWN,4,0,2,DOWN,UP,0.30852106,0.27565256,0.41582644,False
2026-08-13 18:30:00+00:00,ICICIBANK.NS,1417.0,STAY,4,1,1,STAY,STAY,0.30778125,0.3804136,0.3118052,True
2026-08-13 18:30:00+00:00,LT.NS,4057.0,STAY,4,1,0,STAY,DOWN,0.7247608,0.11905074,0.1561885,False
2026-08-13 18:30:00+00:00,ITC.NS,278.20001220703125,DOWN,4,0,2,DOWN,UP,0.11495083,0.30632895,0.5787202,False
2026-08-13 18:30:00+00:00,SBIN.NS,1067.699951171875,DOWN,4,0,2,DOWN,UP,0.3129106,0.24755597,0.43953344,False
2026-08-13 18:30:00+00:00,HDFCBANK.NS,727.0,STAY,4,1,1,STAY,STAY,0.13875926,0.5309978,0.3302429,True
2026-08-13 18:30:00+00:00,INFY.NS,1169.199951171875,DOWN,4,0,2,DOWN,UP,0.3135878,0.30348828,0.3829239,False
2026-08-13 18:30:00+00:00,TCS.NS,2361.0,DOWN,4,0,2,DOWN,UP,0.28064305,0.28432736,0.4350296,False
2026-08-13 18:30:00+00:00,RELIANCE.NS,1310.0,STAY,4,1,2,STAY,UP,0.34408802,0.23447913,0.4214328,False
2026-08-13 18:30:00+00:00,TMPV.NS,334.5,DOWN,4,0,2,DOWN,UP,0.26348147,0.19255812,0.5439604,False
